{
	"credit": "Made with Blockbench",
	"texture_size": [1760, 1760],
	"textures": {
		"0": "item/cit/jageyuyu",
		"1": "item/cit/haimen",
		"particle": "item/cit/jageyuyu"
	},
	"elements": [
		{
			"from": [2.1, 0, -0.6],
			"to": [13.9, 0.001, 16.6],
			"faces": {
				"north": {"uv": [2.63636, 0.18182, 13.36364, 15.81818], "rotation": 180, "texture": "#0"},
				"east": {"uv": [2.63636, 0.18182, 13.36364, 15.81818], "rotation": 180, "texture": "#0"},
				"south": {"uv": [2.63636, 0.18182, 13.36364, 15.81818], "rotation": 180, "texture": "#0"},
				"west": {"uv": [2.63636, 0.18182, 13.36364, 15.81818], "rotation": 180, "texture": "#0"},
				"up": {"uv": [2.63636, 0.18182, 13.36364, 15.81818], "rotation": 180, "texture": "#0"},
				"down": {"uv": [2.63636, 0.18182, 13.36364, 15.81818], "texture": "#1"}
			}
		}
	],
	"display": {
		"thirdperson_righthand": {
			"rotation": [76, -180, 0],
			"translation": [0, 2.5, 3.25],
			"scale": [0.25, 0.25, 0.25]
		},
		"thirdperson_lefthand": {
			"rotation": [76, -180, 0],
			"translation": [0, 2.5, 3.25],
			"scale": [0.25, 0.25, 0.25]
		},
		"firstperson_righthand": {
			"rotation": [90, 180, 0],
			"translation": [0, 8.75, 7.75]
		},
		"firstperson_lefthand": {
			"rotation": [90, 180, 0],
			"translation": [0, 8.75, 7.75]
		},
		"ground": {
			"translation": [-0.25, 2.5, 0.25],
			"scale": [0.5, 0.5, 0.5]
		},
		"gui": {
			"rotation": [90, 180, 0],
			"translation": [0, 0, -5],
			"scale": [0.75, 0.75, 0.75]
		},
		"head": {
			"rotation": [90, 180, 180],
			"translation": [0, -9.5, -38.5],
			"scale": [4, 4, 4]
		},
		"fixed": {
			"rotation": [90, 180, 180],
			"translation": [0, 0, -5],
			"scale": [0.75, 0.75, 0.75]
		}
	}
}