{
	"credit": "Made with Blockbench",
	"textures": {
		"0": "item/cit/stone3",
		"particle": "item/cit/stone3"
	},
	"elements": [
		{
			"from": [12.5, 0, 0],
			"to": [13, 1, 0.25],
			"faces": {
				"north": {"uv": [0, 0, 0.5, 0.25], "texture": "#0"},
				"east": {"uv": [0, 0, 0.5, 0.25], "texture": "#0"},
				"south": {"uv": [0, 0, 0.5, 0.25], "texture": "#0"},
				"down": {"uv": [0, 0, 0.5, 0.25], "texture": "#0"}
			}
		},
		{
			"from": [13, 0.5, 0],
			"to": [13.5, 1.5, 0.25],
			"faces": {
				"north": {"uv": [0, 0, 0.5, 0.25], "texture": "#0"},
				"east": {"uv": [0, 0, 0.5, 0.25], "texture": "#0"},
				"south": {"uv": [0, 0, 0.5, 0.25], "texture": "#0"},
				"down": {"uv": [0, 0, 0.5, 0.25], "texture": "#0"}
			}
		},
		{
			"from": [13.5, 1, 0],
			"to": [14, 2, 0.25],
			"faces": {
				"north": {"uv": [0, 0, 0.5, 0.25], "texture": "#0"},
				"east": {"uv": [0, 0, 0.5, 0.25], "texture": "#0"},
				"south": {"uv": [0, 0, 0.5, 0.25], "texture": "#0"},
				"down": {"uv": [0, 0, 0.5, 0.25], "texture": "#0"}
			}
		},
		{
			"from": [13, 1.5, 0],
			"to": [13.5, 2, 0.25],
			"faces": {
				"north": {"uv": [6.25, 12.25, 6.75, 12.75], "texture": "#0"},
				"south": {"uv": [6.25, 12.25, 6.75, 12.75], "texture": "#0"}
			}
		},
		{
			"from": [12.5, 1, 0],
			"to": [13, 1.5, 0.25],
			"faces": {
				"north": {"uv": [6.25, 12.25, 6.75, 12.75], "texture": "#0"},
				"south": {"uv": [6.25, 12.25, 6.75, 12.75], "texture": "#0"}
			}
		},
		{
			"from": [12, 0.5, 0],
			"to": [12.5, 1, 0.25],
			"faces": {
				"north": {"uv": [6.25, 12.25, 6.75, 12.75], "texture": "#0"},
				"south": {"uv": [6.25, 12.25, 6.75, 12.75], "texture": "#0"}
			}
		},
		{
			"from": [11, 0.5, 0],
			"to": [11.5, 1, 0.25],
			"faces": {
				"north": {"uv": [6.25, 12.25, 6.75, 12.75], "texture": "#0"},
				"south": {"uv": [6.25, 12.25, 6.75, 12.75], "texture": "#0"}
			}
		},
		{
			"from": [4.5, 0.5, 0],
			"to": [5, 1, 0.25],
			"faces": {
				"north": {"uv": [6.25, 12.25, 6.75, 12.75], "texture": "#0"},
				"south": {"uv": [6.25, 12.25, 6.75, 12.75], "texture": "#0"}
			}
		},
		{
			"from": [11.5, 1, 0],
			"to": [12, 1.5, 0.25],
			"faces": {
				"north": {"uv": [6.25, 12.25, 6.75, 12.75], "texture": "#0"},
				"south": {"uv": [6.25, 12.25, 6.75, 12.75], "texture": "#0"}
			}
		},
		{
			"from": [12, 1.5, 0],
			"to": [12.5, 2, 0.25],
			"faces": {
				"north": {"uv": [6.25, 12.25, 6.75, 12.75], "texture": "#0"},
				"south": {"uv": [6.25, 12.25, 6.75, 12.75], "texture": "#0"}
			}
		},
		{
			"from": [12, 1, 0],
			"to": [12.5, 1.5, 0.25],
			"faces": {
				"north": {"uv": [0, 0, 0.5, 0.25], "texture": "#0"},
				"south": {"uv": [0, 0, 0.5, 0.25], "texture": "#0"}
			}
		},
		{
			"from": [11.5, 0.5, 0],
			"to": [12, 1, 0.25],
			"faces": {
				"north": {"uv": [0, 0, 0.5, 0.25], "texture": "#0"},
				"south": {"uv": [0, 0, 0.5, 0.25], "texture": "#0"}
			}
		},
		{
			"from": [9, 0.5, 0],
			"to": [11, 1, 0.25],
			"faces": {
				"north": {"uv": [0, 0, 0.5, 0.25], "texture": "#0"},
				"south": {"uv": [0, 0, 0.5, 0.25], "texture": "#0"},
				"west": {"uv": [0, 0, 0.5, 0.25], "texture": "#0"},
				"down": {"uv": [0, 0, 0.5, 0.25], "texture": "#0"}
			}
		},
		{
			"from": [8.5, 1, 0],
			"to": [11.5, 1.5, 0.25],
			"faces": {
				"north": {"uv": [0, 0, 0.5, 0.25], "texture": "#0"},
				"south": {"uv": [0, 0, 0.5, 0.25], "texture": "#0"},
				"west": {"uv": [0, 0, 0.5, 0.25], "texture": "#0"},
				"down": {"uv": [0, 0, 0.5, 0.25], "texture": "#0"}
			}
		},
		{
			"from": [8.5, 1.5, 0],
			"to": [12, 2, 0.25],
			"faces": {
				"north": {"uv": [0, 0, 0.5, 0.25], "texture": "#0"},
				"south": {"uv": [0, 0, 0.5, 0.25], "texture": "#0"},
				"west": {"uv": [0, 0, 0.5, 0.25], "texture": "#0"}
			}
		},
		{
			"from": [12.5, 1.5, 0],
			"to": [13, 2, 0.25],
			"faces": {
				"north": {"uv": [0, 0, 0.5, 0.25], "texture": "#0"},
				"south": {"uv": [0, 0, 0.5, 0.25], "texture": "#0"}
			}
		},
		{
			"from": [14, 1.5, 0],
			"to": [14.5, 2.5, 0.25],
			"faces": {
				"north": {"uv": [0, 0, 0.5, 0.25], "texture": "#0"},
				"east": {"uv": [0, 0, 0.5, 0.25], "texture": "#0"},
				"south": {"uv": [0, 0, 0.5, 0.25], "texture": "#0"},
				"up": {"uv": [0, 0, 0.5, 0.25], "texture": "#0"},
				"down": {"uv": [0, 0, 0.5, 0.25], "texture": "#0"}
			}
		},
		{
			"from": [14, 2, 0.25],
			"to": [14.5, 2.5, 10.25],
			"faces": {
				"east": {"uv": [0, 0, 0.5, 0.25], "texture": "#0"},
				"south": {"uv": [0, 0, 0.5, 0.25], "texture": "#0"},
				"west": {"uv": [0, 0, 0.5, 0.25], "texture": "#0"},
				"up": {"uv": [0, 0, 0.5, 0.25], "texture": "#0"},
				"down": {"uv": [0, 0, 0.5, 0.25], "texture": "#0"}
			}
		},
		{
			"from": [1.5, 2, 0.25],
			"to": [2, 2.5, 10.25],
			"faces": {
				"east": {"uv": [0, 0, 0.5, 0.25], "texture": "#0"},
				"south": {"uv": [0, 0, 0.5, 0.25], "texture": "#0"},
				"west": {"uv": [0, 0, 0.5, 0.25], "texture": "#0"},
				"up": {"uv": [0, 0, 0.5, 0.25], "texture": "#0"},
				"down": {"uv": [0, 0, 0.5, 0.25], "texture": "#0"}
			}
		},
		{
			"from": [2, 2, 0],
			"to": [14, 2.5, 0.25],
			"faces": {
				"north": {"uv": [0, 0, 0.5, 0.25], "texture": "#0"},
				"south": {"uv": [0, 0, 0.5, 0.25], "texture": "#0"},
				"up": {"uv": [0, 0, 0.5, 0.25], "texture": "#0"},
				"down": {"uv": [0, 0, 0.5, 0.25], "texture": "#0"}
			}
		},
		{
			"from": [9.5, 0, 0],
			"to": [12.5, 0.5, 0.25],
			"faces": {
				"north": {"uv": [0, 0, 0.5, 0.25], "texture": "#0"},
				"south": {"uv": [0, 0, 0.5, 0.25], "texture": "#0"},
				"west": {"uv": [0, 0, 0.5, 0.25], "texture": "#0"},
				"down": {"uv": [0, 0, 0.5, 0.25], "texture": "#0"}
			}
		},
		{
			"from": [1.5, 1.5, 0],
			"to": [2, 2.5, 0.25],
			"faces": {
				"north": {"uv": [0, 0, 0.5, 0.25], "texture": "#0"},
				"south": {"uv": [0, 0, 0.5, 0.25], "texture": "#0"},
				"west": {"uv": [0, 0, 0.5, 0.25], "texture": "#0"},
				"up": {"uv": [0, 0, 0.5, 0.25], "texture": "#0"},
				"down": {"uv": [0, 0, 0.5, 0.25], "texture": "#0"}
			}
		},
		{
			"from": [7, 1, 0],
			"to": [7.5, 2, 0.25],
			"faces": {
				"north": {"uv": [0, 0, 0.5, 0.25], "texture": "#0"},
				"east": {"uv": [0, 0, 0.5, 0.25], "texture": "#0"},
				"south": {"uv": [0, 0, 0.5, 0.25], "texture": "#0"},
				"down": {"uv": [0, 0, 0.5, 0.25], "texture": "#0"}
			}
		},
		{
			"from": [6.5, 1.5, 0],
			"to": [7, 2, 0.25],
			"faces": {
				"north": {"uv": [6.25, 12.25, 6.75, 12.75], "texture": "#0"},
				"south": {"uv": [6.25, 12.25, 6.75, 12.75], "texture": "#0"}
			}
		},
		{
			"from": [6.5, 0.5, 0],
			"to": [7, 1.5, 0.25],
			"faces": {
				"north": {"uv": [0, 0, 0.5, 0.25], "texture": "#0"},
				"east": {"uv": [0, 0, 0.5, 0.25], "texture": "#0"},
				"south": {"uv": [0, 0, 0.5, 0.25], "texture": "#0"},
				"down": {"uv": [0, 0, 0.5, 0.25], "texture": "#0"}
			}
		},
		{
			"from": [6, 1.5, 0],
			"to": [6.5, 2, 0.25],
			"faces": {
				"north": {"uv": [0, 0, 0.5, 0.25], "texture": "#0"},
				"south": {"uv": [0, 0, 0.5, 0.25], "texture": "#0"}
			}
		},
		{
			"from": [6, 1, 0],
			"to": [6.5, 1.5, 0.25],
			"faces": {
				"north": {"uv": [6.25, 12.25, 6.75, 12.75], "texture": "#0"},
				"south": {"uv": [6.25, 12.25, 6.75, 12.75], "texture": "#0"}
			}
		},
		{
			"from": [6, 0, 0],
			"to": [6.5, 1, 0.25],
			"faces": {
				"north": {"uv": [0, 0, 0.5, 0.25], "texture": "#0"},
				"east": {"uv": [0, 0, 0.5, 0.25], "texture": "#0"},
				"south": {"uv": [0, 0, 0.5, 0.25], "texture": "#0"},
				"down": {"uv": [0, 0, 0.5, 0.25], "texture": "#0"}
			}
		},
		{
			"from": [3, 0, 0],
			"to": [6, 0.5, 0.25],
			"faces": {
				"north": {"uv": [0, 0, 0.5, 0.25], "texture": "#0"},
				"south": {"uv": [0, 0, 0.5, 0.25], "texture": "#0"},
				"west": {"uv": [0, 0, 0.5, 0.25], "texture": "#0"},
				"down": {"uv": [0, 0, 0.5, 0.25], "texture": "#0"}
			}
		},
		{
			"from": [5.5, 0.5, 0],
			"to": [6, 1, 0.25],
			"faces": {
				"north": {"uv": [6.25, 12.25, 6.75, 12.75], "texture": "#0"},
				"south": {"uv": [6.25, 12.25, 6.75, 12.75], "texture": "#0"}
			}
		},
		{
			"from": [5, 0.5, 0],
			"to": [5.5, 1, 0.25],
			"faces": {
				"north": {"uv": [0, 0, 0.5, 0.25], "texture": "#0"},
				"south": {"uv": [0, 0, 0.5, 0.25], "texture": "#0"}
			}
		},
		{
			"from": [2.5, 0.5, 0],
			"to": [4.5, 1, 0.25],
			"faces": {
				"north": {"uv": [0, 0, 0.5, 0.25], "texture": "#0"},
				"south": {"uv": [0, 0, 0.5, 0.25], "texture": "#0"},
				"west": {"uv": [0, 0, 0.5, 0.25], "texture": "#0"},
				"down": {"uv": [0, 0, 0.5, 0.25], "texture": "#0"}
			}
		},
		{
			"from": [2, 1, 0],
			"to": [5, 1.5, 0.25],
			"faces": {
				"north": {"uv": [0, 0, 0.5, 0.25], "texture": "#0"},
				"south": {"uv": [0, 0, 0.5, 0.25], "texture": "#0"},
				"west": {"uv": [0, 0, 0.5, 0.25], "texture": "#0"},
				"down": {"uv": [0, 0, 0.5, 0.25], "texture": "#0"}
			}
		},
		{
			"from": [2, 1.5, 0],
			"to": [5.5, 2, 0.25],
			"faces": {
				"north": {"uv": [0, 0, 0.5, 0.25], "texture": "#0"},
				"south": {"uv": [0, 0, 0.5, 0.25], "texture": "#0"}
			}
		},
		{
			"from": [5.5, 1.5, 0],
			"to": [6, 2, 0.25],
			"faces": {
				"north": {"uv": [6.25, 12.25, 6.75, 12.75], "texture": "#0"},
				"south": {"uv": [6.25, 12.25, 6.75, 12.75], "texture": "#0"}
			}
		},
		{
			"from": [5.5, 1, 0],
			"to": [6, 1.5, 0.25],
			"faces": {
				"north": {"uv": [0, 0, 0.5, 0.25], "texture": "#0"},
				"south": {"uv": [0, 0, 0.5, 0.25], "texture": "#0"}
			}
		},
		{
			"from": [5, 1, 0],
			"to": [5.5, 1.5, 0.25],
			"faces": {
				"north": {"uv": [6.25, 12.25, 6.75, 12.75], "texture": "#0"},
				"south": {"uv": [6.25, 12.25, 6.75, 12.75], "texture": "#0"}
			}
		}
	],
	"display": {
		"thirdperson_righthand": {
			"translation": [0, 3, 4.5],
			"scale": [0.5, 0.5, 0.5]
		},
		"thirdperson_lefthand": {
			"translation": [0, 3, 4.5],
			"scale": [0.5, 0.5, 0.5]
		},
		"ground": {
			"translation": [0, 3, 0]
		},
		"gui": {
			"translation": [0, 6.75, 0]
		},
		"head": {
			"translation": [0, 5, 1.25]
		},
		"fixed": {
			"translation": [0, 7, 0]
		}
	}
}