{
	"credit": "Made with Blockbench",
	"textures": {
		"0": "item/cit/stone3",
		"1": "item/cit/diamond",
		"2": "item/cit/stone1",
		"3": "item/cit/ongekigarasu",
		"4": "item/cit/pinkdia",
		"5": "item/cit/gold",
		"6": "item/cit/souzu9",
		"7": "item/cit/amber",
		"8": "item/cit/stone2",
		"9": "item/cit/tyun",
		"particle": "item/cit/stone3"
	},
	"elements": [
		{
			"from": [0, 0, 2],
			"to": [16, 0.75, 14],
			"faces": {
				"north": {"uv": [0, 0, 0.75, 0.75], "texture": "#0"},
				"east": {"uv": [0, 0, 0.75, 0.75], "texture": "#0"},
				"south": {"uv": [0, 0, 0.75, 0.75], "texture": "#0"},
				"west": {"uv": [0, 0, 0.75, 0.75], "texture": "#0"},
				"up": {"uv": [0, 0, 0.75, 0.75], "texture": "#0"},
				"down": {"uv": [0, 0, 0.75, 0.75], "texture": "#0"}
			}
		},
		{
			"from": [0, 22.75, 2],
			"to": [16, 23.5, 14],
			"faces": {
				"north": {"uv": [0, 0, 0.75, 0.75], "texture": "#0"},
				"east": {"uv": [0, 0, 0.75, 0.75], "texture": "#0"},
				"south": {"uv": [0, 0, 0.75, 0.75], "texture": "#0"},
				"west": {"uv": [0, 0, 0.75, 0.75], "texture": "#0"},
				"up": {"uv": [0, 0, 0.75, 0.75], "texture": "#0"}
			}
		},
		{
			"from": [0, 18.75, 2],
			"to": [16, 22.75, 14],
			"faces": {
				"north": {"uv": [2.25, 2, 2.75, 8], "texture": "#1"},
				"east": {"uv": [2.25, 2, 2.75, 8], "texture": "#1"},
				"south": {"uv": [2.25, 2, 2.75, 8], "texture": "#1"},
				"west": {"uv": [2.25, 2, 2.75, 8], "texture": "#1"},
				"down": {"uv": [2.25, 2, 2.75, 8], "texture": "#1"}
			}
		},
		{
			"from": [15, 0.75, 3],
			"to": [16, 6.75, 7],
			"faces": {
				"east": {"uv": [2.25, 2, 2.75, 8], "texture": "#1"},
				"west": {"uv": [0, 0, 16, 16], "texture": "#2"}
			}
		},
		{
			"from": [15, 0.75, 7],
			"to": [16, 6.75, 13],
			"faces": {
				"east": {"uv": [2.25, 2, 2.75, 8], "texture": "#1"}
			}
		},
		{
			"from": [15, 0.75, 2],
			"to": [16, 6.75, 3],
			"faces": {
				"north": {"uv": [2.25, 2, 2.75, 8], "texture": "#1"},
				"east": {"uv": [2.25, 2, 2.75, 8], "texture": "#1"},
				"west": {"uv": [2.25, 2, 2.75, 8], "texture": "#1"}
			}
		},
		{
			"from": [15, 0.75, 13],
			"to": [16, 6.75, 14],
			"faces": {
				"east": {"uv": [2.25, 2, 2.75, 8], "texture": "#1"},
				"south": {"uv": [2.25, 2, 2.75, 8], "texture": "#1"}
			}
		},
		{
			"from": [0, 0.75, 2],
			"to": [12, 6.75, 3],
			"faces": {
				"north": {"uv": [2.25, 2, 2.75, 8], "texture": "#1"},
				"east": {"uv": [2.25, 2, 2.75, 8], "texture": "#1"},
				"west": {"uv": [2.25, 2, 2.75, 8], "texture": "#1"}
			}
		},
		{
			"from": [4, 5.75, 0.25],
			"to": [9.5, 6.75, 2],
			"faces": {
				"north": {"uv": [2.25, 2, 2.75, 2.75], "texture": "#1"},
				"east": {"uv": [2.25, 2, 2.75, 2.75], "texture": "#1"},
				"west": {"uv": [2.25, 2, 2.75, 2.75], "texture": "#1"},
				"down": {"uv": [2.25, 2, 2.75, 2.75], "texture": "#1"}
			}
		},
		{
			"from": [4, 4.75, 0.5],
			"to": [9.5, 5.75, 2],
			"faces": {
				"north": {"uv": [2.25, 3, 2.75, 3.75], "texture": "#1"},
				"east": {"uv": [2.25, 3, 2.75, 3.75], "texture": "#1"},
				"west": {"uv": [2.25, 3, 2.75, 3.75], "texture": "#1"},
				"down": {"uv": [2.25, 3, 2.75, 3.75], "texture": "#1"}
			}
		},
		{
			"from": [4, 3.75, 0.75],
			"to": [9.5, 4.75, 2],
			"faces": {
				"north": {"uv": [2.25, 4, 2.75, 4.75], "texture": "#1"},
				"east": {"uv": [2.25, 4, 2.75, 4.75], "texture": "#1"},
				"west": {"uv": [2.25, 4, 2.75, 4.75], "texture": "#1"},
				"down": {"uv": [2.25, 4, 2.75, 4.75], "texture": "#1"}
			}
		},
		{
			"from": [4, 2.75, 1],
			"to": [9.5, 3.75, 2],
			"faces": {
				"north": {"uv": [2.25, 5, 2.75, 5.75], "texture": "#1"},
				"east": {"uv": [2.25, 5, 2.75, 5.75], "texture": "#1"},
				"west": {"uv": [2.25, 5, 2.75, 5.75], "texture": "#1"},
				"down": {"uv": [2.25, 5, 2.75, 5.75], "texture": "#1"}
			}
		},
		{
			"from": [4, 6.75, 0],
			"to": [9.5, 7.25, 2],
			"faces": {
				"north": {"uv": [0, 0, 0.75, 0.75], "texture": "#0"},
				"east": {"uv": [0, 0, 0.75, 0.75], "texture": "#0"},
				"west": {"uv": [0, 0, 0.75, 0.75], "texture": "#0"},
				"up": {"uv": [0, 0, 0.75, 0.75], "texture": "#0"},
				"down": {"uv": [0, 0, 0.75, 0.75], "texture": "#0"}
			}
		},
		{
			"from": [7.25, 7.25, 0.75],
			"to": [8.5, 7.35, 1],
			"faces": {
				"north": {"uv": [4, 11, 4.75, 11.75], "texture": "#5"},
				"east": {"uv": [4, 11, 4.75, 11.75], "texture": "#5"},
				"south": {"uv": [4, 11, 4.75, 11.75], "texture": "#5"},
				"west": {"uv": [4, 11, 4.75, 11.75], "texture": "#5"},
				"up": {"uv": [4, 11, 4.75, 11.75], "texture": "#5"}
			}
		},
		{
			"from": [7.5, 7.25, 1],
			"to": [8.25, 7.35, 1.25],
			"faces": {
				"east": {"uv": [4, 11, 4.75, 11.75], "texture": "#5"},
				"south": {"uv": [4, 11, 4.75, 11.75], "texture": "#5"},
				"west": {"uv": [4, 11, 4.75, 11.75], "texture": "#5"},
				"up": {"uv": [4, 11, 4.75, 11.75], "texture": "#5"}
			}
		},
		{
			"from": [7.75, 7.25, 1.25],
			"to": [8, 7.35, 1.5],
			"faces": {
				"east": {"uv": [4, 11, 4.75, 11.75], "texture": "#5"},
				"south": {"uv": [4, 11, 4.75, 11.75], "texture": "#5"},
				"west": {"uv": [4, 11, 4.75, 11.75], "texture": "#5"},
				"up": {"uv": [4, 11, 4.75, 11.75], "texture": "#5"}
			}
		},
		{
			"from": [5.75, 7.25, 1],
			"to": [6, 7.35, 1.25],
			"faces": {
				"north": {"uv": [4, 11, 4.75, 11.75], "texture": "#5"},
				"south": {"uv": [4, 11, 4.75, 11.75], "texture": "#5"},
				"west": {"uv": [4, 11, 4.75, 11.75], "texture": "#5"},
				"up": {"uv": [4, 11, 4.75, 11.75], "texture": "#5"}
			}
		},
		{
			"from": [5.25, 7.25, 0.75],
			"to": [5.35, 7.26, 1.5],
			"faces": {
				"north": {"uv": [6, 12, 6.75, 12.75], "texture": "#0"},
				"east": {"uv": [6, 12, 6.75, 12.75], "texture": "#0"},
				"south": {"uv": [6, 12, 6.75, 12.75], "texture": "#0"},
				"west": {"uv": [6, 12, 6.75, 12.75], "texture": "#0"},
				"up": {"uv": [6, 12, 6.75, 12.75], "texture": "#0"}
			}
		},
		{
			"from": [5.1, 7.25, 0.75],
			"to": [5.2, 7.26, 1.5],
			"faces": {
				"north": {"uv": [6, 12, 6.75, 12.75], "texture": "#0"},
				"east": {"uv": [6, 12, 6.75, 12.75], "texture": "#0"},
				"south": {"uv": [6, 12, 6.75, 12.75], "texture": "#0"},
				"west": {"uv": [6, 12, 6.75, 12.75], "texture": "#0"},
				"up": {"uv": [6, 12, 6.75, 12.75], "texture": "#0"}
			}
		},
		{
			"from": [5.2, 7.25, 1.4],
			"to": [5.25, 7.26, 1.5],
			"faces": {
				"north": {"uv": [6, 12, 6.75, 12.75], "texture": "#0"},
				"south": {"uv": [6, 12, 6.75, 12.75], "texture": "#0"},
				"up": {"uv": [6, 12, 6.75, 12.75], "texture": "#0"}
			}
		},
		{
			"from": [5.2, 7.25, 0.75],
			"to": [5.25, 7.26, 0.85],
			"faces": {
				"north": {"uv": [6, 12, 6.75, 12.75], "texture": "#0"},
				"south": {"uv": [6, 12, 6.75, 12.75], "texture": "#0"},
				"up": {"uv": [6, 12, 6.75, 12.75], "texture": "#0"}
			}
		},
		{
			"from": [6, 7.25, 0.75],
			"to": [6.25, 7.35, 1.5],
			"faces": {
				"north": {"uv": [4, 11, 4.75, 11.75], "texture": "#5"},
				"south": {"uv": [4, 11, 4.75, 11.75], "texture": "#5"},
				"west": {"uv": [4, 11, 4.75, 11.75], "texture": "#5"},
				"up": {"uv": [4, 11, 4.75, 11.75], "texture": "#5"}
			}
		},
		{
			"from": [6.25, 7.25, 0.5],
			"to": [6.5, 7.35, 1.75],
			"faces": {
				"north": {"uv": [4, 11, 4.75, 11.75], "texture": "#5"},
				"east": {"uv": [4, 11, 4.75, 11.75], "texture": "#5"},
				"south": {"uv": [4, 11, 4.75, 11.75], "texture": "#5"},
				"west": {"uv": [4, 11, 4.75, 11.75], "texture": "#5"},
				"up": {"uv": [4, 11, 4.75, 11.75], "texture": "#5"}
			}
		},
		{
			"from": [0, 0.75, 3],
			"to": [12, 6.75, 7],
			"faces": {
				"east": {"uv": [0, 0, 16, 16], "texture": "#2"},
				"west": {"uv": [2.25, 2, 2.75, 8], "texture": "#1"}
			}
		},
		{
			"from": [0, 0.75, 7],
			"to": [12, 6.75, 14],
			"faces": {
				"south": {"uv": [2.25, 2, 2.75, 8], "texture": "#1"},
				"west": {"uv": [2.25, 2, 2.75, 8], "texture": "#1"}
			}
		},
		{
			"from": [12, 0.75, 7],
			"to": [15, 6.75, 14],
			"faces": {
				"north": {"uv": [0, 0, 16, 16], "texture": "#2"},
				"south": {"uv": [2.25, 2, 2.75, 8], "texture": "#1"}
			}
		},
		{
			"from": [12, 4, 2],
			"to": [15, 6.75, 3],
			"faces": {
				"north": {"uv": [2.25, 2, 2.75, 4.75], "texture": "#1"},
				"south": {"uv": [2.25, 2, 2.75, 8], "texture": "#1"},
				"down": {"uv": [2.25, 2, 2.75, 8], "texture": "#1"}
			}
		},
		{
			"from": [1, 6.75, 2],
			"to": [15, 7.25, 3],
			"faces": {
				"north": {"uv": [0, 0, 0.75, 0.75], "texture": "#0"},
				"south": {"uv": [0, 0, 0.75, 0.75], "texture": "#0"},
				"up": {"uv": [0, 0, 0.75, 0.75], "texture": "#0"}
			}
		},
		{
			"from": [15, 18.25, 2],
			"to": [16, 18.75, 14],
			"faces": {
				"north": {"uv": [0, 0, 0.75, 0.75], "texture": "#0"},
				"east": {"uv": [0, 0, 0.75, 0.75], "texture": "#0"},
				"south": {"uv": [0, 0, 0.75, 0.75], "texture": "#0"},
				"west": {"uv": [0, 0, 0.75, 0.75], "texture": "#0"},
				"down": {"uv": [0, 0, 0.75, 0.75], "texture": "#0"}
			}
		},
		{
			"from": [0, 18.25, 2],
			"to": [1, 18.75, 14],
			"faces": {
				"north": {"uv": [0, 0, 0.75, 0.75], "texture": "#0"},
				"east": {"uv": [0, 0, 0.75, 0.75], "texture": "#0"},
				"south": {"uv": [0, 0, 0.75, 0.75], "texture": "#0"},
				"west": {"uv": [0, 0, 0.75, 0.75], "texture": "#0"},
				"down": {"uv": [0, 0, 0.75, 0.75], "texture": "#0"}
			}
		},
		{
			"from": [1, 18.25, 2],
			"to": [15, 18.75, 3],
			"faces": {
				"north": {"uv": [0, 0, 0.75, 0.75], "texture": "#0"},
				"south": {"uv": [0, 0, 0.75, 0.75], "texture": "#0"},
				"down": {"uv": [0, 0, 0.75, 0.75], "texture": "#0"}
			}
		},
		{
			"from": [1, 18.25, 13],
			"to": [15, 18.75, 14],
			"faces": {
				"north": {"uv": [0, 0, 0.75, 0.75], "texture": "#0"},
				"south": {"uv": [0, 0, 0.75, 0.75], "texture": "#0"},
				"down": {"uv": [0, 0, 0.75, 0.75], "texture": "#0"}
			}
		},
		{
			"from": [11, 6.75, 7],
			"to": [15, 7.25, 8],
			"faces": {
				"north": {"uv": [0, 0, 0.75, 0.75], "texture": "#0"},
				"up": {"uv": [0, 0, 0.75, 0.75], "texture": "#0"}
			}
		},
		{
			"from": [11, 6.75, 3],
			"to": [12, 7.25, 7],
			"faces": {
				"east": {"uv": [0, 0, 0.75, 0.75], "texture": "#0"},
				"up": {"uv": [0, 0, 0.75, 0.75], "texture": "#0"}
			}
		},
		{
			"from": [1, 6.75, 3],
			"to": [11, 7.25, 13],
			"faces": {
				"up": {"uv": [6, 12, 6.75, 12.75], "texture": "#0"}
			}
		},
		{
			"from": [11, 6.75, 8],
			"to": [15, 7.25, 13],
			"faces": {
				"up": {"uv": [6, 12, 6.75, 12.75], "texture": "#0"}
			}
		},
		{
			"from": [4, 7.25, 5.5],
			"to": [5.5, 9.25, 6.25],
			"faces": {
				"north": {"uv": [0, 0, 16, 16], "rotation": 180, "texture": "#6"},
				"east": {"uv": [4, 10, 6, 12], "texture": "#8"},
				"west": {"uv": [4, 10, 6, 12], "rotation": 180, "texture": "#8"},
				"up": {"uv": [4, 10, 6, 12], "rotation": 270, "texture": "#8"}
			}
		},
		{
			"from": [4, 7.25, 6.25],
			"to": [5.5, 9.25, 6.5],
			"faces": {
				"east": {"uv": [4, 2, 5, 7], "rotation": 90, "texture": "#7"},
				"south": {"uv": [4, 6, 5, 7], "rotation": 270, "texture": "#7"},
				"west": {"uv": [4, 2, 5, 7], "rotation": 270, "texture": "#7"},
				"up": {"uv": [4, 2, 5, 7], "texture": "#7"}
			}
		},
		{
			"from": [6.5, 7.25, 6.75],
			"to": [8, 7.5, 8.75],
			"faces": {
				"north": {"uv": [4, 2, 5, 7], "texture": "#7"},
				"east": {"uv": [4, 2, 5, 7], "texture": "#7"},
				"south": {"uv": [4, 2, 5, 7], "texture": "#7"},
				"west": {"uv": [4, 2, 5, 7], "texture": "#7"}
			}
		},
		{
			"from": [6.5, 7.5, 6.75],
			"to": [8, 8.25, 8.75],
			"faces": {
				"north": {"uv": [4, 10, 6, 12], "rotation": 270, "texture": "#8"},
				"east": {"uv": [4, 10, 6, 12], "rotation": 270, "texture": "#8"},
				"south": {"uv": [4, 10, 6, 12], "rotation": 270, "texture": "#8"},
				"west": {"uv": [4, 10, 6, 12], "rotation": 270, "texture": "#8"},
				"up": {"uv": [4, 10, 6, 12], "texture": "#8"}
			}
		},
		{
			"from": [9, 7.5, 9],
			"to": [11, 8.25, 10.5],
			"faces": {
				"north": {"uv": [4, 10, 6, 12], "rotation": 270, "texture": "#8"},
				"east": {"uv": [4, 10, 6, 12], "rotation": 270, "texture": "#8"},
				"south": {"uv": [4, 10, 6, 12], "rotation": 270, "texture": "#8"},
				"west": {"uv": [4, 10, 6, 12], "rotation": 270, "texture": "#8"},
				"up": {"uv": [0, 0, 16, 16], "rotation": 270, "texture": "#9"}
			}
		},
		{
			"from": [9, 7.25, 9],
			"to": [11, 7.5, 10.5],
			"faces": {
				"north": {"uv": [4, 2, 5, 7], "texture": "#7"},
				"east": {"uv": [4, 2, 5, 7], "texture": "#7"},
				"south": {"uv": [4, 2, 5, 7], "texture": "#7"},
				"west": {"uv": [4, 2, 5, 7], "texture": "#7"}
			}
		},
		{
			"from": [1, 6.75, 13],
			"to": [15, 7.25, 14],
			"faces": {
				"south": {"uv": [0, 0, 0.75, 0.75], "texture": "#0"},
				"up": {"uv": [0, 0, 0.75, 0.75], "texture": "#0"}
			}
		},
		{
			"from": [15, 6.75, 2],
			"to": [16, 7.25, 14],
			"faces": {
				"north": {"uv": [0, 0, 0.75, 0.75], "texture": "#0"},
				"east": {"uv": [0, 0, 0.75, 0.75], "texture": "#0"},
				"south": {"uv": [0, 0, 0.75, 0.75], "texture": "#0"},
				"west": {"uv": [0, 0, 0.75, 0.75], "texture": "#0"},
				"up": {"uv": [0, 0, 0.75, 0.75], "texture": "#0"}
			}
		},
		{
			"from": [15, 7.25, 2],
			"to": [16, 18.25, 3],
			"faces": {
				"north": {"uv": [0, 10.5, 6, 10.75], "texture": "#0"},
				"east": {"uv": [0, 10.5, 6, 10.75], "texture": "#0"},
				"south": {"uv": [0, 10.5, 6, 10.75], "texture": "#0"},
				"west": {"uv": [0, 10.5, 6, 10.75], "texture": "#0"}
			}
		},
		{
			"from": [13, 16.5, 4.75],
			"to": [13.5, 18.25, 5.25],
			"faces": {
				"north": {"uv": [0, 10.5, 6, 10.75], "texture": "#0"},
				"east": {"uv": [0, 10.5, 6, 10.75], "texture": "#0"},
				"south": {"uv": [0, 10.5, 6, 10.75], "texture": "#0"},
				"west": {"uv": [0, 10.5, 6, 10.75], "texture": "#0"},
				"up": {"uv": [0, 10.5, 6, 10.75], "texture": "#0"}
			}
		},
		{
			"from": [12.5, 16.25, 4.5],
			"to": [14, 16.5, 5.5],
			"faces": {
				"north": {"uv": [0, 2.25, 16, 2.75], "texture": "#2"},
				"east": {"uv": [15.25, 2.25, 16, 2.75], "texture": "#2"},
				"south": {"uv": [0, 2.25, 16, 2.75], "texture": "#2"},
				"west": {"uv": [15.25, 2.25, 16, 2.75], "texture": "#2"},
				"up": {"uv": [0, 2.25, 16, 2.75], "texture": "#2"},
				"down": {"uv": [0, 2.25, 16, 2.75], "texture": "#2"}
			}
		},
		{
			"from": [12.5, 15.5, 4.5],
			"to": [14, 15.75, 5.5],
			"faces": {
				"north": {"uv": [0, 2.25, 16, 2.75], "texture": "#2"},
				"east": {"uv": [15.25, 2.25, 16, 2.75], "texture": "#2"},
				"south": {"uv": [0, 2.25, 16, 2.75], "texture": "#2"},
				"west": {"uv": [15.25, 2.25, 16, 2.75], "texture": "#2"},
				"up": {"uv": [0, 2.25, 16, 2.75], "texture": "#2"},
				"down": {"uv": [0, 2.25, 16, 2.75], "texture": "#2"}
			}
		},
		{
			"from": [13.75, 15, 4.75],
			"to": [14, 15.5, 5.25],
			"faces": {
				"north": {"uv": [0, 0, 0.75, 0.75], "texture": "#8"},
				"east": {"uv": [0, 0, 0.75, 0.75], "texture": "#8"},
				"south": {"uv": [0, 0, 0.75, 0.75], "texture": "#8"},
				"west": {"uv": [0, 0, 0.75, 0.75], "texture": "#8"},
				"down": {"uv": [0, 0, 0.75, 0.75], "texture": "#8"}
			}
		},
		{
			"from": [13.5, 14.75, 4.75],
			"to": [13.75, 15.25, 5.25],
			"faces": {
				"north": {"uv": [0, 0, 0.75, 0.75], "texture": "#8"},
				"east": {"uv": [0, 0, 0.75, 0.75], "texture": "#8"},
				"south": {"uv": [0, 0, 0.75, 0.75], "texture": "#8"},
				"west": {"uv": [0, 0, 0.75, 0.75], "texture": "#8"},
				"up": {"uv": [0, 0, 0.75, 0.75], "texture": "#8"},
				"down": {"uv": [0, 0, 0.75, 0.75], "texture": "#8"}
			}
		},
		{
			"from": [12.75, 14.75, 4.75],
			"to": [13, 15.25, 5.25],
			"faces": {
				"north": {"uv": [0, 0, 0.75, 0.75], "texture": "#8"},
				"east": {"uv": [0, 0, 0.75, 0.75], "texture": "#8"},
				"south": {"uv": [0, 0, 0.75, 0.75], "texture": "#8"},
				"west": {"uv": [0, 0, 0.75, 0.75], "texture": "#8"},
				"up": {"uv": [0, 0, 0.75, 0.75], "texture": "#8"},
				"down": {"uv": [0, 0, 0.75, 0.75], "texture": "#8"}
			}
		},
		{
			"from": [12.5, 15, 4.75],
			"to": [12.75, 15.5, 5.25],
			"faces": {
				"north": {"uv": [0, 0, 0.75, 0.75], "texture": "#8"},
				"east": {"uv": [0, 0, 0.75, 0.75], "texture": "#8"},
				"south": {"uv": [0, 0, 0.75, 0.75], "texture": "#8"},
				"west": {"uv": [0, 0, 0.75, 0.75], "texture": "#8"},
				"down": {"uv": [0, 0, 0.75, 0.75], "texture": "#8"}
			}
		},
		{
			"from": [13.75, 15.75, 4.5],
			"to": [14.25, 16.25, 5.5],
			"faces": {
				"north": {"uv": [13, 2.25, 16, 2.75], "rotation": 180, "texture": "#2"},
				"east": {"uv": [15.25, 2.25, 16, 2.75], "texture": "#2"},
				"south": {"uv": [13, 2.25, 16, 2.75], "texture": "#2"},
				"west": {"uv": [13, 2.25, 16, 2.75], "rotation": 180, "texture": "#2"},
				"up": {"uv": [15.25, 2.25, 16, 2.75], "texture": "#2"},
				"down": {"uv": [15.25, 2.25, 16, 2.75], "texture": "#2"}
			}
		},
		{
			"from": [12.25, 15.75, 4.5],
			"to": [12.75, 16.25, 5.5],
			"faces": {
				"north": {"uv": [13, 2.25, 16, 2.75], "texture": "#2"},
				"east": {"uv": [13, 2.25, 16, 2.75], "texture": "#2"},
				"south": {"uv": [13, 2.25, 16, 2.75], "rotation": 180, "texture": "#2"},
				"west": {"uv": [15.25, 2.25, 16, 2.75], "texture": "#2"},
				"up": {"uv": [15.25, 2.25, 16, 2.75], "texture": "#2"},
				"down": {"uv": [15.25, 2.25, 16, 2.75], "texture": "#2"}
			}
		},
		{
			"from": [12.75, 15.75, 4.75],
			"to": [13.75, 16.25, 5.25],
			"faces": {
				"north": {"uv": [7, 2, 10, 5], "texture": "#4"},
				"south": {"uv": [7, 2, 10, 5], "texture": "#4"}
			}
		},
		{
			"from": [0, 7.25, 2],
			"to": [1, 18.25, 3],
			"faces": {
				"north": {"uv": [0, 10.5, 6, 10.75], "texture": "#0"},
				"east": {"uv": [0, 10.5, 6, 10.75], "texture": "#0"},
				"south": {"uv": [0, 10.5, 6, 10.75], "texture": "#0"},
				"west": {"uv": [0, 10.5, 6, 10.75], "texture": "#0"}
			}
		},
		{
			"from": [0, 7.25, 13],
			"to": [1, 18.25, 14],
			"faces": {
				"north": {"uv": [0, 10.5, 6, 10.75], "texture": "#0"},
				"east": {"uv": [0, 10.5, 6, 10.75], "texture": "#0"},
				"south": {"uv": [0, 10.5, 6, 10.75], "texture": "#0"},
				"west": {"uv": [0, 10.5, 6, 10.75], "texture": "#0"}
			}
		},
		{
			"from": [15, 7.25, 13],
			"to": [16, 18.25, 14],
			"faces": {
				"north": {"uv": [0, 10.5, 6, 10.75], "texture": "#0"},
				"east": {"uv": [0, 10.5, 6, 10.75], "texture": "#0"},
				"south": {"uv": [0, 10.5, 6, 10.75], "texture": "#0"},
				"west": {"uv": [0, 10.5, 6, 10.75], "texture": "#0"}
			}
		},
		{
			"from": [11, 7.25, 7],
			"to": [15, 10.25, 8],
			"faces": {
				"north": {"uv": [0, 0, 0.75, 0.75], "texture": "#3"},
				"east": {"uv": [0, 0, 0.75, 0.75], "texture": "#3"},
				"south": {"uv": [0, 0, 0.75, 0.75], "texture": "#3"},
				"west": {"uv": [0, 0, 0.75, 0.75], "texture": "#3"},
				"up": {"uv": [0, 0, 0.75, 0.75], "texture": "#3"},
				"down": {"uv": [0, 0, 0.75, 0.75], "texture": "#3"}
			}
		},
		{
			"from": [11, 7.25, 3],
			"to": [12, 10.25, 7],
			"faces": {
				"north": {"uv": [0, 0, 0.75, 0.75], "texture": "#3"},
				"east": {"uv": [0, 0, 0.75, 0.75], "texture": "#3"},
				"west": {"uv": [0, 0, 0.75, 0.75], "texture": "#3"},
				"up": {"uv": [0, 0, 0.75, 0.75], "texture": "#3"},
				"down": {"uv": [0, 0, 0.75, 0.75], "texture": "#3"}
			}
		},
		{
			"from": [15, 7.25, 3],
			"to": [16, 18.25, 13],
			"faces": {
				"north": {"uv": [0, 0, 0.75, 0.75], "texture": "#3"},
				"east": {"uv": [0, 0, 0.75, 0.75], "texture": "#3"},
				"south": {"uv": [0, 0, 0.75, 0.75], "texture": "#3"},
				"west": {"uv": [0, 0, 0.75, 0.75], "texture": "#3"},
				"up": {"uv": [0, 0, 0.75, 0.75], "texture": "#3"},
				"down": {"uv": [0, 0, 0.75, 0.75], "texture": "#3"}
			}
		},
		{
			"from": [0, 7.25, 3],
			"to": [1, 18.25, 13],
			"faces": {
				"north": {"uv": [0, 0, 0.75, 0.75], "texture": "#3"},
				"east": {"uv": [0, 0, 0.75, 0.75], "texture": "#3"},
				"south": {"uv": [0, 0, 0.75, 0.75], "texture": "#3"},
				"west": {"uv": [0, 0, 0.75, 0.75], "texture": "#3"},
				"up": {"uv": [0, 0, 0.75, 0.75], "texture": "#3"},
				"down": {"uv": [0, 0, 0.75, 0.75], "texture": "#3"}
			}
		},
		{
			"from": [1, 7.25, 13],
			"to": [15, 18.25, 14],
			"faces": {
				"north": {"uv": [0, 0, 0.75, 0.75], "texture": "#3"},
				"east": {"uv": [0, 0, 0.75, 0.75], "texture": "#3"},
				"south": {"uv": [0, 0, 0.75, 0.75], "texture": "#3"},
				"west": {"uv": [0, 0, 0.75, 0.75], "texture": "#3"},
				"up": {"uv": [0, 0, 0.75, 0.75], "texture": "#3"},
				"down": {"uv": [0, 0, 0.75, 0.75], "texture": "#3"}
			}
		},
		{
			"from": [1, 7.25, 2],
			"to": [15, 18.25, 3],
			"faces": {
				"north": {"uv": [0, 0, 0.75, 0.75], "texture": "#3"},
				"east": {"uv": [0, 0, 0.75, 0.75], "texture": "#3"},
				"south": {"uv": [0, 0, 0.75, 0.75], "texture": "#3"},
				"west": {"uv": [0, 0, 0.75, 0.75], "texture": "#3"},
				"up": {"uv": [0, 0, 0.75, 0.75], "texture": "#3"},
				"down": {"uv": [0, 0, 0.75, 0.75], "texture": "#3"}
			}
		},
		{
			"from": [0, 6.75, 2],
			"to": [1, 7.25, 14],
			"faces": {
				"north": {"uv": [0, 0, 0.75, 0.75], "texture": "#0"},
				"south": {"uv": [0, 0, 0.75, 0.75], "texture": "#0"},
				"west": {"uv": [0, 0, 0.75, 0.75], "texture": "#0"},
				"up": {"uv": [0, 0, 0.75, 0.75], "texture": "#0"}
			}
		}
	],
	"display": {
		"gui": {
			"rotation": [45, -135, 0]
		},
		"fixed": {
			"translation": [0, 16, -22],
			"scale": [4, 4, 4]
		}
	}
}