{
	"credit": "Made with Blockbench",
	"textures": {
		"0": "item/cit/stone1",
		"1": "item/cit/stone2",
		"2": "item/cit/stone3",
		"3": "item/cit/lapis",
		"particle": "item/cit/stone1"
	},
	"elements": [
		{
			"from": [7.25, 0, 7.5],
			"to": [8.75, 6.25, 8.5],
			"faces": {
				"north": {"uv": [0, 2, 0.75, 15], "texture": "#2"},
				"east": {"uv": [0, 2, 0.75, 15], "texture": "#2"},
				"south": {"uv": [0, 2, 0.75, 15], "texture": "#2"},
				"west": {"uv": [0, 2, 0.75, 15], "texture": "#2"},
				"up": {"uv": [0, 2, 0.75, 15], "texture": "#2"},
				"down": {"uv": [0, 2, 0.75, 15], "texture": "#2"}
			}
		},
		{
			"from": [7.5, 0, 7.25],
			"to": [8.5, 6.25, 8.75],
			"faces": {
				"north": {"uv": [0, 2, 0.75, 15], "texture": "#2"},
				"east": {"uv": [0, 2, 0.75, 15], "texture": "#2"},
				"south": {"uv": [0, 2, 0.75, 15], "texture": "#2"},
				"west": {"uv": [0, 2, 0.75, 15], "texture": "#2"},
				"up": {"uv": [0, 2, 0.75, 15], "texture": "#2"},
				"down": {"uv": [0, 2, 0.75, 15], "texture": "#2"}
			}
		},
		{
			"from": [7.6, 6.25, 7.6],
			"to": [8.4, 9, 8.4],
			"faces": {
				"north": {"uv": [2.25, 11, 2.75, 14], "texture": "#3"},
				"east": {"uv": [2.25, 11, 2.75, 14], "texture": "#3"},
				"south": {"uv": [2.25, 11, 2.75, 14], "texture": "#3"},
				"west": {"uv": [2.25, 11, 2.75, 14], "texture": "#3"},
				"up": {"uv": [2.25, 11, 2.75, 14], "texture": "#3"},
				"down": {"uv": [2.25, 11, 2.75, 14], "texture": "#3"}
			}
		},
		{
			"from": [7.25, 9, 7.6],
			"to": [8.75, 10, 8.4],
			"faces": {
				"north": {"uv": [2.25, 11, 2.75, 11.75], "texture": "#3"},
				"east": {"uv": [2.25, 11, 2.75, 11.75], "texture": "#3"},
				"south": {"uv": [2.25, 11, 2.75, 11.75], "texture": "#3"},
				"west": {"uv": [2.25, 11, 2.75, 11.75], "texture": "#3"},
				"up": {"uv": [2.25, 11, 2.75, 11.75], "texture": "#3"},
				"down": {"uv": [2.25, 11, 2.75, 11.75], "texture": "#3"}
			}
		},
		{
			"from": [8.25, 10, 7.6],
			"to": [9.25, 10.5, 8.4],
			"faces": {
				"north": {"uv": [2.25, 11, 2.75, 11.75], "texture": "#3"},
				"east": {"uv": [2.25, 11, 2.75, 11.75], "texture": "#3"},
				"south": {"uv": [2.25, 11, 2.75, 11.75], "texture": "#3"},
				"west": {"uv": [2.25, 11, 2.75, 11.75], "texture": "#3"},
				"up": {"uv": [2.25, 11, 2.75, 11.75], "texture": "#3"},
				"down": {"uv": [2.25, 11, 2.75, 11.75], "texture": "#3"}
			}
		},
		{
			"from": [10.25, 11.5, 7.5],
			"to": [11.25, 12, 8.5],
			"faces": {
				"north": {"uv": [2.25, 11, 2.75, 11.75], "texture": "#3"},
				"east": {"uv": [2.25, 11, 2.75, 11.75], "texture": "#3"},
				"south": {"uv": [2.25, 11, 2.75, 11.75], "texture": "#3"},
				"west": {"uv": [2.25, 11, 2.75, 11.75], "texture": "#3"},
				"up": {"uv": [2.25, 11, 2.75, 11.75], "texture": "#3"},
				"down": {"uv": [2.25, 11, 2.75, 11.75], "texture": "#3"}
			}
		},
		{
			"from": [10.75, 12, 7.5],
			"to": [11.75, 12.5, 8.5],
			"faces": {
				"north": {"uv": [2.25, 11, 2.75, 11.75], "texture": "#3"},
				"east": {"uv": [2.25, 11, 2.75, 11.75], "texture": "#3"},
				"south": {"uv": [2.25, 11, 2.75, 11.75], "texture": "#3"},
				"west": {"uv": [2.25, 11, 2.75, 11.75], "texture": "#3"},
				"up": {"uv": [2.25, 11, 2.75, 11.75], "texture": "#3"},
				"down": {"uv": [2.25, 11, 2.75, 11.75], "texture": "#3"}
			}
		},
		{
			"from": [11.25, 12.5, 7.5],
			"to": [11.75, 13.25, 8.5],
			"faces": {
				"north": {"uv": [2.25, 11, 2.75, 11.75], "texture": "#3"},
				"east": {"uv": [2.25, 11, 2.75, 11.75], "texture": "#3"},
				"south": {"uv": [2.25, 11, 2.75, 11.75], "texture": "#3"},
				"west": {"uv": [2.25, 11, 2.75, 11.75], "texture": "#3"},
				"up": {"uv": [2.25, 11, 2.75, 11.75], "texture": "#3"},
				"down": {"uv": [2.25, 11, 2.75, 11.75], "texture": "#3"}
			}
		},
		{
			"from": [11.75, 12.75, 7.5],
			"to": [12.25, 14, 8.5],
			"faces": {
				"north": {"uv": [2.25, 11, 2.75, 11.75], "texture": "#3"},
				"east": {"uv": [2.25, 11, 2.75, 11.75], "texture": "#3"},
				"south": {"uv": [2.25, 11, 2.75, 11.75], "texture": "#3"},
				"west": {"uv": [2.25, 11, 2.75, 11.75], "texture": "#3"},
				"up": {"uv": [2.25, 11, 2.75, 11.75], "texture": "#3"},
				"down": {"uv": [2.25, 11, 2.75, 11.75], "texture": "#3"}
			}
		},
		{
			"from": [12.25, 13.5, 7.5],
			"to": [12.75, 18.75, 8.5],
			"faces": {
				"north": {"uv": [2.25, 13, 2.75, 13.75], "texture": "#3"},
				"east": {"uv": [2.25, 13, 2.75, 13.75], "texture": "#3"},
				"south": {"uv": [2.25, 13, 2.75, 13.75], "texture": "#3"},
				"west": {"uv": [2.25, 13, 2.75, 13.75], "texture": "#3"},
				"up": {"uv": [2.25, 13, 2.75, 13.75], "texture": "#3"},
				"down": {"uv": [2.25, 13, 2.75, 13.75], "texture": "#3"}
			}
		},
		{
			"from": [8.75, 10.5, 7.6],
			"to": [10, 11, 8.4],
			"faces": {
				"north": {"uv": [2.25, 11, 2.75, 11.75], "texture": "#3"},
				"east": {"uv": [2.25, 11, 2.75, 11.75], "texture": "#3"},
				"south": {"uv": [2.25, 11, 2.75, 11.75], "texture": "#3"},
				"west": {"uv": [2.25, 11, 2.75, 11.75], "texture": "#3"},
				"up": {"uv": [2.25, 11, 2.75, 11.75], "texture": "#3"},
				"down": {"uv": [2.25, 11, 2.75, 11.75], "texture": "#3"}
			}
		},
		{
			"from": [6, 10.5, 7.6],
			"to": [7.25, 11, 8.4],
			"faces": {
				"north": {"uv": [2.25, 11, 2.75, 11.75], "texture": "#3"},
				"east": {"uv": [2.25, 11, 2.75, 11.75], "texture": "#3"},
				"south": {"uv": [2.25, 11, 2.75, 11.75], "texture": "#3"},
				"west": {"uv": [2.25, 11, 2.75, 11.75], "texture": "#3"},
				"up": {"uv": [2.25, 11, 2.75, 11.75], "texture": "#3"},
				"down": {"uv": [2.25, 11, 2.75, 11.75], "texture": "#3"}
			}
		},
		{
			"from": [5.25, 11, 7.5],
			"to": [10.75, 11.5, 8.5],
			"faces": {
				"north": {"uv": [2.25, 11, 2.75, 11.75], "texture": "#3"},
				"east": {"uv": [2.25, 11, 2.75, 11.75], "texture": "#3"},
				"south": {"uv": [2.25, 11, 2.75, 11.75], "texture": "#3"},
				"west": {"uv": [2.25, 11, 2.75, 11.75], "texture": "#3"},
				"up": {"uv": [2.25, 11, 2.75, 11.75], "texture": "#3"},
				"down": {"uv": [2.25, 11, 2.75, 11.75], "texture": "#3"}
			}
		},
		{
			"from": [11.75, 18.25, 7.5],
			"to": [12.25, 19.5, 8.5],
			"faces": {
				"north": {"uv": [1.25, 11, 1.75, 11.75], "texture": "#3"},
				"east": {"uv": [1.25, 11, 1.75, 11.75], "texture": "#3"},
				"south": {"uv": [1.25, 11, 1.75, 11.75], "texture": "#3"},
				"west": {"uv": [1.25, 11, 1.75, 11.75], "texture": "#3"},
				"up": {"uv": [1.25, 11, 1.75, 11.75], "texture": "#3"},
				"down": {"uv": [1.25, 11, 1.75, 11.75], "texture": "#3"}
			}
		},
		{
			"from": [11.25, 19, 7.5],
			"to": [11.75, 19.5, 8.5],
			"faces": {
				"north": {"uv": [1.25, 11, 1.75, 11.75], "texture": "#3"},
				"east": {"uv": [1.25, 11, 1.75, 11.75], "texture": "#3"},
				"south": {"uv": [1.25, 11, 1.75, 11.75], "texture": "#3"},
				"west": {"uv": [1.25, 11, 1.75, 11.75], "texture": "#3"},
				"up": {"uv": [1.25, 11, 1.75, 11.75], "texture": "#3"},
				"down": {"uv": [1.25, 11, 1.75, 11.75], "texture": "#3"}
			}
		},
		{
			"from": [10.75, 19.5, 7.5],
			"to": [11.75, 20, 8.5],
			"faces": {
				"north": {"uv": [1.25, 11, 1.75, 11.75], "texture": "#3"},
				"east": {"uv": [1.25, 11, 1.75, 11.75], "texture": "#3"},
				"south": {"uv": [1.25, 11, 1.75, 11.75], "texture": "#3"},
				"west": {"uv": [1.25, 11, 1.75, 11.75], "texture": "#3"},
				"up": {"uv": [1.25, 11, 1.75, 11.75], "texture": "#3"},
				"down": {"uv": [1.25, 11, 1.75, 11.75], "texture": "#3"}
			}
		},
		{
			"from": [10.25, 20, 7.5],
			"to": [11.25, 20.5, 8.5],
			"faces": {
				"north": {"uv": [1.25, 11, 1.75, 11.75], "texture": "#3"},
				"east": {"uv": [1.25, 11, 1.75, 11.75], "texture": "#3"},
				"south": {"uv": [1.25, 11, 1.75, 11.75], "texture": "#3"},
				"west": {"uv": [1.25, 11, 1.75, 11.75], "texture": "#3"},
				"up": {"uv": [1.25, 11, 1.75, 11.75], "texture": "#3"},
				"down": {"uv": [1.25, 11, 1.75, 11.75], "texture": "#3"}
			}
		},
		{
			"from": [9.5, 20.5, 7.5],
			"to": [10.75, 21, 8.5],
			"faces": {
				"north": {"uv": [1.25, 11, 1.75, 11.75], "texture": "#3"},
				"east": {"uv": [1.25, 11, 1.75, 11.75], "texture": "#3"},
				"south": {"uv": [1.25, 11, 1.75, 11.75], "texture": "#3"},
				"west": {"uv": [1.25, 11, 1.75, 11.75], "texture": "#3"},
				"up": {"uv": [1.25, 11, 1.75, 11.75], "texture": "#3"},
				"down": {"uv": [1.25, 11, 1.75, 11.75], "texture": "#3"}
			}
		},
		{
			"from": [8.75, 21, 7.5],
			"to": [10, 21.5, 8.5],
			"faces": {
				"north": {"uv": [1.25, 11, 1.75, 11.75], "texture": "#3"},
				"east": {"uv": [1.25, 11, 1.75, 11.75], "texture": "#3"},
				"south": {"uv": [1.25, 11, 1.75, 11.75], "texture": "#3"},
				"west": {"uv": [1.25, 11, 1.75, 11.75], "texture": "#3"},
				"up": {"uv": [1.25, 11, 1.75, 11.75], "texture": "#3"},
				"down": {"uv": [1.25, 11, 1.75, 11.75], "texture": "#3"}
			}
		},
		{
			"from": [4.75, 11.5, 7.5],
			"to": [5.75, 12, 8.5],
			"faces": {
				"north": {"uv": [2.25, 11, 2.75, 11.75], "texture": "#3"},
				"east": {"uv": [2.25, 11, 2.75, 11.75], "texture": "#3"},
				"south": {"uv": [2.25, 11, 2.75, 11.75], "texture": "#3"},
				"west": {"uv": [2.25, 11, 2.75, 11.75], "texture": "#3"},
				"up": {"uv": [2.25, 11, 2.75, 11.75], "texture": "#3"},
				"down": {"uv": [2.25, 11, 2.75, 11.75], "texture": "#3"}
			}
		},
		{
			"from": [4.25, 12, 7.5],
			"to": [5.25, 12.5, 8.5],
			"faces": {
				"north": {"uv": [2.25, 11, 2.75, 11.75], "texture": "#3"},
				"east": {"uv": [2.25, 11, 2.75, 11.75], "texture": "#3"},
				"south": {"uv": [2.25, 11, 2.75, 11.75], "texture": "#3"},
				"west": {"uv": [2.25, 11, 2.75, 11.75], "texture": "#3"},
				"up": {"uv": [2.25, 11, 2.75, 11.75], "texture": "#3"},
				"down": {"uv": [2.25, 11, 2.75, 11.75], "texture": "#3"}
			}
		},
		{
			"from": [4.25, 12.5, 7.5],
			"to": [4.75, 13.25, 8.5],
			"faces": {
				"north": {"uv": [2.25, 11, 2.75, 11.75], "texture": "#3"},
				"east": {"uv": [2.25, 11, 2.75, 11.75], "texture": "#3"},
				"south": {"uv": [2.25, 11, 2.75, 11.75], "texture": "#3"},
				"west": {"uv": [2.25, 11, 2.75, 11.75], "texture": "#3"},
				"up": {"uv": [2.25, 11, 2.75, 11.75], "texture": "#3"},
				"down": {"uv": [2.25, 11, 2.75, 11.75], "texture": "#3"}
			}
		},
		{
			"from": [3.75, 12.75, 7.5],
			"to": [4.25, 14, 8.5],
			"faces": {
				"north": {"uv": [2.25, 11, 2.75, 11.75], "texture": "#3"},
				"east": {"uv": [2.25, 11, 2.75, 11.75], "texture": "#3"},
				"south": {"uv": [2.25, 11, 2.75, 11.75], "texture": "#3"},
				"west": {"uv": [2.25, 11, 2.75, 11.75], "texture": "#3"},
				"up": {"uv": [2.25, 11, 2.75, 11.75], "texture": "#3"},
				"down": {"uv": [2.25, 11, 2.75, 11.75], "texture": "#3"}
			}
		},
		{
			"from": [3.25, 13.5, 7.5],
			"to": [3.75, 18.75, 8.5],
			"faces": {
				"north": {"uv": [2.25, 13, 2.75, 13.75], "texture": "#3"},
				"east": {"uv": [2.25, 13, 2.75, 13.75], "texture": "#3"},
				"south": {"uv": [2.25, 13, 2.75, 13.75], "texture": "#3"},
				"west": {"uv": [2.25, 13, 2.75, 13.75], "texture": "#3"},
				"up": {"uv": [2.25, 13, 2.75, 13.75], "texture": "#3"},
				"down": {"uv": [2.25, 13, 2.75, 13.75], "texture": "#3"}
			}
		},
		{
			"from": [3.65, 16, 7.9],
			"to": [12.4, 16.2, 8.1],
			"faces": {
				"north": {"uv": [6, 5, 6.95, 6], "texture": "#1"},
				"east": {"uv": [6, 5, 6.95, 6], "texture": "#1"},
				"south": {"uv": [6, 5, 6.95, 6], "texture": "#1"},
				"west": {"uv": [6, 5, 6.95, 6], "texture": "#1"},
				"up": {"uv": [6, 5, 6.95, 6], "texture": "#1"},
				"down": {"uv": [6, 5, 6.95, 6], "texture": "#1"}
			}
		},
		{
			"from": [3.65, 17, 7.9],
			"to": [12.4, 17.2, 8.1],
			"faces": {
				"north": {"uv": [6, 5, 6.95, 6], "texture": "#1"},
				"east": {"uv": [6, 5, 6.95, 6], "texture": "#1"},
				"south": {"uv": [6, 5, 6.95, 6], "texture": "#1"},
				"west": {"uv": [6, 5, 6.95, 6], "texture": "#1"},
				"up": {"uv": [6, 5, 6.95, 6], "texture": "#1"},
				"down": {"uv": [6, 5, 6.95, 6], "texture": "#1"}
			}
		},
		{
			"from": [4.65, 19, 7.9],
			"to": [11.4, 19.2, 8.1],
			"faces": {
				"north": {"uv": [6, 5, 6.95, 6], "texture": "#1"},
				"east": {"uv": [6, 5, 6.95, 6], "texture": "#1"},
				"south": {"uv": [6, 5, 6.95, 6], "texture": "#1"},
				"west": {"uv": [6, 5, 6.95, 6], "texture": "#1"},
				"up": {"uv": [6, 5, 6.95, 6], "texture": "#1"},
				"down": {"uv": [6, 5, 6.95, 6], "texture": "#1"}
			}
		},
		{
			"from": [5.15, 20, 7.9],
			"to": [10.4, 20.2, 8.1],
			"faces": {
				"north": {"uv": [6, 5, 6.95, 6], "texture": "#1"},
				"east": {"uv": [6, 5, 6.95, 6], "texture": "#1"},
				"south": {"uv": [6, 5, 6.95, 6], "texture": "#1"},
				"west": {"uv": [6, 5, 6.95, 6], "texture": "#1"},
				"up": {"uv": [6, 5, 6.95, 6], "texture": "#1"},
				"down": {"uv": [6, 5, 6.95, 6], "texture": "#1"}
			}
		},
		{
			"from": [3.65, 18, 7.9],
			"to": [12.4, 18.2, 8.1],
			"faces": {
				"north": {"uv": [6, 5, 6.95, 6], "texture": "#1"},
				"east": {"uv": [6, 5, 6.95, 6], "texture": "#1"},
				"south": {"uv": [6, 5, 6.95, 6], "texture": "#1"},
				"west": {"uv": [6, 5, 6.95, 6], "texture": "#1"},
				"up": {"uv": [6, 5, 6.95, 6], "texture": "#1"},
				"down": {"uv": [6, 5, 6.95, 6], "texture": "#1"}
			}
		},
		{
			"from": [3.65, 15, 7.9],
			"to": [12.4, 15.2, 8.1],
			"faces": {
				"north": {"uv": [6, 5, 6.95, 6], "texture": "#1"},
				"east": {"uv": [6, 5, 6.95, 6], "texture": "#1"},
				"south": {"uv": [6, 5, 6.95, 6], "texture": "#1"},
				"west": {"uv": [6, 5, 6.95, 6], "texture": "#1"},
				"up": {"uv": [6, 5, 6.95, 6], "texture": "#1"},
				"down": {"uv": [6, 5, 6.95, 6], "texture": "#1"}
			}
		},
		{
			"from": [12.15, 14.95, 7.85],
			"to": [12.25, 15.25, 8.15],
			"faces": {
				"north": {"uv": [0, 0.75, 0.6, 0.3], "texture": "#0"},
				"east": {"uv": [0, 0.75, 0.6, 0.3], "texture": "#0"},
				"south": {"uv": [0, 0.75, 0.6, 0.3], "texture": "#0"},
				"west": {"uv": [0, 0.75, 0.6, 0.3], "texture": "#0"},
				"up": {"uv": [0, 0.75, 0.6, 0.3], "texture": "#0"},
				"down": {"uv": [0, 0.75, 0.6, 0.3], "texture": "#0"}
			}
		},
		{
			"from": [12.15, 13.95, 7.85],
			"to": [12.25, 14.25, 8.15],
			"faces": {
				"north": {"uv": [0, 0.75, 0.6, 0.3], "texture": "#0"},
				"east": {"uv": [0, 0.75, 0.6, 0.3], "texture": "#0"},
				"south": {"uv": [0, 0.75, 0.6, 0.3], "texture": "#0"},
				"west": {"uv": [0, 0.75, 0.6, 0.3], "texture": "#0"},
				"up": {"uv": [0, 0.75, 0.6, 0.3], "texture": "#0"},
				"down": {"uv": [0, 0.75, 0.6, 0.3], "texture": "#0"}
			}
		},
		{
			"from": [11.15, 18.95, 7.85],
			"to": [11.25, 19.25, 8.15],
			"faces": {
				"north": {"uv": [0, 0.75, 0.6, 0.3], "texture": "#0"},
				"east": {"uv": [0, 0.75, 0.6, 0.3], "texture": "#0"},
				"south": {"uv": [0, 0.75, 0.6, 0.3], "texture": "#0"},
				"west": {"uv": [0, 0.75, 0.6, 0.3], "texture": "#0"},
				"up": {"uv": [0, 0.75, 0.6, 0.3], "texture": "#0"},
				"down": {"uv": [0, 0.75, 0.6, 0.3], "texture": "#0"}
			}
		},
		{
			"from": [11.15, 12.95, 7.85],
			"to": [11.25, 13.25, 8.15],
			"faces": {
				"north": {"uv": [0, 0.75, 0.6, 0.3], "texture": "#0"},
				"east": {"uv": [0, 0.75, 0.6, 0.3], "texture": "#0"},
				"south": {"uv": [0, 0.75, 0.6, 0.3], "texture": "#0"},
				"west": {"uv": [0, 0.75, 0.6, 0.3], "texture": "#0"},
				"up": {"uv": [0, 0.75, 0.6, 0.3], "texture": "#0"},
				"down": {"uv": [0, 0.75, 0.6, 0.3], "texture": "#0"}
			}
		},
		{
			"from": [12.15, 15.95, 7.85],
			"to": [12.25, 16.25, 8.15],
			"faces": {
				"north": {"uv": [0, 0.75, 0.6, 0.3], "texture": "#0"},
				"east": {"uv": [0, 0.75, 0.6, 0.3], "texture": "#0"},
				"south": {"uv": [0, 0.75, 0.6, 0.3], "texture": "#0"},
				"west": {"uv": [0, 0.75, 0.6, 0.3], "texture": "#0"},
				"up": {"uv": [0, 0.75, 0.6, 0.3], "texture": "#0"},
				"down": {"uv": [0, 0.75, 0.6, 0.3], "texture": "#0"}
			}
		},
		{
			"from": [12.15, 16.95, 7.85],
			"to": [12.25, 17.25, 8.15],
			"faces": {
				"north": {"uv": [0, 0.75, 0.6, 0.3], "texture": "#0"},
				"east": {"uv": [0, 0.75, 0.6, 0.3], "texture": "#0"},
				"south": {"uv": [0, 0.75, 0.6, 0.3], "texture": "#0"},
				"west": {"uv": [0, 0.75, 0.6, 0.3], "texture": "#0"},
				"up": {"uv": [0, 0.75, 0.6, 0.3], "texture": "#0"},
				"down": {"uv": [0, 0.75, 0.6, 0.3], "texture": "#0"}
			}
		},
		{
			"from": [12.15, 17.95, 7.85],
			"to": [12.25, 18.25, 8.15],
			"faces": {
				"north": {"uv": [0, 0.75, 0.6, 0.3], "texture": "#0"},
				"east": {"uv": [0, 0.75, 0.6, 0.3], "texture": "#0"},
				"south": {"uv": [0, 0.75, 0.6, 0.3], "texture": "#0"},
				"west": {"uv": [0, 0.75, 0.6, 0.3], "texture": "#0"},
				"up": {"uv": [0, 0.75, 0.6, 0.3], "texture": "#0"},
				"down": {"uv": [0, 0.75, 0.6, 0.3], "texture": "#0"}
			}
		},
		{
			"from": [3.75, 17.95, 7.85],
			"to": [3.85, 18.25, 8.15],
			"faces": {
				"north": {"uv": [0, 0.75, 0.6, 0.3], "texture": "#0"},
				"east": {"uv": [0, 0.75, 0.6, 0.3], "texture": "#0"},
				"south": {"uv": [0, 0.75, 0.6, 0.3], "texture": "#0"},
				"west": {"uv": [0, 0.75, 0.6, 0.3], "texture": "#0"},
				"up": {"uv": [0, 0.75, 0.6, 0.3], "texture": "#0"},
				"down": {"uv": [0, 0.75, 0.6, 0.3], "texture": "#0"}
			}
		},
		{
			"from": [4.75, 18.95, 7.85],
			"to": [4.85, 19.25, 8.15],
			"faces": {
				"north": {"uv": [0, 0.75, 0.6, 0.3], "texture": "#0"},
				"east": {"uv": [0, 0.75, 0.6, 0.3], "texture": "#0"},
				"south": {"uv": [0, 0.75, 0.6, 0.3], "texture": "#0"},
				"west": {"uv": [0, 0.75, 0.6, 0.3], "texture": "#0"},
				"up": {"uv": [0, 0.75, 0.6, 0.3], "texture": "#0"},
				"down": {"uv": [0, 0.75, 0.6, 0.3], "texture": "#0"}
			}
		},
		{
			"from": [4.75, 12.95, 7.85],
			"to": [4.85, 13.25, 8.15],
			"faces": {
				"north": {"uv": [0, 0.75, 0.6, 0.3], "texture": "#0"},
				"east": {"uv": [0, 0.75, 0.6, 0.3], "texture": "#0"},
				"south": {"uv": [0, 0.75, 0.6, 0.3], "texture": "#0"},
				"west": {"uv": [0, 0.75, 0.6, 0.3], "texture": "#0"},
				"up": {"uv": [0, 0.75, 0.6, 0.3], "texture": "#0"},
				"down": {"uv": [0, 0.75, 0.6, 0.3], "texture": "#0"}
			}
		},
		{
			"from": [9.35, 20.9, 7.85],
			"to": [9.65, 21, 8.15],
			"faces": {
				"north": {"uv": [0, 0.75, 0.6, 0.3], "texture": "#0"},
				"east": {"uv": [0, 0.75, 0.6, 0.3], "texture": "#0"},
				"south": {"uv": [0, 0.75, 0.6, 0.3], "texture": "#0"},
				"west": {"uv": [0, 0.75, 0.6, 0.3], "texture": "#0"},
				"up": {"uv": [0, 0.75, 0.6, 0.3], "texture": "#0"},
				"down": {"uv": [0, 0.75, 0.6, 0.3], "texture": "#0"}
			}
		},
		{
			"from": [11.6, 18.9, 7.85],
			"to": [11.9, 19, 8.15],
			"faces": {
				"north": {"uv": [0, 0.75, 0.6, 0.3], "texture": "#0"},
				"east": {"uv": [0, 0.75, 0.6, 0.3], "texture": "#0"},
				"south": {"uv": [0, 0.75, 0.6, 0.3], "texture": "#0"},
				"west": {"uv": [0, 0.75, 0.6, 0.3], "texture": "#0"},
				"up": {"uv": [0, 0.75, 0.6, 0.3], "texture": "#0"},
				"down": {"uv": [0, 0.75, 0.6, 0.3], "texture": "#0"}
			}
		},
		{
			"from": [10.85, 19.4, 7.85],
			"to": [11.15, 19.5, 8.15],
			"faces": {
				"north": {"uv": [0, 0.75, 0.6, 0.3], "texture": "#0"},
				"east": {"uv": [0, 0.75, 0.6, 0.3], "texture": "#0"},
				"south": {"uv": [0, 0.75, 0.6, 0.3], "texture": "#0"},
				"west": {"uv": [0, 0.75, 0.6, 0.3], "texture": "#0"},
				"up": {"uv": [0, 0.75, 0.6, 0.3], "texture": "#0"},
				"down": {"uv": [0, 0.75, 0.6, 0.3], "texture": "#0"}
			}
		},
		{
			"from": [11.6, 13.25, 7.85],
			"to": [11.9, 13.35, 8.15],
			"faces": {
				"north": {"uv": [0, 0.75, 0.6, 0.3], "texture": "#0"},
				"east": {"uv": [0, 0.75, 0.6, 0.3], "texture": "#0"},
				"south": {"uv": [0, 0.75, 0.6, 0.3], "texture": "#0"},
				"west": {"uv": [0, 0.75, 0.6, 0.3], "texture": "#0"},
				"up": {"uv": [0, 0.75, 0.6, 0.3], "texture": "#0"},
				"down": {"uv": [0, 0.75, 0.6, 0.3], "texture": "#0"}
			}
		},
		{
			"from": [4.1, 13.25, 7.85],
			"to": [4.4, 13.35, 8.15],
			"faces": {
				"north": {"uv": [0, 0.75, 0.6, 0.3], "texture": "#0"},
				"east": {"uv": [0, 0.75, 0.6, 0.3], "texture": "#0"},
				"south": {"uv": [0, 0.75, 0.6, 0.3], "texture": "#0"},
				"west": {"uv": [0, 0.75, 0.6, 0.3], "texture": "#0"},
				"up": {"uv": [0, 0.75, 0.6, 0.3], "texture": "#0"},
				"down": {"uv": [0, 0.75, 0.6, 0.3], "texture": "#0"}
			}
		},
		{
			"from": [10.85, 12.5, 7.85],
			"to": [11.15, 12.6, 8.15],
			"faces": {
				"north": {"uv": [0, 0.75, 0.6, 0.3], "texture": "#0"},
				"east": {"uv": [0, 0.75, 0.6, 0.3], "texture": "#0"},
				"south": {"uv": [0, 0.75, 0.6, 0.3], "texture": "#0"},
				"west": {"uv": [0, 0.75, 0.6, 0.3], "texture": "#0"},
				"up": {"uv": [0, 0.75, 0.6, 0.3], "texture": "#0"},
				"down": {"uv": [0, 0.75, 0.6, 0.3], "texture": "#0"}
			}
		},
		{
			"from": [4.85, 12.5, 7.85],
			"to": [5.15, 12.6, 8.15],
			"faces": {
				"north": {"uv": [0, 0.75, 0.6, 0.3], "texture": "#0"},
				"east": {"uv": [0, 0.75, 0.6, 0.3], "texture": "#0"},
				"south": {"uv": [0, 0.75, 0.6, 0.3], "texture": "#0"},
				"west": {"uv": [0, 0.75, 0.6, 0.3], "texture": "#0"},
				"up": {"uv": [0, 0.75, 0.6, 0.3], "texture": "#0"},
				"down": {"uv": [0, 0.75, 0.6, 0.3], "texture": "#0"}
			}
		},
		{
			"from": [10.1, 11.5, 7.85],
			"to": [10.4, 11.6, 8.15],
			"faces": {
				"north": {"uv": [0, 0.75, 0.6, 0.3], "texture": "#0"},
				"east": {"uv": [0, 0.75, 0.6, 0.3], "texture": "#0"},
				"south": {"uv": [0, 0.75, 0.6, 0.3], "texture": "#0"},
				"west": {"uv": [0, 0.75, 0.6, 0.3], "texture": "#0"},
				"up": {"uv": [0, 0.75, 0.6, 0.3], "texture": "#0"},
				"down": {"uv": [0, 0.75, 0.6, 0.3], "texture": "#0"}
			}
		},
		{
			"from": [9.35, 11.5, 7.85],
			"to": [9.65, 11.6, 8.15],
			"faces": {
				"north": {"uv": [0, 0.75, 0.6, 0.3], "texture": "#0"},
				"east": {"uv": [0, 0.75, 0.6, 0.3], "texture": "#0"},
				"south": {"uv": [0, 0.75, 0.6, 0.3], "texture": "#0"},
				"west": {"uv": [0, 0.75, 0.6, 0.3], "texture": "#0"},
				"up": {"uv": [0, 0.75, 0.6, 0.3], "texture": "#0"},
				"down": {"uv": [0, 0.75, 0.6, 0.3], "texture": "#0"}
			}
		},
		{
			"from": [8.6, 11.5, 7.85],
			"to": [8.9, 11.6, 8.15],
			"faces": {
				"north": {"uv": [0, 0.75, 0.6, 0.3], "texture": "#0"},
				"east": {"uv": [0, 0.75, 0.6, 0.3], "texture": "#0"},
				"south": {"uv": [0, 0.75, 0.6, 0.3], "texture": "#0"},
				"west": {"uv": [0, 0.75, 0.6, 0.3], "texture": "#0"},
				"up": {"uv": [0, 0.75, 0.6, 0.3], "texture": "#0"},
				"down": {"uv": [0, 0.75, 0.6, 0.3], "texture": "#0"}
			}
		},
		{
			"from": [7.85, 11.5, 7.85],
			"to": [8.15, 11.6, 8.15],
			"faces": {
				"north": {"uv": [0, 0.75, 0.6, 0.3], "texture": "#0"},
				"east": {"uv": [0, 0.75, 0.6, 0.3], "texture": "#0"},
				"south": {"uv": [0, 0.75, 0.6, 0.3], "texture": "#0"},
				"west": {"uv": [0, 0.75, 0.6, 0.3], "texture": "#0"},
				"up": {"uv": [0, 0.75, 0.6, 0.3], "texture": "#0"},
				"down": {"uv": [0, 0.75, 0.6, 0.3], "texture": "#0"}
			}
		},
		{
			"from": [7.1, 11.5, 7.85],
			"to": [7.4, 11.6, 8.15],
			"faces": {
				"north": {"uv": [0, 0.75, 0.6, 0.3], "texture": "#0"},
				"east": {"uv": [0, 0.75, 0.6, 0.3], "texture": "#0"},
				"south": {"uv": [0, 0.75, 0.6, 0.3], "texture": "#0"},
				"west": {"uv": [0, 0.75, 0.6, 0.3], "texture": "#0"},
				"up": {"uv": [0, 0.75, 0.6, 0.3], "texture": "#0"},
				"down": {"uv": [0, 0.75, 0.6, 0.3], "texture": "#0"}
			}
		},
		{
			"from": [6.35, 11.5, 7.85],
			"to": [6.65, 11.6, 8.15],
			"faces": {
				"north": {"uv": [0, 0.75, 0.6, 0.3], "texture": "#0"},
				"east": {"uv": [0, 0.75, 0.6, 0.3], "texture": "#0"},
				"south": {"uv": [0, 0.75, 0.6, 0.3], "texture": "#0"},
				"west": {"uv": [0, 0.75, 0.6, 0.3], "texture": "#0"},
				"up": {"uv": [0, 0.75, 0.6, 0.3], "texture": "#0"},
				"down": {"uv": [0, 0.75, 0.6, 0.3], "texture": "#0"}
			}
		},
		{
			"from": [5.6, 11.5, 7.85],
			"to": [5.9, 11.6, 8.15],
			"faces": {
				"north": {"uv": [0, 0.75, 0.6, 0.3], "texture": "#0"},
				"east": {"uv": [0, 0.75, 0.6, 0.3], "texture": "#0"},
				"south": {"uv": [0, 0.75, 0.6, 0.3], "texture": "#0"},
				"west": {"uv": [0, 0.75, 0.6, 0.3], "texture": "#0"},
				"up": {"uv": [0, 0.75, 0.6, 0.3], "texture": "#0"},
				"down": {"uv": [0, 0.75, 0.6, 0.3], "texture": "#0"}
			}
		},
		{
			"from": [10.85, 19.4, 7.85],
			"to": [11.15, 19.5, 8.15],
			"faces": {
				"north": {"uv": [0, 0.75, 0.6, 0.3], "texture": "#0"},
				"east": {"uv": [0, 0.75, 0.6, 0.3], "texture": "#0"},
				"south": {"uv": [0, 0.75, 0.6, 0.3], "texture": "#0"},
				"west": {"uv": [0, 0.75, 0.6, 0.3], "texture": "#0"},
				"up": {"uv": [0, 0.75, 0.6, 0.3], "texture": "#0"},
				"down": {"uv": [0, 0.75, 0.6, 0.3], "texture": "#0"}
			}
		},
		{
			"from": [10.1, 20.4, 7.85],
			"to": [10.4, 20.5, 8.15],
			"faces": {
				"north": {"uv": [0, 0.75, 0.6, 0.3], "texture": "#0"},
				"east": {"uv": [0, 0.75, 0.6, 0.3], "texture": "#0"},
				"south": {"uv": [0, 0.75, 0.6, 0.3], "texture": "#0"},
				"west": {"uv": [0, 0.75, 0.6, 0.3], "texture": "#0"},
				"up": {"uv": [0, 0.75, 0.6, 0.3], "texture": "#0"},
				"down": {"uv": [0, 0.75, 0.6, 0.3], "texture": "#0"}
			}
		},
		{
			"from": [4.85, 19.4, 7.85],
			"to": [5.15, 19.5, 8.15],
			"faces": {
				"north": {"uv": [0, 0.75, 0.6, 0.3], "texture": "#0"},
				"east": {"uv": [0, 0.75, 0.6, 0.3], "texture": "#0"},
				"south": {"uv": [0, 0.75, 0.6, 0.3], "texture": "#0"},
				"west": {"uv": [0, 0.75, 0.6, 0.3], "texture": "#0"},
				"up": {"uv": [0, 0.75, 0.6, 0.3], "texture": "#0"},
				"down": {"uv": [0, 0.75, 0.6, 0.3], "texture": "#0"}
			}
		},
		{
			"from": [4.1, 18.9, 7.85],
			"to": [4.4, 19, 8.15],
			"faces": {
				"north": {"uv": [0, 0.75, 0.6, 0.3], "texture": "#0"},
				"east": {"uv": [0, 0.75, 0.6, 0.3], "texture": "#0"},
				"south": {"uv": [0, 0.75, 0.6, 0.3], "texture": "#0"},
				"west": {"uv": [0, 0.75, 0.6, 0.3], "texture": "#0"},
				"up": {"uv": [0, 0.75, 0.6, 0.3], "texture": "#0"},
				"down": {"uv": [0, 0.75, 0.6, 0.3], "texture": "#0"}
			}
		},
		{
			"from": [5.6, 20.4, 7.85],
			"to": [5.9, 20.5, 8.15],
			"faces": {
				"north": {"uv": [0, 0.75, 0.6, 0.3], "texture": "#0"},
				"east": {"uv": [0, 0.75, 0.6, 0.3], "texture": "#0"},
				"south": {"uv": [0, 0.75, 0.6, 0.3], "texture": "#0"},
				"west": {"uv": [0, 0.75, 0.6, 0.3], "texture": "#0"},
				"up": {"uv": [0, 0.75, 0.6, 0.3], "texture": "#0"},
				"down": {"uv": [0, 0.75, 0.6, 0.3], "texture": "#0"}
			}
		},
		{
			"from": [6.35, 20.9, 7.85],
			"to": [6.65, 21, 8.15],
			"faces": {
				"north": {"uv": [0, 0.75, 0.6, 0.3], "texture": "#0"},
				"east": {"uv": [0, 0.75, 0.6, 0.3], "texture": "#0"},
				"south": {"uv": [0, 0.75, 0.6, 0.3], "texture": "#0"},
				"west": {"uv": [0, 0.75, 0.6, 0.3], "texture": "#0"},
				"up": {"uv": [0, 0.75, 0.6, 0.3], "texture": "#0"},
				"down": {"uv": [0, 0.75, 0.6, 0.3], "texture": "#0"}
			}
		},
		{
			"from": [8.6, 21.4, 7.85],
			"to": [8.9, 21.5, 8.15],
			"faces": {
				"north": {"uv": [0, 0.75, 0.6, 0.3], "texture": "#0"},
				"east": {"uv": [0, 0.75, 0.6, 0.3], "texture": "#0"},
				"south": {"uv": [0, 0.75, 0.6, 0.3], "texture": "#0"},
				"west": {"uv": [0, 0.75, 0.6, 0.3], "texture": "#0"},
				"up": {"uv": [0, 0.75, 0.6, 0.3], "texture": "#0"},
				"down": {"uv": [0, 0.75, 0.6, 0.3], "texture": "#0"}
			}
		},
		{
			"from": [7.85, 21.4, 7.85],
			"to": [8.15, 21.5, 8.15],
			"faces": {
				"north": {"uv": [0, 0.75, 0.6, 0.3], "texture": "#0"},
				"east": {"uv": [0, 0.75, 0.6, 0.3], "texture": "#0"},
				"south": {"uv": [0, 0.75, 0.6, 0.3], "texture": "#0"},
				"west": {"uv": [0, 0.75, 0.6, 0.3], "texture": "#0"},
				"up": {"uv": [0, 0.75, 0.6, 0.3], "texture": "#0"},
				"down": {"uv": [0, 0.75, 0.6, 0.3], "texture": "#0"}
			}
		},
		{
			"from": [7.1, 21.4, 7.85],
			"to": [7.4, 21.5, 8.15],
			"faces": {
				"north": {"uv": [0, 0.75, 0.6, 0.3], "texture": "#0"},
				"east": {"uv": [0, 0.75, 0.6, 0.3], "texture": "#0"},
				"south": {"uv": [0, 0.75, 0.6, 0.3], "texture": "#0"},
				"west": {"uv": [0, 0.75, 0.6, 0.3], "texture": "#0"},
				"up": {"uv": [0, 0.75, 0.6, 0.3], "texture": "#0"},
				"down": {"uv": [0, 0.75, 0.6, 0.3], "texture": "#0"}
			}
		},
		{
			"from": [3.75, 16.95, 7.85],
			"to": [3.85, 17.25, 8.15],
			"faces": {
				"north": {"uv": [0, 0.75, 0.6, 0.3], "texture": "#0"},
				"east": {"uv": [0, 0.75, 0.6, 0.3], "texture": "#0"},
				"south": {"uv": [0, 0.75, 0.6, 0.3], "texture": "#0"},
				"west": {"uv": [0, 0.75, 0.6, 0.3], "texture": "#0"},
				"up": {"uv": [0, 0.75, 0.6, 0.3], "texture": "#0"},
				"down": {"uv": [0, 0.75, 0.6, 0.3], "texture": "#0"}
			}
		},
		{
			"from": [3.75, 15.95, 7.85],
			"to": [3.85, 16.25, 8.15],
			"faces": {
				"north": {"uv": [0, 0.75, 0.6, 0.3], "texture": "#0"},
				"east": {"uv": [0, 0.75, 0.6, 0.3], "texture": "#0"},
				"south": {"uv": [0, 0.75, 0.6, 0.3], "texture": "#0"},
				"west": {"uv": [0, 0.75, 0.6, 0.3], "texture": "#0"},
				"up": {"uv": [0, 0.75, 0.6, 0.3], "texture": "#0"},
				"down": {"uv": [0, 0.75, 0.6, 0.3], "texture": "#0"}
			}
		},
		{
			"from": [3.75, 14.95, 7.85],
			"to": [3.85, 15.25, 8.15],
			"faces": {
				"north": {"uv": [0, 0.75, 0.6, 0.3], "texture": "#0"},
				"east": {"uv": [0, 0.75, 0.6, 0.3], "texture": "#0"},
				"south": {"uv": [0, 0.75, 0.6, 0.3], "texture": "#0"},
				"west": {"uv": [0, 0.75, 0.6, 0.3], "texture": "#0"},
				"up": {"uv": [0, 0.75, 0.6, 0.3], "texture": "#0"},
				"down": {"uv": [0, 0.75, 0.6, 0.3], "texture": "#0"}
			}
		},
		{
			"from": [3.75, 13.95, 7.85],
			"to": [3.85, 14.25, 8.15],
			"faces": {
				"north": {"uv": [0, 0.75, 0.6, 0.3], "texture": "#0"},
				"east": {"uv": [0, 0.75, 0.6, 0.3], "texture": "#0"},
				"south": {"uv": [0, 0.75, 0.6, 0.3], "texture": "#0"},
				"west": {"uv": [0, 0.75, 0.6, 0.3], "texture": "#0"},
				"up": {"uv": [0, 0.75, 0.6, 0.3], "texture": "#0"},
				"down": {"uv": [0, 0.75, 0.6, 0.3], "texture": "#0"}
			}
		},
		{
			"from": [4.15, 13, 7.9],
			"to": [11.9, 13.2, 8.1],
			"faces": {
				"north": {"uv": [6, 5, 6.95, 6], "texture": "#1"},
				"east": {"uv": [6, 5, 6.95, 6], "texture": "#1"},
				"south": {"uv": [6, 5, 6.95, 6], "texture": "#1"},
				"west": {"uv": [6, 5, 6.95, 6], "texture": "#1"},
				"up": {"uv": [6, 5, 6.95, 6], "texture": "#1"},
				"down": {"uv": [6, 5, 6.95, 6], "texture": "#1"}
			}
		},
		{
			"from": [3.65, 14, 7.9],
			"to": [12.4, 14.2, 8.1],
			"faces": {
				"north": {"uv": [6, 5, 6.95, 6], "texture": "#1"},
				"east": {"uv": [6, 5, 6.95, 6], "texture": "#1"},
				"south": {"uv": [6, 5, 6.95, 6], "texture": "#1"},
				"west": {"uv": [6, 5, 6.95, 6], "texture": "#1"},
				"up": {"uv": [6, 5, 6.95, 6], "texture": "#1"},
				"down": {"uv": [6, 5, 6.95, 6], "texture": "#1"}
			}
		},
		{
			"from": [7.9, 11.5, 7.9],
			"to": [8.1, 21.5, 8.1],
			"faces": {
				"north": {"uv": [6, 5, 6.95, 6], "texture": "#1"},
				"east": {"uv": [6, 5, 6.95, 6], "texture": "#1"},
				"south": {"uv": [6, 5, 6.95, 6], "texture": "#1"},
				"west": {"uv": [6, 5, 6.95, 6], "texture": "#1"},
				"up": {"uv": [6, 5, 6.95, 6], "texture": "#1"},
				"down": {"uv": [6, 5, 6.95, 6], "texture": "#1"}
			}
		},
		{
			"from": [8.65, 11.5, 7.9],
			"to": [8.85, 21.5, 8.1],
			"faces": {
				"north": {"uv": [6, 5, 6.95, 6], "texture": "#1"},
				"east": {"uv": [6, 5, 6.95, 6], "texture": "#1"},
				"south": {"uv": [6, 5, 6.95, 6], "texture": "#1"},
				"west": {"uv": [6, 5, 6.95, 6], "texture": "#1"},
				"up": {"uv": [6, 5, 6.95, 6], "texture": "#1"},
				"down": {"uv": [6, 5, 6.95, 6], "texture": "#1"}
			}
		},
		{
			"from": [7.15, 11.5, 7.9],
			"to": [7.35, 21.5, 8.1],
			"faces": {
				"north": {"uv": [6, 5, 6.95, 6], "texture": "#1"},
				"east": {"uv": [6, 5, 6.95, 6], "texture": "#1"},
				"south": {"uv": [6, 5, 6.95, 6], "texture": "#1"},
				"west": {"uv": [6, 5, 6.95, 6], "texture": "#1"},
				"up": {"uv": [6, 5, 6.95, 6], "texture": "#1"},
				"down": {"uv": [6, 5, 6.95, 6], "texture": "#1"}
			}
		},
		{
			"from": [9.4, 11.5, 7.9],
			"to": [9.6, 21.25, 8.1],
			"faces": {
				"north": {"uv": [6, 5, 6.95, 6], "texture": "#1"},
				"east": {"uv": [6, 5, 6.95, 6], "texture": "#1"},
				"south": {"uv": [6, 5, 6.95, 6], "texture": "#1"},
				"west": {"uv": [6, 5, 6.95, 6], "texture": "#1"},
				"up": {"uv": [6, 5, 6.95, 6], "texture": "#1"},
				"down": {"uv": [6, 5, 6.95, 6], "texture": "#1"}
			}
		},
		{
			"from": [10.15, 11.5, 7.9],
			"to": [10.35, 20.5, 8.1],
			"faces": {
				"north": {"uv": [6, 5, 6.95, 6], "texture": "#1"},
				"east": {"uv": [6, 5, 6.95, 6], "texture": "#1"},
				"south": {"uv": [6, 5, 6.95, 6], "texture": "#1"},
				"west": {"uv": [6, 5, 6.95, 6], "texture": "#1"},
				"up": {"uv": [6, 5, 6.95, 6], "texture": "#1"},
				"down": {"uv": [6, 5, 6.95, 6], "texture": "#1"}
			}
		},
		{
			"from": [10.9, 12.5, 7.9],
			"to": [11.1, 19.5, 8.1],
			"faces": {
				"north": {"uv": [6, 5, 6.95, 6], "texture": "#1"},
				"east": {"uv": [6, 5, 6.95, 6], "texture": "#1"},
				"south": {"uv": [6, 5, 6.95, 6], "texture": "#1"},
				"west": {"uv": [6, 5, 6.95, 6], "texture": "#1"},
				"up": {"uv": [6, 5, 6.95, 6], "texture": "#1"},
				"down": {"uv": [6, 5, 6.95, 6], "texture": "#1"}
			}
		},
		{
			"from": [11.65, 13, 7.9],
			"to": [11.85, 19, 8.1],
			"faces": {
				"north": {"uv": [6, 5, 6.95, 6], "texture": "#1"},
				"east": {"uv": [6, 5, 6.95, 6], "texture": "#1"},
				"south": {"uv": [6, 5, 6.95, 6], "texture": "#1"},
				"west": {"uv": [6, 5, 6.95, 6], "texture": "#1"},
				"up": {"uv": [6, 5, 6.95, 6], "texture": "#1"},
				"down": {"uv": [6, 5, 6.95, 6], "texture": "#1"}
			}
		},
		{
			"from": [6.4, 11.5, 7.9],
			"to": [6.6, 21.25, 8.1],
			"faces": {
				"north": {"uv": [6, 5, 6.95, 6], "texture": "#1"},
				"east": {"uv": [6, 5, 6.95, 6], "texture": "#1"},
				"south": {"uv": [6, 5, 6.95, 6], "texture": "#1"},
				"west": {"uv": [6, 5, 6.95, 6], "texture": "#1"},
				"up": {"uv": [6, 5, 6.95, 6], "texture": "#1"},
				"down": {"uv": [6, 5, 6.95, 6], "texture": "#1"}
			}
		},
		{
			"from": [5.65, 11.5, 7.9],
			"to": [5.85, 20.5, 8.1],
			"faces": {
				"north": {"uv": [6, 5, 6.95, 6], "texture": "#1"},
				"east": {"uv": [6, 5, 6.95, 6], "texture": "#1"},
				"south": {"uv": [6, 5, 6.95, 6], "texture": "#1"},
				"west": {"uv": [6, 5, 6.95, 6], "texture": "#1"},
				"up": {"uv": [6, 5, 6.95, 6], "texture": "#1"},
				"down": {"uv": [6, 5, 6.95, 6], "texture": "#1"}
			}
		},
		{
			"from": [4.9, 12.5, 7.9],
			"to": [5.1, 19.5, 8.1],
			"faces": {
				"north": {"uv": [6, 5, 6.95, 6], "texture": "#1"},
				"east": {"uv": [6, 5, 6.95, 6], "texture": "#1"},
				"south": {"uv": [6, 5, 6.95, 6], "texture": "#1"},
				"west": {"uv": [6, 5, 6.95, 6], "texture": "#1"},
				"up": {"uv": [6, 5, 6.95, 6], "texture": "#1"},
				"down": {"uv": [6, 5, 6.95, 6], "texture": "#1"}
			}
		},
		{
			"from": [4.15, 13, 7.9],
			"to": [4.35, 19, 8.1],
			"faces": {
				"north": {"uv": [6, 5, 6.95, 6], "texture": "#1"},
				"east": {"uv": [6, 5, 6.95, 6], "texture": "#1"},
				"south": {"uv": [6, 5, 6.95, 6], "texture": "#1"},
				"west": {"uv": [6, 5, 6.95, 6], "texture": "#1"},
				"up": {"uv": [6, 5, 6.95, 6], "texture": "#1"},
				"down": {"uv": [6, 5, 6.95, 6], "texture": "#1"}
			}
		},
		{
			"from": [3.75, 18.25, 7.5],
			"to": [4.25, 19.5, 8.5],
			"faces": {
				"north": {"uv": [1.25, 11, 1.75, 11.75], "texture": "#3"},
				"east": {"uv": [1.25, 11, 1.75, 11.75], "texture": "#3"},
				"south": {"uv": [1.25, 11, 1.75, 11.75], "texture": "#3"},
				"west": {"uv": [1.25, 11, 1.75, 11.75], "texture": "#3"},
				"up": {"uv": [1.25, 11, 1.75, 11.75], "texture": "#3"},
				"down": {"uv": [1.25, 11, 1.75, 11.75], "texture": "#3"}
			}
		},
		{
			"from": [4.25, 19, 7.5],
			"to": [4.75, 19.5, 8.5],
			"faces": {
				"north": {"uv": [1.25, 11, 1.75, 11.75], "texture": "#3"},
				"east": {"uv": [1.25, 11, 1.75, 11.75], "texture": "#3"},
				"south": {"uv": [1.25, 11, 1.75, 11.75], "texture": "#3"},
				"west": {"uv": [1.25, 11, 1.75, 11.75], "texture": "#3"},
				"up": {"uv": [1.25, 11, 1.75, 11.75], "texture": "#3"},
				"down": {"uv": [1.25, 11, 1.75, 11.75], "texture": "#3"}
			}
		},
		{
			"from": [4.25, 19.5, 7.5],
			"to": [5.25, 20, 8.5],
			"faces": {
				"north": {"uv": [1.25, 11, 1.75, 11.75], "texture": "#3"},
				"east": {"uv": [1.25, 11, 1.75, 11.75], "texture": "#3"},
				"south": {"uv": [1.25, 11, 1.75, 11.75], "texture": "#3"},
				"west": {"uv": [1.25, 11, 1.75, 11.75], "texture": "#3"},
				"up": {"uv": [1.25, 11, 1.75, 11.75], "texture": "#3"},
				"down": {"uv": [1.25, 11, 1.75, 11.75], "texture": "#3"}
			}
		},
		{
			"from": [4.75, 20, 7.5],
			"to": [5.75, 20.5, 8.5],
			"faces": {
				"north": {"uv": [1.25, 11, 1.75, 11.75], "texture": "#3"},
				"east": {"uv": [1.25, 11, 1.75, 11.75], "texture": "#3"},
				"south": {"uv": [1.25, 11, 1.75, 11.75], "texture": "#3"},
				"west": {"uv": [1.25, 11, 1.75, 11.75], "texture": "#3"},
				"up": {"uv": [1.25, 11, 1.75, 11.75], "texture": "#3"},
				"down": {"uv": [1.25, 11, 1.75, 11.75], "texture": "#3"}
			}
		},
		{
			"from": [5.25, 20.5, 7.5],
			"to": [6.5, 21, 8.5],
			"faces": {
				"north": {"uv": [1.25, 11, 1.75, 11.75], "texture": "#3"},
				"east": {"uv": [1.25, 11, 1.75, 11.75], "texture": "#3"},
				"south": {"uv": [1.25, 11, 1.75, 11.75], "texture": "#3"},
				"west": {"uv": [1.25, 11, 1.75, 11.75], "texture": "#3"},
				"up": {"uv": [1.25, 11, 1.75, 11.75], "texture": "#3"},
				"down": {"uv": [1.25, 11, 1.75, 11.75], "texture": "#3"}
			}
		},
		{
			"from": [6, 21, 7.5],
			"to": [7.25, 21.5, 8.5],
			"faces": {
				"north": {"uv": [1.25, 11, 1.75, 11.75], "texture": "#3"},
				"east": {"uv": [1.25, 11, 1.75, 11.75], "texture": "#3"},
				"south": {"uv": [1.25, 11, 1.75, 11.75], "texture": "#3"},
				"west": {"uv": [1.25, 11, 1.75, 11.75], "texture": "#3"},
				"up": {"uv": [1.25, 11, 1.75, 11.75], "texture": "#3"},
				"down": {"uv": [1.25, 11, 1.75, 11.75], "texture": "#3"}
			}
		},
		{
			"from": [6.75, 21.5, 7.5],
			"to": [9.25, 22, 8.5],
			"faces": {
				"north": {"uv": [1.25, 11, 1.75, 11.75], "texture": "#3"},
				"east": {"uv": [1.25, 11, 1.75, 11.75], "texture": "#3"},
				"south": {"uv": [1.25, 11, 1.75, 11.75], "texture": "#3"},
				"west": {"uv": [1.25, 11, 1.75, 11.75], "texture": "#3"},
				"up": {"uv": [1.25, 11, 1.75, 11.75], "texture": "#3"},
				"down": {"uv": [1.25, 11, 1.75, 11.75], "texture": "#3"}
			}
		},
		{
			"from": [6.75, 10, 7.6],
			"to": [7.75, 10.5, 8.4],
			"faces": {
				"north": {"uv": [2.25, 11, 2.75, 11.75], "texture": "#3"},
				"east": {"uv": [2.25, 11, 2.75, 11.75], "texture": "#3"},
				"south": {"uv": [2.25, 11, 2.75, 11.75], "texture": "#3"},
				"west": {"uv": [2.25, 11, 2.75, 11.75], "texture": "#3"},
				"up": {"uv": [2.25, 11, 2.75, 11.75], "texture": "#3"},
				"down": {"uv": [2.25, 11, 2.75, 11.75], "texture": "#3"}
			}
		}
	],
	"display": {
		"thirdperson_righthand": {
			"rotation": [-37, 90, 0],
			"translation": [0, 1.5, -1],
			"scale": [0.8, 0.8, 0.8]
		},
		"thirdperson_lefthand": {
			"rotation": [-37, 90, 0],
			"translation": [0, 1.5, -1],
			"scale": [0.8, 0.8, 0.8]
		},
		"firstperson_righthand": {
			"rotation": [-37, 90, 0],
			"translation": [0, 1.5, -1],
			"scale": [0.8, 0.8, 0.8]
		},
		"firstperson_lefthand": {
			"rotation": [-37, 90, 0],
			"translation": [0, 1.5, -1],
			"scale": [0.8, 0.8, 0.8]
		},
		"ground": {
			"rotation": [90, 0, 0]
		},
		"gui": {
			"rotation": [0, 0, 45],
			"translation": [2.5, -2.75, 0]
		},
		"head": {
			"translation": [0, 14, 0]
		},
		"fixed": {
			"translation": [0, -2.75, -1]
		}
	}
}