{
	"credit": "Made with Blockbench",
	"textures": {
		"0": "item/cit/emerald",
		"1": "item/cit/number",
		"2": "item/cit/stone3",
		"3": "item/cit/amber",
		"4": "item/cit/ongekigarasu",
		"particle": "item/cit/emerald"
	},
	"elements": [
		{
			"from": [3, 0.75, 3],
			"to": [13, 3, 13],
			"faces": {
				"north": {"uv": [1, 7, 1.75, 7.75], "texture": "#0"},
				"east": {"uv": [1, 7, 1.75, 7.75], "texture": "#0"},
				"south": {"uv": [1, 7, 1.75, 7.75], "texture": "#0"},
				"west": {"uv": [1, 7, 1.75, 7.75], "texture": "#0"},
				"up": {"uv": [1, 7, 1.75, 7.75], "texture": "#0"},
				"down": {"uv": [1, 7, 1.75, 7.75], "texture": "#0"}
			}
		},
		{
			"from": [3, 0, 3],
			"to": [13, 0.75, 13],
			"faces": {
				"north": {"uv": [0, 1, 0.75, 1.75], "texture": "#2"},
				"east": {"uv": [0, 1, 0.75, 1.75], "texture": "#2"},
				"south": {"uv": [0, 1, 0.75, 1.75], "texture": "#2"},
				"west": {"uv": [0, 1, 0.75, 1.75], "texture": "#2"},
				"up": {"uv": [0, 1, 0.75, 1.75], "texture": "#2"},
				"down": {"uv": [0, 1, 0.75, 1.75], "texture": "#2"}
			}
		},
		{
			"from": [3, 3, 7.25],
			"to": [13, 6, 13],
			"faces": {
				"north": {"uv": [1, 7, 1.75, 7.75], "texture": "#0"},
				"east": {"uv": [1, 7, 1.75, 7.75], "texture": "#0"},
				"south": {"uv": [1, 7, 1.75, 7.75], "texture": "#0"},
				"west": {"uv": [1, 7, 1.75, 7.75], "texture": "#0"},
				"up": {"uv": [1, 7, 1.75, 7.75], "texture": "#0"},
				"down": {"uv": [1, 7, 1.75, 7.75], "texture": "#0"}
			}
		},
		{
			"from": [3, 6, 10],
			"to": [13, 10.001, 13],
			"faces": {
				"north": {"uv": [1, 7, 1.75, 7.75], "texture": "#0"},
				"east": {"uv": [1, 7, 1.75, 7.75], "texture": "#0"},
				"south": {"uv": [1, 7, 1.75, 7.75], "texture": "#0"},
				"west": {"uv": [1, 7, 1.75, 7.75], "texture": "#0"},
				"up": {"uv": [1, 7, 1.75, 7.75], "texture": "#0"},
				"down": {"uv": [1, 7, 1.75, 7.75], "texture": "#0"}
			}
		},
		{
			"from": [3, 10, 10],
			"to": [13, 10.75, 13],
			"faces": {
				"north": {"uv": [0, 1, 0.75, 1.75], "texture": "#2"},
				"east": {"uv": [0, 1, 0.75, 1.75], "texture": "#2"},
				"south": {"uv": [0, 1, 0.75, 1.75], "texture": "#2"},
				"west": {"uv": [0, 1, 0.75, 1.75], "texture": "#2"},
				"up": {"uv": [0, 1, 0.75, 1.75], "texture": "#2"},
				"down": {"uv": [0, 1, 0.75, 1.75], "texture": "#2"}
			}
		},
		{
			"from": [3, 3.975, 3.405],
			"to": [13, 6.975, 13.305],
			"rotation": {"angle": -45, "axis": "x", "origin": [8, 4.5, 8]},
			"faces": {
				"north": {"uv": [1, 7, 1.75, 7.75], "texture": "#0"},
				"east": {"uv": [1, 7, 1.75, 7.75], "texture": "#0"},
				"south": {"uv": [1, 7, 1.75, 7.75], "texture": "#0"},
				"west": {"uv": [1, 7, 1.75, 7.75], "texture": "#0"},
				"up": {"uv": [1, 7, 1.75, 7.75], "texture": "#0"},
				"down": {"uv": [1, 7, 1.75, 7.75], "texture": "#0"}
			}
		},
		{
			"from": [13.25, 5.725, 10.155],
			"to": [15.25, 6.725, 12.155],
			"rotation": {"angle": -45, "axis": "x", "origin": [8, 4.5, 8]},
			"faces": {
				"north": {"uv": [1, 7, 1.75, 7.75], "texture": "#0"},
				"east": {"uv": [1, 7, 1.75, 7.75], "texture": "#0"},
				"south": {"uv": [1, 7, 1.75, 7.75], "texture": "#0"},
				"west": {"uv": [1, 7, 1.75, 7.75], "texture": "#0"},
				"up": {"uv": [1, 7, 1.75, 7.75], "texture": "#0"},
				"down": {"uv": [1, 7, 1.75, 7.75], "texture": "#0"}
			}
		},
		{
			"from": [13.5, 5.725, 6.155],
			"to": [15, 6.975, 11.155],
			"rotation": {"angle": -45, "axis": "x", "origin": [8, 4.5, 8]},
			"faces": {
				"north": {"uv": [1, 7, 1.75, 7.75], "texture": "#0"},
				"east": {"uv": [1, 7, 1.75, 7.75], "texture": "#0"},
				"south": {"uv": [1, 7, 1.75, 7.75], "texture": "#0"},
				"west": {"uv": [1, 7, 1.75, 7.75], "texture": "#0"},
				"up": {"uv": [1, 7, 1.75, 7.75], "texture": "#0"},
				"down": {"uv": [1, 7, 1.75, 7.75], "texture": "#0"}
			}
		},
		{
			"from": [13, 5.225, 9.155],
			"to": [15.5, 5.725, 9.905],
			"rotation": {"angle": -45, "axis": "x", "origin": [8, 4.5, 8]},
			"faces": {
				"north": {"uv": [0, 5, 0.75, 5.75], "texture": "#2"},
				"east": {"uv": [0, 5, 0.75, 5.75], "texture": "#2"},
				"south": {"uv": [0, 5, 0.75, 5.75], "texture": "#2"},
				"west": {"uv": [0, 5, 0.75, 5.75], "texture": "#2"},
				"up": {"uv": [0, 5, 0.75, 5.75], "texture": "#2"},
				"down": {"uv": [0, 5, 0.75, 5.75], "texture": "#2"}
			}
		},
		{
			"from": [15, 5.725, 9.155],
			"to": [15.4, 5.975, 9.905],
			"rotation": {"angle": -45, "axis": "x", "origin": [8, 4.5, 8]},
			"faces": {
				"north": {"uv": [0, 5, 0.75, 5.75], "texture": "#2"},
				"east": {"uv": [0, 5, 0.75, 5.75], "texture": "#2"},
				"south": {"uv": [0, 5, 0.75, 5.75], "texture": "#2"},
				"west": {"uv": [0, 5, 0.75, 5.75], "texture": "#2"},
				"up": {"uv": [0, 5, 0.75, 5.75], "texture": "#2"},
				"down": {"uv": [0, 5, 0.75, 5.75], "texture": "#2"}
			}
		},
		{
			"from": [15, 5.975, 9.155],
			"to": [15.3, 6.225, 9.905],
			"rotation": {"angle": -45, "axis": "x", "origin": [8, 4.5, 8]},
			"faces": {
				"north": {"uv": [0, 5, 0.75, 5.75], "texture": "#2"},
				"east": {"uv": [0, 5, 0.75, 5.75], "texture": "#2"},
				"south": {"uv": [0, 5, 0.75, 5.75], "texture": "#2"},
				"west": {"uv": [0, 5, 0.75, 5.75], "texture": "#2"},
				"up": {"uv": [0, 5, 0.75, 5.75], "texture": "#2"},
				"down": {"uv": [0, 5, 0.75, 5.75], "texture": "#2"}
			}
		},
		{
			"from": [15, 6.225, 9.155],
			"to": [15.2, 6.475, 9.905],
			"rotation": {"angle": -45, "axis": "x", "origin": [8, 4.5, 8]},
			"faces": {
				"north": {"uv": [0, 5, 0.75, 5.75], "texture": "#2"},
				"east": {"uv": [0, 5, 0.75, 5.75], "texture": "#2"},
				"south": {"uv": [0, 5, 0.75, 5.75], "texture": "#2"},
				"west": {"uv": [0, 5, 0.75, 5.75], "texture": "#2"},
				"up": {"uv": [0, 5, 0.75, 5.75], "texture": "#2"},
				"down": {"uv": [0, 5, 0.75, 5.75], "texture": "#2"}
			}
		},
		{
			"from": [13.3, 6.225, 9.155],
			"to": [13.5, 6.475, 9.905],
			"rotation": {"angle": -45, "axis": "x", "origin": [8, 4.5, 8]},
			"faces": {
				"north": {"uv": [0, 5, 0.75, 5.75], "texture": "#2"},
				"east": {"uv": [0, 5, 0.75, 5.75], "texture": "#2"},
				"south": {"uv": [0, 5, 0.75, 5.75], "texture": "#2"},
				"west": {"uv": [0, 5, 0.75, 5.75], "texture": "#2"},
				"up": {"uv": [0, 5, 0.75, 5.75], "texture": "#2"},
				"down": {"uv": [0, 5, 0.75, 5.75], "texture": "#2"}
			}
		},
		{
			"from": [13.2, 5.975, 9.155],
			"to": [13.5, 6.225, 9.905],
			"rotation": {"angle": -45, "axis": "x", "origin": [8, 4.5, 8]},
			"faces": {
				"north": {"uv": [0, 5, 0.75, 5.75], "texture": "#2"},
				"east": {"uv": [0, 5, 0.75, 5.75], "texture": "#2"},
				"south": {"uv": [0, 5, 0.75, 5.75], "texture": "#2"},
				"west": {"uv": [0, 5, 0.75, 5.75], "texture": "#2"},
				"up": {"uv": [0, 5, 0.75, 5.75], "texture": "#2"},
				"down": {"uv": [0, 5, 0.75, 5.75], "texture": "#2"}
			}
		},
		{
			"from": [13.1, 5.725, 9.155],
			"to": [13.5, 5.975, 9.905],
			"rotation": {"angle": -45, "axis": "x", "origin": [8, 4.5, 8]},
			"faces": {
				"north": {"uv": [0, 5, 0.75, 5.75], "texture": "#2"},
				"east": {"uv": [0, 5, 0.75, 5.75], "texture": "#2"},
				"south": {"uv": [0, 5, 0.75, 5.75], "texture": "#2"},
				"west": {"uv": [0, 5, 0.75, 5.75], "texture": "#2"},
				"up": {"uv": [0, 5, 0.75, 5.75], "texture": "#2"},
				"down": {"uv": [0, 5, 0.75, 5.75], "texture": "#2"}
			}
		},
		{
			"from": [13.25, 5.725, 5.155],
			"to": [15.25, 6.725, 7.155],
			"rotation": {"angle": -45, "axis": "x", "origin": [8, 4.5, 8]},
			"faces": {
				"north": {"uv": [1, 7, 1.75, 7.75], "texture": "#0"},
				"east": {"uv": [1, 7, 1.75, 7.75], "texture": "#0"},
				"south": {"uv": [1, 7, 1.75, 7.75], "texture": "#0"},
				"west": {"uv": [1, 7, 1.75, 7.75], "texture": "#0"},
				"up": {"uv": [1, 7, 1.75, 7.75], "texture": "#0"},
				"down": {"uv": [1, 7, 1.75, 7.75], "texture": "#0"}
			}
		},
		{
			"from": [13.25, 5.225, 11.155],
			"to": [15.25, 6.475, 12.405],
			"rotation": {"angle": -45, "axis": "x", "origin": [8, 4.5, 8]},
			"faces": {
				"north": {"uv": [1, 7, 1.75, 7.75], "texture": "#0"},
				"east": {"uv": [1, 7, 1.75, 7.75], "texture": "#0"},
				"south": {"uv": [1, 7, 1.75, 7.75], "texture": "#0"},
				"west": {"uv": [1, 7, 1.75, 7.75], "texture": "#0"},
				"up": {"uv": [1, 7, 1.75, 7.75], "texture": "#0"},
				"down": {"uv": [1, 7, 1.75, 7.75], "texture": "#0"}
			}
		},
		{
			"from": [13.25, 5.225, 4.905],
			"to": [15.25, 6.475, 6.155],
			"rotation": {"angle": -45, "axis": "x", "origin": [8, 4.5, 8]},
			"faces": {
				"north": {"uv": [1, 7, 1.75, 7.75], "texture": "#0"},
				"east": {"uv": [1, 7, 1.75, 7.75], "texture": "#0"},
				"south": {"uv": [1, 7, 1.75, 7.75], "texture": "#0"},
				"west": {"uv": [1, 7, 1.75, 7.75], "texture": "#0"},
				"up": {"uv": [1, 7, 1.75, 7.75], "texture": "#0"},
				"down": {"uv": [1, 7, 1.75, 7.75], "texture": "#0"}
			}
		},
		{
			"from": [6.5, 6.975, 5.405],
			"to": [7, 7.225, 11.905],
			"rotation": {"angle": -45, "axis": "x", "origin": [8, 4.5, 8]},
			"faces": {
				"north": {"uv": [0, 5, 0.75, 5.75], "texture": "#2"},
				"east": {"uv": [0, 5, 0.75, 5.75], "texture": "#2"},
				"south": {"uv": [0, 5, 0.75, 5.75], "texture": "#2"},
				"west": {"uv": [0, 5, 0.75, 5.75], "texture": "#2"},
				"up": {"uv": [0, 5, 0.75, 5.75], "texture": "#2"},
				"down": {"uv": [0, 5, 0.75, 5.75], "texture": "#2"}
			}
		},
		{
			"from": [8, 6.975, 5.405],
			"to": [8.5, 7.225, 11.905],
			"rotation": {"angle": -45, "axis": "x", "origin": [8, 4.5, 8]},
			"faces": {
				"north": {"uv": [0, 5, 0.75, 5.75], "texture": "#2"},
				"east": {"uv": [0, 5, 0.75, 5.75], "texture": "#2"},
				"south": {"uv": [0, 5, 0.75, 5.75], "texture": "#2"},
				"west": {"uv": [0, 5, 0.75, 5.75], "texture": "#2"},
				"up": {"uv": [0, 5, 0.75, 5.75], "texture": "#2"},
				"down": {"uv": [0, 5, 0.75, 5.75], "texture": "#2"}
			}
		},
		{
			"from": [5.5, 6.975, 11.405],
			"to": [6.5, 7.225, 11.905],
			"rotation": {"angle": -45, "axis": "x", "origin": [8, 4.5, 8]},
			"faces": {
				"north": {"uv": [0, 5, 0.75, 5.75], "texture": "#2"},
				"east": {"uv": [0, 5, 0.75, 5.75], "texture": "#2"},
				"south": {"uv": [0, 5, 0.75, 5.75], "texture": "#2"},
				"west": {"uv": [0, 5, 0.75, 5.75], "texture": "#2"},
				"up": {"uv": [0, 5, 0.75, 5.75], "texture": "#2"},
				"down": {"uv": [0, 5, 0.75, 5.75], "texture": "#2"}
			}
		},
		{
			"from": [4, 6.975, 11.405],
			"to": [5, 7.225, 11.905],
			"rotation": {"angle": -45, "axis": "x", "origin": [8, 4.5, 8]},
			"faces": {
				"north": {"uv": [0, 5, 0.75, 5.75], "texture": "#2"},
				"east": {"uv": [0, 5, 0.75, 5.75], "texture": "#2"},
				"south": {"uv": [0, 5, 0.75, 5.75], "texture": "#2"},
				"west": {"uv": [0, 5, 0.75, 5.75], "texture": "#2"},
				"up": {"uv": [0, 5, 0.75, 5.75], "texture": "#2"},
				"down": {"uv": [0, 5, 0.75, 5.75], "texture": "#2"}
			}
		},
		{
			"from": [7, 6.975, 11.405],
			"to": [8, 7.225, 11.905],
			"rotation": {"angle": -45, "axis": "x", "origin": [8, 4.5, 8]},
			"faces": {
				"north": {"uv": [0, 5, 0.75, 5.75], "texture": "#2"},
				"east": {"uv": [0, 5, 0.75, 5.75], "texture": "#2"},
				"south": {"uv": [0, 5, 0.75, 5.75], "texture": "#2"},
				"west": {"uv": [0, 5, 0.75, 5.75], "texture": "#2"},
				"up": {"uv": [0, 5, 0.75, 5.75], "texture": "#2"},
				"down": {"uv": [0, 5, 0.75, 5.75], "texture": "#2"}
			}
		},
		{
			"from": [7, 6.975, 10.405],
			"to": [8, 7.075, 11.405],
			"rotation": {"angle": -45, "axis": "x", "origin": [8, 4.5, 8]},
			"faces": {
				"north": {"uv": [0, 0, 3, 5], "texture": "#1"},
				"east": {"uv": [0, 0, 3, 5], "texture": "#1"},
				"south": {"uv": [0, 0, 3, 5], "texture": "#1"},
				"west": {"uv": [0, 0, 3, 5], "texture": "#1"},
				"up": {"uv": [0, 0, 3, 5], "texture": "#1"},
				"down": {"uv": [0, 0, 3, 5], "texture": "#1"}
			}
		},
		{
			"from": [5.5, 6.975, 10.405],
			"to": [6.5, 7.075, 11.405],
			"rotation": {"angle": -45, "axis": "x", "origin": [8, 4.5, 8]},
			"faces": {
				"north": {"uv": [2, 0, 7, 5], "texture": "#1"},
				"east": {"uv": [2, 0, 7, 5], "texture": "#1"},
				"south": {"uv": [2, 0, 7, 5], "texture": "#1"},
				"west": {"uv": [2, 0, 7, 5], "texture": "#1"},
				"up": {"uv": [2, 0, 7, 5], "texture": "#1"},
				"down": {"uv": [2, 0, 7, 5], "texture": "#1"}
			}
		},
		{
			"from": [4, 6.975, 10.405],
			"to": [5, 7.075, 11.405],
			"rotation": {"angle": -45, "axis": "x", "origin": [8, 4.5, 8]},
			"faces": {
				"north": {"uv": [6, 0, 11, 5], "rotation": 180, "texture": "#1"},
				"east": {"uv": [6, 0, 11, 5], "rotation": 180, "texture": "#1"},
				"south": {"uv": [6, 0, 11, 5], "rotation": 180, "texture": "#1"},
				"west": {"uv": [6, 0, 11, 5], "rotation": 180, "texture": "#1"},
				"up": {"uv": [6, 0, 11, 5], "rotation": 180, "texture": "#1"},
				"down": {"uv": [6, 0, 11, 5], "rotation": 180, "texture": "#1"}
			}
		},
		{
			"from": [4, 6.975, 8.905],
			"to": [5, 7.075, 9.905],
			"rotation": {"angle": -45, "axis": "x", "origin": [8, 4.5, 8]},
			"faces": {
				"north": {"uv": [0, 5, 0.75, 5.75], "texture": "#2"},
				"east": {"uv": [0, 5, 0.75, 5.75], "texture": "#2"},
				"south": {"uv": [0, 5, 0.75, 5.75], "texture": "#2"},
				"west": {"uv": [0, 5, 0.75, 5.75], "texture": "#2"},
				"up": {"uv": [0, 5, 5, 10], "rotation": 180, "texture": "#1"},
				"down": {"uv": [0, 5, 0.75, 5.75], "texture": "#2"}
			}
		},
		{
			"from": [5.5, 6.975, 8.905],
			"to": [6.5, 7.075, 9.905],
			"rotation": {"angle": -45, "axis": "x", "origin": [8, 4.5, 8]},
			"faces": {
				"north": {"uv": [0, 5, 0.75, 5.75], "texture": "#2"},
				"east": {"uv": [0, 5, 0.75, 5.75], "texture": "#2"},
				"south": {"uv": [0, 5, 0.75, 5.75], "texture": "#2"},
				"west": {"uv": [0, 5, 0.75, 5.75], "texture": "#2"},
				"up": {"uv": [8, 9, 13, 14], "rotation": 180, "texture": "#1"},
				"down": {"uv": [0, 5, 0.75, 5.75], "texture": "#2"}
			}
		},
		{
			"from": [7, 6.975, 8.905],
			"to": [8, 7.075, 9.905],
			"rotation": {"angle": -45, "axis": "x", "origin": [8, 4.5, 8]},
			"faces": {
				"north": {"uv": [0, 5, 0.75, 5.75], "texture": "#2"},
				"east": {"uv": [0, 5, 0.75, 5.75], "texture": "#2"},
				"south": {"uv": [0, 5, 0.75, 5.75], "texture": "#2"},
				"west": {"uv": [0, 5, 0.75, 5.75], "texture": "#2"},
				"up": {"uv": [10, 0, 15, 5], "rotation": 180, "texture": "#1"},
				"down": {"uv": [0, 5, 0.75, 5.75], "texture": "#2"}
			}
		},
		{
			"from": [4, 6.975, 7.405],
			"to": [5, 7.075, 8.405],
			"rotation": {"angle": -45, "axis": "x", "origin": [8, 4.5, 8]},
			"faces": {
				"north": {"uv": [0, 5, 0.75, 5.75], "texture": "#2"},
				"east": {"uv": [0, 5, 0.75, 5.75], "texture": "#2"},
				"south": {"uv": [0, 5, 0.75, 5.75], "texture": "#2"},
				"west": {"uv": [0, 5, 0.75, 5.75], "texture": "#2"},
				"up": {"uv": [0, 5, 5, 10], "texture": "#1"},
				"down": {"uv": [0, 5, 0.75, 5.75], "texture": "#2"}
			}
		},
		{
			"from": [5.5, 6.975, 7.405],
			"to": [6.5, 7.075, 8.405],
			"rotation": {"angle": -45, "axis": "x", "origin": [8, 4.5, 8]},
			"faces": {
				"north": {"uv": [0, 5, 0.75, 5.75], "texture": "#2"},
				"east": {"uv": [0, 5, 0.75, 5.75], "texture": "#2"},
				"south": {"uv": [0, 5, 0.75, 5.75], "texture": "#2"},
				"west": {"uv": [0, 5, 0.75, 5.75], "texture": "#2"},
				"up": {"uv": [8, 5, 13, 10], "rotation": 180, "texture": "#1"},
				"down": {"uv": [0, 5, 0.75, 5.75], "texture": "#2"}
			}
		},
		{
			"from": [7, 6.975, 7.405],
			"to": [8, 7.075, 8.405],
			"rotation": {"angle": -45, "axis": "x", "origin": [8, 4.5, 8]},
			"faces": {
				"north": {"uv": [0, 5, 0.75, 5.75], "texture": "#2"},
				"east": {"uv": [0, 5, 0.75, 5.75], "texture": "#2"},
				"south": {"uv": [0, 5, 0.75, 5.75], "texture": "#2"},
				"west": {"uv": [0, 5, 0.75, 5.75], "texture": "#2"},
				"up": {"uv": [4, 5, 9, 10], "rotation": 180, "texture": "#1"},
				"down": {"uv": [0, 5, 0.75, 5.75], "texture": "#2"}
			}
		},
		{
			"from": [4, 6.975, 5.905],
			"to": [5, 7.075, 6.905],
			"rotation": {"angle": -45, "axis": "x", "origin": [8, 4.5, 8]},
			"faces": {
				"north": {"uv": [0, 5, 0.75, 5.75], "texture": "#2"},
				"east": {"uv": [0, 5, 0.75, 5.75], "texture": "#2"},
				"south": {"uv": [0, 5, 0.75, 5.75], "texture": "#2"},
				"west": {"uv": [0, 5, 0.75, 5.75], "texture": "#2"},
				"up": {"uv": [12, 10, 16, 14], "rotation": 180, "texture": "#1"},
				"down": {"uv": [0, 5, 0.75, 5.75], "texture": "#2"}
			}
		},
		{
			"from": [5.5, 6.975, 5.905],
			"to": [6.5, 7.075, 6.905],
			"rotation": {"angle": -45, "axis": "x", "origin": [8, 4.5, 8]},
			"faces": {
				"north": {"uv": [0, 5, 0.75, 5.75], "texture": "#2"},
				"east": {"uv": [0, 5, 0.75, 5.75], "texture": "#2"},
				"south": {"uv": [0, 5, 0.75, 5.75], "texture": "#2"},
				"west": {"uv": [0, 5, 0.75, 5.75], "texture": "#2"},
				"up": {"uv": [0, 10, 5, 15], "rotation": 180, "texture": "#1"},
				"down": {"uv": [0, 5, 0.75, 5.75], "texture": "#2"}
			}
		},
		{
			"from": [7, 6.975, 5.905],
			"to": [8, 7.075, 6.905],
			"rotation": {"angle": -45, "axis": "x", "origin": [8, 4.5, 8]},
			"faces": {
				"north": {"uv": [0, 5, 0.75, 5.75], "texture": "#2"},
				"east": {"uv": [0, 5, 0.75, 5.75], "texture": "#2"},
				"south": {"uv": [0, 5, 0.75, 5.75], "texture": "#2"},
				"west": {"uv": [0, 5, 0.75, 5.75], "texture": "#2"},
				"up": {"uv": [4, 10, 9, 15], "rotation": 180, "texture": "#1"},
				"down": {"uv": [0, 5, 0.75, 5.75], "texture": "#2"}
			}
		},
		{
			"from": [4, 7.075, 10.405],
			"to": [5, 7.325, 11.405],
			"rotation": {"angle": -45, "axis": "x", "origin": [8, 4.5, 8]},
			"faces": {
				"north": {"uv": [0, 0, 16, 16], "rotation": 180, "texture": "#4"},
				"east": {"uv": [0, 0, 16, 16], "rotation": 180, "texture": "#4"},
				"south": {"uv": [0, 0, 16, 16], "rotation": 180, "texture": "#4"},
				"west": {"uv": [0, 0, 16, 16], "rotation": 180, "texture": "#4"},
				"up": {"uv": [0, 0, 16, 16], "rotation": 180, "texture": "#4"},
				"down": {"uv": [0, 0, 16, 16], "rotation": 180, "texture": "#4"}
			}
		},
		{
			"from": [5.5, 7.075, 10.405],
			"to": [6.5, 7.325, 11.405],
			"rotation": {"angle": -45, "axis": "x", "origin": [8, 4.5, 8]},
			"faces": {
				"north": {"uv": [0, 0, 16, 16], "texture": "#4"},
				"east": {"uv": [0, 0, 16, 16], "texture": "#4"},
				"south": {"uv": [0, 0, 16, 16], "texture": "#4"},
				"west": {"uv": [0, 0, 16, 16], "texture": "#4"},
				"up": {"uv": [0, 0, 16, 16], "texture": "#4"},
				"down": {"uv": [0, 0, 16, 16], "texture": "#4"}
			}
		},
		{
			"from": [7, 7.075, 10.405],
			"to": [8, 7.325, 11.405],
			"rotation": {"angle": -45, "axis": "x", "origin": [8, 4.5, 8]},
			"faces": {
				"north": {"uv": [0, 0, 16, 16], "texture": "#4"},
				"east": {"uv": [0, 0, 16, 16], "texture": "#4"},
				"south": {"uv": [0, 0, 16, 16], "texture": "#4"},
				"west": {"uv": [0, 0, 16, 16], "texture": "#4"},
				"up": {"uv": [0, 0, 16, 16], "texture": "#4"},
				"down": {"uv": [0, 0, 16, 16], "texture": "#4"}
			}
		},
		{
			"from": [7, 7.075, 8.905],
			"to": [8, 7.325, 9.905],
			"rotation": {"angle": -45, "axis": "x", "origin": [8, 4.5, 8]},
			"faces": {
				"north": {"uv": [0, 0, 16, 16], "rotation": 180, "texture": "#4"},
				"east": {"uv": [0, 0, 16, 16], "rotation": 180, "texture": "#4"},
				"south": {"uv": [0, 0, 16, 16], "rotation": 180, "texture": "#4"},
				"west": {"uv": [0, 0, 16, 16], "rotation": 180, "texture": "#4"},
				"up": {"uv": [0, 0, 16, 16], "rotation": 180, "texture": "#4"},
				"down": {"uv": [0, 0, 16, 16], "rotation": 180, "texture": "#4"}
			}
		},
		{
			"from": [5.5, 7.075, 8.905],
			"to": [6.5, 7.325, 9.905],
			"rotation": {"angle": -45, "axis": "x", "origin": [8, 4.5, 8]},
			"faces": {
				"north": {"uv": [0, 0, 16, 16], "rotation": 180, "texture": "#4"},
				"east": {"uv": [0, 0, 16, 16], "rotation": 180, "texture": "#4"},
				"south": {"uv": [0, 0, 16, 16], "rotation": 180, "texture": "#4"},
				"west": {"uv": [0, 0, 16, 16], "rotation": 180, "texture": "#4"},
				"up": {"uv": [0, 0, 16, 16], "rotation": 180, "texture": "#4"},
				"down": {"uv": [0, 0, 16, 16], "rotation": 180, "texture": "#4"}
			}
		},
		{
			"from": [4, 7.075, 8.905],
			"to": [5, 7.325, 9.905],
			"rotation": {"angle": -45, "axis": "x", "origin": [8, 4.5, 8]},
			"faces": {
				"north": {"uv": [0, 0, 16, 16], "rotation": 180, "texture": "#4"},
				"east": {"uv": [0, 0, 16, 16], "rotation": 180, "texture": "#4"},
				"south": {"uv": [0, 0, 16, 16], "rotation": 180, "texture": "#4"},
				"west": {"uv": [0, 0, 16, 16], "rotation": 180, "texture": "#4"},
				"up": {"uv": [0, 0, 16, 16], "rotation": 180, "texture": "#4"},
				"down": {"uv": [0, 0, 16, 16], "rotation": 180, "texture": "#4"}
			}
		},
		{
			"from": [4, 7.075, 7.405],
			"to": [5, 7.325, 8.405],
			"rotation": {"angle": -45, "axis": "x", "origin": [8, 4.5, 8]},
			"faces": {
				"north": {"uv": [0, 0, 16, 16], "texture": "#4"},
				"east": {"uv": [0, 0, 16, 16], "texture": "#4"},
				"south": {"uv": [0, 0, 16, 16], "texture": "#4"},
				"west": {"uv": [0, 0, 16, 16], "texture": "#4"},
				"up": {"uv": [0, 0, 16, 16], "texture": "#4"},
				"down": {"uv": [0, 0, 16, 16], "texture": "#4"}
			}
		},
		{
			"from": [5.5, 7.075, 7.405],
			"to": [6.5, 7.325, 8.405],
			"rotation": {"angle": -45, "axis": "x", "origin": [8, 4.5, 8]},
			"faces": {
				"north": {"uv": [0, 0, 16, 16], "rotation": 180, "texture": "#4"},
				"east": {"uv": [0, 0, 16, 16], "rotation": 180, "texture": "#4"},
				"south": {"uv": [0, 0, 16, 16], "rotation": 180, "texture": "#4"},
				"west": {"uv": [0, 0, 16, 16], "rotation": 180, "texture": "#4"},
				"up": {"uv": [0, 0, 16, 16], "rotation": 180, "texture": "#4"},
				"down": {"uv": [0, 0, 16, 16], "rotation": 180, "texture": "#4"}
			}
		},
		{
			"from": [7, 7.075, 7.405],
			"to": [8, 7.325, 8.405],
			"rotation": {"angle": -45, "axis": "x", "origin": [8, 4.5, 8]},
			"faces": {
				"north": {"uv": [0, 0, 16, 16], "rotation": 180, "texture": "#4"},
				"east": {"uv": [0, 0, 16, 16], "rotation": 180, "texture": "#4"},
				"south": {"uv": [0, 0, 16, 16], "rotation": 180, "texture": "#4"},
				"west": {"uv": [0, 0, 16, 16], "rotation": 180, "texture": "#4"},
				"up": {"uv": [0, 0, 16, 16], "rotation": 180, "texture": "#4"},
				"down": {"uv": [0, 0, 16, 16], "rotation": 180, "texture": "#4"}
			}
		},
		{
			"from": [7, 7.075, 5.905],
			"to": [8, 7.325, 6.905],
			"rotation": {"angle": -45, "axis": "x", "origin": [8, 4.5, 8]},
			"faces": {
				"north": {"uv": [0, 0, 16, 16], "rotation": 180, "texture": "#4"},
				"east": {"uv": [0, 0, 16, 16], "rotation": 180, "texture": "#4"},
				"south": {"uv": [0, 0, 16, 16], "rotation": 180, "texture": "#4"},
				"west": {"uv": [0, 0, 16, 16], "rotation": 180, "texture": "#4"},
				"up": {"uv": [0, 0, 16, 16], "rotation": 180, "texture": "#4"},
				"down": {"uv": [0, 0, 16, 16], "rotation": 180, "texture": "#4"}
			}
		},
		{
			"from": [5.5, 7.075, 5.905],
			"to": [6.5, 7.325, 6.905],
			"rotation": {"angle": -45, "axis": "x", "origin": [8, 4.5, 8]},
			"faces": {
				"north": {"uv": [0, 0, 16, 16], "rotation": 180, "texture": "#4"},
				"east": {"uv": [0, 0, 16, 16], "rotation": 180, "texture": "#4"},
				"south": {"uv": [0, 0, 16, 16], "rotation": 180, "texture": "#4"},
				"west": {"uv": [0, 0, 16, 16], "rotation": 180, "texture": "#4"},
				"up": {"uv": [0, 0, 16, 16], "rotation": 180, "texture": "#4"},
				"down": {"uv": [0, 0, 16, 16], "rotation": 180, "texture": "#4"}
			}
		},
		{
			"from": [4, 7.075, 5.905],
			"to": [5, 7.325, 6.905],
			"rotation": {"angle": -45, "axis": "x", "origin": [8, 4.5, 8]},
			"faces": {
				"north": {"uv": [0, 0, 16, 16], "rotation": 180, "texture": "#4"},
				"east": {"uv": [0, 0, 16, 16], "rotation": 180, "texture": "#4"},
				"south": {"uv": [0, 0, 16, 16], "rotation": 180, "texture": "#4"},
				"west": {"uv": [0, 0, 16, 16], "rotation": 180, "texture": "#4"},
				"up": {"uv": [0, 0, 16, 16], "rotation": 180, "texture": "#4"},
				"down": {"uv": [0, 0, 16, 16], "rotation": 180, "texture": "#4"}
			}
		},
		{
			"from": [4, 6.975, 9.905],
			"to": [5, 7.225, 10.405],
			"rotation": {"angle": -45, "axis": "x", "origin": [8, 4.5, 8]},
			"faces": {
				"north": {"uv": [0, 5, 0.75, 5.75], "texture": "#2"},
				"east": {"uv": [0, 5, 0.75, 5.75], "texture": "#2"},
				"south": {"uv": [0, 5, 0.75, 5.75], "texture": "#2"},
				"west": {"uv": [0, 5, 0.75, 5.75], "texture": "#2"},
				"up": {"uv": [0, 5, 0.75, 5.75], "texture": "#2"},
				"down": {"uv": [0, 5, 0.75, 5.75], "texture": "#2"}
			}
		},
		{
			"from": [5.5, 6.975, 9.905],
			"to": [6.5, 7.225, 10.405],
			"rotation": {"angle": -45, "axis": "x", "origin": [8, 4.5, 8]},
			"faces": {
				"north": {"uv": [0, 5, 0.75, 5.75], "texture": "#2"},
				"east": {"uv": [0, 5, 0.75, 5.75], "texture": "#2"},
				"south": {"uv": [0, 5, 0.75, 5.75], "texture": "#2"},
				"west": {"uv": [0, 5, 0.75, 5.75], "texture": "#2"},
				"up": {"uv": [0, 5, 0.75, 5.75], "texture": "#2"},
				"down": {"uv": [0, 5, 0.75, 5.75], "texture": "#2"}
			}
		},
		{
			"from": [7, 6.975, 9.905],
			"to": [8, 7.225, 10.405],
			"rotation": {"angle": -45, "axis": "x", "origin": [8, 4.5, 8]},
			"faces": {
				"north": {"uv": [0, 5, 0.75, 5.75], "texture": "#2"},
				"east": {"uv": [0, 5, 0.75, 5.75], "texture": "#2"},
				"south": {"uv": [0, 5, 0.75, 5.75], "texture": "#2"},
				"west": {"uv": [0, 5, 0.75, 5.75], "texture": "#2"},
				"up": {"uv": [0, 5, 0.75, 5.75], "texture": "#2"},
				"down": {"uv": [0, 5, 0.75, 5.75], "texture": "#2"}
			}
		},
		{
			"from": [4, 6.975, 8.405],
			"to": [5, 7.225, 8.905],
			"rotation": {"angle": -45, "axis": "x", "origin": [8, 4.5, 8]},
			"faces": {
				"north": {"uv": [0, 5, 0.75, 5.75], "texture": "#2"},
				"east": {"uv": [0, 5, 0.75, 5.75], "texture": "#2"},
				"south": {"uv": [0, 5, 0.75, 5.75], "texture": "#2"},
				"west": {"uv": [0, 5, 0.75, 5.75], "texture": "#2"},
				"up": {"uv": [0, 5, 0.75, 5.75], "texture": "#2"},
				"down": {"uv": [0, 5, 0.75, 5.75], "texture": "#2"}
			}
		},
		{
			"from": [5.5, 6.975, 8.405],
			"to": [6.5, 7.225, 8.905],
			"rotation": {"angle": -45, "axis": "x", "origin": [8, 4.5, 8]},
			"faces": {
				"north": {"uv": [0, 5, 0.75, 5.75], "texture": "#2"},
				"east": {"uv": [0, 5, 0.75, 5.75], "texture": "#2"},
				"south": {"uv": [0, 5, 0.75, 5.75], "texture": "#2"},
				"west": {"uv": [0, 5, 0.75, 5.75], "texture": "#2"},
				"up": {"uv": [0, 5, 0.75, 5.75], "texture": "#2"},
				"down": {"uv": [0, 5, 0.75, 5.75], "texture": "#2"}
			}
		},
		{
			"from": [7, 6.975, 8.405],
			"to": [8, 7.225, 8.905],
			"rotation": {"angle": -45, "axis": "x", "origin": [8, 4.5, 8]},
			"faces": {
				"north": {"uv": [0, 5, 0.75, 5.75], "texture": "#2"},
				"east": {"uv": [0, 5, 0.75, 5.75], "texture": "#2"},
				"south": {"uv": [0, 5, 0.75, 5.75], "texture": "#2"},
				"west": {"uv": [0, 5, 0.75, 5.75], "texture": "#2"},
				"up": {"uv": [0, 5, 0.75, 5.75], "texture": "#2"},
				"down": {"uv": [0, 5, 0.75, 5.75], "texture": "#2"}
			}
		},
		{
			"from": [4, 6.975, 6.905],
			"to": [5, 7.225, 7.405],
			"rotation": {"angle": -45, "axis": "x", "origin": [8, 4.5, 8]},
			"faces": {
				"north": {"uv": [0, 5, 0.75, 5.75], "texture": "#2"},
				"east": {"uv": [0, 5, 0.75, 5.75], "texture": "#2"},
				"south": {"uv": [0, 5, 0.75, 5.75], "texture": "#2"},
				"west": {"uv": [0, 5, 0.75, 5.75], "texture": "#2"},
				"up": {"uv": [0, 5, 0.75, 5.75], "texture": "#2"},
				"down": {"uv": [0, 5, 0.75, 5.75], "texture": "#2"}
			}
		},
		{
			"from": [5.5, 6.975, 6.905],
			"to": [6.5, 7.225, 7.405],
			"rotation": {"angle": -45, "axis": "x", "origin": [8, 4.5, 8]},
			"faces": {
				"north": {"uv": [0, 5, 0.75, 5.75], "texture": "#2"},
				"east": {"uv": [0, 5, 0.75, 5.75], "texture": "#2"},
				"south": {"uv": [0, 5, 0.75, 5.75], "texture": "#2"},
				"west": {"uv": [0, 5, 0.75, 5.75], "texture": "#2"},
				"up": {"uv": [0, 5, 0.75, 5.75], "texture": "#2"},
				"down": {"uv": [0, 5, 0.75, 5.75], "texture": "#2"}
			}
		},
		{
			"from": [7, 6.975, 6.905],
			"to": [8, 7.225, 7.405],
			"rotation": {"angle": -45, "axis": "x", "origin": [8, 4.5, 8]},
			"faces": {
				"north": {"uv": [0, 5, 0.75, 5.75], "texture": "#2"},
				"east": {"uv": [0, 5, 0.75, 5.75], "texture": "#2"},
				"south": {"uv": [0, 5, 0.75, 5.75], "texture": "#2"},
				"west": {"uv": [0, 5, 0.75, 5.75], "texture": "#2"},
				"up": {"uv": [0, 5, 0.75, 5.75], "texture": "#2"},
				"down": {"uv": [0, 5, 0.75, 5.75], "texture": "#2"}
			}
		},
		{
			"from": [4, 6.975, 5.405],
			"to": [5, 7.225, 5.905],
			"rotation": {"angle": -45, "axis": "x", "origin": [8, 4.5, 8]},
			"faces": {
				"north": {"uv": [0, 5, 0.75, 5.75], "texture": "#2"},
				"east": {"uv": [0, 5, 0.75, 5.75], "texture": "#2"},
				"south": {"uv": [0, 5, 0.75, 5.75], "texture": "#2"},
				"west": {"uv": [0, 5, 0.75, 5.75], "texture": "#2"},
				"up": {"uv": [0, 5, 0.75, 5.75], "texture": "#2"},
				"down": {"uv": [0, 5, 0.75, 5.75], "texture": "#2"}
			}
		},
		{
			"from": [5.5, 6.975, 5.405],
			"to": [6.5, 7.225, 5.905],
			"rotation": {"angle": -45, "axis": "x", "origin": [8, 4.5, 8]},
			"faces": {
				"north": {"uv": [0, 5, 0.75, 5.75], "texture": "#2"},
				"east": {"uv": [0, 5, 0.75, 5.75], "texture": "#2"},
				"south": {"uv": [0, 5, 0.75, 5.75], "texture": "#2"},
				"west": {"uv": [0, 5, 0.75, 5.75], "texture": "#2"},
				"up": {"uv": [0, 5, 0.75, 5.75], "texture": "#2"},
				"down": {"uv": [0, 5, 0.75, 5.75], "texture": "#2"}
			}
		},
		{
			"from": [7, 6.975, 5.405],
			"to": [8, 7.225, 5.905],
			"rotation": {"angle": -45, "axis": "x", "origin": [8, 4.5, 8]},
			"faces": {
				"north": {"uv": [0, 5, 0.75, 5.75], "texture": "#2"},
				"east": {"uv": [0, 5, 0.75, 5.75], "texture": "#2"},
				"south": {"uv": [0, 5, 0.75, 5.75], "texture": "#2"},
				"west": {"uv": [0, 5, 0.75, 5.75], "texture": "#2"},
				"up": {"uv": [0, 5, 0.75, 5.75], "texture": "#2"},
				"down": {"uv": [0, 5, 0.75, 5.75], "texture": "#2"}
			}
		},
		{
			"from": [3.5, 6.975, 5.405],
			"to": [4, 7.225, 11.905],
			"rotation": {"angle": -45, "axis": "x", "origin": [8, 4.5, 8]},
			"faces": {
				"north": {"uv": [0, 5, 0.75, 5.75], "texture": "#2"},
				"east": {"uv": [0, 5, 0.75, 5.75], "texture": "#2"},
				"south": {"uv": [0, 5, 0.75, 5.75], "texture": "#2"},
				"west": {"uv": [0, 5, 0.75, 5.75], "texture": "#2"},
				"up": {"uv": [0, 5, 0.75, 5.75], "texture": "#2"},
				"down": {"uv": [0, 5, 0.75, 5.75], "texture": "#2"}
			}
		},
		{
			"from": [5, 6.975, 5.405],
			"to": [5.5, 7.225, 11.905],
			"rotation": {"angle": -45, "axis": "x", "origin": [8, 4.5, 8]},
			"faces": {
				"north": {"uv": [0, 5, 0.75, 5.75], "texture": "#2"},
				"east": {"uv": [0, 5, 0.75, 5.75], "texture": "#2"},
				"south": {"uv": [0, 5, 0.75, 5.75], "texture": "#2"},
				"west": {"uv": [0, 5, 0.75, 5.75], "texture": "#2"},
				"up": {"uv": [0, 5, 0.75, 5.75], "texture": "#2"},
				"down": {"uv": [0, 5, 0.75, 5.75], "texture": "#2"}
			}
		},
		{
			"from": [9.25, 6.975, 4.905],
			"to": [12.25, 6.976, 11.905],
			"rotation": {"angle": -45, "axis": "x", "origin": [8, 4.5, 8]},
			"faces": {
				"north": {"uv": [1, 6, 1.75, 6.75], "texture": "#2"},
				"east": {"uv": [1, 6, 1.75, 6.75], "texture": "#2"},
				"south": {"uv": [1, 6, 1.75, 6.75], "texture": "#2"},
				"west": {"uv": [1, 6, 1.75, 6.75], "texture": "#2"},
				"up": {"uv": [0, 5, 0.75, 7.75], "texture": "#2"},
				"down": {"uv": [1, 6, 1.75, 6.75], "texture": "#2"}
			}
		},
		{
			"from": [12.25, 6.975, 4.655],
			"to": [12.5, 6.976, 12.155],
			"rotation": {"angle": -45, "axis": "x", "origin": [8, 4.5, 8]},
			"faces": {
				"north": {"uv": [2, 8, 2.75, 8.75], "texture": "#2"},
				"east": {"uv": [2, 8, 2.75, 8.75], "texture": "#2"},
				"south": {"uv": [2, 8, 2.75, 8.75], "texture": "#2"},
				"west": {"uv": [2, 8, 2.75, 8.75], "texture": "#2"},
				"up": {"uv": [2, 8, 2.75, 8.75], "texture": "#2"},
				"down": {"uv": [2, 8, 2.75, 8.75], "texture": "#2"}
			}
		},
		{
			"from": [9.25, 6.975, 4.655],
			"to": [12.25, 6.976, 4.905],
			"rotation": {"angle": -45, "axis": "x", "origin": [8, 4.5, 8]},
			"faces": {
				"north": {"uv": [2, 8, 2.75, 8.75], "texture": "#2"},
				"east": {"uv": [2, 8, 2.75, 8.75], "texture": "#2"},
				"south": {"uv": [2, 8, 2.75, 8.75], "texture": "#2"},
				"west": {"uv": [2, 8, 2.75, 8.75], "texture": "#2"},
				"up": {"uv": [2, 8, 2.75, 8.75], "texture": "#2"},
				"down": {"uv": [2, 8, 2.75, 8.75], "texture": "#2"}
			}
		},
		{
			"from": [3.5, 6.975, 5.155],
			"to": [8.5, 6.976, 5.405],
			"rotation": {"angle": -45, "axis": "x", "origin": [8, 4.5, 8]},
			"faces": {
				"north": {"uv": [2, 8, 2.75, 8.75], "texture": "#2"},
				"east": {"uv": [2, 8, 2.75, 8.75], "texture": "#2"},
				"south": {"uv": [2, 8, 2.75, 8.75], "texture": "#2"},
				"west": {"uv": [2, 8, 2.75, 8.75], "texture": "#2"},
				"up": {"uv": [2, 8, 2.75, 8.75], "texture": "#2"},
				"down": {"uv": [2, 8, 2.75, 8.75], "texture": "#2"}
			}
		},
		{
			"from": [3.5, 6.975, 11.905],
			"to": [8.5, 6.976, 12.155],
			"rotation": {"angle": -45, "axis": "x", "origin": [8, 4.5, 8]},
			"faces": {
				"north": {"uv": [2, 8, 2.75, 8.75], "texture": "#2"},
				"east": {"uv": [2, 8, 2.75, 8.75], "texture": "#2"},
				"south": {"uv": [2, 8, 2.75, 8.75], "texture": "#2"},
				"west": {"uv": [2, 8, 2.75, 8.75], "texture": "#2"},
				"up": {"uv": [2, 8, 2.75, 8.75], "texture": "#2"},
				"down": {"uv": [2, 8, 2.75, 8.75], "texture": "#2"}
			}
		},
		{
			"from": [9.25, 6.975, 11.905],
			"to": [12.25, 6.976, 12.155],
			"rotation": {"angle": -45, "axis": "x", "origin": [8, 4.5, 8]},
			"faces": {
				"north": {"uv": [2, 8, 2.75, 8.75], "texture": "#2"},
				"east": {"uv": [2, 8, 2.75, 8.75], "texture": "#2"},
				"south": {"uv": [2, 8, 2.75, 8.75], "texture": "#2"},
				"west": {"uv": [2, 8, 2.75, 8.75], "texture": "#2"},
				"up": {"uv": [2, 8, 2.75, 8.75], "texture": "#2"},
				"down": {"uv": [2, 8, 2.75, 8.75], "texture": "#2"}
			}
		},
		{
			"from": [9, 6.975, 4.655],
			"to": [9.25, 6.976, 12.155],
			"rotation": {"angle": -45, "axis": "x", "origin": [8, 4.5, 8]},
			"faces": {
				"north": {"uv": [2, 8, 2.75, 8.75], "texture": "#2"},
				"east": {"uv": [2, 8, 2.75, 8.75], "texture": "#2"},
				"south": {"uv": [2, 8, 2.75, 8.75], "texture": "#2"},
				"west": {"uv": [2, 8, 2.75, 8.75], "texture": "#2"},
				"up": {"uv": [2, 8, 2.75, 8.75], "texture": "#2"},
				"down": {"uv": [2, 8, 2.75, 8.75], "texture": "#2"}
			}
		},
		{
			"from": [8.5, 6.975, 5.155],
			"to": [8.75, 6.976, 12.155],
			"rotation": {"angle": -45, "axis": "x", "origin": [8, 4.5, 8]},
			"faces": {
				"north": {"uv": [2, 8, 2.75, 8.75], "texture": "#2"},
				"east": {"uv": [2, 8, 2.75, 8.75], "texture": "#2"},
				"south": {"uv": [2, 8, 2.75, 8.75], "texture": "#2"},
				"west": {"uv": [2, 8, 2.75, 8.75], "texture": "#2"},
				"up": {"uv": [2, 8, 2.75, 8.75], "texture": "#2"},
				"down": {"uv": [2, 8, 2.75, 8.75], "texture": "#2"}
			}
		},
		{
			"from": [3.5, 6.975, 5.405],
			"to": [8.5, 6.976, 11.905],
			"rotation": {"angle": -45, "axis": "x", "origin": [8, 4.5, 8]},
			"faces": {
				"north": {"uv": [2, 8, 2.75, 8.75], "texture": "#2"},
				"east": {"uv": [2, 8, 2.75, 8.75], "texture": "#2"},
				"south": {"uv": [2, 8, 2.75, 8.75], "texture": "#2"},
				"west": {"uv": [2, 8, 2.75, 8.75], "texture": "#2"},
				"up": {"uv": [0, 5, 0.75, 5.75], "texture": "#2"},
				"down": {"uv": [2, 8, 2.75, 8.75], "texture": "#2"}
			}
		},
		{
			"from": [3.25, 6.975, 5.155],
			"to": [3.5, 6.976, 12.155],
			"rotation": {"angle": -45, "axis": "x", "origin": [8, 4.5, 8]},
			"faces": {
				"north": {"uv": [2, 8, 2.75, 8.75], "texture": "#2"},
				"east": {"uv": [2, 8, 2.75, 8.75], "texture": "#2"},
				"south": {"uv": [2, 8, 2.75, 8.75], "texture": "#2"},
				"west": {"uv": [2, 8, 2.75, 8.75], "texture": "#2"},
				"up": {"uv": [2, 8, 2.75, 8.75], "texture": "#2"},
				"down": {"uv": [2, 8, 2.75, 8.75], "texture": "#2"}
			}
		},
		{
			"from": [5.5, 6.975, 4.53],
			"to": [6.5, 7.075, 4.78],
			"rotation": {"angle": -45, "axis": "x", "origin": [8, 4.5, 8]},
			"faces": {
				"north": {"uv": [0, 5, 0.75, 5.75], "texture": "#2"},
				"east": {"uv": [0, 5, 0.75, 5.75], "texture": "#2"},
				"south": {"uv": [0, 5, 0.75, 5.75], "texture": "#2"},
				"west": {"uv": [0, 5, 0.75, 5.75], "texture": "#2"},
				"up": {"uv": [0, 5, 0.75, 5.75], "texture": "#2"},
				"down": {"uv": [0, 5, 0.75, 5.75], "texture": "#2"}
			}
		},
		{
			"from": [5.5, 6.975, 4.28],
			"to": [6.5, 6.985, 4.53],
			"rotation": {"angle": -45, "axis": "x", "origin": [8, 4.5, 8]},
			"faces": {
				"north": {"uv": [0, 0, 0.75, 0.75], "texture": "#2"},
				"east": {"uv": [0, 0, 0.75, 0.75], "texture": "#2"},
				"south": {"uv": [0, 0, 0.75, 0.75], "texture": "#2"},
				"west": {"uv": [0, 0, 0.75, 0.75], "texture": "#2"},
				"up": {"uv": [0, 0, 0.75, 0.75], "texture": "#2"},
				"down": {"uv": [0, 0, 0.75, 0.75], "texture": "#2"}
			}
		},
		{
			"from": [5.5, 6.975, 4.03],
			"to": [6.5, 7.075, 4.28],
			"rotation": {"angle": -45, "axis": "x", "origin": [8, 4.5, 8]},
			"faces": {
				"north": {"uv": [0, 5, 0.75, 5.75], "texture": "#2"},
				"east": {"uv": [0, 5, 0.75, 5.75], "texture": "#2"},
				"south": {"uv": [0, 5, 0.75, 5.75], "texture": "#2"},
				"west": {"uv": [0, 5, 0.75, 5.75], "texture": "#2"},
				"up": {"uv": [0, 5, 0.75, 5.75], "texture": "#2"},
				"down": {"uv": [0, 5, 0.75, 5.75], "texture": "#2"}
			}
		},
		{
			"from": [6.5, 6.975, 4.03],
			"to": [6.75, 7.075, 4.78],
			"rotation": {"angle": -45, "axis": "x", "origin": [8, 4.5, 8]},
			"faces": {
				"north": {"uv": [0, 5, 0.75, 5.75], "texture": "#2"},
				"east": {"uv": [0, 5, 0.75, 5.75], "texture": "#2"},
				"south": {"uv": [0, 5, 0.75, 5.75], "texture": "#2"},
				"west": {"uv": [0, 5, 0.75, 5.75], "texture": "#2"},
				"up": {"uv": [0, 5, 0.75, 5.75], "texture": "#2"},
				"down": {"uv": [0, 5, 0.75, 5.75], "texture": "#2"}
			}
		},
		{
			"from": [5.25, 6.975, 4.03],
			"to": [5.5, 7.075, 4.78],
			"rotation": {"angle": -45, "axis": "x", "origin": [8, 4.5, 8]},
			"faces": {
				"north": {"uv": [0, 5, 0.75, 5.75], "texture": "#2"},
				"east": {"uv": [0, 5, 0.75, 5.75], "texture": "#2"},
				"south": {"uv": [0, 5, 0.75, 5.75], "texture": "#2"},
				"west": {"uv": [0, 5, 0.75, 5.75], "texture": "#2"},
				"up": {"uv": [0, 5, 0.75, 5.75], "texture": "#2"},
				"down": {"uv": [0, 5, 0.75, 5.75], "texture": "#2"}
			}
		},
		{
			"from": [9.75, 7.075, 10.155],
			"to": [11.75, 7.125, 10.655],
			"rotation": {"angle": -45, "axis": "x", "origin": [8, 4.5, 8]},
			"faces": {
				"north": {"uv": [4.25, 7, 4.75, 5], "texture": "#3"},
				"east": {"uv": [4.25, 7, 4.75, 5], "texture": "#3"},
				"south": {"uv": [4.25, 7, 4.75, 5], "texture": "#3"},
				"west": {"uv": [4.25, 7, 4.75, 5], "texture": "#3"},
				"up": {"uv": [4.25, 7, 4.75, 5], "texture": "#3"},
				"down": {"uv": [4.25, 7, 4.75, 5], "texture": "#3"}
			}
		},
		{
			"from": [9.5, 7.075, 9.905],
			"to": [12, 7.125, 10.155],
			"rotation": {"angle": -45, "axis": "x", "origin": [8, 4.5, 8]},
			"faces": {
				"north": {"uv": [7.25, 11.25, 7.75, 11.75], "texture": "#2"},
				"east": {"uv": [7.25, 11.25, 7.75, 11.75], "texture": "#2"},
				"south": {"uv": [7.25, 11.25, 7.75, 11.75], "texture": "#2"},
				"west": {"uv": [7.25, 11.25, 7.75, 11.75], "texture": "#2"},
				"up": {"uv": [7.25, 11.25, 7.75, 11.75], "texture": "#2"},
				"down": {"uv": [7.25, 11.25, 7.75, 11.75], "texture": "#2"}
			}
		},
		{
			"from": [9.5, 7.075, 10.655],
			"to": [12, 7.125, 10.905],
			"rotation": {"angle": -45, "axis": "x", "origin": [8, 4.5, 8]},
			"faces": {
				"north": {"uv": [7.25, 11.25, 7.75, 11.75], "texture": "#2"},
				"east": {"uv": [7.25, 11.25, 7.75, 11.75], "texture": "#2"},
				"south": {"uv": [7.25, 11.25, 7.75, 11.75], "texture": "#2"},
				"west": {"uv": [7.25, 11.25, 7.75, 11.75], "texture": "#2"},
				"up": {"uv": [7.25, 11.25, 7.75, 11.75], "texture": "#2"},
				"down": {"uv": [7.25, 11.25, 7.75, 11.75], "texture": "#2"}
			}
		},
		{
			"from": [11.75, 7.075, 10.155],
			"to": [12, 7.125, 10.655],
			"rotation": {"angle": -45, "axis": "x", "origin": [8, 4.5, 8]},
			"faces": {
				"north": {"uv": [7.25, 11.25, 7.75, 11.75], "texture": "#2"},
				"east": {"uv": [7.25, 11.25, 7.75, 11.75], "texture": "#2"},
				"south": {"uv": [7.25, 11.25, 7.75, 11.75], "texture": "#2"},
				"west": {"uv": [7.25, 11.25, 7.75, 11.75], "texture": "#2"},
				"up": {"uv": [7.25, 11.25, 7.75, 11.75], "texture": "#2"},
				"down": {"uv": [7.25, 11.25, 7.75, 11.75], "texture": "#2"}
			}
		},
		{
			"from": [9.5, 7.075, 10.155],
			"to": [9.75, 7.125, 10.655],
			"rotation": {"angle": -45, "axis": "x", "origin": [8, 4.5, 8]},
			"faces": {
				"north": {"uv": [7.25, 11.25, 7.75, 11.75], "texture": "#2"},
				"east": {"uv": [7.25, 11.25, 7.75, 11.75], "texture": "#2"},
				"south": {"uv": [7.25, 11.25, 7.75, 11.75], "texture": "#2"},
				"west": {"uv": [7.25, 11.25, 7.75, 11.75], "texture": "#2"},
				"up": {"uv": [7.25, 11.25, 7.75, 11.75], "texture": "#2"},
				"down": {"uv": [7.25, 11.25, 7.75, 11.75], "texture": "#2"}
			}
		}
	],
	"display": {
		"gui": {
			"rotation": [45, -135, 0],
			"translation": [0, 4, 0],
			"scale": [1.3, 1.3, 1.3]
		},
		"head": {
			"translation": [0, 16.5, 0],
			"scale": [1.3, 1.3, 1.3]
		},
		"fixed": {
			"translation": [0, 4, -5.25],
			"scale": [1.3, 1.3, 1.3]
		}
	}
}