{
	"credit": "Made with Blockbench",
	"textures": {
		"0": "item/cit/stone2",
		"1": "item/cit/tetu",
		"2": "item/cit/stone3",
		"particle": "item/cit/stone2"
	},
	"elements": [
		{
			"from": [7, 0, 7],
			"to": [9, 0.25, 9],
			"faces": {
				"north": {"uv": [2, 2, 2.75, 14], "rotation": 180, "texture": "#1"},
				"east": {"uv": [2, 2, 2.75, 14], "rotation": 180, "texture": "#1"},
				"south": {"uv": [2, 2, 2.75, 14], "rotation": 180, "texture": "#1"},
				"west": {"uv": [2, 2, 2.75, 14], "rotation": 180, "texture": "#1"},
				"up": {"uv": [2, 2, 2.75, 14], "rotation": 180, "texture": "#1"},
				"down": {"uv": [2, 2, 2.75, 14], "rotation": 180, "texture": "#1"}
			}
		},
		{
			"from": [6.75, 10, 6.75],
			"to": [9.25, 10.5, 9.25],
			"faces": {
				"north": {"uv": [0, 7, 4, 11], "texture": "#2"},
				"east": {"uv": [0, 7, 4, 11], "texture": "#2"},
				"south": {"uv": [0, 7, 4, 11], "texture": "#2"},
				"west": {"uv": [0, 7, 4, 11], "texture": "#2"},
				"up": {"uv": [0, 7, 4, 11], "texture": "#2"},
				"down": {"uv": [0, 7, 4, 11], "texture": "#2"}
			}
		},
		{
			"from": [6.5, 10.5, 6.5],
			"to": [9.5, 11, 9.5],
			"faces": {
				"north": {"uv": [0, 7, 4, 11], "texture": "#2"},
				"east": {"uv": [0, 7, 4, 11], "texture": "#2"},
				"south": {"uv": [0, 7, 4, 11], "texture": "#2"},
				"west": {"uv": [0, 7, 4, 11], "texture": "#2"},
				"up": {"uv": [0, 7, 4, 11], "texture": "#2"},
				"down": {"uv": [0, 7, 4, 11], "texture": "#2"}
			}
		},
		{
			"from": [6.5, 13.5, 6.5],
			"to": [9.5, 14, 9.5],
			"faces": {
				"north": {"uv": [0, 7, 4, 11], "texture": "#2"},
				"east": {"uv": [0, 7, 4, 11], "texture": "#2"},
				"south": {"uv": [0, 7, 4, 11], "texture": "#2"},
				"west": {"uv": [0, 7, 4, 11], "texture": "#2"},
				"up": {"uv": [0, 7, 4, 11], "texture": "#2"},
				"down": {"uv": [0, 7, 4, 11], "texture": "#2"}
			}
		},
		{
			"from": [6.75, 14, 6.75],
			"to": [9.25, 14.5, 9.25],
			"faces": {
				"north": {"uv": [0, 7, 4, 11], "texture": "#2"},
				"east": {"uv": [0, 7, 4, 11], "texture": "#2"},
				"south": {"uv": [0, 7, 4, 11], "texture": "#2"},
				"west": {"uv": [0, 7, 4, 11], "texture": "#2"},
				"up": {"uv": [0, 7, 4, 11], "texture": "#2"},
				"down": {"uv": [0, 7, 4, 11], "texture": "#2"}
			}
		},
		{
			"from": [6.25, 11, 6.25],
			"to": [9.75, 13.5, 9.75],
			"faces": {
				"north": {"uv": [0, 7, 4, 11], "texture": "#2"},
				"east": {"uv": [0, 7, 4, 11], "texture": "#2"},
				"south": {"uv": [0, 7, 4, 11], "texture": "#2"},
				"west": {"uv": [0, 7, 4, 11], "texture": "#2"},
				"up": {"uv": [0, 7, 4, 11], "texture": "#2"},
				"down": {"uv": [0, 7, 4, 11], "texture": "#2"}
			}
		},
		{
			"from": [6, 12, 6],
			"to": [10, 12.5, 10],
			"faces": {
				"north": {"uv": [0, 0, 16, 0.25], "rotation": 90, "texture": "#0"},
				"east": {"uv": [0, 0, 16, 0.25], "rotation": 90, "texture": "#0"},
				"south": {"uv": [0, 0, 16, 0.25], "rotation": 90, "texture": "#0"},
				"west": {"uv": [0, 0, 16, 0.25], "rotation": 90, "texture": "#0"},
				"up": {"uv": [0, 0, 16, 0.25], "rotation": 90, "texture": "#0"},
				"down": {"uv": [0, 0, 16, 0.25], "rotation": 90, "texture": "#0"}
			}
		},
		{
			"from": [7, 0.25, 6.75],
			"to": [9, 10, 9.25],
			"faces": {
				"north": {"uv": [2, 2, 2.75, 14], "rotation": 180, "texture": "#1"},
				"east": {"uv": [2, 2, 2.75, 14], "rotation": 180, "texture": "#1"},
				"south": {"uv": [2, 2, 2.75, 14], "rotation": 180, "texture": "#1"},
				"west": {"uv": [2, 2, 2.75, 14], "rotation": 180, "texture": "#1"},
				"up": {"uv": [2, 2, 2.75, 14], "rotation": 180, "texture": "#1"},
				"down": {"uv": [2, 2, 2.75, 14], "rotation": 180, "texture": "#1"}
			}
		},
		{
			"from": [9, 0.25, 7],
			"to": [9.25, 10, 9],
			"faces": {
				"north": {"uv": [2, 2, 2.75, 14], "rotation": 180, "texture": "#1"},
				"east": {"uv": [2, 2, 2.75, 14], "rotation": 180, "texture": "#1"},
				"south": {"uv": [2, 2, 2.75, 14], "rotation": 180, "texture": "#1"},
				"west": {"uv": [2, 2, 2.75, 14], "rotation": 180, "texture": "#1"},
				"up": {"uv": [2, 2, 2.75, 14], "rotation": 180, "texture": "#1"},
				"down": {"uv": [2, 2, 2.75, 14], "rotation": 180, "texture": "#1"}
			}
		},
		{
			"from": [6.75, 0.25, 7],
			"to": [7, 10, 9],
			"faces": {
				"north": {"uv": [2, 2, 2.75, 14], "rotation": 180, "texture": "#1"},
				"east": {"uv": [2, 2, 2.75, 14], "rotation": 180, "texture": "#1"},
				"south": {"uv": [2, 2, 2.75, 14], "rotation": 180, "texture": "#1"},
				"west": {"uv": [2, 2, 2.75, 14], "rotation": 180, "texture": "#1"},
				"up": {"uv": [2, 2, 2.75, 14], "rotation": 180, "texture": "#1"},
				"down": {"uv": [2, 2, 2.75, 14], "rotation": 180, "texture": "#1"}
			}
		}
	],
	"display": {
		"thirdperson_righthand": {
			"translation": [0, 2, 1.25],
			"scale": [0.5, 0.5, 0.5]
		},
		"thirdperson_lefthand": {
			"translation": [0, 2, 1.25],
			"scale": [0.5, 0.5, 0.5]
		},
		"firstperson_righthand": {
			"translation": [0, 2, 1.25],
			"scale": [0.5, 0.5, 0.5]
		},
		"firstperson_lefthand": {
			"translation": [0, 2, 1.25],
			"scale": [0.5, 0.5, 0.5]
		},
		"ground": {
			"rotation": [90, 0, 0],
			"translation": [0, -0.5, 0]
		},
		"head": {
			"translation": [0, -7.75, -8.5],
			"scale": [0.5, 0.5, 0.5]
		}
	}
}