{
	"credit": "Made with Blockbench",
	"textures": {
		"0": "item/cit/ki3",
		"1": "item/cit/souzu7",
		"particle": "item/cit/ki3"
	},
	"elements": [
		{
			"from": [6.5, 0.5, 6],
			"to": [9.5, 2, 10],
			"faces": {
				"north": {"uv": [0, 0, 4, 1], "texture": "#1"},
				"east": {"uv": [0, 0, 4, 1], "texture": "#1"},
				"south": {"uv": [0, 0, 4, 1], "texture": "#1"},
				"west": {"uv": [0, 0, 4, 1], "texture": "#1"},
				"up": {"uv": [0, 0, 16, 16], "texture": "#1"}
			}
		},
		{
			"from": [6.5, 0, 6],
			"to": [9.5, 0.5, 10],
			"faces": {
				"north": {"uv": [9, 14, 15, 14.5], "texture": "#0"},
				"east": {"uv": [9, 14, 15, 14.5], "texture": "#0"},
				"south": {"uv": [9, 14, 15, 14.5], "texture": "#0"},
				"west": {"uv": [9, 14, 15, 14.5], "texture": "#0"},
				"down": {"uv": [9, 14, 10, 14.5], "texture": "#0"}
			}
		}
	],
	"display": {
		"thirdperson_righthand": {
			"translation": [0, 3.25, 2],
			"scale": [0.4, 0.4, 0.4]
		},
		"thirdperson_lefthand": {
			"translation": [0, 3.25, 2],
			"scale": [0.4, 0.4, 0.4]
		},
		"firstperson_righthand": {
			"rotation": [90, 0, 0],
			"translation": [-2.25, 5.25, 7.5],
			"scale": [0.4, 0.4, 0.4]
		},
		"firstperson_lefthand": {
			"rotation": [90, 0, 0],
			"translation": [-2.25, 5.25, 7.5],
			"scale": [0.4, 0.4, 0.4]
		},
		"ground": {
			"translation": [0, 2, 0],
			"scale": [0.4, 0.4, 0.4]
		},
		"gui": {
			"rotation": [89, 0, 0],
			"translation": [0, 0.25, -3.25],
			"scale": [2, 2, 2]
		},
		"head": {
			"translation": [0, 38, 0],
			"scale": [4, 4, 4]
		},
		"fixed": {
			"rotation": [-90, 0, 0],
			"translation": [0, 0.25, -3.25],
			"scale": [0.4, 0.4, 0.4]
		}
	}
}