{
	"credit": "Made with Blockbench",
	"textures": {
		"0": "item/cit/gold",
		"particle": "item/cit/gold"
	},
	"elements": [
		{
			"from": [7, 0, 6],
			"to": [9, 0.2, 10],
			"faces": {
				"north": {"uv": [1.25, 3.25, 1.75, 4], "rotation": 90, "texture": "#0"},
				"east": {"uv": [1.25, 3.25, 1.75, 4], "rotation": 90, "texture": "#0"},
				"south": {"uv": [1.25, 3.25, 1.75, 4], "rotation": 90, "texture": "#0"},
				"west": {"uv": [1.25, 3.25, 1.75, 4], "rotation": 90, "texture": "#0"},
				"up": {"uv": [3, 7, 7, 15], "texture": "#0"},
				"down": {"uv": [1.25, 3.25, 1.75, 4], "rotation": 90, "texture": "#0"}
			}
		},
		{
			"from": [7, 0.2, 6],
			"to": [9, 0.4, 6.5],
			"faces": {
				"north": {"uv": [1.25, 3.25, 1.75, 4], "rotation": 90, "texture": "#0"},
				"east": {"uv": [1.25, 3.25, 1.75, 4], "rotation": 90, "texture": "#0"},
				"south": {"uv": [1, 3, 1.75, 5], "texture": "#0"},
				"west": {"uv": [1.25, 3.25, 1.75, 4], "rotation": 90, "texture": "#0"},
				"up": {"uv": [1, 3, 1.75, 5], "texture": "#0"},
				"down": {"uv": [1, 3, 1.75, 5], "texture": "#0"}
			}
		},
		{
			"from": [7, 0.2, 9.5],
			"to": [9, 0.4, 10],
			"faces": {
				"north": {"uv": [1, 3, 1.75, 5], "rotation": 180, "texture": "#0"},
				"east": {"uv": [1.25, 3.25, 1.75, 4], "rotation": 90, "texture": "#0"},
				"south": {"uv": [1.25, 3.25, 1.75, 4], "rotation": 90, "texture": "#0"},
				"west": {"uv": [1.25, 3.25, 1.75, 4], "rotation": 90, "texture": "#0"},
				"up": {"uv": [1, 3, 1.75, 5], "rotation": 180, "texture": "#0"},
				"down": {"uv": [1, 3, 1.75, 5], "rotation": 180, "texture": "#0"}
			}
		},
		{
			"from": [6, 0.2, 7],
			"to": [6.5, 0.4, 9],
			"faces": {
				"north": {"uv": [1, 3, 1.75, 5], "rotation": 270, "texture": "#0"},
				"east": {"uv": [1, 3, 1.75, 5], "rotation": 270, "texture": "#0"},
				"south": {"uv": [1, 3, 1.75, 5], "rotation": 270, "texture": "#0"},
				"west": {"uv": [1.25, 3.25, 1.75, 4], "rotation": 90, "texture": "#0"},
				"up": {"uv": [1, 3, 1.75, 5], "rotation": 270, "texture": "#0"},
				"down": {"uv": [1, 3, 1.75, 5], "rotation": 270, "texture": "#0"}
			}
		},
		{
			"from": [9.5, 0.2, 7],
			"to": [10, 0.4, 9],
			"faces": {
				"north": {"uv": [1.25, 3.25, 1.75, 4], "rotation": 90, "texture": "#0"},
				"east": {"uv": [1.25, 3.25, 1.75, 4], "rotation": 90, "texture": "#0"},
				"south": {"uv": [1, 3, 1.75, 5], "rotation": 90, "texture": "#0"},
				"west": {"uv": [1, 3, 1.75, 5], "rotation": 90, "texture": "#0"},
				"up": {"uv": [1, 3, 1.75, 5], "rotation": 90, "texture": "#0"},
				"down": {"uv": [1, 3, 1.75, 5], "rotation": 90, "texture": "#0"}
			}
		},
		{
			"from": [6, 0, 7],
			"to": [7, 0.2, 9],
			"faces": {
				"north": {"uv": [1.25, 3.25, 1.75, 4], "rotation": 90, "texture": "#0"},
				"east": {"uv": [0, 0, 1, 2], "texture": "#missing"},
				"south": {"uv": [1.25, 3.25, 1.75, 4], "rotation": 90, "texture": "#0"},
				"west": {"uv": [1.25, 3.25, 1.75, 4], "rotation": 90, "texture": "#0"},
				"up": {"uv": [6, 3, 8, 7], "texture": "#0"},
				"down": {"uv": [1.25, 3.25, 1.75, 4], "rotation": 90, "texture": "#0"}
			}
		},
		{
			"from": [9, 0, 7],
			"to": [10, 0.2, 9],
			"faces": {
				"north": {"uv": [1.25, 3.25, 1.75, 4], "rotation": 90, "texture": "#0"},
				"east": {"uv": [1.25, 3.25, 1.75, 4], "rotation": 90, "texture": "#0"},
				"south": {"uv": [1.25, 3.25, 1.75, 4], "rotation": 90, "texture": "#0"},
				"west": {"uv": [1.25, 3.25, 1.75, 4], "rotation": 90, "texture": "#0"},
				"up": {"uv": [2, 7, 4, 11], "texture": "#0"},
				"down": {"uv": [1.25, 3.25, 1.75, 4], "rotation": 90, "texture": "#0"}
			}
		},
		{
			"from": [6.75, 0, 9.5],
			"to": [7, 0.4, 9.75],
			"faces": {
				"north": {"uv": [1, 3, 1.75, 4], "rotation": 180, "texture": "#0"},
				"east": {"uv": [1, 3, 1.75, 4], "rotation": 180, "texture": "#0"},
				"south": {"uv": [1, 3, 1.75, 4], "rotation": 180, "texture": "#0"},
				"west": {"uv": [1, 3, 1.75, 4], "rotation": 180, "texture": "#0"},
				"up": {"uv": [1, 3, 1.75, 4], "rotation": 180, "texture": "#0"},
				"down": {"uv": [1, 3, 1.75, 4], "rotation": 180, "texture": "#0"}
			}
		},
		{
			"from": [6.75, 0, 9],
			"to": [7, 0.4, 9.25],
			"faces": {
				"north": {"uv": [1, 4, 2, 5], "rotation": 270, "texture": "#0"},
				"east": {"uv": [1, 4, 2, 5], "rotation": 270, "texture": "#0"},
				"south": {"uv": [1, 4, 2, 5], "rotation": 270, "texture": "#0"},
				"west": {"uv": [1, 4, 2, 5], "rotation": 270, "texture": "#0"},
				"up": {"uv": [1, 4, 2, 5], "rotation": 270, "texture": "#0"},
				"down": {"uv": [1.25, 3.25, 1.75, 4], "rotation": 90, "texture": "#0"}
			}
		},
		{
			"from": [6.75, 0, 9.25],
			"to": [7, 0.4, 9.5],
			"faces": {
				"north": {"uv": [1, 4, 2, 5], "rotation": 270, "texture": "#0"},
				"east": {"uv": [1, 4, 2, 5], "rotation": 270, "texture": "#0"},
				"south": {"uv": [1, 4, 2, 5], "rotation": 270, "texture": "#0"},
				"west": {"uv": [1, 4, 2, 5], "rotation": 270, "texture": "#0"},
				"up": {"uv": [1, 4, 2, 5], "rotation": 270, "texture": "#0"},
				"down": {"uv": [1.25, 3.25, 1.75, 4], "rotation": 90, "texture": "#0"}
			}
		},
		{
			"from": [6.5, 0, 9],
			"to": [6.75, 0.4, 9.25],
			"faces": {
				"north": {"uv": [1, 4, 2, 5], "rotation": 270, "texture": "#0"},
				"east": {"uv": [1, 4, 2, 5], "rotation": 270, "texture": "#0"},
				"south": {"uv": [1, 4, 2, 5], "rotation": 270, "texture": "#0"},
				"west": {"uv": [1, 4, 2, 5], "rotation": 270, "texture": "#0"},
				"up": {"uv": [1, 4, 2, 5], "rotation": 270, "texture": "#0"},
				"down": {"uv": [1.25, 3.25, 1.75, 4], "rotation": 90, "texture": "#0"}
			}
		},
		{
			"from": [6.5, 0, 9.25],
			"to": [6.75, 0.4, 9.5],
			"faces": {
				"north": {"uv": [1, 3, 1.75, 4], "rotation": 180, "texture": "#0"},
				"east": {"uv": [1, 3, 1.75, 4], "rotation": 180, "texture": "#0"},
				"south": {"uv": [1, 3, 1.75, 4], "rotation": 180, "texture": "#0"},
				"west": {"uv": [1, 3, 1.75, 4], "rotation": 180, "texture": "#0"},
				"up": {"uv": [1, 3, 1.75, 4], "rotation": 180, "texture": "#0"},
				"down": {"uv": [1, 3, 1.75, 4], "rotation": 180, "texture": "#0"}
			}
		},
		{
			"from": [6.75, 0, 6.75],
			"to": [7, 0.4, 7],
			"faces": {
				"north": {"uv": [1, 4, 2, 5], "rotation": 270, "texture": "#0"},
				"east": {"uv": [1, 4, 2, 5], "rotation": 270, "texture": "#0"},
				"south": {"uv": [1, 4, 2, 5], "rotation": 270, "texture": "#0"},
				"west": {"uv": [1, 4, 2, 5], "rotation": 270, "texture": "#0"},
				"up": {"uv": [1, 4, 2, 5], "rotation": 270, "texture": "#0"},
				"down": {"uv": [1.25, 3.25, 1.75, 4], "rotation": 90, "texture": "#0"}
			}
		},
		{
			"from": [6.5, 0, 6.75],
			"to": [6.75, 0.4, 7],
			"faces": {
				"north": {"uv": [1, 4, 2, 5], "rotation": 270, "texture": "#0"},
				"east": {"uv": [1, 4, 2, 5], "rotation": 270, "texture": "#0"},
				"south": {"uv": [1, 4, 2, 5], "rotation": 270, "texture": "#0"},
				"west": {"uv": [1, 4, 2, 5], "rotation": 270, "texture": "#0"},
				"up": {"uv": [1, 4, 2, 5], "rotation": 270, "texture": "#0"},
				"down": {"uv": [1.25, 3.25, 1.75, 4], "rotation": 90, "texture": "#0"}
			}
		},
		{
			"from": [6.5, 0, 6.5],
			"to": [6.75, 0.4, 6.75],
			"faces": {
				"north": {"uv": [1, 3, 1.75, 4], "rotation": 180, "texture": "#0"},
				"east": {"uv": [1, 3, 1.75, 4], "rotation": 180, "texture": "#0"},
				"south": {"uv": [1, 3, 1.75, 4], "rotation": 180, "texture": "#0"},
				"west": {"uv": [1, 3, 1.75, 4], "rotation": 180, "texture": "#0"},
				"up": {"uv": [1, 3, 1.75, 4], "rotation": 180, "texture": "#0"},
				"down": {"uv": [1, 3, 1.75, 4], "rotation": 180, "texture": "#0"}
			}
		},
		{
			"from": [6.75, 0, 6.5],
			"to": [7, 0.4, 6.75],
			"faces": {
				"north": {"uv": [1, 4, 2, 5], "rotation": 270, "texture": "#0"},
				"east": {"uv": [1, 4, 2, 5], "rotation": 270, "texture": "#0"},
				"south": {"uv": [1, 4, 2, 5], "rotation": 270, "texture": "#0"},
				"west": {"uv": [1, 4, 2, 5], "rotation": 270, "texture": "#0"},
				"up": {"uv": [1, 4, 2, 5], "rotation": 270, "texture": "#0"},
				"down": {"uv": [1.25, 3.25, 1.75, 4], "rotation": 90, "texture": "#0"}
			}
		},
		{
			"from": [9.25, 0, 6.75],
			"to": [9.5, 0.4, 7],
			"faces": {
				"north": {"uv": [1, 4, 2, 5], "rotation": 270, "texture": "#0"},
				"east": {"uv": [1, 4, 2, 5], "rotation": 270, "texture": "#0"},
				"south": {"uv": [1, 4, 2, 5], "rotation": 270, "texture": "#0"},
				"west": {"uv": [1, 4, 2, 5], "rotation": 270, "texture": "#0"},
				"up": {"uv": [1, 4, 2, 5], "rotation": 270, "texture": "#0"},
				"down": {"uv": [1.25, 3.25, 1.75, 4], "rotation": 90, "texture": "#0"}
			}
		},
		{
			"from": [9, 0, 6.75],
			"to": [9.25, 0.4, 7],
			"faces": {
				"north": {"uv": [1, 4, 2, 5], "rotation": 270, "texture": "#0"},
				"east": {"uv": [1, 4, 2, 5], "rotation": 270, "texture": "#0"},
				"south": {"uv": [1, 4, 2, 5], "rotation": 270, "texture": "#0"},
				"west": {"uv": [1, 4, 2, 5], "rotation": 270, "texture": "#0"},
				"up": {"uv": [1, 4, 2, 5], "rotation": 270, "texture": "#0"},
				"down": {"uv": [1.25, 3.25, 1.75, 4], "rotation": 90, "texture": "#0"}
			}
		},
		{
			"from": [9, 0, 6.5],
			"to": [9.25, 0.4, 6.75],
			"faces": {
				"north": {"uv": [1, 4, 2, 5], "rotation": 270, "texture": "#0"},
				"east": {"uv": [1, 4, 2, 5], "rotation": 270, "texture": "#0"},
				"south": {"uv": [1, 4, 2, 5], "rotation": 270, "texture": "#0"},
				"west": {"uv": [1, 4, 2, 5], "rotation": 270, "texture": "#0"},
				"up": {"uv": [1, 4, 2, 5], "rotation": 270, "texture": "#0"},
				"down": {"uv": [1.25, 3.25, 1.75, 4], "rotation": 90, "texture": "#0"}
			}
		},
		{
			"from": [9.25, 0, 6.5],
			"to": [9.5, 0.4, 6.75],
			"faces": {
				"north": {"uv": [1, 3, 1.75, 4], "rotation": 180, "texture": "#0"},
				"east": {"uv": [1, 3, 1.75, 4], "rotation": 180, "texture": "#0"},
				"south": {"uv": [1, 3, 1.75, 4], "rotation": 180, "texture": "#0"},
				"west": {"uv": [1, 3, 1.75, 4], "rotation": 180, "texture": "#0"},
				"up": {"uv": [1, 3, 1.75, 4], "rotation": 180, "texture": "#0"},
				"down": {"uv": [1, 3, 1.75, 4], "rotation": 180, "texture": "#0"}
			}
		},
		{
			"from": [9.25, 0, 9.25],
			"to": [9.5, 0.4, 9.5],
			"faces": {
				"north": {"uv": [1, 3, 1.75, 4], "rotation": 180, "texture": "#0"},
				"east": {"uv": [1, 3, 1.75, 4], "rotation": 180, "texture": "#0"},
				"south": {"uv": [1, 3, 1.75, 4], "rotation": 180, "texture": "#0"},
				"west": {"uv": [1, 3, 1.75, 4], "rotation": 180, "texture": "#0"},
				"up": {"uv": [1, 3, 1.75, 4], "rotation": 180, "texture": "#0"},
				"down": {"uv": [1, 3, 1.75, 4], "rotation": 180, "texture": "#0"}
			}
		},
		{
			"from": [9, 0, 9.25],
			"to": [9.25, 0.4, 9.5],
			"faces": {
				"north": {"uv": [1, 4, 2, 5], "rotation": 270, "texture": "#0"},
				"east": {"uv": [1, 4, 2, 5], "rotation": 270, "texture": "#0"},
				"south": {"uv": [1, 4, 2, 5], "rotation": 270, "texture": "#0"},
				"west": {"uv": [1, 4, 2, 5], "rotation": 270, "texture": "#0"},
				"up": {"uv": [1, 4, 2, 5], "rotation": 270, "texture": "#0"},
				"down": {"uv": [1.25, 3.25, 1.75, 4], "rotation": 90, "texture": "#0"}
			}
		},
		{
			"from": [9, 0, 9],
			"to": [9.25, 0.4, 9.25],
			"faces": {
				"north": {"uv": [1, 4, 2, 5], "rotation": 270, "texture": "#0"},
				"east": {"uv": [1, 4, 2, 5], "rotation": 270, "texture": "#0"},
				"south": {"uv": [1, 4, 2, 5], "rotation": 270, "texture": "#0"},
				"west": {"uv": [1, 4, 2, 5], "rotation": 270, "texture": "#0"},
				"up": {"uv": [1, 4, 2, 5], "rotation": 270, "texture": "#0"},
				"down": {"uv": [1.25, 3.25, 1.75, 4], "rotation": 90, "texture": "#0"}
			}
		},
		{
			"from": [9.25, 0, 9],
			"to": [9.5, 0.4, 9.25],
			"faces": {
				"north": {"uv": [1, 4, 2, 5], "rotation": 270, "texture": "#0"},
				"east": {"uv": [1, 4, 2, 5], "rotation": 270, "texture": "#0"},
				"south": {"uv": [1, 4, 2, 5], "rotation": 270, "texture": "#0"},
				"west": {"uv": [1, 4, 2, 5], "rotation": 270, "texture": "#0"},
				"up": {"uv": [1, 4, 2, 5], "rotation": 270, "texture": "#0"},
				"down": {"uv": [1.25, 3.25, 1.75, 4], "rotation": 90, "texture": "#0"}
			}
		},
		{
			"from": [6.25, 0, 9],
			"to": [6.5, 0.4, 9.25],
			"faces": {
				"north": {"uv": [1, 3, 1.75, 4], "rotation": 180, "texture": "#0"},
				"east": {"uv": [1, 3, 1.75, 4], "rotation": 180, "texture": "#0"},
				"south": {"uv": [1, 3, 1.75, 4], "rotation": 180, "texture": "#0"},
				"west": {"uv": [1, 3, 1.75, 4], "rotation": 180, "texture": "#0"},
				"up": {"uv": [1, 3, 1.75, 4], "rotation": 180, "texture": "#0"},
				"down": {"uv": [1, 3, 1.75, 4], "rotation": 180, "texture": "#0"}
			}
		},
		{
			"from": [9, 0, 9.5],
			"to": [9.25, 0.4, 9.75],
			"faces": {
				"north": {"uv": [1, 3, 1.75, 4], "rotation": 180, "texture": "#0"},
				"east": {"uv": [1, 3, 1.75, 4], "rotation": 180, "texture": "#0"},
				"south": {"uv": [1, 3, 1.75, 4], "rotation": 180, "texture": "#0"},
				"west": {"uv": [1, 3, 1.75, 4], "rotation": 180, "texture": "#0"},
				"up": {"uv": [1, 3, 1.75, 4], "rotation": 180, "texture": "#0"},
				"down": {"uv": [1, 3, 1.75, 4], "rotation": 180, "texture": "#0"}
			}
		},
		{
			"from": [9.5, 0, 9],
			"to": [9.75, 0.4, 9.25],
			"faces": {
				"north": {"uv": [1, 3, 1.75, 4], "rotation": 180, "texture": "#0"},
				"east": {"uv": [1, 3, 1.75, 4], "rotation": 180, "texture": "#0"},
				"south": {"uv": [1, 3, 1.75, 4], "rotation": 180, "texture": "#0"},
				"west": {"uv": [1, 3, 1.75, 4], "rotation": 180, "texture": "#0"},
				"up": {"uv": [1, 3, 1.75, 4], "rotation": 180, "texture": "#0"},
				"down": {"uv": [1, 3, 1.75, 4], "rotation": 180, "texture": "#0"}
			}
		},
		{
			"from": [9.5, 0, 6.75],
			"to": [9.75, 0.4, 7],
			"faces": {
				"north": {"uv": [1, 3, 1.75, 4], "rotation": 180, "texture": "#0"},
				"east": {"uv": [1, 3, 1.75, 4], "rotation": 180, "texture": "#0"},
				"south": {"uv": [1, 3, 1.75, 4], "rotation": 180, "texture": "#0"},
				"west": {"uv": [1, 3, 1.75, 4], "rotation": 180, "texture": "#0"},
				"up": {"uv": [1, 3, 1.75, 4], "rotation": 180, "texture": "#0"},
				"down": {"uv": [1, 3, 1.75, 4], "rotation": 180, "texture": "#0"}
			}
		},
		{
			"from": [6.75, 0, 6.25],
			"to": [7, 0.4, 6.5],
			"faces": {
				"north": {"uv": [1, 3, 1.75, 4], "rotation": 180, "texture": "#0"},
				"east": {"uv": [1, 3, 1.75, 4], "rotation": 180, "texture": "#0"},
				"south": {"uv": [1, 3, 1.75, 4], "rotation": 180, "texture": "#0"},
				"west": {"uv": [1, 3, 1.75, 4], "rotation": 180, "texture": "#0"},
				"up": {"uv": [1, 3, 1.75, 4], "rotation": 180, "texture": "#0"},
				"down": {"uv": [1, 3, 1.75, 4], "rotation": 180, "texture": "#0"}
			}
		},
		{
			"from": [7, 0.2, 6.5],
			"to": [7.25, 0.4, 6.75],
			"faces": {
				"north": {"uv": [1, 4, 2, 5], "rotation": 270, "texture": "#0"},
				"east": {"uv": [1, 4, 2, 5], "rotation": 270, "texture": "#0"},
				"south": {"uv": [1, 4, 2, 5], "rotation": 270, "texture": "#0"},
				"west": {"uv": [1, 4, 2, 5], "rotation": 270, "texture": "#0"},
				"up": {"uv": [1, 4, 2, 5], "rotation": 270, "texture": "#0"},
				"down": {"uv": [1, 4, 2, 5], "rotation": 270, "texture": "#0"}
			}
		},
		{
			"from": [6.5, 0.2, 7],
			"to": [6.75, 0.4, 7.25],
			"faces": {
				"north": {"uv": [1, 4, 2, 5], "rotation": 270, "texture": "#0"},
				"east": {"uv": [1, 4, 2, 5], "rotation": 270, "texture": "#0"},
				"south": {"uv": [1, 4, 2, 5], "rotation": 270, "texture": "#0"},
				"west": {"uv": [1, 4, 2, 5], "rotation": 270, "texture": "#0"},
				"up": {"uv": [1, 4, 2, 5], "rotation": 270, "texture": "#0"},
				"down": {"uv": [1, 4, 2, 5], "rotation": 270, "texture": "#0"}
			}
		},
		{
			"from": [8.75, 0.2, 6.5],
			"to": [9, 0.4, 6.75],
			"faces": {
				"north": {"uv": [1, 4, 2, 5], "rotation": 270, "texture": "#0"},
				"east": {"uv": [1, 4, 2, 5], "rotation": 270, "texture": "#0"},
				"south": {"uv": [1, 4, 2, 5], "rotation": 270, "texture": "#0"},
				"west": {"uv": [1, 4, 2, 5], "rotation": 270, "texture": "#0"},
				"up": {"uv": [1, 4, 2, 5], "rotation": 270, "texture": "#0"},
				"down": {"uv": [1, 4, 2, 5], "rotation": 270, "texture": "#0"}
			}
		},
		{
			"from": [9.25, 0.2, 7],
			"to": [9.5, 0.4, 7.25],
			"faces": {
				"north": {"uv": [1, 4, 2, 5], "rotation": 270, "texture": "#0"},
				"east": {"uv": [1, 4, 2, 5], "rotation": 270, "texture": "#0"},
				"south": {"uv": [1, 4, 2, 5], "rotation": 270, "texture": "#0"},
				"west": {"uv": [1, 4, 2, 5], "rotation": 270, "texture": "#0"},
				"up": {"uv": [1, 4, 2, 5], "rotation": 270, "texture": "#0"},
				"down": {"uv": [1, 4, 2, 5], "rotation": 270, "texture": "#0"}
			}
		},
		{
			"from": [9.25, 0.2, 8.75],
			"to": [9.5, 0.4, 9],
			"faces": {
				"north": {"uv": [1, 4, 2, 5], "rotation": 270, "texture": "#0"},
				"east": {"uv": [1, 4, 2, 5], "rotation": 270, "texture": "#0"},
				"south": {"uv": [1, 4, 2, 5], "rotation": 270, "texture": "#0"},
				"west": {"uv": [1, 4, 2, 5], "rotation": 270, "texture": "#0"},
				"up": {"uv": [1, 4, 2, 5], "rotation": 270, "texture": "#0"},
				"down": {"uv": [1, 4, 2, 5], "rotation": 270, "texture": "#0"}
			}
		},
		{
			"from": [8.75, 0.2, 9.25],
			"to": [9, 0.4, 9.5],
			"faces": {
				"north": {"uv": [1, 4, 2, 5], "rotation": 270, "texture": "#0"},
				"east": {"uv": [1, 4, 2, 5], "rotation": 270, "texture": "#0"},
				"south": {"uv": [1, 4, 2, 5], "rotation": 270, "texture": "#0"},
				"west": {"uv": [1, 4, 2, 5], "rotation": 270, "texture": "#0"},
				"up": {"uv": [1, 4, 2, 5], "rotation": 270, "texture": "#0"},
				"down": {"uv": [1, 4, 2, 5], "rotation": 270, "texture": "#0"}
			}
		},
		{
			"from": [7, 0.2, 9.25],
			"to": [7.25, 0.4, 9.5],
			"faces": {
				"north": {"uv": [1, 4, 2, 5], "rotation": 270, "texture": "#0"},
				"east": {"uv": [1, 4, 2, 5], "rotation": 270, "texture": "#0"},
				"south": {"uv": [1, 4, 2, 5], "rotation": 270, "texture": "#0"},
				"west": {"uv": [1, 4, 2, 5], "rotation": 270, "texture": "#0"},
				"up": {"uv": [1, 4, 2, 5], "rotation": 270, "texture": "#0"},
				"down": {"uv": [1, 4, 2, 5], "rotation": 270, "texture": "#0"}
			}
		},
		{
			"from": [8.75, 0.2, 7.25],
			"to": [9, 0.4, 8.5],
			"faces": {
				"north": {"uv": [1, 11, 2, 12], "texture": "#0"},
				"east": {"uv": [1, 8, 2, 12], "rotation": 90, "texture": "#0"},
				"south": {"uv": [1, 11, 2, 12], "texture": "#0"},
				"west": {"uv": [1, 8, 2, 12], "rotation": 90, "texture": "#0"},
				"up": {"uv": [1, 8, 2, 12], "texture": "#0"},
				"down": {"uv": [1, 8, 2, 12], "texture": "#0"}
			}
		},
		{
			"from": [8.25, 0.2, 7.25],
			"to": [8.5, 0.4, 8.5],
			"faces": {
				"north": {"uv": [1, 11, 2, 12], "texture": "#0"},
				"east": {"uv": [1, 8, 2, 12], "rotation": 90, "texture": "#0"},
				"south": {"uv": [1, 11, 2, 12], "texture": "#0"},
				"west": {"uv": [1, 8, 2, 12], "rotation": 90, "texture": "#0"},
				"up": {"uv": [1, 8, 2, 12], "texture": "#0"},
				"down": {"uv": [1, 8, 2, 12], "texture": "#0"}
			}
		},
		{
			"from": [7.5, 0.2, 7.25],
			"to": [7.75, 0.4, 8.75],
			"faces": {
				"north": {"uv": [1, 7, 1.75, 8], "texture": "#0"},
				"east": {"uv": [1, 7, 2, 13], "rotation": 90, "texture": "#0"},
				"south": {"uv": [1, 12, 2, 13], "texture": "#0"},
				"west": {"uv": [1.25, 7, 1.75, 13], "rotation": 270, "texture": "#0"},
				"up": {"uv": [1.25, 7, 2, 13], "texture": "#0"},
				"down": {"uv": [1, 7, 2, 13], "texture": "#0"}
			}
		},
		{
			"from": [7, 0.2, 7.25],
			"to": [7.25, 0.4, 8.75],
			"faces": {
				"north": {"uv": [1.25, 7, 1.75, 8], "texture": "#0"},
				"east": {"uv": [1.25, 7, 1.75, 13], "rotation": 90, "texture": "#0"},
				"south": {"uv": [1, 12, 2, 13], "texture": "#0"},
				"west": {"uv": [1, 7, 2, 13], "rotation": 270, "texture": "#0"},
				"up": {"uv": [1.25, 7, 1.75, 13], "texture": "#0"},
				"down": {"uv": [1, 7, 2, 13], "texture": "#0"}
			}
		},
		{
			"from": [8.5, 0.2, 7.75],
			"to": [8.75, 0.4, 8],
			"faces": {
				"north": {"uv": [1, 10, 2, 11], "texture": "#0"},
				"east": {"uv": [1, 9, 2, 11], "texture": "#0"},
				"south": {"uv": [1, 9, 2, 10], "texture": "#0"},
				"west": {"uv": [1, 9, 2, 11], "texture": "#0"},
				"up": {"uv": [1, 9, 2, 11], "texture": "#0"},
				"down": {"uv": [1, 9, 2, 11], "texture": "#0"}
			}
		},
		{
			"from": [8.5, 0.2, 8.5],
			"to": [8.75, 0.4, 8.75],
			"faces": {
				"north": {"uv": [1, 7, 2, 8], "texture": "#0"},
				"east": {"uv": [1, 7, 2, 8], "texture": "#0"},
				"south": {"uv": [1, 7, 2, 8], "texture": "#0"},
				"west": {"uv": [1, 7, 2, 8], "texture": "#0"},
				"up": {"uv": [1, 7, 2, 8], "texture": "#0"},
				"down": {"uv": [1, 7, 2, 8], "texture": "#0"}
			}
		},
		{
			"from": [7.25, 0.2, 7.25],
			"to": [7.5, 0.4, 7.5],
			"faces": {
				"north": {"uv": [1, 7, 1.75, 8], "texture": "#0"},
				"east": {"uv": [1, 7, 2, 8], "texture": "#0"},
				"south": {"uv": [1.25, 7, 1.75, 8], "texture": "#0"},
				"west": {"uv": [1, 7, 2, 8], "texture": "#0"},
				"up": {"uv": [1.25, 7, 1.75, 8], "texture": "#0"},
				"down": {"uv": [1, 7, 2, 8], "texture": "#0"}
			}
		},
		{
			"from": [6.5, 0.2, 8.75],
			"to": [6.75, 0.4, 9],
			"faces": {
				"north": {"uv": [1, 4, 2, 5], "rotation": 270, "texture": "#0"},
				"east": {"uv": [1, 4, 2, 5], "rotation": 270, "texture": "#0"},
				"south": {"uv": [1, 4, 2, 5], "rotation": 270, "texture": "#0"},
				"west": {"uv": [1, 4, 2, 5], "rotation": 270, "texture": "#0"},
				"up": {"uv": [1, 4, 2, 5], "rotation": 270, "texture": "#0"},
				"down": {"uv": [1, 4, 2, 5], "rotation": 270, "texture": "#0"}
			}
		},
		{
			"from": [6.25, 0, 6.75],
			"to": [6.5, 0.4, 7],
			"faces": {
				"north": {"uv": [1, 3, 1.75, 4], "rotation": 180, "texture": "#0"},
				"east": {"uv": [1, 3, 1.75, 4], "rotation": 180, "texture": "#0"},
				"south": {"uv": [1, 3, 1.75, 4], "rotation": 180, "texture": "#0"},
				"west": {"uv": [1, 3, 1.75, 4], "rotation": 180, "texture": "#0"},
				"up": {"uv": [1, 3, 1.75, 4], "rotation": 180, "texture": "#0"},
				"down": {"uv": [1, 3, 1.75, 4], "rotation": 180, "texture": "#0"}
			}
		},
		{
			"from": [9, 0, 6.25],
			"to": [9.25, 0.4, 6.5],
			"faces": {
				"north": {"uv": [1, 3, 1.75, 4], "rotation": 180, "texture": "#0"},
				"east": {"uv": [1, 3, 1.75, 4], "rotation": 180, "texture": "#0"},
				"south": {"uv": [1, 3, 1.75, 4], "rotation": 180, "texture": "#0"},
				"west": {"uv": [1, 3, 1.75, 4], "rotation": 180, "texture": "#0"},
				"up": {"uv": [1, 3, 1.75, 4], "rotation": 180, "texture": "#0"},
				"down": {"uv": [1, 3, 1.75, 4], "rotation": 180, "texture": "#0"}
			}
		}
	],
	"display": {
		"thirdperson_righthand": {
			"rotation": [0, -180, 0],
			"translation": [0, 6.25, 1.5],
			"scale": [0.75, 0.75, 0.75]
		},
		"thirdperson_lefthand": {
			"rotation": [0, -180, 0],
			"translation": [0, 6.25, 1.5],
			"scale": [0.75, 0.75, 0.75]
		},
		"firstperson_righthand": {
			"rotation": [60, -180, 0],
			"translation": [-3, 6, 7.75],
			"scale": [0.5, 0.5, 0.5]
		},
		"firstperson_lefthand": {
			"rotation": [60, -180, 0],
			"translation": [-3, 6, 7.75],
			"scale": [0.5, 0.5, 0.5]
		},
		"ground": {
			"translation": [0, 8.25, 0.25],
			"scale": [1.5, 1.5, 1.5]
		},
		"gui": {
			"rotation": [90, -180, 0],
			"translation": [0, -0.25, -12],
			"scale": [3, 3, 3]
		},
		"head": {
			"rotation": [-90, 0, 0],
			"translation": [0, 4.5, -14.3]
		},
		"fixed": {
			"rotation": [-90, 0, 0],
			"translation": [0, -0.25, -12],
			"scale": [1.5, 1.5, 1.5]
		}
	}
}