{
	"credit": "Made with Blockbench",
	"textures": {
		"0": "item/cit/amber",
		"1": "item/cit/titanium",
		"2": "item/cookie",
		"3": "item/cit/trophylore",
		"4": "block/gold_block",
		"particle": "item/cit/amber"
	},
	"elements": [
		{
			"from": [4, 0, 4],
			"to": [12, 1, 12],
			"faces": {
				"north": {"uv": [1, 1.25, 8, 1.75], "texture": "#0"},
				"east": {"uv": [1, 1.25, 8, 1.75], "texture": "#0"},
				"south": {"uv": [1, 1.25, 8, 1.75], "texture": "#0"},
				"west": {"uv": [1, 1.25, 8, 1.75], "texture": "#0"},
				"up": {"uv": [1, 1.25, 8, 1.75], "texture": "#0"},
				"down": {"uv": [1, 1.25, 8, 1.75], "texture": "#0"}
			}
		},
		{
			"from": [4.25, 1, 4.25],
			"to": [11.75, 1.5, 11.75],
			"faces": {
				"north": {"uv": [1, 1.25, 8, 1.75], "texture": "#0"},
				"east": {"uv": [1, 1.25, 8, 1.75], "texture": "#0"},
				"south": {"uv": [1, 1.25, 8, 1.75], "texture": "#0"},
				"west": {"uv": [1, 1.25, 8, 1.75], "texture": "#0"},
				"up": {"uv": [1, 1.25, 8, 1.75], "texture": "#0"},
				"down": {"uv": [1, 1.25, 8, 1.75], "texture": "#0"}
			}
		},
		{
			"from": [4.25, 3.5, 4.25],
			"to": [11.75, 4, 11.75],
			"faces": {
				"north": {"uv": [1, 1.25, 8, 1.75], "texture": "#0"},
				"east": {"uv": [1, 1.25, 8, 1.75], "texture": "#0"},
				"south": {"uv": [1, 1.25, 8, 1.75], "texture": "#0"},
				"west": {"uv": [1, 1.25, 8, 1.75], "texture": "#0"},
				"up": {"uv": [1, 1.25, 8, 1.75], "texture": "#0"},
				"down": {"uv": [1, 1.25, 8, 1.75], "texture": "#0"}
			}
		},
		{
			"from": [4.25, 1.75, 4.25],
			"to": [11.75, 3.25, 11.75],
			"faces": {
				"north": {"uv": [1, 1.25, 8, 1.75], "texture": "#0"},
				"east": {"uv": [1, 1.25, 8, 1.75], "texture": "#0"},
				"south": {"uv": [1, 1.25, 8, 1.75], "texture": "#0"},
				"west": {"uv": [1, 1.25, 8, 1.75], "texture": "#0"},
				"up": {"uv": [1, 1.25, 8, 1.75], "texture": "#0"},
				"down": {"uv": [1, 1.25, 8, 1.75], "texture": "#0"}
			}
		},
		{
			"from": [4.25, 1.75, 4.24],
			"to": [5.75, 3.25, 4.25],
			"faces": {
				"north": {"uv": [0, 0, 16, 16], "texture": "#2"},
				"east": {"uv": [0, 0, 0, 0], "texture": "#2"},
				"south": {"uv": [0, 0, 0, 0], "texture": "#2"},
				"west": {"uv": [0, 0, 0, 0], "texture": "#2"},
				"up": {"uv": [0, 0, 0, 0], "texture": "#2"},
				"down": {"uv": [0, 0, 0, 0], "texture": "#2"}
			}
		},
		{
			"from": [10.25, 1.75, 4.24],
			"to": [11.75, 3.25, 4.25],
			"faces": {
				"north": {"uv": [0, 0, 16, 16], "texture": "#2"},
				"east": {"uv": [0, 0, 0, 0], "texture": "#2"},
				"south": {"uv": [0, 0, 0, 0], "texture": "#2"},
				"west": {"uv": [0, 0, 0, 0], "texture": "#2"},
				"up": {"uv": [0, 0, 0, 0], "texture": "#2"},
				"down": {"uv": [0, 0, 0, 0], "texture": "#2"}
			}
		},
		{
			"from": [4, 3.25, 4],
			"to": [12, 3.5, 12],
			"faces": {
				"north": {"uv": [1, 1.25, 8, 1.75], "texture": "#0"},
				"east": {"uv": [1, 1.25, 8, 1.75], "texture": "#0"},
				"south": {"uv": [1, 1.25, 8, 1.75], "texture": "#0"},
				"west": {"uv": [1, 1.25, 8, 1.75], "texture": "#0"},
				"up": {"uv": [1, 1.25, 8, 1.75], "texture": "#0"},
				"down": {"uv": [1, 1.25, 8, 1.75], "texture": "#0"}
			}
		},
		{
			"from": [5.75, 3.05, 4],
			"to": [10.25, 3.15, 4.25],
			"faces": {
				"north": {"uv": [1, 1.25, 8, 1.75], "texture": "#1"},
				"east": {"uv": [1, 1.25, 8, 1.75], "texture": "#1"},
				"south": {"uv": [1, 1.25, 8, 1.75], "texture": "#1"},
				"west": {"uv": [1, 1.25, 8, 1.75], "texture": "#1"},
				"up": {"uv": [1, 1.25, 8, 1.75], "texture": "#1"},
				"down": {"uv": [1, 1.25, 8, 1.75], "texture": "#1"}
			}
		},
		{
			"from": [10, 1.95, 4],
			"to": [10.25, 3.05, 4.25],
			"faces": {
				"north": {"uv": [1, 1.25, 1.5, 1.75], "texture": "#1"},
				"east": {"uv": [1, 1.25, 1.5, 1.75], "texture": "#1"},
				"south": {"uv": [1, 1.25, 1.5, 1.75], "texture": "#1"},
				"west": {"uv": [1, 1.25, 1.5, 1.75], "texture": "#1"},
				"up": {"uv": [1, 1.25, 1.5, 1.75], "texture": "#1"},
				"down": {"uv": [1, 1.25, 1.5, 1.75], "texture": "#1"}
			}
		},
		{
			"from": [6, 1.95, 4.15],
			"to": [10, 3.05, 4.25],
			"faces": {
				"north": {"uv": [1.5, 1.25, 7.5, 1.75], "texture": "#1"},
				"east": {"uv": [1.5, 1.25, 7.5, 1.75], "texture": "#1"},
				"south": {"uv": [1.5, 1.25, 7.5, 1.75], "texture": "#1"},
				"west": {"uv": [1.5, 1.25, 7.5, 1.75], "texture": "#1"},
				"up": {"uv": [1.5, 1.25, 7.5, 1.75], "texture": "#1"},
				"down": {"uv": [1.5, 1.25, 7.5, 1.75], "texture": "#1"}
			}
		},
		{
			"from": [6, 1.95, 4.14],
			"to": [10, 3.05, 4.15],
			"faces": {
				"north": {"uv": [1.24, 6.135, 14.57, 9.2025], "texture": "#3"},
				"east": {"uv": [0, 0, 0, 0], "texture": "#3"},
				"south": {"uv": [0, 0, 0, 0], "texture": "#3"},
				"west": {"uv": [0, 0, 0, 0], "texture": "#3"},
				"up": {"uv": [0, 0, 0, 0], "texture": "#3"},
				"down": {"uv": [0, 0, 0, 0], "texture": "#3"}
			}
		},
		{
			"from": [5.75, 1.95, 4],
			"to": [6, 3.05, 4.25],
			"faces": {
				"north": {"uv": [7.25, 1.25, 7.75, 1.75], "texture": "#1"},
				"east": {"uv": [7.25, 1.25, 7.75, 1.75], "texture": "#1"},
				"south": {"uv": [7.25, 1.25, 7.75, 1.75], "texture": "#1"},
				"west": {"uv": [7.25, 1.25, 7.75, 1.75], "texture": "#1"},
				"up": {"uv": [7.25, 1.25, 7.75, 1.75], "texture": "#1"},
				"down": {"uv": [7.25, 1.25, 7.75, 1.75], "texture": "#1"}
			}
		},
		{
			"from": [5.75, 1.85, 4],
			"to": [10.25, 1.95, 4.25],
			"faces": {
				"north": {"uv": [1, 1.25, 8, 1.75], "texture": "#1"},
				"east": {"uv": [1, 1.25, 8, 1.75], "texture": "#1"},
				"south": {"uv": [1, 1.25, 8, 1.75], "texture": "#1"},
				"west": {"uv": [1, 1.25, 8, 1.75], "texture": "#1"},
				"up": {"uv": [1, 1.25, 8, 1.75], "texture": "#1"},
				"down": {"uv": [1, 1.25, 8, 1.75], "texture": "#1"}
			}
		},
		{
			"from": [4, 1.5, 4],
			"to": [12, 1.75, 12],
			"faces": {
				"north": {"uv": [1, 1.25, 8, 1.75], "texture": "#0"},
				"east": {"uv": [1, 1.25, 8, 1.75], "texture": "#0"},
				"south": {"uv": [1, 1.25, 8, 1.75], "texture": "#0"},
				"west": {"uv": [1, 1.25, 8, 1.75], "texture": "#0"},
				"up": {"uv": [1, 1.25, 8, 1.75], "texture": "#0"},
				"down": {"uv": [1, 1.25, 8, 1.75], "texture": "#0"}
			}
		},
		{
			"from": [4, 4, 4],
			"to": [12, 5, 12],
			"faces": {
				"north": {"uv": [1, 1.25, 8, 1.5], "texture": "#0"},
				"east": {"uv": [1, 1.25, 8, 1.5], "texture": "#0"},
				"south": {"uv": [1, 1.25, 8, 1.5], "texture": "#0"},
				"west": {"uv": [1, 1.25, 8, 1.5], "texture": "#0"},
				"up": {"uv": [1, 1.25, 8, 1.5], "texture": "#0"},
				"down": {"uv": [1, 1.25, 8, 1.5], "texture": "#0"}
			}
		},
		{
			"from": [5, 5, 5],
			"to": [11, 11, 11],
			"faces": {
				"north": {"uv": [0, 0, 16, 16], "texture": "#4"},
				"east": {"uv": [0, 0, 16, 16], "texture": "#4"},
				"south": {"uv": [0, 0, 16, 16], "texture": "#4"},
				"west": {"uv": [0, 0, 16, 16], "texture": "#4"},
				"up": {"uv": [0, 0, 16, 16], "texture": "#4"},
				"down": {"uv": [0, 0, 16, 16], "texture": "#4"}
			}
		}
	],
	"display": {
		"thirdperson_righthand": {
			"translation": [0, 3.5, 0]
		},
		"thirdperson_lefthand": {
			"translation": [0, 3.5, 0]
		},
		"firstperson_righthand": {
			"rotation": [0, 180, 0],
			"translation": [0, 10, -4]
		},
		"firstperson_lefthand": {
			"rotation": [0, 180, 0],
			"translation": [0, 10, -4]
		},
		"gui": {
			"rotation": [0, 180, 0]
		},
		"head": {
			"translation": [0, 7.25, 0],
			"scale": [1.5, 1.5, 1.5]
		}
	}
}