{
	"credit": "Made with Blockbench",
	"textures": {
		"1": "item/cit/tetu",
		"3": "item/cit/emerald",
		"4": "item/cit/ana"
	},
	"elements": [
		{
			"from": [8.25, 5.25, 1.75],
			"to": [8.5, 5.75, 2],
			"faces": {
				"north": {"uv": [2, 2, 14, 14], "texture": "#1"},
				"east": {"uv": [2, 2, 14, 14], "texture": "#1"},
				"up": {"uv": [2, 2, 14, 14], "texture": "#1"},
				"down": {"uv": [2, 2, 14, 14], "texture": "#1"}
			}
		},
		{
			"from": [8.25, 5.25, 3.5],
			"to": [8.5, 5.75, 3.75],
			"faces": {
				"east": {"uv": [2, 2, 14, 14], "texture": "#1"},
				"up": {"uv": [2, 2, 14, 14], "texture": "#1"},
				"down": {"uv": [2, 2, 14, 14], "texture": "#1"}
			}
		},
		{
			"from": [7.5, 4, 3.75],
			"to": [8.5, 6, 4.25],
			"faces": {
				"north": {"uv": [2, 2, 14, 14], "texture": "#1"},
				"east": {"uv": [2, 2, 14, 14], "texture": "#1"},
				"south": {"uv": [2, 2, 14, 14], "texture": "#1"},
				"west": {"uv": [2, 2, 14, 14], "texture": "#1"},
				"up": {"uv": [2, 2, 14, 14], "texture": "#1"},
				"down": {"uv": [2, 2, 14, 14], "texture": "#1"}
			}
		},
		{
			"from": [7.5, 4, 4.75],
			"to": [8.5, 6, 5.25],
			"faces": {
				"north": {"uv": [2, 2, 14, 14], "texture": "#1"},
				"east": {"uv": [2, 2, 14, 14], "texture": "#1"},
				"west": {"uv": [2, 2, 14, 14], "texture": "#1"},
				"up": {"uv": [2, 2, 14, 14], "texture": "#1"},
				"down": {"uv": [2, 2, 14, 14], "texture": "#1"}
			}
		},
		{
			"from": [7.5, 5, 8],
			"to": [8.5, 5.5, 8.25],
			"faces": {
				"north": {"uv": [13, 7.5, 14, 8.5], "texture": "#1"},
				"east": {"uv": [13, 7.5, 14, 8.5], "texture": "#1"},
				"west": {"uv": [13, 7.5, 14, 8.5], "texture": "#1"}
			}
		},
		{
			"from": [7.5, 5, 7.5],
			"to": [8.5, 5.5, 7.75],
			"faces": {
				"north": {"uv": [11, 7.5, 12, 8.5], "texture": "#1"},
				"east": {"uv": [11, 7.5, 12, 8.5], "texture": "#1"},
				"south": {"uv": [11, 7.5, 12, 8.5], "texture": "#1"},
				"west": {"uv": [11, 7.5, 12, 8.5], "texture": "#1"}
			}
		},
		{
			"from": [7.5, 5, 6.5],
			"to": [8.5, 5.5, 6.75],
			"faces": {
				"north": {"uv": [7, 7.5, 8, 8.5], "texture": "#1"},
				"east": {"uv": [7, 7.5, 8, 8.5], "texture": "#1"},
				"south": {"uv": [7, 7.5, 8, 8.5], "texture": "#1"},
				"west": {"uv": [7, 7.5, 8, 8.5], "texture": "#1"}
			}
		},
		{
			"from": [7.5, 5, 7],
			"to": [8.5, 5.5, 7.25],
			"faces": {
				"north": {"uv": [9, 7.5, 10, 8.5], "texture": "#1"},
				"east": {"uv": [9, 7.5, 10, 8.5], "texture": "#1"},
				"south": {"uv": [9, 7.5, 10, 8.5], "texture": "#1"},
				"west": {"uv": [9, 7.5, 10, 8.5], "texture": "#1"}
			}
		},
		{
			"from": [7.5, 5, 5.25],
			"to": [8.5, 5.5, 5.75],
			"faces": {
				"east": {"uv": [2, 2, 14, 14], "texture": "#1"},
				"south": {"uv": [2, 2, 14, 14], "texture": "#1"},
				"west": {"uv": [2, 7.5, 4, 8.5], "texture": "#1"}
			}
		},
		{
			"from": [7.5, 5, 6],
			"to": [8.5, 5.5, 6.25],
			"faces": {
				"north": {"uv": [5, 7.5, 6, 8.5], "texture": "#1"},
				"east": {"uv": [5, 7.5, 6, 8.5], "texture": "#1"},
				"south": {"uv": [5, 7.5, 6, 8.5], "texture": "#1"},
				"west": {"uv": [5, 7.5, 6, 8.5], "texture": "#1"}
			}
		},
		{
			"from": [7.5, 4.25, 8.25],
			"to": [8.5, 6, 8.75],
			"faces": {
				"east": {"uv": [2, 2, 14, 14], "texture": "#1"},
				"south": {"uv": [2, 2, 14, 14], "texture": "#1"},
				"west": {"uv": [2, 2, 14, 14], "texture": "#1"},
				"up": {"uv": [2, 2, 14, 14], "texture": "#1"},
				"down": {"uv": [2, 2, 14, 14], "texture": "#1"}
			}
		},
		{
			"from": [7.5, 4.25, 10.25],
			"to": [8.5, 4.75, 11.75],
			"faces": {
				"north": {"uv": [2, 2, 14, 14], "texture": "#1"},
				"east": {"uv": [2, 2, 14, 14], "texture": "#1"},
				"south": {"uv": [2, 2, 14, 14], "texture": "#1"},
				"west": {"uv": [2, 2, 14, 14], "texture": "#1"},
				"down": {"uv": [2, 2, 14, 14], "texture": "#1"}
			}
		},
		{
			"from": [7.7, 3.75, 7],
			"to": [8.3, 4.25, 7.8],
			"faces": {
				"north": {"uv": [2, 2, 14, 14], "texture": "#1"},
				"east": {"uv": [2, 2, 14, 14], "texture": "#1"},
				"south": {"uv": [2, 2, 14, 14], "texture": "#1"},
				"west": {"uv": [2, 2, 14, 14], "texture": "#1"}
			}
		},
		{
			"from": [7.7, 3.5, 6.45],
			"to": [8.3, 3.75, 7.25],
			"faces": {
				"north": {"uv": [2, 2, 14, 14], "texture": "#1"},
				"east": {"uv": [2, 2, 14, 14], "texture": "#1"},
				"west": {"uv": [2, 2, 14, 14], "texture": "#1"},
				"up": {"uv": [2, 2, 14, 14], "texture": "#1"},
				"down": {"uv": [2, 2, 14, 14], "texture": "#1"}
			}
		},
		{
			"from": [7.7, 3.75, 6.2],
			"to": [8.3, 4.5, 6.45],
			"faces": {
				"north": {"uv": [2, 2, 14, 14], "texture": "#1"},
				"east": {"uv": [2, 2, 14, 14], "texture": "#1"},
				"south": {"uv": [2, 2, 14, 14], "texture": "#1"},
				"west": {"uv": [2, 2, 14, 14], "texture": "#1"},
				"down": {"uv": [2, 2, 14, 14], "texture": "#1"}
			}
		},
		{
			"from": [7.7, 3.25, 7.25],
			"to": [8.3, 3.75, 8.05],
			"faces": {
				"north": {"uv": [2, 2, 14, 14], "texture": "#1"},
				"east": {"uv": [2, 2, 14, 14], "texture": "#1"},
				"south": {"uv": [2, 2, 14, 14], "texture": "#1"},
				"west": {"uv": [2, 2, 14, 14], "texture": "#1"},
				"up": {"uv": [2, 2, 14, 14], "texture": "#1"},
				"down": {"uv": [2, 2, 14, 14], "texture": "#1"}
			}
		},
		{
			"from": [7.7, 2.75, 7.5],
			"to": [8.3, 3.25, 8.3],
			"faces": {
				"north": {"uv": [2, 2, 14, 14], "texture": "#1"},
				"east": {"uv": [2, 2, 14, 14], "texture": "#1"},
				"south": {"uv": [2, 2, 14, 14], "texture": "#1"},
				"west": {"uv": [2, 2, 14, 14], "texture": "#1"},
				"up": {"uv": [2, 2, 14, 14], "texture": "#1"},
				"down": {"uv": [2, 2, 14, 14], "texture": "#1"}
			}
		},
		{
			"from": [7.7, 2.25, 7.75],
			"to": [8.3, 2.75, 8.55],
			"faces": {
				"north": {"uv": [2, 2, 14, 14], "texture": "#1"},
				"east": {"uv": [2, 2, 14, 14], "texture": "#1"},
				"south": {"uv": [2, 2, 14, 14], "texture": "#1"},
				"west": {"uv": [2, 2, 14, 14], "texture": "#1"},
				"up": {"uv": [2, 2, 14, 14], "texture": "#1"},
				"down": {"uv": [2, 2, 14, 14], "texture": "#1"}
			}
		},
		{
			"from": [7.5, 3.75, 10.5],
			"to": [8.5, 4.25, 12],
			"faces": {
				"north": {"uv": [2, 2, 14, 14], "texture": "#1"},
				"east": {"uv": [2, 2, 14, 14], "texture": "#1"},
				"south": {"uv": [2, 2, 14, 14], "texture": "#1"},
				"west": {"uv": [2, 2, 14, 14], "texture": "#1"},
				"up": {"uv": [2, 2, 14, 14], "texture": "#1"},
				"down": {"uv": [2, 2, 14, 14], "texture": "#1"}
			}
		},
		{
			"from": [7.5, 3.75, 10.375],
			"to": [8.5, 4, 10.5],
			"faces": {
				"north": {"uv": [2, 2, 14, 14], "texture": "#1"},
				"east": {"uv": [2, 2, 14, 14], "texture": "#1"},
				"west": {"uv": [2, 2, 14, 14], "texture": "#1"},
				"up": {"uv": [2, 2, 14, 14], "texture": "#1"},
				"down": {"uv": [2, 2, 14, 14], "texture": "#1"}
			}
		},
		{
			"from": [7.5, 4.25, 10.125],
			"to": [8.5, 4.5, 10.25],
			"faces": {
				"north": {"uv": [2, 2, 14, 14], "texture": "#1"},
				"east": {"uv": [2, 2, 14, 14], "texture": "#1"},
				"west": {"uv": [2, 2, 14, 14], "texture": "#1"},
				"up": {"uv": [2, 2, 14, 14], "texture": "#1"},
				"down": {"uv": [2, 2, 14, 14], "texture": "#1"}
			}
		},
		{
			"from": [7.5, 3.25, 10.625],
			"to": [8.5, 3.5, 10.75],
			"faces": {
				"north": {"uv": [2, 2, 14, 14], "texture": "#1"},
				"east": {"uv": [2, 2, 14, 14], "texture": "#1"},
				"west": {"uv": [2, 2, 14, 14], "texture": "#1"},
				"up": {"uv": [2, 2, 14, 14], "texture": "#1"},
				"down": {"uv": [2, 2, 14, 14], "texture": "#1"}
			}
		},
		{
			"from": [7.5, 2.75, 10.875],
			"to": [8.5, 3, 11],
			"faces": {
				"north": {"uv": [2, 2, 14, 14], "texture": "#1"},
				"east": {"uv": [2, 2, 14, 14], "texture": "#1"},
				"west": {"uv": [2, 2, 14, 14], "texture": "#1"},
				"up": {"uv": [2, 2, 14, 14], "texture": "#1"},
				"down": {"uv": [2, 2, 14, 14], "texture": "#1"}
			}
		},
		{
			"from": [7.7, 2.25, 7.625],
			"to": [8.3, 2.5, 7.75],
			"faces": {
				"north": {"uv": [2, 2, 14, 14], "texture": "#1"},
				"east": {"uv": [2, 2, 14, 14], "texture": "#1"},
				"west": {"uv": [2, 2, 14, 14], "texture": "#1"},
				"up": {"uv": [2, 2, 14, 14], "texture": "#1"},
				"down": {"uv": [2, 2, 14, 14], "texture": "#1"}
			}
		},
		{
			"from": [7.7, 2.75, 7.375],
			"to": [8.3, 3, 7.5],
			"faces": {
				"north": {"uv": [2, 2, 14, 14], "texture": "#1"},
				"east": {"uv": [2, 2, 14, 14], "texture": "#1"},
				"west": {"uv": [2, 2, 14, 14], "texture": "#1"},
				"up": {"uv": [2, 2, 14, 14], "texture": "#1"},
				"down": {"uv": [2, 2, 14, 14], "texture": "#1"}
			}
		},
		{
			"from": [7.5, 2.75, 11],
			"to": [8.5, 3.25, 12.5],
			"faces": {
				"north": {"uv": [2, 2, 14, 14], "texture": "#1"},
				"east": {"uv": [2, 2, 14, 14], "texture": "#1"},
				"south": {"uv": [2, 2, 14, 14], "texture": "#1"},
				"west": {"uv": [2, 2, 14, 14], "texture": "#1"},
				"up": {"uv": [2, 2, 14, 14], "texture": "#1"},
				"down": {"uv": [2, 2, 14, 14], "texture": "#1"}
			}
		},
		{
			"from": [7.5, 3.25, 10.75],
			"to": [8.5, 3.75, 12.25],
			"faces": {
				"north": {"uv": [2, 2, 14, 14], "texture": "#1"},
				"east": {"uv": [2, 2, 14, 14], "texture": "#1"},
				"south": {"uv": [2, 2, 14, 14], "texture": "#1"},
				"west": {"uv": [2, 2, 14, 14], "texture": "#1"},
				"up": {"uv": [2, 2, 14, 14], "texture": "#1"},
				"down": {"uv": [2, 2, 14, 14], "texture": "#1"}
			}
		},
		{
			"from": [7.6, 4.25, 4.25],
			"to": [8.4, 6, 4.75],
			"faces": {
				"east": {"uv": [2, 2, 14, 14], "texture": "#1"},
				"west": {"uv": [2, 2, 14, 14], "texture": "#1"},
				"up": {"uv": [2, 2, 14, 14], "texture": "#1"},
				"down": {"uv": [2, 2, 14, 14], "texture": "#1"}
			}
		},
		{
			"from": [7.5, 5.5, 5.25],
			"to": [8.5, 6, 8.25],
			"faces": {
				"east": {"uv": [2, 2, 14, 8], "texture": "#1"},
				"west": {"uv": [2, 2, 14, 8], "texture": "#1"},
				"up": {"uv": [2, 2, 14, 8], "texture": "#1"},
				"down": {"uv": [2, 2, 14, 8], "texture": "#1"}
			}
		},
		{
			"from": [7.7, 5, 5.25],
			"to": [8.3, 5.5, 8.25],
			"faces": {
				"east": {"uv": [2, 2, 14, 14], "texture": "#3"},
				"west": {"uv": [2, 2, 14, 14], "texture": "#3"}
			}
		},
		{
			"from": [7.5, 4.25, 5.25],
			"to": [8.5, 5, 8.25],
			"faces": {
				"east": {"uv": [2, 8, 14, 13], "texture": "#1"},
				"west": {"uv": [2, 8, 14, 13], "texture": "#1"},
				"up": {"uv": [2, 8, 14, 13], "texture": "#1"}
			}
		},
		{
			"from": [7.5, 4, 5.25],
			"to": [8.5, 4.25, 6],
			"faces": {
				"east": {"uv": [2, 13, 5, 14], "texture": "#1"},
				"south": {"uv": [2, 13, 5, 14], "texture": "#1"},
				"west": {"uv": [2, 13, 5, 14], "texture": "#1"},
				"down": {"uv": [2, 13, 5, 14], "texture": "#1"}
			}
		},
		{
			"from": [7.5, 4.0625, 6],
			"to": [8.5, 4.25, 6.75],
			"faces": {
				"east": {"uv": [2, 13, 5, 14], "texture": "#1"},
				"south": {"uv": [2, 13, 5, 14], "texture": "#1"},
				"west": {"uv": [2, 13, 5, 14], "texture": "#1"},
				"down": {"uv": [2, 13, 5, 14], "texture": "#1"}
			}
		},
		{
			"from": [7.5, 4.1875, 7.5],
			"to": [8.5, 4.25, 8.25],
			"faces": {
				"east": {"uv": [2, 13, 5, 14], "texture": "#1"},
				"south": {"uv": [2, 13, 5, 14], "texture": "#1"},
				"west": {"uv": [2, 13, 5, 14], "texture": "#1"},
				"down": {"uv": [2, 13, 5, 14], "texture": "#1"}
			}
		},
		{
			"from": [7.5, 4.125, 6.75],
			"to": [8.5, 4.25, 7.5],
			"faces": {
				"east": {"uv": [2, 13, 5, 14], "texture": "#1"},
				"south": {"uv": [2, 13, 5, 14], "texture": "#1"},
				"west": {"uv": [2, 13, 5, 14], "texture": "#1"},
				"down": {"uv": [2, 13, 5, 14], "texture": "#1"}
			}
		},
		{
			"from": [7.5, 4.75, 8.75],
			"to": [8.5, 6, 12.5],
			"faces": {
				"east": {"uv": [2, 2, 14, 14], "texture": "#1"},
				"south": {"uv": [2, 2, 14, 14], "texture": "#1"},
				"west": {"uv": [2, 2, 14, 14], "texture": "#1"},
				"up": {"uv": [2, 2, 14, 14], "texture": "#1"},
				"down": {"uv": [2, 2, 14, 14], "texture": "#1"}
			}
		},
		{
			"from": [7.5, 4, 2.25],
			"to": [8.5, 5, 2.5],
			"faces": {
				"north": {"uv": [2, 2, 14, 14], "texture": "#1"},
				"east": {"uv": [2, 2, 14, 14], "texture": "#1"},
				"south": {"uv": [2, 2, 14, 14], "texture": "#1"},
				"west": {"uv": [2, 2, 14, 14], "texture": "#1"},
				"up": {"uv": [2, 2, 14, 14], "texture": "#1"},
				"down": {"uv": [2, 2, 14, 14], "texture": "#1"}
			}
		},
		{
			"from": [7.5, 4, 2.75],
			"to": [8.5, 5, 3],
			"faces": {
				"north": {"uv": [2, 2, 14, 14], "texture": "#1"},
				"east": {"uv": [2, 2, 14, 14], "texture": "#1"},
				"south": {"uv": [2, 2, 14, 14], "texture": "#1"},
				"west": {"uv": [2, 2, 14, 14], "texture": "#1"},
				"up": {"uv": [2, 2, 14, 14], "texture": "#1"},
				"down": {"uv": [2, 2, 14, 14], "texture": "#1"}
			}
		},
		{
			"from": [7.75, 4.25, 1.25],
			"to": [8.25, 4.75, 3.75],
			"faces": {
				"north": {"uv": [2, 2, 14, 14], "texture": "#1"},
				"east": {"uv": [2, 2, 14, 14], "texture": "#1"},
				"west": {"uv": [2, 2, 14, 14], "texture": "#1"},
				"up": {"uv": [2, 2, 14, 14], "texture": "#1"},
				"down": {"uv": [2, 2, 14, 14], "texture": "#1"}
			}
		},
		{
			"from": [7.8, 5.2, 0.75],
			"to": [8.2, 5.3, 0.85],
			"faces": {
				"north": {"uv": [2, 2, 14, 14], "texture": "#1"},
				"east": {"uv": [2, 2, 14, 14], "texture": "#1"},
				"south": {"uv": [2, 2, 14, 14], "texture": "#1"},
				"west": {"uv": [2, 2, 14, 14], "texture": "#1"},
				"up": {"uv": [2, 2, 14, 14], "texture": "#1"},
				"down": {"uv": [2, 2, 14, 14], "texture": "#1"}
			}
		},
		{
			"from": [7.8, 5.2, 1],
			"to": [8.2, 5.3, 1.1],
			"faces": {
				"north": {"uv": [2, 2, 14, 14], "texture": "#1"},
				"east": {"uv": [2, 2, 14, 14], "texture": "#1"},
				"south": {"uv": [2, 2, 14, 14], "texture": "#1"},
				"west": {"uv": [2, 2, 14, 14], "texture": "#1"},
				"up": {"uv": [2, 2, 14, 14], "texture": "#1"},
				"down": {"uv": [2, 2, 14, 14], "texture": "#1"}
			}
		},
		{
			"from": [7.8, 5.2, 1.5],
			"to": [8.2, 5.3, 1.6],
			"faces": {
				"north": {"uv": [2, 2, 14, 14], "texture": "#1"},
				"east": {"uv": [2, 2, 14, 14], "texture": "#1"},
				"south": {"uv": [2, 2, 14, 14], "texture": "#1"},
				"west": {"uv": [2, 2, 14, 14], "texture": "#1"},
				"up": {"uv": [2, 2, 14, 14], "texture": "#1"},
				"down": {"uv": [2, 2, 14, 14], "texture": "#1"}
			}
		},
		{
			"from": [7.8, 5.2, 1.25],
			"to": [8.2, 5.3, 1.35],
			"faces": {
				"north": {"uv": [2, 2, 14, 14], "texture": "#1"},
				"east": {"uv": [2, 2, 14, 14], "texture": "#1"},
				"south": {"uv": [2, 2, 14, 14], "texture": "#1"},
				"west": {"uv": [2, 2, 14, 14], "texture": "#1"},
				"up": {"uv": [2, 2, 14, 14], "texture": "#1"},
				"down": {"uv": [2, 2, 14, 14], "texture": "#1"}
			}
		},
		{
			"from": [7.8, 5.7, 1.5],
			"to": [8.2, 5.8, 1.6],
			"faces": {
				"north": {"uv": [2, 2, 14, 14], "texture": "#1"},
				"east": {"uv": [2, 2, 14, 14], "texture": "#1"},
				"south": {"uv": [2, 2, 14, 14], "texture": "#1"},
				"west": {"uv": [2, 2, 14, 14], "texture": "#1"},
				"up": {"uv": [2, 2, 14, 14], "texture": "#1"},
				"down": {"uv": [2, 2, 14, 14], "texture": "#1"}
			}
		},
		{
			"from": [7.8, 5.7, 1.25],
			"to": [8.2, 5.8, 1.35],
			"faces": {
				"north": {"uv": [2, 2, 14, 14], "texture": "#1"},
				"east": {"uv": [2, 2, 14, 14], "texture": "#1"},
				"south": {"uv": [2, 2, 14, 14], "texture": "#1"},
				"west": {"uv": [2, 2, 14, 14], "texture": "#1"},
				"up": {"uv": [2, 2, 14, 14], "texture": "#1"},
				"down": {"uv": [2, 2, 14, 14], "texture": "#1"}
			}
		},
		{
			"from": [7.8, 5.7, 1],
			"to": [8.2, 5.8, 1.1],
			"faces": {
				"north": {"uv": [2, 2, 14, 14], "texture": "#1"},
				"east": {"uv": [2, 2, 14, 14], "texture": "#1"},
				"south": {"uv": [2, 2, 14, 14], "texture": "#1"},
				"west": {"uv": [2, 2, 14, 14], "texture": "#1"},
				"up": {"uv": [2, 2, 14, 14], "texture": "#1"},
				"down": {"uv": [2, 2, 14, 14], "texture": "#1"}
			}
		},
		{
			"from": [7.8, 5.7, 0.75],
			"to": [8.2, 5.8, 0.85],
			"faces": {
				"north": {"uv": [2, 2, 14, 14], "texture": "#1"},
				"east": {"uv": [2, 2, 14, 14], "texture": "#1"},
				"south": {"uv": [2, 2, 14, 14], "texture": "#1"},
				"west": {"uv": [2, 2, 14, 14], "texture": "#1"},
				"up": {"uv": [2, 2, 14, 14], "texture": "#1"},
				"down": {"uv": [2, 2, 14, 14], "texture": "#1"}
			}
		},
		{
			"from": [7.7, 5.45, 1.6],
			"to": [7.8, 5.55, 1.75],
			"faces": {
				"east": {"uv": [2, 2, 14, 14], "texture": "#1"},
				"west": {"uv": [2, 2, 14, 14], "texture": "#1"},
				"up": {"uv": [2, 2, 14, 14], "texture": "#1"},
				"down": {"uv": [2, 2, 14, 14], "texture": "#1"}
			}
		},
		{
			"from": [7.7, 5.45, 1.35],
			"to": [7.8, 5.55, 1.5],
			"faces": {
				"east": {"uv": [2, 2, 14, 14], "texture": "#1"},
				"west": {"uv": [2, 2, 14, 14], "texture": "#1"},
				"up": {"uv": [2, 2, 14, 14], "texture": "#1"},
				"down": {"uv": [2, 2, 14, 14], "texture": "#1"}
			}
		},
		{
			"from": [7.7, 5.45, 0.85],
			"to": [7.8, 5.55, 1],
			"faces": {
				"east": {"uv": [2, 2, 14, 14], "texture": "#1"},
				"west": {"uv": [2, 2, 14, 14], "texture": "#1"},
				"up": {"uv": [2, 2, 14, 14], "texture": "#1"},
				"down": {"uv": [2, 2, 14, 14], "texture": "#1"}
			}
		},
		{
			"from": [7.7, 5.45, 1.1],
			"to": [7.8, 5.55, 1.25],
			"faces": {
				"east": {"uv": [2, 2, 14, 14], "texture": "#1"},
				"west": {"uv": [2, 2, 14, 14], "texture": "#1"},
				"up": {"uv": [2, 2, 14, 14], "texture": "#1"},
				"down": {"uv": [2, 2, 14, 14], "texture": "#1"}
			}
		},
		{
			"from": [8.2, 5.45, 1.6],
			"to": [8.3, 5.55, 1.75],
			"faces": {
				"east": {"uv": [2, 2, 14, 14], "texture": "#1"},
				"west": {"uv": [2, 2, 14, 14], "texture": "#1"},
				"up": {"uv": [2, 2, 14, 14], "texture": "#1"},
				"down": {"uv": [2, 2, 14, 14], "texture": "#1"}
			}
		},
		{
			"from": [8.2, 5.45, 1.35],
			"to": [8.3, 5.55, 1.5],
			"faces": {
				"east": {"uv": [2, 2, 14, 14], "texture": "#1"},
				"west": {"uv": [2, 2, 14, 14], "texture": "#1"},
				"up": {"uv": [2, 2, 14, 14], "texture": "#1"},
				"down": {"uv": [2, 2, 14, 14], "texture": "#1"}
			}
		},
		{
			"from": [8.2, 5.45, 1.1],
			"to": [8.3, 5.55, 1.25],
			"faces": {
				"east": {"uv": [2, 2, 14, 14], "texture": "#1"},
				"west": {"uv": [2, 2, 14, 14], "texture": "#1"},
				"up": {"uv": [2, 2, 14, 14], "texture": "#1"},
				"down": {"uv": [2, 2, 14, 14], "texture": "#1"}
			}
		},
		{
			"from": [8.2, 5.45, 0.85],
			"to": [8.3, 5.55, 1],
			"faces": {
				"east": {"uv": [2, 2, 14, 14], "texture": "#1"},
				"west": {"uv": [2, 2, 14, 14], "texture": "#1"},
				"up": {"uv": [2, 2, 14, 14], "texture": "#1"},
				"down": {"uv": [2, 2, 14, 14], "texture": "#1"}
			}
		},
		{
			"from": [7.95, 5.7, 1.6],
			"to": [8.05, 5.8, 1.75],
			"faces": {
				"east": {"uv": [2, 2, 14, 14], "texture": "#1"},
				"west": {"uv": [2, 2, 14, 14], "texture": "#1"},
				"up": {"uv": [2, 2, 14, 14], "texture": "#1"},
				"down": {"uv": [2, 2, 14, 14], "texture": "#1"}
			}
		},
		{
			"from": [7.95, 5.7, 1.35],
			"to": [8.05, 5.8, 1.5],
			"faces": {
				"east": {"uv": [2, 2, 14, 14], "texture": "#1"},
				"west": {"uv": [2, 2, 14, 14], "texture": "#1"},
				"up": {"uv": [2, 2, 14, 14], "texture": "#1"},
				"down": {"uv": [2, 2, 14, 14], "texture": "#1"}
			}
		},
		{
			"from": [7.95, 5.7, 1.1],
			"to": [8.05, 5.8, 1.25],
			"faces": {
				"east": {"uv": [2, 2, 14, 14], "texture": "#1"},
				"west": {"uv": [2, 2, 14, 14], "texture": "#1"},
				"up": {"uv": [2, 2, 14, 14], "texture": "#1"},
				"down": {"uv": [2, 2, 14, 14], "texture": "#1"}
			}
		},
		{
			"from": [7.95, 5.7, 0.85],
			"to": [8.05, 5.8, 1],
			"faces": {
				"east": {"uv": [2, 2, 14, 14], "texture": "#1"},
				"west": {"uv": [2, 2, 14, 14], "texture": "#1"},
				"up": {"uv": [2, 2, 14, 14], "texture": "#1"},
				"down": {"uv": [2, 2, 14, 14], "texture": "#1"}
			}
		},
		{
			"from": [7.95, 5.2, 1.6],
			"to": [8.05, 5.3, 1.75],
			"faces": {
				"east": {"uv": [2, 2, 14, 14], "texture": "#1"},
				"west": {"uv": [2, 2, 14, 14], "texture": "#1"},
				"up": {"uv": [2, 2, 14, 14], "texture": "#1"},
				"down": {"uv": [2, 2, 14, 14], "texture": "#1"}
			}
		},
		{
			"from": [7.95, 5.2, 1.35],
			"to": [8.05, 5.3, 1.5],
			"faces": {
				"east": {"uv": [2, 2, 14, 14], "texture": "#1"},
				"west": {"uv": [2, 2, 14, 14], "texture": "#1"},
				"up": {"uv": [2, 2, 14, 14], "texture": "#1"},
				"down": {"uv": [2, 2, 14, 14], "texture": "#1"}
			}
		},
		{
			"from": [7.95, 5.2, 1.1],
			"to": [8.05, 5.3, 1.25],
			"faces": {
				"east": {"uv": [2, 2, 14, 14], "texture": "#1"},
				"west": {"uv": [2, 2, 14, 14], "texture": "#1"},
				"up": {"uv": [2, 2, 14, 14], "texture": "#1"},
				"down": {"uv": [2, 2, 14, 14], "texture": "#1"}
			}
		},
		{
			"from": [7.95, 5.2, 0.85],
			"to": [8.05, 5.3, 1],
			"faces": {
				"east": {"uv": [2, 2, 14, 14], "texture": "#1"},
				"west": {"uv": [2, 2, 14, 14], "texture": "#1"},
				"up": {"uv": [2, 2, 14, 14], "texture": "#1"},
				"down": {"uv": [2, 2, 14, 14], "texture": "#1"}
			}
		},
		{
			"from": [7.9, 5.4, 0.75],
			"to": [8.1, 5.6, 1.75],
			"faces": {
				"north": {"uv": [2, 2, 14, 14], "texture": "#4"},
				"east": {"uv": [2, 2, 14, 14], "texture": "#1"},
				"west": {"uv": [2, 2, 14, 14], "texture": "#1"},
				"up": {"uv": [2, 2, 14, 14], "texture": "#1"},
				"down": {"uv": [2, 2, 14, 14], "texture": "#1"}
			}
		},
		{
			"from": [7.7, 5.3, 0.75],
			"to": [7.8, 5.7, 0.85],
			"faces": {
				"north": {"uv": [2, 2, 14, 14], "texture": "#1"},
				"east": {"uv": [2, 2, 14, 14], "texture": "#1"},
				"south": {"uv": [2, 2, 14, 14], "texture": "#1"},
				"west": {"uv": [2, 2, 14, 14], "texture": "#1"},
				"up": {"uv": [2, 2, 14, 14], "texture": "#1"},
				"down": {"uv": [2, 2, 14, 14], "texture": "#1"}
			}
		},
		{
			"from": [7.7, 5.3, 1],
			"to": [7.8, 5.7, 1.1],
			"faces": {
				"north": {"uv": [2, 2, 14, 14], "texture": "#1"},
				"east": {"uv": [2, 2, 14, 14], "texture": "#1"},
				"south": {"uv": [2, 2, 14, 14], "texture": "#1"},
				"west": {"uv": [2, 2, 14, 14], "texture": "#1"},
				"up": {"uv": [2, 2, 14, 14], "texture": "#1"},
				"down": {"uv": [2, 2, 14, 14], "texture": "#1"}
			}
		},
		{
			"from": [7.7, 5.3, 1.5],
			"to": [7.8, 5.7, 1.6],
			"faces": {
				"north": {"uv": [2, 2, 14, 14], "texture": "#1"},
				"east": {"uv": [2, 2, 14, 14], "texture": "#1"},
				"south": {"uv": [2, 2, 14, 14], "texture": "#1"},
				"west": {"uv": [2, 2, 14, 14], "texture": "#1"},
				"up": {"uv": [2, 2, 14, 14], "texture": "#1"},
				"down": {"uv": [2, 2, 14, 14], "texture": "#1"}
			}
		},
		{
			"from": [7.7, 5.3, 1.25],
			"to": [7.8, 5.7, 1.35],
			"faces": {
				"north": {"uv": [2, 2, 14, 14], "texture": "#1"},
				"east": {"uv": [2, 2, 14, 14], "texture": "#1"},
				"south": {"uv": [2, 2, 14, 14], "texture": "#1"},
				"west": {"uv": [2, 2, 14, 14], "texture": "#1"},
				"up": {"uv": [2, 2, 14, 14], "texture": "#1"},
				"down": {"uv": [2, 2, 14, 14], "texture": "#1"}
			}
		},
		{
			"from": [8.2, 5.3, 0.75],
			"to": [8.3, 5.7, 0.85],
			"faces": {
				"north": {"uv": [2, 2, 14, 14], "texture": "#1"},
				"east": {"uv": [2, 2, 14, 14], "texture": "#1"},
				"south": {"uv": [2, 2, 14, 14], "texture": "#1"},
				"west": {"uv": [2, 2, 14, 14], "texture": "#1"},
				"up": {"uv": [2, 2, 14, 14], "texture": "#1"},
				"down": {"uv": [2, 2, 14, 14], "texture": "#1"}
			}
		},
		{
			"from": [8.2, 5.3, 1],
			"to": [8.3, 5.7, 1.1],
			"faces": {
				"north": {"uv": [2, 2, 14, 14], "texture": "#1"},
				"east": {"uv": [2, 2, 14, 14], "texture": "#1"},
				"south": {"uv": [2, 2, 14, 14], "texture": "#1"},
				"west": {"uv": [2, 2, 14, 14], "texture": "#1"},
				"up": {"uv": [2, 2, 14, 14], "texture": "#1"},
				"down": {"uv": [2, 2, 14, 14], "texture": "#1"}
			}
		},
		{
			"from": [8.2, 5.3, 1.25],
			"to": [8.3, 5.7, 1.35],
			"faces": {
				"north": {"uv": [2, 2, 14, 14], "texture": "#1"},
				"east": {"uv": [2, 2, 14, 14], "texture": "#1"},
				"south": {"uv": [2, 2, 14, 14], "texture": "#1"},
				"west": {"uv": [2, 2, 14, 14], "texture": "#1"},
				"up": {"uv": [2, 2, 14, 14], "texture": "#1"},
				"down": {"uv": [2, 2, 14, 14], "texture": "#1"}
			}
		},
		{
			"from": [8.2, 5.3, 1.5],
			"to": [8.3, 5.7, 1.6],
			"faces": {
				"north": {"uv": [2, 2, 14, 14], "texture": "#1"},
				"east": {"uv": [2, 2, 14, 14], "texture": "#1"},
				"south": {"uv": [2, 2, 14, 14], "texture": "#1"},
				"west": {"uv": [2, 2, 14, 14], "texture": "#1"},
				"up": {"uv": [2, 2, 14, 14], "texture": "#1"},
				"down": {"uv": [2, 2, 14, 14], "texture": "#1"}
			}
		},
		{
			"from": [7.75, 5, 3.25],
			"to": [8.25, 5.25, 3.5],
			"faces": {
				"east": {"uv": [2, 2, 14, 14], "texture": "#1"},
				"west": {"uv": [2, 2, 14, 14], "texture": "#1"},
				"down": {"uv": [2, 2, 14, 14], "texture": "#1"}
			}
		},
		{
			"from": [7.75, 5, 3.5],
			"to": [8.25, 5.25, 3.75],
			"faces": {
				"east": {"uv": [2, 2, 14, 14], "texture": "#1"},
				"west": {"uv": [2, 2, 14, 14], "texture": "#1"},
				"down": {"uv": [2, 2, 14, 14], "texture": "#1"}
			}
		},
		{
			"from": [7.75, 5, 3],
			"to": [8.25, 5.25, 3.25],
			"faces": {
				"east": {"uv": [2, 2, 14, 14], "texture": "#1"},
				"west": {"uv": [2, 2, 14, 14], "texture": "#1"},
				"down": {"uv": [2, 2, 14, 14], "texture": "#1"}
			}
		},
		{
			"from": [7.75, 5, 2.75],
			"to": [8.25, 5.25, 3],
			"faces": {
				"east": {"uv": [2, 2, 14, 14], "texture": "#1"},
				"west": {"uv": [2, 2, 14, 14], "texture": "#1"}
			}
		},
		{
			"from": [7.75, 5, 2.5],
			"to": [8.25, 5.25, 2.75],
			"faces": {
				"east": {"uv": [2, 2, 14, 14], "texture": "#1"},
				"west": {"uv": [2, 2, 14, 14], "texture": "#1"},
				"down": {"uv": [2, 2, 14, 14], "texture": "#1"}
			}
		},
		{
			"from": [7.75, 5, 2.25],
			"to": [8.25, 5.25, 2.5],
			"faces": {
				"east": {"uv": [2, 2, 14, 14], "texture": "#1"},
				"west": {"uv": [2, 2, 14, 14], "texture": "#1"}
			}
		},
		{
			"from": [7.75, 5, 2],
			"to": [8.25, 5.25, 2.25],
			"faces": {
				"east": {"uv": [2, 2, 14, 14], "texture": "#1"},
				"west": {"uv": [2, 2, 14, 14], "texture": "#1"},
				"down": {"uv": [2, 2, 14, 14], "texture": "#1"}
			}
		},
		{
			"from": [7.75, 5, 1.75],
			"to": [8.25, 5.25, 2],
			"faces": {
				"north": {"uv": [2, 2, 14, 14], "texture": "#1"},
				"east": {"uv": [2, 2, 14, 14], "texture": "#1"},
				"west": {"uv": [2, 2, 14, 14], "texture": "#1"},
				"down": {"uv": [2, 2, 14, 14], "texture": "#1"}
			}
		},
		{
			"from": [7.75, 5.75, 1.75],
			"to": [8.25, 6, 2],
			"faces": {
				"north": {"uv": [2, 2, 14, 14], "texture": "#1"},
				"east": {"uv": [2, 2, 14, 14], "texture": "#1"},
				"west": {"uv": [2, 2, 14, 14], "texture": "#1"},
				"up": {"uv": [2, 2, 14, 14], "texture": "#1"}
			}
		},
		{
			"from": [7.75, 5.75, 3.5],
			"to": [8.25, 6, 3.75],
			"faces": {
				"east": {"uv": [2, 2, 14, 14], "texture": "#1"},
				"west": {"uv": [2, 2, 14, 14], "texture": "#1"},
				"up": {"uv": [2, 2, 14, 14], "texture": "#1"}
			}
		},
		{
			"from": [7.8, 6, 4],
			"to": [8.2, 6.15, 4.25],
			"faces": {
				"north": {"uv": [2, 2, 14, 14], "texture": "#1"},
				"east": {"uv": [2, 2, 14, 14], "texture": "#1"},
				"south": {"uv": [2, 2, 14, 14], "texture": "#1"},
				"west": {"uv": [2, 2, 14, 14], "texture": "#1"},
				"up": {"uv": [2, 2, 14, 14], "texture": "#1"}
			}
		},
		{
			"from": [7.9, 6.15, 4],
			"to": [8.1, 6.2, 4.25],
			"faces": {
				"north": {"uv": [2, 2, 14, 14], "texture": "#1"},
				"east": {"uv": [2, 2, 14, 14], "texture": "#1"},
				"south": {"uv": [2, 2, 14, 14], "texture": "#1"},
				"west": {"uv": [2, 2, 14, 14], "texture": "#1"},
				"up": {"uv": [2, 2, 14, 14], "texture": "#1"}
			}
		},
		{
			"from": [7.9, 6.25, 4],
			"to": [8.1, 6.3, 4.25],
			"faces": {
				"north": {"uv": [2, 2, 14, 14], "texture": "#1"},
				"east": {"uv": [2, 2, 14, 14], "texture": "#1"},
				"south": {"uv": [2, 2, 14, 14], "texture": "#1"},
				"west": {"uv": [2, 2, 14, 14], "texture": "#1"},
				"up": {"uv": [2, 2, 14, 14], "texture": "#1"},
				"down": {"uv": [2, 2, 14, 14], "texture": "#1"}
			}
		},
		{
			"from": [7.9, 6.5, 4],
			"to": [8.1, 6.55, 4.25],
			"faces": {
				"north": {"uv": [2, 2, 14, 14], "texture": "#1"},
				"east": {"uv": [2, 2, 14, 14], "texture": "#1"},
				"south": {"uv": [2, 2, 14, 14], "texture": "#1"},
				"west": {"uv": [2, 2, 14, 14], "texture": "#1"},
				"up": {"uv": [2, 2, 14, 14], "texture": "#1"},
				"down": {"uv": [2, 2, 14, 14], "texture": "#1"}
			}
		},
		{
			"from": [7.85, 6.3, 4],
			"to": [7.9, 6.5, 4.25],
			"faces": {
				"north": {"uv": [2, 2, 14, 14], "texture": "#1"},
				"east": {"uv": [2, 2, 14, 14], "texture": "#1"},
				"south": {"uv": [2, 2, 14, 14], "texture": "#1"},
				"west": {"uv": [2, 2, 14, 14], "texture": "#1"},
				"up": {"uv": [2, 2, 14, 14], "texture": "#1"},
				"down": {"uv": [2, 2, 14, 14], "texture": "#1"}
			}
		},
		{
			"from": [8.1, 6.3, 4],
			"to": [8.15, 6.5, 4.25],
			"faces": {
				"north": {"uv": [2, 2, 14, 14], "texture": "#1"},
				"east": {"uv": [2, 2, 14, 14], "texture": "#1"},
				"south": {"uv": [2, 2, 14, 14], "texture": "#1"},
				"west": {"uv": [2, 2, 14, 14], "texture": "#1"},
				"up": {"uv": [2, 2, 14, 14], "texture": "#1"},
				"down": {"uv": [2, 2, 14, 14], "texture": "#1"}
			}
		},
		{
			"from": [7.95, 6.2, 4.025],
			"to": [8.05, 6.25, 4.225],
			"faces": {
				"north": {"uv": [2, 2, 14, 14], "texture": "#1"},
				"east": {"uv": [2, 2, 14, 14], "texture": "#1"},
				"south": {"uv": [2, 2, 14, 14], "texture": "#1"},
				"west": {"uv": [2, 2, 14, 14], "texture": "#1"}
			}
		},
		{
			"from": [7.975, 6.45, 4.1],
			"to": [8.025, 6.5, 4.15],
			"faces": {
				"north": {"uv": [2, 2, 14, 14], "texture": "#1"},
				"east": {"uv": [2, 2, 14, 14], "texture": "#1"},
				"south": {"uv": [2, 2, 14, 14], "texture": "#1"},
				"west": {"uv": [2, 2, 14, 14], "texture": "#1"},
				"down": {"uv": [2, 2, 14, 14], "texture": "#1"}
			}
		},
		{
			"from": [7.975, 6.3, 4.1],
			"to": [8.025, 6.35, 4.15],
			"faces": {
				"north": {"uv": [2, 2, 14, 14], "texture": "#1"},
				"east": {"uv": [2, 2, 14, 14], "texture": "#1"},
				"south": {"uv": [2, 2, 14, 14], "texture": "#1"},
				"west": {"uv": [2, 2, 14, 14], "texture": "#1"},
				"up": {"uv": [2, 2, 14, 14], "texture": "#1"}
			}
		},
		{
			"from": [7.9, 6.375, 4.1],
			"to": [7.95, 6.425, 4.15],
			"faces": {
				"north": {"uv": [2, 2, 14, 14], "texture": "#1"},
				"east": {"uv": [2, 2, 14, 14], "texture": "#1"},
				"south": {"uv": [2, 2, 14, 14], "texture": "#1"},
				"up": {"uv": [2, 2, 14, 14], "texture": "#1"},
				"down": {"uv": [2, 2, 14, 14], "texture": "#1"}
			}
		},
		{
			"from": [8.05, 6.375, 4.1],
			"to": [8.1, 6.425, 4.15],
			"faces": {
				"north": {"uv": [2, 2, 14, 14], "texture": "#1"},
				"south": {"uv": [2, 2, 14, 14], "texture": "#1"},
				"west": {"uv": [2, 2, 14, 14], "texture": "#1"},
				"up": {"uv": [2, 2, 14, 14], "texture": "#1"},
				"down": {"uv": [2, 2, 14, 14], "texture": "#1"}
			}
		},
		{
			"from": [7.75, 6, 3.75],
			"to": [8.25, 6.1, 12.5],
			"faces": {
				"north": {"uv": [2, 2, 14, 14], "texture": "#1"},
				"east": {"uv": [2, 2, 14, 14], "texture": "#1"},
				"south": {"uv": [2, 2, 14, 14], "texture": "#1"},
				"west": {"uv": [2, 2, 14, 14], "texture": "#1"},
				"up": {"uv": [2, 2, 14, 14], "texture": "#1"}
			}
		},
		{
			"from": [7.75, 3.9, 3.75],
			"to": [8.25, 4, 4.25],
			"faces": {
				"north": {"uv": [2, 2, 14, 14], "texture": "#1"},
				"east": {"uv": [2, 2, 14, 14], "texture": "#1"},
				"south": {"uv": [2, 2, 14, 14], "texture": "#1"},
				"west": {"uv": [2, 2, 14, 14], "texture": "#1"},
				"down": {"uv": [2, 2, 14, 14], "texture": "#1"}
			}
		},
		{
			"from": [7.75, 5.25, 1.75],
			"to": [8.25, 5.75, 3.75],
			"faces": {
				"north": {"uv": [2, 2, 14, 14], "texture": "#1"}
			}
		},
		{
			"from": [7.75, 5.75, 3.25],
			"to": [8.25, 6, 3.5],
			"faces": {
				"east": {"uv": [2, 2, 14, 14], "texture": "#1"},
				"west": {"uv": [2, 2, 14, 14], "texture": "#1"},
				"up": {"uv": [2, 2, 14, 14], "texture": "#1"}
			}
		},
		{
			"from": [7.75, 5.75, 3],
			"to": [8.25, 6, 3.25],
			"faces": {
				"east": {"uv": [2, 2, 14, 14], "texture": "#1"},
				"west": {"uv": [2, 2, 14, 14], "texture": "#1"},
				"up": {"uv": [2, 2, 14, 14], "texture": "#1"}
			}
		},
		{
			"from": [7.75, 5.75, 2.75],
			"to": [8.25, 6, 3],
			"faces": {
				"east": {"uv": [2, 2, 14, 14], "texture": "#1"},
				"west": {"uv": [2, 2, 14, 14], "texture": "#1"},
				"up": {"uv": [2, 2, 14, 14], "texture": "#1"}
			}
		},
		{
			"from": [7.75, 5.75, 2.5],
			"to": [8.25, 6, 2.75],
			"faces": {
				"east": {"uv": [2, 2, 14, 14], "texture": "#1"},
				"west": {"uv": [2, 2, 14, 14], "texture": "#1"},
				"up": {"uv": [2, 2, 14, 14], "texture": "#1"}
			}
		},
		{
			"from": [7.75, 5.75, 2.25],
			"to": [8.25, 6, 2.5],
			"faces": {
				"east": {"uv": [2, 2, 14, 14], "texture": "#1"},
				"west": {"uv": [2, 2, 14, 14], "texture": "#1"},
				"up": {"uv": [2, 2, 14, 14], "texture": "#1"}
			}
		},
		{
			"from": [7.75, 5.75, 2],
			"to": [8.25, 6, 2.25],
			"faces": {
				"east": {"uv": [2, 2, 14, 14], "texture": "#1"},
				"west": {"uv": [2, 2, 14, 14], "texture": "#1"},
				"up": {"uv": [2, 2, 14, 14], "texture": "#1"}
			}
		},
		{
			"from": [8.25, 5.25, 2.25],
			"to": [8.5, 5.75, 2.5],
			"faces": {
				"east": {"uv": [2, 2, 14, 14], "texture": "#1"},
				"up": {"uv": [2, 2, 14, 14], "texture": "#1"},
				"down": {"uv": [2, 2, 14, 14], "texture": "#1"}
			}
		},
		{
			"from": [8.25, 5.25, 2],
			"to": [8.5, 5.75, 2.25],
			"faces": {
				"east": {"uv": [2, 2, 14, 14], "texture": "#1"},
				"up": {"uv": [2, 2, 14, 14], "texture": "#1"},
				"down": {"uv": [2, 2, 14, 14], "texture": "#1"}
			}
		},
		{
			"from": [8.25, 5.25, 2.5],
			"to": [8.5, 5.75, 2.75],
			"faces": {
				"east": {"uv": [2, 2, 14, 14], "texture": "#1"},
				"up": {"uv": [2, 2, 14, 14], "texture": "#1"},
				"down": {"uv": [2, 2, 14, 14], "texture": "#1"}
			}
		},
		{
			"from": [8.25, 5.25, 3],
			"to": [8.5, 5.75, 3.25],
			"faces": {
				"east": {"uv": [2, 2, 14, 14], "texture": "#1"},
				"up": {"uv": [2, 2, 14, 14], "texture": "#1"},
				"down": {"uv": [2, 2, 14, 14], "texture": "#1"}
			}
		},
		{
			"from": [8.25, 5.25, 2.75],
			"to": [8.5, 5.75, 3],
			"faces": {
				"east": {"uv": [2, 2, 14, 14], "texture": "#1"},
				"up": {"uv": [2, 2, 14, 14], "texture": "#1"},
				"down": {"uv": [2, 2, 14, 14], "texture": "#1"}
			}
		},
		{
			"from": [8.25, 5.25, 3.25],
			"to": [8.5, 5.75, 3.5],
			"faces": {
				"east": {"uv": [2, 2, 14, 14], "texture": "#1"},
				"up": {"uv": [2, 2, 14, 14], "texture": "#1"},
				"down": {"uv": [2, 2, 14, 14], "texture": "#1"}
			}
		},
		{
			"from": [7.5, 5.25, 1.75],
			"to": [7.75, 5.75, 2],
			"faces": {
				"north": {"uv": [2, 2, 14, 14], "texture": "#1"},
				"west": {"uv": [2, 2, 14, 14], "texture": "#1"},
				"up": {"uv": [2, 2, 14, 14], "texture": "#1"},
				"down": {"uv": [2, 2, 14, 14], "texture": "#1"}
			}
		},
		{
			"from": [7.5, 5.25, 2],
			"to": [7.75, 5.75, 2.25],
			"faces": {
				"west": {"uv": [2, 2, 14, 14], "texture": "#1"},
				"up": {"uv": [2, 2, 14, 14], "texture": "#1"},
				"down": {"uv": [2, 2, 14, 14], "texture": "#1"}
			}
		},
		{
			"from": [7.5, 5.25, 2.25],
			"to": [7.75, 5.75, 2.5],
			"faces": {
				"west": {"uv": [2, 2, 14, 14], "texture": "#1"},
				"up": {"uv": [2, 2, 14, 14], "texture": "#1"},
				"down": {"uv": [2, 2, 14, 14], "texture": "#1"}
			}
		},
		{
			"from": [7.5, 5.25, 2.5],
			"to": [7.75, 5.75, 2.75],
			"faces": {
				"west": {"uv": [2, 2, 14, 14], "texture": "#1"},
				"up": {"uv": [2, 2, 14, 14], "texture": "#1"},
				"down": {"uv": [2, 2, 14, 14], "texture": "#1"}
			}
		},
		{
			"from": [7.5, 5.25, 2.75],
			"to": [7.75, 5.75, 3],
			"faces": {
				"west": {"uv": [2, 2, 14, 14], "texture": "#1"},
				"up": {"uv": [2, 2, 14, 14], "texture": "#1"},
				"down": {"uv": [2, 2, 14, 14], "texture": "#1"}
			}
		},
		{
			"from": [7.5, 5.25, 3],
			"to": [7.75, 5.75, 3.25],
			"faces": {
				"west": {"uv": [2, 2, 14, 14], "texture": "#1"},
				"up": {"uv": [2, 2, 14, 14], "texture": "#1"},
				"down": {"uv": [2, 2, 14, 14], "texture": "#1"}
			}
		},
		{
			"from": [7.5, 5.25, 3.25],
			"to": [7.75, 5.75, 3.5],
			"faces": {
				"west": {"uv": [2, 2, 14, 14], "texture": "#1"},
				"up": {"uv": [2, 2, 14, 14], "texture": "#1"},
				"down": {"uv": [2, 2, 14, 14], "texture": "#1"}
			}
		},
		{
			"from": [7.5, 5.25, 3.5],
			"to": [7.75, 5.75, 3.75],
			"faces": {
				"west": {"uv": [2, 2, 14, 14], "texture": "#1"},
				"up": {"uv": [2, 2, 14, 14], "texture": "#1"},
				"down": {"uv": [2, 2, 14, 14], "texture": "#1"}
			}
		}
	],
	"display": {
		"thirdperson_righthand": {
			"translation": [0, 3.75, 1.25]
		},
		"thirdperson_lefthand": {
			"translation": [0, 3, -0.25]
		},
		"firstperson_righthand": {
			"rotation": [27, 17, 0],
			"translation": [-1, 6.25, 2.75]
		},
		"firstperson_lefthand": {
			"rotation": [27, 17, 0],
			"translation": [-1, 6.25, 2.75]
		},
		"ground": {
			"rotation": [0, 0, 90],
			"translation": [-3.25, 3, 0]
		},
		"gui": {
			"rotation": [31, 49, 0],
			"translation": [0, 3, -1],
			"scale": [1.5, 1.5, 1.5]
		},
		"head": {
			"translation": [0, 9.75, 0]
		},
		"fixed": {
			"rotation": [0, -90, 0],
			"translation": [0, 3, -1]
		}
	}
}