{
	"credit": "Made with Blockbench",
	"textures": {
		"1": "item/cit/stone1"
	},
	"elements": [
		{
			"from": [7.7, 0, 7],
			"to": [8.3, 0.25, 8.5],
			"faces": {
				"north": {"uv": [0, 0, 1, 1], "texture": "#1"},
				"east": {"uv": [0, 0, 1, 1], "texture": "#1"},
				"south": {"uv": [0, 0, 1, 1], "texture": "#1"},
				"west": {"uv": [0, 0, 1, 1], "texture": "#1"},
				"up": {"uv": [0, 0, 1, 1], "texture": "#1"},
				"down": {"uv": [0, 0, 1, 1], "texture": "#1"}
			}
		},
		{
			"from": [7.7, 2.25, 6.75],
			"to": [8.3, 2.5, 8.75],
			"faces": {
				"north": {"uv": [0, 0, 1, 16], "texture": "#1"},
				"east": {"uv": [0, 0, 1, 16], "texture": "#1"},
				"south": {"uv": [0, 0, 1, 16], "texture": "#1"},
				"west": {"uv": [0, 0, 1, 16], "texture": "#1"},
				"up": {"uv": [0, 0, 1, 16], "texture": "#1"},
				"down": {"uv": [0, 0, 1, 16], "texture": "#1"}
			}
		},
		{
			"from": [7.8, 0.5, 7],
			"to": [8.2, 0.6, 8.5],
			"faces": {
				"north": {"uv": [0, 0, 1, 1], "texture": "#1"},
				"east": {"uv": [0, 0, 1, 1], "texture": "#1"},
				"west": {"uv": [0, 0, 1, 1], "texture": "#1"},
				"up": {"uv": [0, 0, 1, 1], "texture": "#1"},
				"down": {"uv": [0, 0, 1, 1], "texture": "#1"}
			}
		},
		{
			"from": [7.8, 0.25, 7],
			"to": [8.2, 0.35, 8.5],
			"faces": {
				"north": {"uv": [0, 0, 1, 1], "texture": "#1"},
				"east": {"uv": [0, 0, 1, 1], "texture": "#1"},
				"west": {"uv": [0, 0, 1, 1], "texture": "#1"},
				"up": {"uv": [0, 0, 1, 1], "texture": "#1"}
			}
		},
		{
			"from": [7.8, 0.75, 7],
			"to": [8.2, 0.85, 8.5],
			"faces": {
				"north": {"uv": [0, 0, 1, 1], "texture": "#1"},
				"east": {"uv": [0, 0, 1, 1], "texture": "#1"},
				"west": {"uv": [0, 0, 1, 1], "texture": "#1"},
				"up": {"uv": [0, 0, 1, 1], "texture": "#1"},
				"down": {"uv": [0, 0, 1, 1], "texture": "#1"}
			}
		},
		{
			"from": [7.8, 1.25, 7],
			"to": [8.2, 1.35, 8.5],
			"faces": {
				"north": {"uv": [0, 0, 1, 1], "texture": "#1"},
				"east": {"uv": [0, 0, 1, 1], "texture": "#1"},
				"west": {"uv": [0, 0, 1, 1], "texture": "#1"},
				"up": {"uv": [0, 0, 1, 1], "texture": "#1"},
				"down": {"uv": [0, 0, 1, 1], "texture": "#1"}
			}
		},
		{
			"from": [7.8, 1, 7],
			"to": [8.2, 1.1, 8.5],
			"faces": {
				"north": {"uv": [0, 0, 1, 1], "texture": "#1"},
				"east": {"uv": [0, 0, 1, 1], "texture": "#1"},
				"west": {"uv": [0, 0, 1, 1], "texture": "#1"},
				"up": {"uv": [0, 0, 1, 1], "texture": "#1"},
				"down": {"uv": [0, 0, 1, 1], "texture": "#1"}
			}
		},
		{
			"from": [7.8, 1.5, 7],
			"to": [8.2, 1.6, 8.5],
			"faces": {
				"north": {"uv": [0, 0, 1, 1], "texture": "#1"},
				"east": {"uv": [0, 0, 1, 1], "texture": "#1"},
				"west": {"uv": [0, 0, 1, 1], "texture": "#1"},
				"up": {"uv": [0, 0, 1, 1], "texture": "#1"},
				"down": {"uv": [0, 0, 1, 1], "texture": "#1"}
			}
		},
		{
			"from": [7.8, 2, 7],
			"to": [8.2, 2.1, 8.5],
			"faces": {
				"north": {"uv": [0, 0, 1, 1], "texture": "#1"},
				"east": {"uv": [0, 0, 1, 1], "texture": "#1"},
				"west": {"uv": [0, 0, 1, 1], "texture": "#1"},
				"up": {"uv": [0, 0, 1, 1], "texture": "#1"},
				"down": {"uv": [0, 0, 1, 1], "texture": "#1"}
			}
		},
		{
			"from": [7.8, 1.75, 7],
			"to": [8.2, 1.85, 8.5],
			"faces": {
				"north": {"uv": [0, 0, 1, 1], "texture": "#1"},
				"east": {"uv": [0, 0, 1, 1], "texture": "#1"},
				"west": {"uv": [0, 0, 1, 1], "texture": "#1"},
				"up": {"uv": [0, 0, 1, 1], "texture": "#1"},
				"down": {"uv": [0, 0, 1, 1], "texture": "#1"}
			}
		},
		{
			"from": [7.7, 0.25, 7.25],
			"to": [8.3, 2.25, 8.5],
			"faces": {
				"north": {"uv": [0, 0, 1, 1], "texture": "#1"},
				"east": {"uv": [0, 0, 1, 1], "texture": "#1"},
				"south": {"uv": [0, 0, 1, 1], "texture": "#1"},
				"west": {"uv": [0, 0, 1, 1], "texture": "#1"}
			}
		},
		{
			"from": [7.8, 2.5, 7.5],
			"to": [8.2, 5.75, 8.5],
			"faces": {
				"north": {"uv": [7, 3, 10, 14], "texture": "#1"},
				"east": {"uv": [7, 3, 10, 14], "texture": "#1"},
				"south": {"uv": [7, 3, 10, 14], "texture": "#1"},
				"west": {"uv": [7, 3, 10, 14], "texture": "#1"},
				"up": {"uv": [7, 3, 10, 14], "texture": "#1"}
			}
		},
		{
			"from": [7.8, 5.75, 7.75],
			"to": [8.2, 6.5, 8.5],
			"faces": {
				"north": {"uv": [7, 11, 8, 14], "texture": "#1"},
				"east": {"uv": [7, 11, 8, 14], "texture": "#1"},
				"south": {"uv": [7, 11, 8, 14], "texture": "#1"},
				"west": {"uv": [7, 11, 8, 14], "texture": "#1"},
				"up": {"uv": [7, 11, 8, 14], "texture": "#1"}
			}
		},
		{
			"from": [7.8, 6.5, 8],
			"to": [8.2, 7, 8.25],
			"faces": {
				"north": {"uv": [6, 6, 8, 12], "texture": "#1"},
				"east": {"uv": [6, 6, 8, 12], "texture": "#1"},
				"south": {"uv": [6, 6, 8, 12], "texture": "#1"},
				"west": {"uv": [6, 6, 8, 12], "texture": "#1"},
				"up": {"uv": [6, 6, 8, 12], "texture": "#1"}
			}
		},
		{
			"from": [7.9, 2.5, 7.25],
			"to": [8.1, 5.75, 7.5],
			"faces": {
				"north": {"uv": [7, 6, 10, 9], "texture": "#1"},
				"east": {"uv": [7, 6, 10, 9], "texture": "#1"},
				"west": {"uv": [7, 6, 10, 9], "texture": "#1"},
				"up": {"uv": [7, 6, 10, 9], "texture": "#1"}
			}
		},
		{
			"from": [7.9, 5.75, 7.5],
			"to": [8.1, 6.5, 7.75],
			"faces": {
				"north": {"uv": [7, 6, 10, 9], "texture": "#1"},
				"east": {"uv": [7, 6, 10, 9], "texture": "#1"},
				"west": {"uv": [7, 6, 10, 9], "texture": "#1"},
				"up": {"uv": [7, 6, 10, 9], "texture": "#1"}
			}
		},
		{
			"from": [7.9, 6.5, 7.75],
			"to": [8.1, 7, 8],
			"faces": {
				"north": {"uv": [7, 6, 10, 9], "texture": "#1"},
				"east": {"uv": [7, 6, 10, 9], "texture": "#1"},
				"west": {"uv": [7, 6, 10, 9], "texture": "#1"},
				"up": {"uv": [7, 6, 10, 9], "texture": "#1"}
			}
		},
		{
			"from": [7.9, 7, 8],
			"to": [8.1, 7.5, 8.25],
			"faces": {
				"north": {"uv": [7, 6, 10, 9], "texture": "#1"},
				"east": {"uv": [7, 6, 10, 9], "texture": "#1"},
				"south": {"uv": [7, 6, 10, 9], "texture": "#1"},
				"west": {"uv": [7, 6, 10, 9], "texture": "#1"},
				"up": {"uv": [7, 6, 10, 9], "texture": "#1"}
			}
		},
		{
			"from": [7.9, 6.5, 8.25],
			"to": [8.1, 7, 8.5],
			"faces": {
				"east": {"uv": [7, 6, 10, 9], "texture": "#1"},
				"south": {"uv": [7, 6, 10, 9], "texture": "#1"},
				"west": {"uv": [7, 6, 10, 9], "texture": "#1"},
				"up": {"uv": [7, 6, 10, 9], "texture": "#1"}
			}
		}
	],
	"display": {
		"thirdperson_righthand": {
			"translation": [0, 9.25, 1.5],
			"scale": [1, 1.5, 0.52]
		},
		"thirdperson_lefthand": {
			"translation": [0, 9.25, 1.5],
			"scale": [1, 1.5, 0.52]
		},
		"firstperson_righthand": {
			"translation": [0, 9.25, 1.5],
			"scale": [1, 1.5, 0.52]
		},
		"firstperson_lefthand": {
			"translation": [0, 9.25, 1.5],
			"scale": [1, 1.5, 0.52]
		},
		"ground": {
			"rotation": [91, 0, 0],
			"translation": [0, -3.5, 1.5],
			"scale": [1, 1.5, 0.52]
		},
		"gui": {
			"rotation": [0, 90, 0],
			"translation": [0, 6.75, 1.5],
			"scale": [1, 1.5, 0.52]
		},
		"head": {
			"rotation": [-180, 90, -40],
			"translation": [0, 2.75, 1.5],
			"scale": [1, 1.5, 0.52]
		},
		"fixed": {
			"rotation": [0, 90, 0],
			"translation": [0, 5, 0],
			"scale": [1, 1.5, 0.52]
		}
	}
}