{
	"credit": "Made with Blockbench",
	"textures": {
		"0": "item/cit/ki2",
		"1": "item/cit/ana",
		"2": "item/cit/stone3",
		"3": "item/cit/gold",
		"particle": "item/cit/ki2"
	},
	"elements": [
		{
			"from": [7.85, 1.45, 6.625],
			"to": [8.15, 1.85, 7.175],
			"faces": {
				"north": {"uv": [10, 8, 10.5, 10], "texture": "#0"},
				"east": {"uv": [10, 8, 10.5, 10], "texture": "#0"},
				"west": {"uv": [10, 8, 10.5, 10], "texture": "#0"},
				"up": {"uv": [10, 8, 10.5, 9], "texture": "#0"},
				"down": {"uv": [10, 9, 10.5, 10], "texture": "#0"}
			}
		},
		{
			"from": [7.85, 1.45, 5.925],
			"to": [8.15, 1.8, 6.625],
			"faces": {
				"north": {"uv": [10, 8, 10.5, 10], "texture": "#0"},
				"east": {"uv": [10, 8, 10.5, 10], "texture": "#0"},
				"west": {"uv": [10, 8, 10.5, 10], "texture": "#0"},
				"up": {"uv": [10, 8, 10.5, 9], "texture": "#0"},
				"down": {"uv": [10, 9, 10.5, 10], "texture": "#0"}
			}
		},
		{
			"from": [7.95, 1.8, 5.925],
			"to": [8.05, 1.9, 6.625],
			"faces": {
				"east": {"uv": [6, 11, 6.5, 14], "rotation": 180, "texture": "#2"},
				"west": {"uv": [6, 11, 6.5, 14], "rotation": 180, "texture": "#2"},
				"up": {"uv": [6, 11, 6.5, 14], "rotation": 90, "texture": "#2"}
			}
		},
		{
			"from": [8.05, 1.8, 6.5],
			"to": [8.25, 1.85, 6.55],
			"faces": {
				"north": {"uv": [6, 13, 6.5, 14], "texture": "#2"},
				"east": {"uv": [6, 13, 6.5, 14], "texture": "#2"},
				"south": {"uv": [6, 13, 6.5, 14], "texture": "#2"},
				"up": {"uv": [6, 13, 6.5, 14], "texture": "#2"},
				"down": {"uv": [6, 13, 6.5, 14], "texture": "#2"}
			}
		},
		{
			"from": [8.2, 1.45, 6.5],
			"to": [8.25, 1.8, 6.55],
			"faces": {
				"north": {"uv": [6, 13, 6.5, 14], "texture": "#2"},
				"east": {"uv": [6, 13, 6.5, 14], "texture": "#2"},
				"south": {"uv": [6, 13, 6.5, 14], "texture": "#2"},
				"west": {"uv": [6, 13, 6.5, 14], "texture": "#2"}
			}
		},
		{
			"from": [8.1875, 1.375, 6.4875],
			"to": [8.2625, 1.45, 6.5625],
			"faces": {
				"north": {"uv": [6, 13, 6.5, 14], "texture": "#2"},
				"east": {"uv": [6, 13, 6.5, 14], "texture": "#2"},
				"south": {"uv": [6, 13, 6.5, 14], "texture": "#2"},
				"west": {"uv": [6, 13, 6.5, 14], "texture": "#2"},
				"up": {"uv": [6, 13, 6.5, 14], "texture": "#2"},
				"down": {"uv": [6, 13, 6.5, 14], "texture": "#2"}
			}
		},
		{
			"from": [7.95, 1.8, 7.325],
			"to": [8.05, 1.9, 7.425],
			"faces": {
				"east": {"uv": [6, 11, 6.5, 14], "rotation": 180, "texture": "#2"},
				"south": {"uv": [5, 11, 8, 14], "rotation": 180, "texture": "#2"},
				"west": {"uv": [6, 11, 6.5, 14], "rotation": 180, "texture": "#2"},
				"up": {"uv": [6, 11, 6.5, 14], "rotation": 90, "texture": "#2"}
			}
		},
		{
			"from": [7.9, 1.85, 5.225],
			"to": [8.1, 1.91, 5.925],
			"faces": {
				"east": {"uv": [5, 4, 5.5, 7], "texture": "#2"},
				"south": {"uv": [5, 4, 5.5, 7], "texture": "#2"},
				"west": {"uv": [5, 4, 5.5, 7], "texture": "#2"},
				"up": {"uv": [5, 4, 5.5, 5], "texture": "#2"}
			}
		},
		{
			"from": [7.9, 1.85, 6.625],
			"to": [8.1, 1.91, 7.325],
			"faces": {
				"north": {"uv": [5, 4, 5.5, 7], "texture": "#2"},
				"east": {"uv": [5, 4, 5.5, 7], "texture": "#2"},
				"south": {"uv": [5, 4, 5.5, 7], "texture": "#2"},
				"west": {"uv": [5, 4, 5.5, 7], "texture": "#2"},
				"up": {"uv": [5, 4, 5.5, 5], "texture": "#2"}
			}
		},
		{
			"from": [7.9, 1.85, 4.725],
			"to": [8.1, 1.925, 5.225],
			"faces": {
				"north": {"uv": [15, 4, 16, 7], "rotation": 180, "texture": "#2"},
				"east": {"uv": [15, 4, 16, 7], "rotation": 180, "texture": "#2"},
				"south": {"uv": [15, 4, 16, 7], "rotation": 180, "texture": "#2"},
				"west": {"uv": [15, 4, 16, 7], "rotation": 180, "texture": "#2"},
				"up": {"uv": [15, 4, 16, 5], "rotation": 180, "texture": "#2"}
			}
		},
		{
			"from": [7.9, 1.925, 4.725],
			"to": [8.1, 1.975, 4.775],
			"faces": {
				"north": {"uv": [0, 15, 1, 16], "texture": "#2"},
				"east": {"uv": [0, 15, 1, 16], "texture": "#2"},
				"south": {"uv": [0, 15, 1, 16], "texture": "#2"},
				"west": {"uv": [0, 15, 1, 16], "texture": "#2"},
				"up": {"uv": [0, 15, 1, 16], "texture": "#2"}
			}
		},
		{
			"from": [7.9, 1.94, 5.1],
			"to": [8.1, 1.99, 5.15],
			"faces": {
				"north": {"uv": [0, 15, 1, 16], "texture": "#2"},
				"east": {"uv": [0, 15, 1, 16], "texture": "#2"},
				"south": {"uv": [0, 15, 1, 16], "texture": "#2"},
				"west": {"uv": [0, 15, 1, 16], "texture": "#2"},
				"up": {"uv": [0, 15, 1, 16], "texture": "#2"},
				"down": {"uv": [0, 15, 1, 16], "texture": "#2"}
			}
		},
		{
			"from": [7.9, 1.9525, 4.775],
			"to": [8.1, 1.9775, 5.1],
			"faces": {
				"north": {"uv": [0, 15, 1, 16], "texture": "#2"},
				"east": {"uv": [0, 15, 1, 16], "texture": "#2"},
				"west": {"uv": [0, 15, 1, 16], "texture": "#2"},
				"up": {"uv": [0, 15, 1, 16], "texture": "#2"},
				"down": {"uv": [0, 15, 1, 16], "texture": "#2"}
			}
		},
		{
			"from": [7.9, 1.85, 4.525],
			"to": [8.1, 1.9, 4.725],
			"faces": {
				"east": {"uv": [0, 13, 4, 16], "texture": "#3"},
				"west": {"uv": [0, 13, 4, 16], "rotation": 180, "texture": "#3"},
				"up": {"uv": [0, 13, 4, 16], "texture": "#3"}
			}
		},
		{
			"from": [7.85, 1.4, 7.175],
			"to": [8.15, 1.85, 7.325],
			"faces": {
				"north": {"uv": [10, 8, 10.5, 10], "texture": "#0"},
				"east": {"uv": [10, 8, 10.5, 10], "texture": "#0"},
				"south": {"uv": [10, 8, 10.5, 10], "texture": "#0"},
				"west": {"uv": [10, 8, 10.5, 10], "texture": "#0"},
				"up": {"uv": [10, 8, 10.5, 9], "texture": "#0"},
				"down": {"uv": [10, 9, 10.5, 10], "texture": "#0"}
			}
		},
		{
			"from": [7.85, 1.3, 7.475],
			"to": [8.15, 1.75, 7.625],
			"faces": {
				"north": {"uv": [10, 8, 10.5, 10], "texture": "#0"},
				"east": {"uv": [10, 8, 10.5, 10], "texture": "#0"},
				"south": {"uv": [10, 8, 10.5, 10], "texture": "#0"},
				"west": {"uv": [10, 8, 10.5, 10], "texture": "#0"},
				"up": {"uv": [10, 8, 10.5, 9], "texture": "#0"},
				"down": {"uv": [10, 9, 10.5, 10], "texture": "#0"}
			}
		},
		{
			"from": [7.85, 1.25, 7.625],
			"to": [8.15, 1.7, 7.775],
			"faces": {
				"north": {"uv": [10, 8, 10.5, 10], "texture": "#0"},
				"east": {"uv": [10, 8, 10.5, 10], "texture": "#0"},
				"south": {"uv": [10, 8, 10.5, 10], "texture": "#0"},
				"west": {"uv": [10, 8, 10.5, 10], "texture": "#0"},
				"up": {"uv": [10, 8, 10.5, 9], "texture": "#0"},
				"down": {"uv": [10, 9, 10.5, 10], "texture": "#0"}
			}
		},
		{
			"from": [7.85, 1.2, 7.775],
			"to": [8.15, 1.65, 7.925],
			"faces": {
				"north": {"uv": [10, 8, 10.5, 10], "texture": "#0"},
				"east": {"uv": [10, 8, 10.5, 10], "texture": "#0"},
				"west": {"uv": [10, 8, 10.5, 10], "texture": "#0"},
				"up": {"uv": [10, 8, 10.5, 9], "texture": "#0"},
				"down": {"uv": [10, 9, 10.5, 10], "texture": "#0"}
			}
		},
		{
			"from": [7.85, 1.15, 7.925],
			"to": [8.15, 1.65, 8.075],
			"faces": {
				"north": {"uv": [10, 8, 10.5, 10], "texture": "#0"},
				"east": {"uv": [10, 8, 10.5, 10], "texture": "#0"},
				"west": {"uv": [10, 8, 10.5, 10], "texture": "#0"},
				"up": {"uv": [10, 8, 10.5, 9], "texture": "#0"},
				"down": {"uv": [10, 9, 10.5, 10], "texture": "#0"}
			}
		},
		{
			"from": [7.85, 1.1, 8.075],
			"to": [8.15, 1.7, 8.225],
			"faces": {
				"north": {"uv": [10, 8, 10.5, 10], "texture": "#0"},
				"east": {"uv": [10, 8, 10.5, 10], "texture": "#0"},
				"west": {"uv": [10, 8, 10.5, 10], "texture": "#0"},
				"up": {"uv": [10, 8, 10.5, 9], "texture": "#0"},
				"down": {"uv": [10, 9, 10.5, 10], "texture": "#0"}
			}
		},
		{
			"from": [7.85, 1.05, 8.225],
			"to": [8.15, 1.75, 8.375],
			"faces": {
				"north": {"uv": [10, 8, 10.5, 10], "texture": "#0"},
				"east": {"uv": [10, 8, 10.5, 10], "texture": "#0"},
				"west": {"uv": [10, 8, 10.5, 10], "texture": "#0"},
				"up": {"uv": [10, 8, 10.5, 9], "texture": "#0"},
				"down": {"uv": [10, 8, 10.5, 10], "texture": "#0"}
			}
		},
		{
			"from": [7.85, 0.9, 8.525],
			"to": [8.15, 1.7, 8.675],
			"faces": {
				"north": {"uv": [10, 8, 10.5, 10], "texture": "#0"},
				"east": {"uv": [10, 8, 10.5, 10], "texture": "#0"},
				"west": {"uv": [10, 8, 10.5, 10], "texture": "#0"},
				"up": {"uv": [10, 8, 10.5, 9], "texture": "#0"},
				"down": {"uv": [10, 9, 10.5, 10], "texture": "#0"}
			}
		},
		{
			"from": [7.85, 0.85, 8.675],
			"to": [8.15, 1.7, 8.825],
			"faces": {
				"north": {"uv": [10, 8, 10.5, 10], "texture": "#0"},
				"east": {"uv": [10, 8, 10.5, 10], "texture": "#0"},
				"south": {"uv": [10, 8, 10.5, 10], "texture": "#0"},
				"west": {"uv": [10, 8, 10.5, 10], "texture": "#0"},
				"up": {"uv": [10, 8, 10.5, 9], "texture": "#0"},
				"down": {"uv": [10, 9, 10.5, 10], "texture": "#0"}
			}
		},
		{
			"from": [7.85, 0.8, 8.825],
			"to": [8.15, 1.65, 8.975],
			"faces": {
				"north": {"uv": [10, 8, 10.5, 10], "texture": "#0"},
				"east": {"uv": [10, 8, 10.5, 10], "texture": "#0"},
				"west": {"uv": [10, 8, 10.5, 10], "texture": "#0"},
				"up": {"uv": [10, 8, 10.5, 9], "texture": "#0"},
				"down": {"uv": [10, 9, 10.5, 10], "texture": "#0"}
			}
		},
		{
			"from": [7.85, 0.75, 8.975],
			"to": [8.15, 1.65, 9.125],
			"faces": {
				"north": {"uv": [10, 8, 10.5, 10], "texture": "#0"},
				"east": {"uv": [10, 8, 10.5, 10], "texture": "#0"},
				"south": {"uv": [10, 8, 10.5, 10], "texture": "#0"},
				"west": {"uv": [10, 8, 10.5, 10], "texture": "#0"},
				"up": {"uv": [10, 8, 10.5, 9], "texture": "#0"},
				"down": {"uv": [10, 9, 10.5, 10], "texture": "#0"}
			}
		},
		{
			"from": [7.85, 0.7, 9.125],
			"to": [8.15, 1.6, 9.275],
			"faces": {
				"north": {"uv": [10, 8, 10.5, 10], "texture": "#0"},
				"east": {"uv": [10, 8, 10.5, 10], "texture": "#0"},
				"west": {"uv": [10, 8, 10.5, 10], "texture": "#0"},
				"up": {"uv": [10, 8, 10.5, 9], "texture": "#0"},
				"down": {"uv": [10, 9, 10.5, 10], "texture": "#0"}
			}
		},
		{
			"from": [7.85, 0.65, 9.275],
			"to": [8.15, 1.6, 9.425],
			"faces": {
				"north": {"uv": [10, 8, 10.5, 10], "texture": "#0"},
				"east": {"uv": [10, 8, 10.5, 10], "texture": "#0"},
				"south": {"uv": [10, 8, 10.5, 10], "texture": "#0"},
				"west": {"uv": [10, 8, 10.5, 10], "texture": "#0"},
				"up": {"uv": [10, 8, 10.5, 9], "texture": "#0"},
				"down": {"uv": [10, 9, 10.5, 10], "texture": "#0"}
			}
		},
		{
			"from": [7.85, 1, 8.375],
			"to": [8.15, 1.75, 8.525],
			"faces": {
				"north": {"uv": [10, 8, 10.5, 10], "texture": "#0"},
				"east": {"uv": [10, 8, 10.5, 10], "texture": "#0"},
				"south": {"uv": [10, 8, 10.5, 10], "texture": "#0"},
				"west": {"uv": [10, 8, 10.5, 10], "texture": "#0"},
				"up": {"uv": [10, 8, 10.5, 9], "texture": "#0"},
				"down": {"uv": [10, 9, 10.5, 10], "texture": "#0"}
			}
		},
		{
			"from": [7.85, 1.35, 7.325],
			"to": [8.15, 1.8, 7.475],
			"faces": {
				"north": {"uv": [10, 8, 10.5, 10], "texture": "#0"},
				"east": {"uv": [10, 8, 10.5, 10], "texture": "#0"},
				"south": {"uv": [10, 8, 10.5, 10], "texture": "#0"},
				"west": {"uv": [10, 8, 10.5, 10], "texture": "#0"},
				"up": {"uv": [10, 8, 10.5, 9], "texture": "#0"},
				"down": {"uv": [10, 9, 10.5, 10], "texture": "#0"}
			}
		},
		{
			"from": [7.925, 1.15, 6.575],
			"to": [8.075, 1.45, 6.725],
			"faces": {
				"north": {"uv": [0, 0, 1, 3], "texture": "#2"},
				"east": {"uv": [0, 0, 1, 3], "texture": "#2"},
				"south": {"uv": [0, 0, 1, 3], "texture": "#2"},
				"west": {"uv": [0, 0, 1, 3], "texture": "#2"},
				"down": {"uv": [0, 2, 0.5, 3], "texture": "#2"}
			}
		},
		{
			"from": [7.925, 1.25, 6.275],
			"to": [8.075, 1.45, 6.425],
			"faces": {
				"north": {"uv": [0, 0, 1, 3], "texture": "#2"},
				"east": {"uv": [0, 0, 1, 3], "texture": "#2"},
				"west": {"uv": [0, 0, 1, 3], "texture": "#2"},
				"down": {"uv": [0, 2, 0.5, 3], "texture": "#2"}
			}
		},
		{
			"from": [7.925, 1.3, 6.125],
			"to": [8.075, 1.45, 6.275],
			"faces": {
				"north": {"uv": [0, 0, 1, 3], "texture": "#2"},
				"east": {"uv": [0, 0, 1, 3], "texture": "#2"},
				"west": {"uv": [0, 0, 1, 3], "texture": "#2"},
				"down": {"uv": [0, 2, 0.5, 3], "texture": "#2"}
			}
		},
		{
			"from": [7.925, 1.35, 5.975],
			"to": [8.075, 1.45, 6.125],
			"faces": {
				"north": {"uv": [0, 0, 1, 3], "texture": "#2"},
				"east": {"uv": [0, 0, 1, 3], "texture": "#2"},
				"west": {"uv": [0, 0, 1, 3], "texture": "#2"},
				"down": {"uv": [0, 2, 0.5, 3], "texture": "#2"}
			}
		},
		{
			"from": [7.925, 1.4, 5.825],
			"to": [8.075, 1.45, 5.975],
			"faces": {
				"north": {"uv": [0, 0, 1, 3], "texture": "#2"},
				"east": {"uv": [0, 0, 1, 3], "texture": "#2"},
				"west": {"uv": [0, 0, 1, 3], "texture": "#2"},
				"down": {"uv": [0, 2, 0.5, 3], "texture": "#2"}
			}
		},
		{
			"from": [7.925, 1.2, 6.425],
			"to": [8.075, 1.45, 6.575],
			"faces": {
				"north": {"uv": [0, 0, 1, 3], "texture": "#2"},
				"east": {"uv": [0, 0, 1, 3], "texture": "#2"},
				"west": {"uv": [0, 0, 1, 3], "texture": "#2"},
				"down": {"uv": [0, 2, 0.5, 3], "texture": "#2"}
			}
		},
		{
			"from": [7.95, 1.3, 6.9],
			"to": [8.05, 1.5, 6.95],
			"faces": {
				"north": {"uv": [1, 1, 1.5, 2], "texture": "#2"},
				"east": {"uv": [1, 1, 1.5, 2], "texture": "#2"},
				"south": {"uv": [1, 1, 1.5, 2], "texture": "#2"},
				"west": {"uv": [1, 1, 1.5, 2], "texture": "#2"},
				"down": {"uv": [1, 1, 1.5, 2], "texture": "#2"}
			}
		},
		{
			"from": [7.95, 1.25, 6.925],
			"to": [8.05, 1.3, 6.95],
			"faces": {
				"north": {"uv": [1, 1, 1.5, 2], "texture": "#2"},
				"east": {"uv": [1, 1, 1.5, 2], "texture": "#2"},
				"south": {"uv": [1, 1, 1.5, 2], "texture": "#2"},
				"west": {"uv": [1, 1, 1.5, 2], "texture": "#2"},
				"down": {"uv": [1, 1, 1.5, 2], "texture": "#2"}
			}
		},
		{
			"from": [7.925, 1.15, 6.725],
			"to": [8.075, 1.2, 7.025],
			"faces": {
				"east": {"uv": [0, 2, 0.5, 3], "texture": "#2"},
				"south": {"uv": [0, 2, 0.5, 3], "texture": "#2"},
				"west": {"uv": [0, 2, 0.5, 3], "texture": "#2"},
				"up": {"uv": [0, 2, 0.5, 3], "texture": "#2"},
				"down": {"uv": [0, 2, 0.5, 3], "texture": "#2"}
			}
		},
		{
			"from": [7.925, 1.25, 7.025],
			"to": [8.075, 1.45, 7.075],
			"faces": {
				"north": {"uv": [0, 2, 0.5, 3], "texture": "#2"},
				"east": {"uv": [0, 2, 0.5, 3], "texture": "#2"},
				"south": {"uv": [0, 2, 0.5, 3], "texture": "#2"},
				"west": {"uv": [0, 2, 0.5, 3], "texture": "#2"}
			}
		},
		{
			"from": [7.925, 1.2, 6.975],
			"to": [8.075, 1.25, 7.075],
			"faces": {
				"north": {"uv": [0, 2, 0.5, 3], "texture": "#2"},
				"east": {"uv": [0, 2, 0.5, 3], "texture": "#2"},
				"south": {"uv": [0, 2, 0.5, 3], "texture": "#2"},
				"west": {"uv": [0, 2, 0.5, 3], "texture": "#2"},
				"up": {"uv": [0, 2, 0.5, 3], "texture": "#2"},
				"down": {"uv": [0, 2, 0.5, 3], "texture": "#2"}
			}
		},
		{
			"from": [7.85, 1.55, 4.925],
			"to": [8.15, 1.65, 5.925],
			"faces": {
				"east": {"uv": [10, 9, 10.5, 10], "texture": "#0"},
				"west": {"uv": [10, 9, 10.5, 10], "texture": "#0"},
				"up": {"uv": [10, 9, 10.5, 10], "texture": "#0"}
			}
		},
		{
			"from": [7.85, 1.45, 5.175],
			"to": [8.15, 1.55, 5.925],
			"faces": {
				"north": {"uv": [10, 9, 10.5, 10], "texture": "#0"},
				"east": {"uv": [10, 9, 10.5, 10], "texture": "#0"},
				"west": {"uv": [10, 9, 10.5, 10], "texture": "#0"},
				"down": {"uv": [10, 9, 10.5, 10], "texture": "#0"}
			}
		},
		{
			"from": [7.85, 1.5, 4.925],
			"to": [8.15, 1.55, 5.175],
			"faces": {
				"north": {"uv": [10, 9, 10.5, 10], "texture": "#0"},
				"east": {"uv": [10, 9, 10.5, 10], "texture": "#0"},
				"west": {"uv": [10, 9, 10.5, 10], "texture": "#0"},
				"down": {"uv": [10, 9, 10.5, 10], "texture": "#0"}
			}
		},
		{
			"from": [7.85, 1.55, 4.725],
			"to": [8.15, 1.85, 4.925],
			"faces": {
				"north": {"uv": [10, 8, 10.5, 10], "texture": "#0"},
				"east": {"uv": [10, 8, 10.5, 10], "texture": "#0"},
				"west": {"uv": [10, 8, 10.5, 10], "texture": "#0"},
				"up": {"uv": [10, 8, 10.5, 9], "texture": "#0"},
				"down": {"uv": [10, 9, 10.5, 10], "texture": "#0"}
			}
		},
		{
			"from": [7.85, 1.6, 4.525],
			"to": [8.15, 1.85, 4.725],
			"faces": {
				"north": {"uv": [10, 8, 10.5, 10], "texture": "#0"},
				"east": {"uv": [10, 8, 10.5, 10], "texture": "#0"},
				"west": {"uv": [10, 8, 10.5, 10], "texture": "#0"},
				"up": {"uv": [10, 8, 10.5, 9], "texture": "#0"},
				"down": {"uv": [10, 9, 10.5, 10], "texture": "#0"}
			}
		},
		{
			"from": [7.85, 1.65, 4.325],
			"to": [8.15, 1.95, 4.525],
			"faces": {
				"east": {"uv": [10, 8, 10.5, 10], "texture": "#0"},
				"south": {"uv": [10, 8, 10.5, 10], "texture": "#0"},
				"west": {"uv": [10, 8, 10.5, 10], "texture": "#0"},
				"up": {"uv": [10, 8, 10.5, 9], "texture": "#0"},
				"down": {"uv": [10, 9, 10.5, 10], "texture": "#0"}
			}
		},
		{
			"from": [7.9, 1.65, 1.575],
			"to": [8.1, 1.95, 4.275],
			"faces": {
				"east": {"uv": [10, 8, 10.5, 10], "texture": "#0"},
				"west": {"uv": [10, 8, 10.5, 10], "texture": "#0"},
				"up": {"uv": [10, 8, 10.5, 9], "texture": "#0"},
				"down": {"uv": [10, 9, 10.5, 10], "texture": "#0"}
			}
		},
		{
			"from": [7.85, 1.7, 1.575],
			"to": [7.9, 1.9, 4.275],
			"faces": {
				"west": {"uv": [10, 8, 10.5, 10], "texture": "#0"},
				"up": {"uv": [10, 8, 10.5, 9], "texture": "#0"},
				"down": {"uv": [10, 9, 10.5, 10], "texture": "#0"}
			}
		},
		{
			"from": [8.1, 1.7, 1.575],
			"to": [8.15, 1.9, 4.275],
			"faces": {
				"east": {"uv": [10, 8, 10.5, 10], "texture": "#0"},
				"up": {"uv": [10, 8, 10.5, 9], "texture": "#0"},
				"down": {"uv": [10, 8, 10.5, 10], "texture": "#0"}
			}
		},
		{
			"from": [8.1, 1.7, 1.525],
			"to": [8.15, 1.9, 1.575],
			"faces": {
				"east": {"uv": [0, 8, 1, 13], "texture": "#2"},
				"up": {"uv": [0, 8, 1, 13], "texture": "#2"},
				"down": {"uv": [0, 8, 1, 13], "texture": "#2"}
			}
		},
		{
			"from": [7.85, 1.7, 1.075],
			"to": [7.9, 1.9, 1.525],
			"faces": {
				"north": {"uv": [10, 8, 10.5, 10], "texture": "#0"},
				"west": {"uv": [10, 8, 10.5, 10], "texture": "#0"},
				"up": {"uv": [10, 8, 10.5, 9], "texture": "#0"},
				"down": {"uv": [10, 9, 10.5, 10], "texture": "#0"}
			}
		},
		{
			"from": [8.1, 1.7, 1.075],
			"to": [8.15, 1.9, 1.525],
			"faces": {
				"north": {"uv": [10, 8, 10.5, 10], "texture": "#0"},
				"east": {"uv": [10, 8, 10.5, 10], "texture": "#0"},
				"up": {"uv": [10, 8, 10.5, 9], "texture": "#0"},
				"down": {"uv": [10, 9, 10.5, 10], "texture": "#0"}
			}
		},
		{
			"from": [7.85, 1.7, 1.525],
			"to": [7.9, 1.9, 1.575],
			"faces": {
				"west": {"uv": [0, 8, 1, 13], "texture": "#2"},
				"up": {"uv": [0, 8, 1, 13], "texture": "#2"},
				"down": {"uv": [0, 8, 1, 13], "texture": "#2"}
			}
		},
		{
			"from": [7.85, 1.65, 4.275],
			"to": [8.15, 1.95, 4.325],
			"faces": {
				"north": {"uv": [0, 8, 1, 13], "texture": "#2"},
				"east": {"uv": [0, 8, 1, 13], "texture": "#2"},
				"west": {"uv": [0, 8, 1, 13], "texture": "#2"},
				"up": {"uv": [0, 8, 1, 13], "texture": "#2"},
				"down": {"uv": [0, 8, 1, 13], "texture": "#2"}
			}
		},
		{
			"from": [7.9, 1.65, 1.525],
			"to": [8.1, 1.95, 1.575],
			"faces": {
				"east": {"uv": [0, 8, 1, 13], "texture": "#2"},
				"west": {"uv": [0, 8, 1, 13], "texture": "#2"},
				"up": {"uv": [0, 8, 1, 13], "texture": "#2"},
				"down": {"uv": [0, 8, 1, 13], "texture": "#2"}
			}
		},
		{
			"from": [7.9, 1.65, 1.075],
			"to": [8.1, 1.9, 1.525],
			"faces": {
				"north": {"uv": [10, 8, 10.5, 10], "texture": "#0"},
				"east": {"uv": [10, 8, 10.5, 10], "texture": "#0"},
				"west": {"uv": [10, 8, 10.5, 10], "texture": "#0"},
				"down": {"uv": [10, 9, 10.5, 10], "texture": "#0"}
			}
		},
		{
			"from": [7.9, 1.9, 1.075],
			"to": [8.1, 1.95, 1.175],
			"faces": {
				"north": {"uv": [14, 12, 15, 13], "texture": "#2"},
				"east": {"uv": [14, 12, 15, 13], "texture": "#2"},
				"west": {"uv": [14, 12, 15, 13], "texture": "#2"},
				"up": {"uv": [14, 12, 15, 13], "texture": "#2"}
			}
		},
		{
			"from": [7.9, 1.9, 1.175],
			"to": [8.1, 1.95, 1.525],
			"faces": {
				"east": {"uv": [10, 8, 10.5, 9], "texture": "#0"},
				"west": {"uv": [10, 8, 10.5, 9], "texture": "#0"},
				"up": {"uv": [10, 8, 10.5, 9], "texture": "#0"}
			}
		},
		{
			"from": [7.95, 1.75, 0.975],
			"to": [8.05, 1.85, 1.075],
			"faces": {
				"north": {"uv": [0, 2, 0.5, 3], "texture": "#2"},
				"east": {"uv": [0, 2, 0.5, 3], "texture": "#2"},
				"west": {"uv": [0, 2, 0.5, 3], "texture": "#2"},
				"up": {"uv": [0, 2, 0.5, 3], "texture": "#2"},
				"down": {"uv": [0, 2, 0.5, 3], "texture": "#2"}
			}
		},
		{
			"from": [7.9625, 1.85, 0.275],
			"to": [8.0375, 1.925, 1.075],
			"faces": {
				"north": {"uv": [4, 4, 12, 12], "texture": "#1"},
				"east": {"uv": [0, 0, 1, 5], "texture": "#2"},
				"west": {"uv": [0, 0, 1, 5], "texture": "#2"},
				"up": {"uv": [0, 0, 1, 5], "rotation": 90, "texture": "#2"},
				"down": {"uv": [0, 0, 1, 5], "rotation": 270, "texture": "#2"}
			}
		},
		{
			"from": [7.9875, 1.925, 0.3],
			"to": [8.0125, 1.95, 0.325],
			"faces": {
				"north": {"uv": [0, 0, 1, 1], "texture": "#2"},
				"east": {"uv": [0, 0, 1, 1], "texture": "#2"},
				"south": {"uv": [0, 0, 1, 1], "texture": "#2"},
				"west": {"uv": [0, 0, 1, 1], "texture": "#2"}
			}
		},
		{
			"from": [7.975, 1.95, 0.3],
			"to": [8.025, 1.9625, 0.325],
			"faces": {
				"north": {"uv": [0, 0, 1, 1], "texture": "#2"},
				"east": {"uv": [0, 0, 1, 1], "texture": "#2"},
				"south": {"uv": [0, 0, 1, 1], "texture": "#2"},
				"west": {"uv": [0, 0, 1, 1], "texture": "#2"},
				"up": {"uv": [0, 0, 1, 1], "texture": "#2"},
				"down": {"uv": [0, 0, 1, 1], "texture": "#2"}
			}
		},
		{
			"from": [7.975, 1.9875, 0.3],
			"to": [8.025, 2, 0.325],
			"faces": {
				"north": {"uv": [0, 0, 1, 1], "texture": "#2"},
				"east": {"uv": [0, 0, 1, 1], "texture": "#2"},
				"south": {"uv": [0, 0, 1, 1], "texture": "#2"},
				"west": {"uv": [0, 0, 1, 1], "texture": "#2"},
				"up": {"uv": [0, 0, 1, 1], "texture": "#2"},
				"down": {"uv": [0, 0, 1, 1], "texture": "#2"}
			}
		},
		{
			"from": [7.975, 1.9625, 0.3],
			"to": [7.9875, 1.9875, 0.325],
			"faces": {
				"north": {"uv": [0, 0, 1, 1], "texture": "#2"},
				"east": {"uv": [0, 0, 1, 1], "texture": "#2"},
				"south": {"uv": [0, 0, 1, 1], "texture": "#2"},
				"west": {"uv": [0, 0, 1, 1], "texture": "#2"}
			}
		},
		{
			"from": [8.0125, 1.9625, 0.3],
			"to": [8.025, 1.9875, 0.325],
			"faces": {
				"north": {"uv": [0, 0, 1, 1], "texture": "#2"},
				"east": {"uv": [0, 0, 1, 1], "texture": "#2"},
				"south": {"uv": [0, 0, 1, 1], "texture": "#2"},
				"west": {"uv": [0, 0, 1, 1], "texture": "#2"}
			}
		},
		{
			"from": [7.975, 1.7, 0.525],
			"to": [8.025, 1.75, 1.075],
			"faces": {
				"north": {"uv": [0, 0, 1, 5], "texture": "#2"},
				"east": {"uv": [0, 0, 1, 5], "texture": "#2"},
				"west": {"uv": [0, 0, 1, 5], "texture": "#2"},
				"up": {"uv": [0, 0, 1, 5], "rotation": 90, "texture": "#2"},
				"down": {"uv": [0, 0, 1, 5], "rotation": 270, "texture": "#2"}
			}
		},
		{
			"from": [7.9, 1.65, 5.175],
			"to": [8.1, 1.75, 5.925],
			"faces": {
				"east": {"uv": [10, 8, 10.5, 10], "texture": "#0"},
				"west": {"uv": [10, 8, 10.5, 10], "texture": "#0"}
			}
		},
		{
			"from": [7.85, 1.6675, 5.8],
			"to": [8.15, 1.7425, 5.875],
			"faces": {
				"north": {"uv": [10, 11, 13, 14], "texture": "#2"},
				"east": {"uv": [10, 11, 13, 14], "texture": "#2"},
				"south": {"uv": [10, 11, 13, 14], "texture": "#2"},
				"west": {"uv": [10, 11, 13, 14], "texture": "#2"},
				"up": {"uv": [10, 11, 13, 14], "texture": "#2"},
				"down": {"uv": [10, 11, 13, 14], "texture": "#2"}
			}
		},
		{
			"from": [7.85, 1.65, 4.925],
			"to": [8.15, 1.75, 5.175],
			"faces": {
				"east": {"uv": [10, 8, 10.5, 10], "texture": "#0"},
				"south": {"uv": [10, 8, 10.5, 10], "texture": "#0"},
				"west": {"uv": [10, 8, 10.5, 10], "texture": "#0"}
			}
		},
		{
			"from": [7.85, 1.75, 4.925],
			"to": [8.15, 1.85, 5.925],
			"faces": {
				"east": {"uv": [10, 8, 10.5, 9], "texture": "#0"},
				"south": {"uv": [10, 8, 10.5, 9], "texture": "#0"},
				"west": {"uv": [10, 8, 10.5, 9], "texture": "#0"},
				"up": {"uv": [10, 8, 10.5, 9], "texture": "#0"},
				"down": {"uv": [10, 8, 10.5, 9], "texture": "#0"}
			}
		}
	],
	"display": {
		"thirdperson_righthand": {
			"translation": [0, 15, 4],
			"scale": [2.25, 2.25, 2.5]
		},
		"thirdperson_lefthand": {
			"translation": [0, 15, 4],
			"scale": [2.25, 2.25, 2.5]
		},
		"firstperson_righthand": {
			"translation": [-8.95, 22.5, 30],
			"scale": [2.5, 2.5, 3.25]
		},
		"firstperson_lefthand": {
			"translation": [-9, 22.5, 30],
			"scale": [2.5, 2.5, 3.25]
		},
		"ground": {
			"translation": [0, 15, 7.75],
			"scale": [2.5, 2.5, 3.25]
		},
		"gui": {
			"rotation": [0, 90, 0],
			"translation": [7.75, 16.2, -1.25],
			"scale": [2.5, 2.5, 3.25]
		},
		"head": {
			"translation": [0, 16.2, 3.5],
			"scale": [2.5, 2.5, 3.25]
		},
		"fixed": {
			"rotation": [0, 90, 0],
			"translation": [7.75, 16.2, -1.25],
			"scale": [2.5, 2.5, 3.25]
		}
	}
}