{
	"credit": "Made with Blockbench",
	"textures": {
		"0": "item/cit/stone3",
		"1": "item/cit/metaru",
		"particle": "item/cit/stone3"
	},
	"elements": [
		{
			"from": [7.7, 0, 7.8],
			"to": [8.3, 13.25, 8.2],
			"faces": {
				"north": {"uv": [0, 0, 1, 16], "rotation": 90, "texture": "#0"},
				"east": {"uv": [0, 0, 1, 16], "rotation": 90, "texture": "#0"},
				"south": {"uv": [0, 0, 1, 16], "rotation": 90, "texture": "#0"},
				"west": {"uv": [0, 0, 1, 16], "rotation": 90, "texture": "#0"},
				"down": {"uv": [0, 0, 1, 16], "rotation": 90, "texture": "#0"}
			}
		},
		{
			"from": [7.8, 0, 7.7],
			"to": [8.2, 13.25, 8.3],
			"faces": {
				"north": {"uv": [0, 0, 1, 16], "rotation": 90, "texture": "#0"},
				"east": {"uv": [0, 0, 1, 16], "rotation": 90, "texture": "#0"},
				"south": {"uv": [0, 0, 1, 16], "rotation": 90, "texture": "#0"},
				"west": {"uv": [0, 0, 1, 16], "rotation": 90, "texture": "#0"},
				"down": {"uv": [0, 0, 1, 16], "rotation": 90, "texture": "#0"}
			}
		},
		{
			"from": [7.05, 0, 8.2],
			"to": [7.45, 12, 8.8],
			"faces": {
				"north": {"uv": [0, 0, 1, 16], "rotation": 90, "texture": "#0"},
				"east": {"uv": [0, 0, 1, 16], "rotation": 90, "texture": "#0"},
				"south": {"uv": [0, 0, 1, 16], "rotation": 90, "texture": "#0"},
				"west": {"uv": [0, 0, 1, 16], "rotation": 90, "texture": "#0"},
				"down": {"uv": [0, 0, 1, 16], "rotation": 90, "texture": "#0"}
			}
		},
		{
			"from": [7.8, 0, 6.95],
			"to": [8.2, 12, 7.55],
			"faces": {
				"north": {"uv": [0, 0, 1, 16], "rotation": 90, "texture": "#0"},
				"east": {"uv": [0, 0, 1, 16], "rotation": 90, "texture": "#0"},
				"south": {"uv": [0, 0, 1, 16], "rotation": 90, "texture": "#0"},
				"west": {"uv": [0, 0, 1, 16], "rotation": 90, "texture": "#0"},
				"down": {"uv": [0, 0, 1, 16], "rotation": 90, "texture": "#0"}
			}
		},
		{
			"from": [8.55, 0, 8.2],
			"to": [8.95, 12, 8.8],
			"faces": {
				"north": {"uv": [0, 0, 1, 16], "rotation": 90, "texture": "#0"},
				"east": {"uv": [0, 0, 1, 16], "rotation": 90, "texture": "#0"},
				"south": {"uv": [0, 0, 1, 16], "rotation": 90, "texture": "#0"},
				"west": {"uv": [0, 0, 1, 16], "rotation": 90, "texture": "#0"},
				"down": {"uv": [0, 0, 1, 16], "rotation": 90, "texture": "#0"}
			}
		},
		{
			"from": [6.95, 0, 8.3],
			"to": [7.55, 12, 8.7],
			"faces": {
				"north": {"uv": [0, 0, 1, 16], "rotation": 90, "texture": "#0"},
				"east": {"uv": [0, 0, 1, 16], "rotation": 90, "texture": "#0"},
				"south": {"uv": [0, 0, 1, 16], "rotation": 90, "texture": "#0"},
				"west": {"uv": [0, 0, 1, 16], "rotation": 90, "texture": "#0"},
				"down": {"uv": [0, 0, 1, 16], "rotation": 90, "texture": "#0"}
			}
		},
		{
			"from": [8.45, 0, 8.3],
			"to": [9.05, 12, 8.7],
			"faces": {
				"north": {"uv": [0, 0, 1, 16], "rotation": 90, "texture": "#0"},
				"east": {"uv": [0, 0, 1, 16], "rotation": 90, "texture": "#0"},
				"south": {"uv": [0, 0, 1, 16], "rotation": 90, "texture": "#0"},
				"west": {"uv": [0, 0, 1, 16], "rotation": 90, "texture": "#0"},
				"down": {"uv": [0, 0, 1, 16], "rotation": 90, "texture": "#0"}
			}
		},
		{
			"from": [7.7, 0, 7.05],
			"to": [8.3, 12, 7.45],
			"faces": {
				"north": {"uv": [0, 0, 1, 16], "rotation": 90, "texture": "#0"},
				"east": {"uv": [0, 0, 1, 16], "rotation": 90, "texture": "#0"},
				"south": {"uv": [0, 0, 1, 16], "rotation": 90, "texture": "#0"},
				"west": {"uv": [0, 0, 1, 16], "rotation": 90, "texture": "#0"},
				"down": {"uv": [0, 0, 1, 16], "rotation": 90, "texture": "#0"}
			}
		},
		{
			"from": [7.9, 14.9, 7.85],
			"to": [8.1, 15.1, 8.15],
			"rotation": {"angle": 0, "axis": "y", "origin": [0, 3.25, 0]},
			"faces": {
				"north": {"uv": [0, 0, 1, 8], "texture": "#1"},
				"east": {"uv": [0, 0, 1, 8], "texture": "#1"},
				"south": {"uv": [0, 0, 1, 8], "texture": "#1"},
				"west": {"uv": [0, 0, 1, 8], "texture": "#1"},
				"up": {"uv": [0, 0, 1, 1], "texture": "#1"}
			}
		},
		{
			"from": [7.85, 14.9, 7.9],
			"to": [8.15, 15.1, 8.1],
			"rotation": {"angle": 0, "axis": "y", "origin": [0, 3.25, 0]},
			"faces": {
				"north": {"uv": [0, 0, 1, 8], "texture": "#1"},
				"east": {"uv": [0, 0, 1, 8], "texture": "#1"},
				"south": {"uv": [0, 0, 1, 8], "texture": "#1"},
				"west": {"uv": [0, 0, 1, 8], "texture": "#1"},
				"up": {"uv": [0, 0, 1, 1], "texture": "#1"}
			}
		},
		{
			"from": [7.55, 13.25, 7.45],
			"to": [9.05, 13.5, 8.55],
			"rotation": {"angle": 0, "axis": "y", "origin": [0, 3.25, 0]},
			"faces": {
				"north": {"uv": [0, 15.25, 0.75, 16], "texture": "#0"},
				"south": {"uv": [6, 15.25, 9, 16], "texture": "#0"},
				"west": {"uv": [6, 15.25, 9, 16], "texture": "#0"},
				"up": {"uv": [6, 15.25, 9, 16], "texture": "#0"},
				"down": {"uv": [6, 15.25, 9, 16], "texture": "#0"}
			}
		},
		{
			"from": [7.45, 13.25, 7.6],
			"to": [7.55, 13.5, 8.4],
			"rotation": {"angle": 0, "axis": "y", "origin": [0, 3.25, 0]},
			"faces": {
				"north": {"uv": [0, 15.25, 0.75, 16], "texture": "#0"},
				"south": {"uv": [0, 15.25, 0.75, 16], "texture": "#0"},
				"west": {"uv": [0, 15, 1, 16], "texture": "#0"},
				"up": {"uv": [6, 15, 7, 16], "texture": "#0"},
				"down": {"uv": [0, 15.5, 0.75, 16], "texture": "#0"}
			}
		},
		{
			"from": [7.05, 14.5, 7.2],
			"to": [9.05, 14.75, 8.8],
			"rotation": {"angle": 0, "axis": "y", "origin": [0, 3.25, 0]},
			"faces": {
				"north": {"uv": [0, 13.25, 0.5, 13.75], "texture": "#0"},
				"east": {"uv": [0, 13.25, 0.5, 13.75], "texture": "#0"},
				"south": {"uv": [0, 13.25, 0.5, 13.75], "texture": "#0"},
				"west": {"uv": [0, 13.25, 0.5, 13.75], "texture": "#0"},
				"up": {"uv": [0, 13.25, 0.5, 13.75], "texture": "#0"},
				"down": {"uv": [0, 13.25, 0.5, 13.75], "texture": "#0"}
			}
		},
		{
			"from": [6.95, 14.5, 7.3],
			"to": [7.05, 14.75, 8.7],
			"rotation": {"angle": 0, "axis": "y", "origin": [0, 3.25, 0]},
			"faces": {
				"north": {"uv": [0, 13.25, 0.5, 13.75], "texture": "#0"},
				"south": {"uv": [0, 13.25, 0.5, 13.75], "texture": "#0"},
				"west": {"uv": [0, 13.25, 0.5, 13.75], "texture": "#0"},
				"up": {"uv": [0, 13.25, 0.5, 13.75], "texture": "#0"},
				"down": {"uv": [0, 13.25, 0.5, 13.75], "texture": "#0"}
			}
		},
		{
			"from": [7.2, 14.75, 7.4],
			"to": [8.8, 14.9, 8.6],
			"rotation": {"angle": 0, "axis": "y", "origin": [0, 3.25, 0]},
			"faces": {
				"north": {"uv": [6, 5, 11, 6], "rotation": 180, "texture": "#0"},
				"east": {"uv": [6, 5, 7, 10], "rotation": 90, "texture": "#0"},
				"south": {"uv": [6, 9, 11, 10], "texture": "#0"},
				"west": {"uv": [10, 5, 11, 10], "rotation": 270, "texture": "#0"},
				"up": {"uv": [6, 5, 11, 10], "texture": "#0"}
			}
		},
		{
			"from": [9.05, 13.25, 7.45],
			"to": [9.65, 14.75, 8.55],
			"rotation": {"angle": 0, "axis": "y", "origin": [0, 3.25, 0]},
			"faces": {
				"north": {"uv": [0, 13, 1, 16], "texture": "#0"},
				"east": {"uv": [0, 13, 1, 16], "texture": "#0"},
				"south": {"uv": [0, 13, 1, 16], "texture": "#0"},
				"west": {"uv": [0, 13, 1, 16], "texture": "#0"},
				"up": {"uv": [0, 13.25, 0.5, 13.75], "texture": "#0"},
				"down": {"uv": [0, 15.25, 0.5, 16], "texture": "#0"}
			}
		},
		{
			"from": [9.15, 10, 10.7],
			"to": [9.55, 10.4, 11.1],
			"rotation": {"angle": -22.5, "axis": "x", "origin": [0, 3.25, 0]},
			"faces": {
				"north": {"uv": [0, 0, 1, 1], "texture": "#0"},
				"east": {"uv": [0, 0, 1, 5], "rotation": 90, "texture": "#0"},
				"west": {"uv": [0, 0, 1, 5], "rotation": 270, "texture": "#0"},
				"up": {"uv": [0, 0, 1, 5], "texture": "#0"},
				"down": {"uv": [0, 0, 1, 5], "rotation": 180, "texture": "#0"}
			}
		},
		{
			"from": [9.25, 10.1, 9.8],
			"to": [9.45, 10.3, 10.7],
			"rotation": {"angle": -22.5, "axis": "x", "origin": [0, 3.25, 0]},
			"faces": {
				"east": {"uv": [0, 0, 1, 16], "texture": "#0"},
				"west": {"uv": [0, 0, 1, 16], "texture": "#0"},
				"up": {"uv": [0, 0, 1, 16], "rotation": 90, "texture": "#0"},
				"down": {"uv": [0, 0, 1, 16], "rotation": 90, "texture": "#0"}
			}
		},
		{
			"from": [9.2, 10.05, 7.9],
			"to": [9.5, 10.35, 9.8],
			"rotation": {"angle": -22.5, "axis": "x", "origin": [0, 3.25, 0]},
			"faces": {
				"north": {"uv": [0, 0, 1, 16], "texture": "#0"},
				"east": {"uv": [0, 0, 1, 16], "texture": "#0"},
				"south": {"uv": [0, 0, 1, 16], "texture": "#0"},
				"west": {"uv": [0, 0, 1, 16], "texture": "#0"},
				"up": {"uv": [0, 0, 1, 16], "rotation": 90, "texture": "#0"},
				"down": {"uv": [0, 0, 1, 16], "rotation": 90, "texture": "#0"}
			}
		},
		{
			"from": [6.95, 12, 6.95],
			"to": [9.05, 12.5, 9.05],
			"rotation": {"angle": 0, "axis": "y", "origin": [0, 3.25, 0]},
			"faces": {
				"north": {"uv": [15, 7, 16, 9], "texture": "#0"},
				"east": {"uv": [15, 7, 16, 9], "texture": "#0"},
				"south": {"uv": [15, 7, 16, 9], "texture": "#0"},
				"west": {"uv": [15, 7, 16, 9], "texture": "#0"},
				"up": {"uv": [15, 7, 16, 8], "texture": "#0"},
				"down": {"uv": [15, 8, 16, 9], "texture": "#0"}
			}
		},
		{
			"from": [7.2, 12, 9.05],
			"to": [8.8, 12.5, 9.15],
			"rotation": {"angle": 0, "axis": "y", "origin": [0, 3.25, 0]},
			"faces": {
				"east": {"uv": [15, 7, 16, 9], "texture": "#0"},
				"south": {"uv": [15, 7, 16, 9], "texture": "#0"},
				"west": {"uv": [15, 7, 16, 9], "texture": "#0"},
				"up": {"uv": [15, 7, 16, 8], "texture": "#0"},
				"down": {"uv": [15, 8, 16, 9], "texture": "#0"}
			}
		},
		{
			"from": [7.2, 12, 6.85],
			"to": [8.8, 12.5, 6.95],
			"rotation": {"angle": 0, "axis": "y", "origin": [0, 3.25, 0]},
			"faces": {
				"north": {"uv": [15, 7, 16, 9], "texture": "#0"},
				"east": {"uv": [15, 7, 16, 9], "texture": "#0"},
				"west": {"uv": [15, 7, 16, 9], "texture": "#0"},
				"up": {"uv": [15, 7, 16, 8], "texture": "#0"},
				"down": {"uv": [15, 8, 16, 9], "texture": "#0"}
			}
		},
		{
			"from": [6.85, 12, 7.2],
			"to": [6.95, 12.5, 8.8],
			"rotation": {"angle": 0, "axis": "y", "origin": [0, 3.25, 0]},
			"faces": {
				"north": {"uv": [15, 7, 16, 9], "texture": "#0"},
				"south": {"uv": [15, 7, 16, 9], "texture": "#0"},
				"west": {"uv": [15, 7, 16, 9], "texture": "#0"},
				"up": {"uv": [15, 7, 16, 8], "texture": "#0"},
				"down": {"uv": [15, 8, 16, 9], "texture": "#0"}
			}
		},
		{
			"from": [9.05, 12, 7.2],
			"to": [9.15, 12.5, 8.8],
			"rotation": {"angle": 0, "axis": "y", "origin": [0, 3.25, 0]},
			"faces": {
				"north": {"uv": [15, 7, 16, 9], "texture": "#0"},
				"east": {"uv": [15, 7, 16, 9], "texture": "#0"},
				"south": {"uv": [15, 7, 16, 9], "texture": "#0"},
				"up": {"uv": [15, 7, 16, 8], "texture": "#0"},
				"down": {"uv": [15, 8, 16, 9], "texture": "#0"}
			}
		}
	],
	"display": {
		"thirdperson_righthand": {
			"translation": [0, 7.5, 2],
			"scale": [1.5, 1.5, 1.5]
		},
		"thirdperson_lefthand": {
			"translation": [0, 7.5, 2],
			"scale": [1.5, 1.5, 1.5]
		},
		"firstperson_righthand": {
			"translation": [0, 7.5, 2],
			"scale": [1.5, 1.5, 1.5]
		},
		"firstperson_lefthand": {
			"translation": [0, 7.5, 2],
			"scale": [1.5, 1.5, 1.5]
		},
		"ground": {
			"rotation": [90, 0, 0],
			"translation": [0, -2.75, 0],
			"scale": [2, 2, 2]
		},
		"gui": {
			"rotation": [0, 36, 29],
			"translation": [0, 1, 4.75],
			"scale": [1.5, 1.5, 1.5]
		},
		"head": {
			"translation": [0, 15, 0],
			"scale": [1.5, 1.5, 1.5]
		},
		"fixed": {
			"translation": [0, 1.5, -2.25],
			"scale": [1.5, 1.5, 1.5]
		}
	}
}