{
	"credit": "Made with Blockbench",
	"textures": {
		"0": "item/cit/gold",
		"1": "item/cit/stone3",
		"2": "item/cit/ruby",
		"particle": "item/cit/gold"
	},
	"elements": [
		{
			"from": [7.25, 0, 6],
			"to": [8.75, 0.5, 8],
			"faces": {
				"north": {"uv": [0, 11, 16, 16], "texture": "#1"},
				"east": {"uv": [0, 11, 16, 16], "texture": "#1"},
				"south": {"uv": [0, 11, 16, 16], "texture": "#1"},
				"west": {"uv": [0, 11, 16, 16], "texture": "#1"},
				"down": {"uv": [0, 15, 16, 16], "texture": "#1"}
			}
		},
		{
			"from": [7.75, 0.3, 8],
			"to": [7.85, 0.4, 9.25],
			"faces": {
				"east": {"uv": [2, 3, 3, 14], "texture": "#1"},
				"south": {"uv": [2, 3, 3, 14], "texture": "#1"},
				"west": {"uv": [2, 3, 3, 14], "texture": "#1"},
				"up": {"uv": [2, 3, 3, 14], "texture": "#1"},
				"down": {"uv": [2, 3, 3, 14], "texture": "#1"}
			}
		},
		{
			"from": [8.25, 0.3, 8],
			"to": [8.35, 0.4, 8.75],
			"faces": {
				"east": {"uv": [2, 3, 3, 14], "texture": "#1"},
				"south": {"uv": [2, 3, 3, 14], "texture": "#1"},
				"west": {"uv": [2, 3, 3, 14], "texture": "#1"},
				"up": {"uv": [2, 3, 3, 14], "texture": "#1"},
				"down": {"uv": [2, 3, 3, 14], "texture": "#1"}
			}
		},
		{
			"from": [7.75, 0.5, 6.5],
			"to": [8.25, 0.9, 7.5],
			"faces": {
				"north": {"uv": [0, 15, 16, 16], "texture": "#2"},
				"east": {"uv": [0, 15, 16, 16], "texture": "#2"},
				"south": {"uv": [0, 15, 16, 16], "texture": "#2"},
				"west": {"uv": [0, 15, 16, 16], "texture": "#2"},
				"up": {"uv": [0, 0, 16, 16], "texture": "#2"}
			}
		},
		{
			"from": [7.25, 0.5, 6.5],
			"to": [7.75, 0.7, 7],
			"faces": {
				"west": {"uv": [13, 13, 16, 16], "texture": "#1"},
				"up": {"uv": [13, 13, 16, 16], "texture": "#1"}
			}
		},
		{
			"from": [7.25, 0.5, 6],
			"to": [7.75, 0.7, 6.5],
			"faces": {
				"north": {"uv": [0, 13, 3, 16], "texture": "#0"},
				"west": {"uv": [0, 13, 3, 16], "texture": "#0"},
				"up": {"uv": [0, 13, 3, 16], "texture": "#0"}
			}
		},
		{
			"from": [8.25, 0.5, 6],
			"to": [8.75, 0.7, 6.5],
			"faces": {
				"north": {"uv": [0, 13, 3, 16], "texture": "#0"},
				"east": {"uv": [0, 13, 3, 16], "texture": "#0"},
				"up": {"uv": [0, 13, 3, 16], "texture": "#0"}
			}
		},
		{
			"from": [7.75, 0.5, 6],
			"to": [8.25, 0.7, 6.5],
			"faces": {
				"north": {"uv": [13, 13, 16, 16], "texture": "#1"},
				"up": {"uv": [13, 13, 16, 16], "texture": "#1"}
			}
		},
		{
			"from": [8.25, 0.5, 7.5],
			"to": [8.75, 0.7, 8],
			"faces": {
				"east": {"uv": [13, 13, 16, 16], "texture": "#1"},
				"south": {"uv": [13, 13, 16, 16], "texture": "#1"},
				"up": {"uv": [13, 13, 16, 16], "texture": "#1"}
			}
		},
		{
			"from": [7.75, 0.5, 7.5],
			"to": [8.25, 0.7, 8],
			"faces": {
				"south": {"uv": [0, 13, 3, 16], "texture": "#0"},
				"up": {"uv": [0, 13, 3, 16], "texture": "#0"}
			}
		},
		{
			"from": [7.25, 0.5, 7.5],
			"to": [7.75, 0.7, 8],
			"faces": {
				"south": {"uv": [13, 13, 16, 16], "texture": "#1"},
				"west": {"uv": [13, 13, 16, 16], "texture": "#1"},
				"up": {"uv": [13, 13, 16, 16], "texture": "#1"}
			}
		},
		{
			"from": [8.25, 0.5, 6.5],
			"to": [8.75, 0.7, 7],
			"faces": {
				"east": {"uv": [13, 13, 16, 16], "texture": "#1"},
				"up": {"uv": [13, 13, 16, 16], "texture": "#1"}
			}
		},
		{
			"from": [8.25, 0.5, 7],
			"to": [8.75, 0.7, 7.5],
			"faces": {
				"east": {"uv": [0, 13, 3, 16], "texture": "#0"},
				"up": {"uv": [0, 13, 3, 16], "texture": "#0"}
			}
		},
		{
			"from": [7.25, 0.5, 7],
			"to": [7.75, 0.7, 7.5],
			"faces": {
				"west": {"uv": [0, 13, 3, 16], "texture": "#0"},
				"up": {"uv": [0, 13, 3, 16], "texture": "#0"}
			}
		}
	],
	"display": {
		"thirdperson_righthand": {
			"rotation": [0, -180, 0],
			"translation": [0, 12, 0],
			"scale": [1.5, 1.5, 1.5]
		},
		"thirdperson_lefthand": {
			"rotation": [0, -180, 0],
			"translation": [0, 12, 0],
			"scale": [1.5, 1.5, 1.5]
		},
		"firstperson_righthand": {
			"rotation": [64, -180, 0],
			"translation": [-1.25, 10, 11],
			"scale": [1.5, 1.5, 1.5]
		},
		"firstperson_lefthand": {
			"rotation": [64, -180, 0],
			"translation": [-1.25, 10, 11],
			"scale": [1.5, 1.5, 1.5]
		},
		"ground": {
			"rotation": [0, -180, 0],
			"translation": [0, 12, -2],
			"scale": [2, 2, 2]
		},
		"gui": {
			"rotation": [90, -180, 0],
			"translation": [0, 2, 0],
			"scale": [3, 3, 3]
		},
		"head": {
			"rotation": [0, -180, 0],
			"translation": [0, 18, -1.25],
			"scale": [1.5, 1.5, 1.5]
		},
		"fixed": {
			"rotation": [-90, 0, 0],
			"translation": [0, 2, -16],
			"scale": [2, 2, 2]
		}
	}
}