{
	"credit": "Made with Blockbench",
	"textures": {
		"0": "item/cit/stone3",
		"1": "item/cit/aquamarine",
		"2": "item/cit/diamond",
		"3": "item/cit/number",
		"4": "item/cit/husanka",
		"5": "item/cit/sanka",
		"6": "item/cit/stone1",
		"7": "item/cit/tetu",
		"particle": "item/cit/stone3"
	},
	"elements": [
		{
			"from": [6, 0, 0],
			"to": [10, 0.5, 8.5],
			"rotation": {"angle": 0, "axis": "y", "origin": [0, 0, -4]},
			"faces": {
				"north": {"uv": [0, 0, 9.25, 0.5], "texture": "#0"},
				"east": {"uv": [0, 0, 9.25, 0.5], "texture": "#0"},
				"west": {"uv": [0, 0, 9.25, 0.5], "rotation": 180, "texture": "#0"},
				"up": {"uv": [0, 0, 9.25, 0.5], "texture": "#0"},
				"down": {"uv": [1, 0, 2, 0.5], "texture": "#0"}
			}
		},
		{
			"from": [7.625, 0.5, 4],
			"to": [8.375, 0.7, 4.75],
			"rotation": {"angle": 0, "axis": "y", "origin": [0, 0, -4]},
			"faces": {
				"north": {"uv": [0, 0, 9.25, 0.5], "texture": "#0"},
				"east": {"uv": [0, 0, 9.25, 0.5], "texture": "#0"},
				"south": {"uv": [0, 0, 9.25, 0.5], "texture": "#0"},
				"west": {"uv": [0, 0, 9.25, 0.5], "rotation": 180, "texture": "#0"},
				"up": {"uv": [2, 0, 7, 5], "rotation": 180, "texture": "#3"}
			}
		},
		{
			"from": [8.625, 0.5, 5.75],
			"to": [9.375, 0.7, 6.5],
			"rotation": {"angle": 0, "axis": "y", "origin": [0, 0, -4]},
			"faces": {
				"north": {"uv": [0, 0, 9.25, 0.5], "texture": "#0"},
				"east": {"uv": [0, 0, 9.25, 0.5], "texture": "#0"},
				"south": {"uv": [0, 0, 9.25, 0.5], "texture": "#0"},
				"west": {"uv": [0, 0, 9.25, 0.5], "rotation": 180, "texture": "#0"},
				"up": {"uv": [0, 0, 16, 16], "texture": "#4"}
			}
		},
		{
			"from": [6.625, 0.5, 5.75],
			"to": [7.375, 0.7, 6.5],
			"rotation": {"angle": 0, "axis": "y", "origin": [0, 0, -4]},
			"faces": {
				"north": {"uv": [0, 0, 9.25, 0.5], "texture": "#0"},
				"east": {"uv": [0, 0, 9.25, 0.5], "texture": "#0"},
				"south": {"uv": [0, 0, 9.25, 0.5], "texture": "#0"},
				"west": {"uv": [0, 0, 9.25, 0.5], "rotation": 180, "texture": "#0"},
				"up": {"uv": [0, 0, 16, 16], "rotation": 180, "texture": "#5"}
			}
		},
		{
			"from": [7.625, 0.5, 7],
			"to": [8.375, 0.7, 7.75],
			"rotation": {"angle": 0, "axis": "y", "origin": [0, 0, -4]},
			"faces": {
				"north": {"uv": [0, 0, 9.25, 0.5], "texture": "#0"},
				"east": {"uv": [0, 0, 9.25, 0.5], "texture": "#0"},
				"south": {"uv": [0, 0, 9.25, 0.5], "texture": "#0"},
				"west": {"uv": [0, 0, 9.25, 0.5], "rotation": 180, "texture": "#0"},
				"up": {"uv": [0, 0, 16, 16], "texture": "#7"}
			}
		},
		{
			"from": [8.625, 0.5, 7],
			"to": [9.625, 0.7, 7.75],
			"rotation": {"angle": 0, "axis": "y", "origin": [0, 0, -4]},
			"faces": {
				"north": {"uv": [0, 0, 9.25, 0.5], "texture": "#0"},
				"east": {"uv": [0, 0, 9.25, 0.5], "texture": "#0"},
				"south": {"uv": [0, 0, 9.25, 0.5], "texture": "#0"},
				"west": {"uv": [0, 0, 9.25, 0.5], "rotation": 180, "texture": "#0"},
				"up": {"uv": [0, 0, 16, 16], "texture": "#6"}
			}
		},
		{
			"from": [6.375, 0.5, 7],
			"to": [7.375, 0.7, 7.75],
			"rotation": {"angle": 0, "axis": "y", "origin": [0, 0, -4]},
			"faces": {
				"north": {"uv": [0, 0, 9.25, 0.5], "texture": "#0"},
				"east": {"uv": [0, 0, 9.25, 0.5], "texture": "#0"},
				"south": {"uv": [0, 0, 9.25, 0.5], "texture": "#0"},
				"west": {"uv": [0, 0, 9.25, 0.5], "rotation": 180, "texture": "#0"},
				"up": {"uv": [0, 0, 16, 16], "texture": "#6"}
			}
		},
		{
			"from": [6.375, 0.5, 4],
			"to": [7.125, 0.7, 4.75],
			"rotation": {"angle": 0, "axis": "y", "origin": [0, 0, -4]},
			"faces": {
				"north": {"uv": [0, 0, 9.25, 0.5], "texture": "#0"},
				"east": {"uv": [0, 0, 9.25, 0.5], "texture": "#0"},
				"south": {"uv": [0, 0, 9.25, 0.5], "texture": "#0"},
				"west": {"uv": [0, 0, 9.25, 0.5], "rotation": 180, "texture": "#0"},
				"up": {"uv": [6, 0, 11, 5], "rotation": 180, "texture": "#3"}
			}
		},
		{
			"from": [8.875, 0.5, 4],
			"to": [9.625, 0.7, 4.75],
			"rotation": {"angle": 0, "axis": "y", "origin": [0, 0, -4]},
			"faces": {
				"north": {"uv": [0, 0, 9.25, 0.5], "texture": "#0"},
				"east": {"uv": [0, 0, 9.25, 0.5], "texture": "#0"},
				"south": {"uv": [0, 0, 9.25, 0.5], "texture": "#0"},
				"west": {"uv": [0, 0, 9.25, 0.5], "rotation": 180, "texture": "#0"},
				"up": {"uv": [0, 0, 3, 5], "rotation": 180, "texture": "#3"}
			}
		},
		{
			"from": [8.875, 0.5, 3],
			"to": [9.625, 0.7, 3.75],
			"rotation": {"angle": 0, "axis": "y", "origin": [0, 0, -4]},
			"faces": {
				"north": {"uv": [0, 0, 9.25, 0.5], "texture": "#0"},
				"east": {"uv": [0, 0, 9.25, 0.5], "texture": "#0"},
				"south": {"uv": [0, 0, 9.25, 0.5], "texture": "#0"},
				"west": {"uv": [0, 0, 9.25, 0.5], "rotation": 180, "texture": "#0"},
				"up": {"uv": [10, 0, 15, 5], "rotation": 180, "texture": "#3"}
			}
		},
		{
			"from": [7.625, 0.5, 3],
			"to": [8.375, 0.7, 3.75],
			"rotation": {"angle": 0, "axis": "y", "origin": [0, 0, -4]},
			"faces": {
				"north": {"uv": [0, 0, 9.25, 0.5], "texture": "#0"},
				"east": {"uv": [0, 0, 9.25, 0.5], "texture": "#0"},
				"south": {"uv": [0, 0, 9.25, 0.5], "texture": "#0"},
				"west": {"uv": [0, 0, 9.25, 0.5], "rotation": 180, "texture": "#0"},
				"up": {"uv": [8, 9, 13, 14], "rotation": 180, "texture": "#3"}
			}
		},
		{
			"from": [6.375, 0.5, 3],
			"to": [7.125, 0.7, 3.75],
			"rotation": {"angle": 0, "axis": "y", "origin": [0, 0, -4]},
			"faces": {
				"north": {"uv": [0, 0, 9.25, 0.5], "texture": "#0"},
				"east": {"uv": [0, 0, 9.25, 0.5], "texture": "#0"},
				"south": {"uv": [0, 0, 9.25, 0.5], "texture": "#0"},
				"west": {"uv": [0, 0, 9.25, 0.5], "rotation": 180, "texture": "#0"},
				"up": {"uv": [0, 5, 5, 10], "rotation": 180, "texture": "#3"}
			}
		},
		{
			"from": [8.875, 0.5, 2],
			"to": [9.625, 0.7, 2.75],
			"rotation": {"angle": 0, "axis": "y", "origin": [0, 0, -4]},
			"faces": {
				"north": {"uv": [0, 0, 9.25, 0.5], "texture": "#0"},
				"east": {"uv": [0, 0, 9.25, 0.5], "texture": "#0"},
				"south": {"uv": [0, 0, 9.25, 0.5], "texture": "#0"},
				"west": {"uv": [0, 0, 9.25, 0.5], "rotation": 180, "texture": "#0"},
				"up": {"uv": [4, 5, 9, 10], "rotation": 180, "texture": "#3"}
			}
		},
		{
			"from": [7.625, 0.5, 2],
			"to": [8.375, 0.7, 2.75],
			"rotation": {"angle": 0, "axis": "y", "origin": [0, 0, -4]},
			"faces": {
				"north": {"uv": [0, 0, 9.25, 0.5], "texture": "#0"},
				"east": {"uv": [0, 0, 9.25, 0.5], "texture": "#0"},
				"south": {"uv": [0, 0, 9.25, 0.5], "texture": "#0"},
				"west": {"uv": [0, 0, 9.25, 0.5], "rotation": 180, "texture": "#0"},
				"up": {"uv": [8, 5, 13, 10], "rotation": 180, "texture": "#3"}
			}
		},
		{
			"from": [6.375, 0.5, 2],
			"to": [7.125, 0.7, 2.75],
			"rotation": {"angle": 0, "axis": "y", "origin": [0, 0, -4]},
			"faces": {
				"north": {"uv": [0, 0, 9.25, 0.5], "texture": "#0"},
				"east": {"uv": [0, 0, 9.25, 0.5], "texture": "#0"},
				"south": {"uv": [0, 0, 9.25, 0.5], "texture": "#0"},
				"west": {"uv": [0, 0, 9.25, 0.5], "rotation": 180, "texture": "#0"},
				"up": {"uv": [0, 5, 5, 10], "texture": "#3"}
			}
		},
		{
			"from": [8.875, 0.5, 1],
			"to": [9.625, 0.7, 1.75],
			"rotation": {"angle": 0, "axis": "y", "origin": [0, 0, -4]},
			"faces": {
				"north": {"uv": [0, 0, 9.25, 0.5], "texture": "#0"},
				"east": {"uv": [0, 0, 9.25, 0.5], "texture": "#0"},
				"south": {"uv": [0, 0, 9.25, 0.5], "texture": "#0"},
				"west": {"uv": [0, 0, 9.25, 0.5], "rotation": 180, "texture": "#0"},
				"up": {"uv": [4, 10, 9, 15], "rotation": 180, "texture": "#3"}
			}
		},
		{
			"from": [7.625, 0.5, 1],
			"to": [8.375, 0.7, 1.75],
			"rotation": {"angle": 0, "axis": "y", "origin": [0, 0, -4]},
			"faces": {
				"north": {"uv": [0, 0, 9.25, 0.5], "texture": "#0"},
				"east": {"uv": [0, 0, 9.25, 0.5], "texture": "#0"},
				"south": {"uv": [0, 0, 9.25, 0.5], "texture": "#0"},
				"west": {"uv": [0, 0, 9.25, 0.5], "rotation": 180, "texture": "#0"},
				"up": {"uv": [0, 10, 5, 15], "rotation": 180, "texture": "#3"}
			}
		},
		{
			"from": [6.375, 0.5, 1],
			"to": [7.125, 0.7, 1.75],
			"rotation": {"angle": 0, "axis": "y", "origin": [0, 0, -4]},
			"faces": {
				"north": {"uv": [0, 0, 9.25, 0.5], "texture": "#0"},
				"east": {"uv": [0, 0, 9.25, 0.5], "texture": "#0"},
				"south": {"uv": [0, 0, 9.25, 0.5], "texture": "#0"},
				"west": {"uv": [0, 0, 9.25, 0.5], "rotation": 180, "texture": "#0"},
				"up": {"uv": [12, 10, 16, 14], "rotation": 180, "texture": "#3"}
			}
		},
		{
			"from": [6, 0.1, 8.5],
			"to": [10, 0.5, 9],
			"rotation": {"angle": 0, "axis": "y", "origin": [0, 0, -4]},
			"faces": {
				"east": {"uv": [1, 0, 9, 0.5], "texture": "#0"},
				"south": {"uv": [1, 0, 2, 0.5], "texture": "#0"},
				"west": {"uv": [1, 0, 9, 0.5], "rotation": 180, "texture": "#0"},
				"down": {"uv": [1, 0, 9.25, 0.5], "texture": "#0"}
			}
		},
		{
			"from": [6, 0.5, 8.5],
			"to": [6.75, 0.9, 9],
			"rotation": {"angle": 0, "axis": "y", "origin": [0, 0, -4]},
			"faces": {
				"north": {"uv": [1, 0, 2, 0.5], "texture": "#0"},
				"west": {"uv": [1, 0, 9, 0.5], "rotation": 180, "texture": "#0"},
				"up": {"uv": [1, 0, 2, 0.5], "texture": "#0"}
			}
		},
		{
			"from": [6, 0.9, 8.6],
			"to": [6.75, 1, 8.9],
			"rotation": {"angle": 0, "axis": "y", "origin": [0, 0, -4]},
			"faces": {
				"north": {"uv": [1, 0, 2, 0.5], "texture": "#0"},
				"south": {"uv": [1, 0, 2, 0.5], "texture": "#0"},
				"west": {"uv": [1, 0, 9, 0.5], "rotation": 180, "texture": "#0"},
				"up": {"uv": [1, 0, 2, 0.5], "texture": "#0"}
			}
		},
		{
			"from": [6, 0, 8.5],
			"to": [10, 0.1, 8.9],
			"rotation": {"angle": 0, "axis": "y", "origin": [0, 0, -4]},
			"faces": {
				"east": {"uv": [1, 0, 9, 0.5], "texture": "#0"},
				"south": {"uv": [1, 0, 2, 0.5], "texture": "#0"},
				"west": {"uv": [1, 0, 9, 0.5], "rotation": 180, "texture": "#0"},
				"down": {"uv": [1, 0, 2, 0.5], "texture": "#0"}
			}
		},
		{
			"from": [9.25, 0.9, 8.6],
			"to": [10, 1, 8.9],
			"rotation": {"angle": 0, "axis": "y", "origin": [0, 0, -4]},
			"faces": {
				"north": {"uv": [1, 0, 2, 0.5], "texture": "#0"},
				"east": {"uv": [1, 0, 9, 0.5], "texture": "#0"},
				"south": {"uv": [1, 0, 2, 0.5], "texture": "#0"},
				"up": {"uv": [1, 0, 2, 0.5], "texture": "#0"}
			}
		},
		{
			"from": [6.75, 0.9, 8.6],
			"to": [9.25, 1, 8.9],
			"rotation": {"angle": 0, "axis": "y", "origin": [0, 0, -4]},
			"faces": {
				"north": {"uv": [0.25, 2, 0.75, 14], "texture": "#1"},
				"south": {"uv": [0, 2, 1, 14], "texture": "#1"},
				"up": {"uv": [0.25, 2, 0.75, 14], "texture": "#1"}
			}
		},
		{
			"from": [9.25, 0.5, 8.5],
			"to": [10, 0.9, 9],
			"rotation": {"angle": 0, "axis": "y", "origin": [0, 0, -4]},
			"faces": {
				"north": {"uv": [1, 0, 2, 0.5], "texture": "#0"},
				"east": {"uv": [1, 0, 9, 0.5], "texture": "#0"},
				"up": {"uv": [1, 0, 2, 0.5], "texture": "#0"}
			}
		},
		{
			"from": [6.75, 0.5, 8.5],
			"to": [9.25, 0.9, 9],
			"rotation": {"angle": 0, "axis": "y", "origin": [0, 0, -4]},
			"faces": {
				"north": {"uv": [0.25, 2, 0.75, 14], "texture": "#1"},
				"up": {"uv": [0.25, 2, 0.75, 14], "texture": "#1"}
			}
		},
		{
			"from": [6, 2, 9],
			"to": [10, 2.5, 17.25],
			"rotation": {"angle": -22.5, "axis": "x", "origin": [8, 0.75, 13.125]},
			"faces": {
				"east": {"uv": [0.25, 2, 0.75, 14], "texture": "#1"},
				"south": {"uv": [0, 2, 1, 14], "texture": "#1"},
				"west": {"uv": [0, 2, 1, 14], "texture": "#1"},
				"up": {"uv": [0.25, 0, 0.75, 12], "texture": "#1"},
				"down": {"uv": [2.25, 4, 2.75, 14], "texture": "#1"}
			}
		},
		{
			"from": [6.5, 1.95, 16.25],
			"to": [7, 2, 16.75],
			"rotation": {"angle": -22.5, "axis": "x", "origin": [8, 0.75, 13.125]},
			"faces": {
				"north": {"uv": [5, 13, 8, 16], "texture": "#0"},
				"east": {"uv": [5, 13, 8, 16], "texture": "#0"},
				"south": {"uv": [5, 13, 8, 16], "texture": "#0"},
				"west": {"uv": [5, 13, 8, 16], "texture": "#0"},
				"down": {"uv": [5, 13, 8, 16], "texture": "#0"}
			}
		},
		{
			"from": [6.5, 2.5, 10.75],
			"to": [9.5, 2.51, 16.5],
			"rotation": {"angle": -22.5, "axis": "x", "origin": [8, 0.75, 13.125]},
			"faces": {
				"north": {"uv": [2, 2, 3, 7], "texture": "#2"},
				"east": {"uv": [2, 2, 3, 7], "texture": "#2"},
				"south": {"uv": [2, 2, 3, 7], "texture": "#2"},
				"west": {"uv": [2, 2, 3, 7], "texture": "#2"},
				"up": {"uv": [2, 2, 3, 7], "texture": "#2"}
			}
		}
	],
	"display": {
		"thirdperson_righthand": {
			"rotation": [0, 180, 0],
			"translation": [0, 4, 0.25],
			"scale": [0.5, 0.5, 0.5]
		},
		"thirdperson_lefthand": {
			"rotation": [0, 180, 0],
			"translation": [0, 4, 0.25],
			"scale": [0.5, 0.5, 0.5]
		},
		"firstperson_righthand": {
			"rotation": [66, 180, 0],
			"translation": [0, 7.5, 5.75],
			"scale": [0.5, 0.5, 0.5]
		},
		"firstperson_lefthand": {
			"rotation": [66, 180, 0],
			"translation": [0, 7.5, 5.75],
			"scale": [0.5, 0.5, 0.5]
		},
		"ground": {
			"rotation": [0, 180, 0],
			"translation": [0, 2, 0],
			"scale": [0.75, 0.75, 0.75]
		},
		"gui": {
			"rotation": [89, 180, 0],
			"translation": [0, 0, -6.25]
		},
		"head": {
			"rotation": [0, 180, 0],
			"translation": [0, 10.5, 0],
			"scale": [0.5, 0.5, 0.5]
		},
		"fixed": {
			"rotation": [-64, 0, 0],
			"translation": [0, 0, -6.25]
		}
	}
}