{
	"credit": "Made with Blockbench",
	"textures": {
		"0": "item/cit/ruby",
		"1": "item/cit/gold",
		"2": "item/cit/emerald",
		"particle": "item/cit/ruby"
	},
	"elements": [
		{
			"from": [7.5, 0, 6.25],
			"to": [8.5, 1, 7.25],
			"faces": {
				"north": {"uv": [3, 12.25, 16, 13], "rotation": 90, "texture": "#1"},
				"east": {"uv": [3, 12.25, 16, 13], "rotation": 90, "texture": "#1"},
				"south": {"uv": [3, 12.25, 16, 13], "rotation": 90, "texture": "#1"},
				"west": {"uv": [3, 12.25, 16, 13], "rotation": 90, "texture": "#1"},
				"up": {"uv": [3, 12.25, 16, 13], "rotation": 90, "texture": "#1"},
				"down": {"uv": [15, 12.25, 16, 13], "rotation": 90, "texture": "#1"}
			}
		},
		{
			"from": [8.75, 0, 7],
			"to": [9.5, 1, 7.5],
			"faces": {
				"north": {"uv": [3, 12.25, 16, 13], "rotation": 90, "texture": "#1"},
				"east": {"uv": [3, 12.25, 16, 13], "rotation": 90, "texture": "#1"},
				"south": {"uv": [3, 12.25, 16, 13], "rotation": 90, "texture": "#1"},
				"west": {"uv": [3, 12.25, 16, 13], "rotation": 90, "texture": "#1"},
				"up": {"uv": [3, 12.25, 16, 13], "rotation": 90, "texture": "#1"},
				"down": {"uv": [15, 12.25, 16, 13], "rotation": 90, "texture": "#1"}
			}
		},
		{
			"from": [8.5, 0, 6.5],
			"to": [9, 1, 7.25],
			"faces": {
				"north": {"uv": [3, 12.25, 16, 13], "rotation": 90, "texture": "#1"},
				"east": {"uv": [3, 12.25, 16, 13], "rotation": 90, "texture": "#1"},
				"south": {"uv": [3, 12.25, 16, 13], "rotation": 90, "texture": "#1"},
				"west": {"uv": [3, 12.25, 16, 13], "rotation": 90, "texture": "#1"},
				"up": {"uv": [3, 12.25, 16, 13], "rotation": 90, "texture": "#1"},
				"down": {"uv": [15, 12.25, 16, 13], "rotation": 90, "texture": "#1"}
			}
		},
		{
			"from": [9, 0, 6.7],
			"to": [9.3, 1, 7],
			"faces": {
				"north": {"uv": [3, 12.25, 16, 13], "rotation": 90, "texture": "#1"},
				"east": {"uv": [3, 12.25, 16, 13], "rotation": 90, "texture": "#1"},
				"south": {"uv": [3, 12.25, 16, 13], "rotation": 90, "texture": "#1"},
				"west": {"uv": [3, 12.25, 16, 13], "rotation": 90, "texture": "#1"},
				"up": {"uv": [3, 12.25, 16, 13], "rotation": 90, "texture": "#1"},
				"down": {"uv": [15, 12.25, 16, 13], "rotation": 90, "texture": "#1"}
			}
		},
		{
			"from": [6.5, 0, 7],
			"to": [7.25, 1, 7.5],
			"faces": {
				"north": {"uv": [3, 12.25, 16, 13], "rotation": 90, "texture": "#1"},
				"east": {"uv": [3, 12.25, 16, 13], "rotation": 90, "texture": "#1"},
				"south": {"uv": [3, 12.25, 16, 13], "rotation": 90, "texture": "#1"},
				"west": {"uv": [3, 12.25, 16, 13], "rotation": 90, "texture": "#1"},
				"up": {"uv": [3, 12.25, 16, 13], "rotation": 90, "texture": "#1"},
				"down": {"uv": [15, 12.25, 16, 13], "rotation": 90, "texture": "#1"}
			}
		},
		{
			"from": [6.7, 0, 6.7],
			"to": [7, 1, 7],
			"faces": {
				"north": {"uv": [3, 12.25, 16, 13], "rotation": 90, "texture": "#1"},
				"east": {"uv": [3, 12.25, 16, 13], "rotation": 90, "texture": "#1"},
				"south": {"uv": [3, 12.25, 16, 13], "rotation": 90, "texture": "#1"},
				"west": {"uv": [3, 12.25, 16, 13], "rotation": 90, "texture": "#1"},
				"up": {"uv": [3, 12.25, 16, 13], "rotation": 90, "texture": "#1"},
				"down": {"uv": [15, 12.25, 16, 13], "rotation": 90, "texture": "#1"}
			}
		},
		{
			"from": [7, 0, 6.5],
			"to": [7.5, 1, 7.25],
			"faces": {
				"north": {"uv": [3, 12.25, 16, 13], "rotation": 90, "texture": "#1"},
				"east": {"uv": [3, 12.25, 16, 13], "rotation": 90, "texture": "#1"},
				"south": {"uv": [3, 12.25, 16, 13], "rotation": 90, "texture": "#1"},
				"west": {"uv": [3, 12.25, 16, 13], "rotation": 90, "texture": "#1"},
				"up": {"uv": [3, 12.25, 16, 13], "rotation": 90, "texture": "#1"},
				"down": {"uv": [15, 12.25, 16, 13], "rotation": 90, "texture": "#1"}
			}
		},
		{
			"from": [8.75, 0, 8.5],
			"to": [9.5, 1, 9],
			"faces": {
				"north": {"uv": [3, 12.25, 16, 13], "rotation": 90, "texture": "#1"},
				"east": {"uv": [3, 12.25, 16, 13], "rotation": 90, "texture": "#1"},
				"south": {"uv": [3, 12.25, 16, 13], "rotation": 90, "texture": "#1"},
				"west": {"uv": [3, 12.25, 16, 13], "rotation": 90, "texture": "#1"},
				"up": {"uv": [3, 12.25, 16, 13], "rotation": 90, "texture": "#1"},
				"down": {"uv": [15, 12.25, 16, 13], "rotation": 90, "texture": "#1"}
			}
		},
		{
			"from": [9, 0, 9],
			"to": [9.3, 1, 9.3],
			"faces": {
				"north": {"uv": [3, 12.25, 16, 13], "rotation": 90, "texture": "#1"},
				"east": {"uv": [3, 12.25, 16, 13], "rotation": 90, "texture": "#1"},
				"south": {"uv": [3, 12.25, 16, 13], "rotation": 90, "texture": "#1"},
				"west": {"uv": [3, 12.25, 16, 13], "rotation": 90, "texture": "#1"},
				"up": {"uv": [3, 12.25, 16, 13], "rotation": 90, "texture": "#1"},
				"down": {"uv": [15, 12.25, 16, 13], "rotation": 90, "texture": "#1"}
			}
		},
		{
			"from": [8.5, 0, 8.75],
			"to": [9, 1, 9.5],
			"faces": {
				"north": {"uv": [3, 12.25, 16, 13], "rotation": 90, "texture": "#1"},
				"east": {"uv": [3, 12.25, 16, 13], "rotation": 90, "texture": "#1"},
				"south": {"uv": [3, 12.25, 16, 13], "rotation": 90, "texture": "#1"},
				"west": {"uv": [3, 12.25, 16, 13], "rotation": 90, "texture": "#1"},
				"up": {"uv": [3, 12.25, 16, 13], "rotation": 90, "texture": "#1"},
				"down": {"uv": [15, 12.25, 16, 13], "rotation": 90, "texture": "#1"}
			}
		},
		{
			"from": [7, 0, 8.75],
			"to": [7.5, 1, 9.5],
			"faces": {
				"north": {"uv": [3, 12.25, 16, 13], "rotation": 90, "texture": "#1"},
				"east": {"uv": [3, 12.25, 16, 13], "rotation": 90, "texture": "#1"},
				"south": {"uv": [3, 12.25, 16, 13], "rotation": 90, "texture": "#1"},
				"west": {"uv": [3, 12.25, 16, 13], "rotation": 90, "texture": "#1"},
				"up": {"uv": [3, 12.25, 16, 13], "rotation": 90, "texture": "#1"},
				"down": {"uv": [15, 12.25, 16, 13], "rotation": 90, "texture": "#1"}
			}
		},
		{
			"from": [6.5, 0, 8.5],
			"to": [7.25, 1, 9],
			"faces": {
				"north": {"uv": [3, 12.25, 16, 13], "rotation": 90, "texture": "#1"},
				"east": {"uv": [3, 12.25, 16, 13], "rotation": 90, "texture": "#1"},
				"south": {"uv": [3, 12.25, 16, 13], "rotation": 90, "texture": "#1"},
				"west": {"uv": [3, 12.25, 16, 13], "rotation": 90, "texture": "#1"},
				"up": {"uv": [3, 12.25, 16, 13], "rotation": 90, "texture": "#1"},
				"down": {"uv": [15, 12.25, 16, 13], "rotation": 90, "texture": "#1"}
			}
		},
		{
			"from": [6.7, 0, 9],
			"to": [7, 1, 9.3],
			"faces": {
				"north": {"uv": [3, 12.25, 16, 13], "rotation": 90, "texture": "#1"},
				"east": {"uv": [3, 12.25, 16, 13], "rotation": 90, "texture": "#1"},
				"south": {"uv": [3, 12.25, 16, 13], "rotation": 90, "texture": "#1"},
				"west": {"uv": [3, 12.25, 16, 13], "rotation": 90, "texture": "#1"},
				"up": {"uv": [3, 12.25, 16, 13], "rotation": 90, "texture": "#1"},
				"down": {"uv": [15, 12.25, 16, 13], "rotation": 90, "texture": "#1"}
			}
		},
		{
			"from": [6.25, 0, 7.5],
			"to": [7.25, 1, 8.5],
			"faces": {
				"north": {"uv": [3, 12.25, 16, 13], "rotation": 90, "texture": "#1"},
				"east": {"uv": [3, 12.25, 16, 13], "rotation": 90, "texture": "#1"},
				"south": {"uv": [3, 12.25, 16, 13], "rotation": 90, "texture": "#1"},
				"west": {"uv": [3, 12.25, 16, 13], "rotation": 90, "texture": "#1"},
				"up": {"uv": [3, 12.25, 16, 13], "rotation": 90, "texture": "#1"},
				"down": {"uv": [15, 12.25, 16, 13], "rotation": 90, "texture": "#1"}
			}
		},
		{
			"from": [7.25, 0, 7.25],
			"to": [8.75, 1, 8.75],
			"faces": {
				"north": {"uv": [0, 0, 1.5, 1], "texture": "#missing"},
				"east": {"uv": [0, 0, 1.5, 1], "texture": "#missing"},
				"south": {"uv": [0, 0, 1.5, 1], "texture": "#missing"},
				"west": {"uv": [0, 0, 1.5, 1], "texture": "#missing"},
				"up": {"uv": [0, 0, 1.5, 1.5], "texture": "#missing"},
				"down": {"uv": [15, 12.25, 16, 13], "rotation": 90, "texture": "#1"}
			}
		},
		{
			"from": [8.75, 0, 7.5],
			"to": [9.75, 1, 8.5],
			"faces": {
				"north": {"uv": [3, 12.25, 16, 13], "rotation": 90, "texture": "#1"},
				"east": {"uv": [3, 12.25, 16, 13], "rotation": 90, "texture": "#1"},
				"south": {"uv": [3, 12.25, 16, 13], "rotation": 90, "texture": "#1"},
				"west": {"uv": [3, 12.25, 16, 13], "rotation": 90, "texture": "#1"},
				"up": {"uv": [3, 12.25, 16, 13], "rotation": 90, "texture": "#1"},
				"down": {"uv": [15, 12.25, 16, 13], "rotation": 90, "texture": "#1"}
			}
		},
		{
			"from": [7.5, 0, 8.75],
			"to": [8.5, 1, 9.75],
			"faces": {
				"north": {"uv": [3, 12.25, 16, 13], "rotation": 90, "texture": "#1"},
				"east": {"uv": [3, 12.25, 16, 13], "rotation": 90, "texture": "#1"},
				"south": {"uv": [3, 12.25, 16, 13], "rotation": 90, "texture": "#1"},
				"west": {"uv": [3, 12.25, 16, 13], "rotation": 90, "texture": "#1"},
				"up": {"uv": [3, 12.25, 16, 13], "rotation": 90, "texture": "#1"},
				"down": {"uv": [15, 12.25, 16, 13], "rotation": 90, "texture": "#1"}
			}
		},
		{
			"from": [7.5, 1, 6.25],
			"to": [8.5, 1.75, 7.25],
			"faces": {
				"north": {"uv": [4, 0, 12, 15.75], "texture": "#0"},
				"east": {"uv": [4, 0, 12, 15.75], "texture": "#0"},
				"south": {"uv": [4, 0, 12, 15.75], "texture": "#0"},
				"west": {"uv": [4, 0, 12, 15.75], "texture": "#0"},
				"up": {"uv": [4, 0, 12, 15.75], "texture": "#0"},
				"down": {"uv": [4, 0, 12, 15.75], "texture": "#0"}
			}
		},
		{
			"from": [7, 1, 6.5],
			"to": [7.5, 1.75, 7.25],
			"faces": {
				"north": {"uv": [4, 0, 12, 15.75], "texture": "#0"},
				"east": {"uv": [4, 0, 12, 15.75], "texture": "#0"},
				"south": {"uv": [4, 0, 12, 15.75], "texture": "#0"},
				"west": {"uv": [4, 0, 12, 15.75], "texture": "#0"},
				"up": {"uv": [4, 0, 12, 15.75], "texture": "#0"},
				"down": {"uv": [4, 0, 12, 15.75], "texture": "#0"}
			}
		},
		{
			"from": [6.7, 1, 6.7],
			"to": [7, 1.75, 7],
			"faces": {
				"north": {"uv": [4, 0, 12, 15.75], "texture": "#0"},
				"east": {"uv": [4, 0, 12, 15.75], "texture": "#0"},
				"south": {"uv": [4, 0, 12, 15.75], "texture": "#0"},
				"west": {"uv": [4, 0, 12, 15.75], "texture": "#0"},
				"up": {"uv": [4, 0, 12, 15.75], "texture": "#0"},
				"down": {"uv": [4, 0, 12, 15.75], "texture": "#0"}
			}
		},
		{
			"from": [6.5, 1, 7],
			"to": [7.25, 1.75, 7.5],
			"faces": {
				"north": {"uv": [4, 0, 12, 15.75], "texture": "#0"},
				"east": {"uv": [4, 0, 12, 15.75], "texture": "#0"},
				"south": {"uv": [4, 0, 12, 15.75], "texture": "#0"},
				"west": {"uv": [4, 0, 12, 15.75], "texture": "#0"},
				"up": {"uv": [4, 0, 12, 15.75], "texture": "#0"},
				"down": {"uv": [4, 0, 12, 15.75], "texture": "#0"}
			}
		},
		{
			"from": [6.25, 1, 7.5],
			"to": [7.25, 1.75, 8.5],
			"faces": {
				"north": {"uv": [4, 0, 12, 15.75], "texture": "#0"},
				"east": {"uv": [4, 0, 12, 15.75], "texture": "#0"},
				"south": {"uv": [4, 0, 12, 15.75], "texture": "#0"},
				"west": {"uv": [4, 0, 12, 15.75], "texture": "#0"},
				"up": {"uv": [4, 0, 12, 15.75], "texture": "#0"},
				"down": {"uv": [4, 0, 12, 15.75], "texture": "#0"}
			}
		},
		{
			"from": [6.5, 1, 8.5],
			"to": [7.25, 1.75, 9],
			"faces": {
				"north": {"uv": [4, 0, 12, 15.75], "texture": "#0"},
				"east": {"uv": [4, 0, 12, 15.75], "texture": "#0"},
				"south": {"uv": [4, 0, 12, 15.75], "texture": "#0"},
				"west": {"uv": [4, 0, 12, 15.75], "texture": "#0"},
				"up": {"uv": [4, 0, 12, 15.75], "texture": "#0"},
				"down": {"uv": [4, 0, 12, 15.75], "texture": "#0"}
			}
		},
		{
			"from": [6.7, 1, 9],
			"to": [7, 1.75, 9.3],
			"faces": {
				"north": {"uv": [4, 0, 12, 15.75], "texture": "#0"},
				"east": {"uv": [4, 0, 12, 15.75], "texture": "#0"},
				"south": {"uv": [4, 0, 12, 15.75], "texture": "#0"},
				"west": {"uv": [4, 0, 12, 15.75], "texture": "#0"},
				"up": {"uv": [4, 0, 12, 15.75], "texture": "#0"},
				"down": {"uv": [4, 0, 12, 15.75], "texture": "#0"}
			}
		},
		{
			"from": [7, 1, 8.75],
			"to": [7.5, 1.75, 9.5],
			"faces": {
				"north": {"uv": [4, 0, 12, 15.75], "texture": "#0"},
				"east": {"uv": [4, 0, 12, 15.75], "texture": "#0"},
				"south": {"uv": [4, 0, 12, 15.75], "texture": "#0"},
				"west": {"uv": [4, 0, 12, 15.75], "texture": "#0"},
				"up": {"uv": [4, 0, 12, 15.75], "texture": "#0"},
				"down": {"uv": [4, 0, 12, 15.75], "texture": "#0"}
			}
		},
		{
			"from": [7.5, 1, 8.75],
			"to": [8.5, 1.75, 9.75],
			"faces": {
				"north": {"uv": [4, 0, 12, 15.75], "texture": "#0"},
				"east": {"uv": [4, 0, 12, 15.75], "texture": "#0"},
				"south": {"uv": [4, 0, 12, 15.75], "texture": "#0"},
				"west": {"uv": [4, 0, 12, 15.75], "texture": "#0"},
				"up": {"uv": [4, 0, 12, 15.75], "texture": "#0"},
				"down": {"uv": [4, 0, 12, 15.75], "texture": "#0"}
			}
		},
		{
			"from": [8.5, 1, 8.75],
			"to": [9, 1.75, 9.5],
			"faces": {
				"north": {"uv": [4, 0, 12, 15.75], "texture": "#0"},
				"east": {"uv": [4, 0, 12, 15.75], "texture": "#0"},
				"south": {"uv": [4, 0, 12, 15.75], "texture": "#0"},
				"west": {"uv": [4, 0, 12, 15.75], "texture": "#0"},
				"up": {"uv": [4, 0, 12, 15.75], "texture": "#0"},
				"down": {"uv": [4, 0, 12, 15.75], "texture": "#0"}
			}
		},
		{
			"from": [9, 1, 9],
			"to": [9.3, 1.75, 9.3],
			"faces": {
				"north": {"uv": [4, 0, 12, 15.75], "texture": "#0"},
				"east": {"uv": [4, 0, 12, 15.75], "texture": "#0"},
				"south": {"uv": [4, 0, 12, 15.75], "texture": "#0"},
				"west": {"uv": [4, 0, 12, 15.75], "texture": "#0"},
				"up": {"uv": [4, 0, 12, 15.75], "texture": "#0"},
				"down": {"uv": [4, 0, 12, 15.75], "texture": "#0"}
			}
		},
		{
			"from": [8.75, 1, 8.5],
			"to": [9.5, 1.75, 9],
			"faces": {
				"north": {"uv": [4, 0, 12, 15.75], "texture": "#0"},
				"east": {"uv": [4, 0, 12, 15.75], "texture": "#0"},
				"south": {"uv": [4, 0, 12, 15.75], "texture": "#0"},
				"west": {"uv": [4, 0, 12, 15.75], "texture": "#0"},
				"up": {"uv": [4, 0, 12, 15.75], "texture": "#0"},
				"down": {"uv": [4, 0, 12, 15.75], "texture": "#0"}
			}
		},
		{
			"from": [8.75, 1, 7.5],
			"to": [9.75, 1.75, 8.5],
			"faces": {
				"north": {"uv": [4, 0, 12, 15.75], "texture": "#0"},
				"east": {"uv": [4, 0, 12, 15.75], "texture": "#0"},
				"south": {"uv": [4, 0, 12, 15.75], "texture": "#0"},
				"west": {"uv": [4, 0, 12, 15.75], "texture": "#0"},
				"up": {"uv": [4, 0, 12, 15.75], "texture": "#0"},
				"down": {"uv": [4, 0, 12, 15.75], "texture": "#0"}
			}
		},
		{
			"from": [8.75, 1, 7],
			"to": [9.5, 1.75, 7.5],
			"faces": {
				"north": {"uv": [4, 0, 12, 15.75], "texture": "#0"},
				"east": {"uv": [4, 0, 12, 15.75], "texture": "#0"},
				"south": {"uv": [4, 0, 12, 15.75], "texture": "#0"},
				"west": {"uv": [4, 0, 12, 15.75], "texture": "#0"},
				"up": {"uv": [4, 0, 12, 15.75], "texture": "#0"},
				"down": {"uv": [4, 0, 12, 15.75], "texture": "#0"}
			}
		},
		{
			"from": [9, 1, 6.7],
			"to": [9.3, 1.75, 7],
			"faces": {
				"north": {"uv": [4, 0, 12, 15.75], "texture": "#0"},
				"east": {"uv": [4, 0, 12, 15.75], "texture": "#0"},
				"south": {"uv": [4, 0, 12, 15.75], "texture": "#0"},
				"west": {"uv": [4, 0, 12, 15.75], "texture": "#0"},
				"up": {"uv": [4, 0, 12, 15.75], "texture": "#0"},
				"down": {"uv": [4, 0, 12, 15.75], "texture": "#0"}
			}
		},
		{
			"from": [8.5, 1, 6.5],
			"to": [9, 1.75, 7.25],
			"faces": {
				"north": {"uv": [4, 0, 12, 15.75], "texture": "#0"},
				"east": {"uv": [4, 0, 12, 15.75], "texture": "#0"},
				"south": {"uv": [4, 0, 12, 15.75], "texture": "#0"},
				"west": {"uv": [4, 0, 12, 15.75], "texture": "#0"},
				"up": {"uv": [4, 0, 12, 15.75], "texture": "#0"},
				"down": {"uv": [4, 0, 12, 15.75], "texture": "#0"}
			}
		},
		{
			"from": [7.5, 1.75, 6.25],
			"to": [8.5, 6.25, 7.25],
			"faces": {
				"north": {"uv": [4, 7, 4.5, 13.75], "texture": "#1"},
				"east": {"uv": [4, 7, 4.5, 13.75], "texture": "#1"},
				"south": {"uv": [4, 7, 4.5, 13.75], "texture": "#1"},
				"west": {"uv": [4, 7, 4.5, 13.75], "texture": "#1"},
				"up": {"uv": [4, 7, 4.5, 8], "texture": "#1"},
				"down": {"uv": [4, 7, 4.5, 13.75], "texture": "#1"}
			}
		},
		{
			"from": [8.5, 1.75, 6.5],
			"to": [9, 6.25, 7.25],
			"faces": {
				"north": {"uv": [4, 7, 4.5, 13.75], "texture": "#1"},
				"east": {"uv": [4, 7, 4.5, 13.75], "texture": "#1"},
				"south": {"uv": [4, 7, 4.5, 13.75], "texture": "#1"},
				"west": {"uv": [4, 7, 4.5, 13.75], "texture": "#1"},
				"up": {"uv": [4, 7, 4.5, 8], "texture": "#1"},
				"down": {"uv": [4, 7, 4.5, 13.75], "texture": "#1"}
			}
		},
		{
			"from": [9, 1.75, 6.7],
			"to": [9.3, 6.25, 7],
			"faces": {
				"north": {"uv": [4, 7, 4.5, 13.75], "texture": "#1"},
				"east": {"uv": [4, 7, 4.5, 13.75], "texture": "#1"},
				"south": {"uv": [4, 7, 4.5, 13.75], "texture": "#1"},
				"west": {"uv": [4, 7, 4.5, 13.75], "texture": "#1"},
				"up": {"uv": [4, 7, 4.5, 8], "texture": "#1"},
				"down": {"uv": [4, 7, 4.5, 13.75], "texture": "#1"}
			}
		},
		{
			"from": [8.75, 1.75, 7],
			"to": [9.5, 6.25, 7.5],
			"faces": {
				"north": {"uv": [4, 7, 4.5, 13.75], "texture": "#1"},
				"east": {"uv": [4, 7, 4.5, 13.75], "texture": "#1"},
				"south": {"uv": [4, 7, 4.5, 13.75], "texture": "#1"},
				"west": {"uv": [4, 7, 4.5, 13.75], "texture": "#1"},
				"up": {"uv": [4, 7, 4.5, 8], "texture": "#1"},
				"down": {"uv": [4, 7, 4.5, 13.75], "texture": "#1"}
			}
		},
		{
			"from": [8.75, 1.75, 7.5],
			"to": [9.75, 6.25, 8.5],
			"faces": {
				"north": {"uv": [4, 7, 4.5, 13.75], "texture": "#1"},
				"east": {"uv": [4, 7, 4.5, 13.75], "texture": "#1"},
				"south": {"uv": [4, 7, 4.5, 13.75], "texture": "#1"},
				"west": {"uv": [4, 7, 4.5, 13.75], "texture": "#1"},
				"up": {"uv": [4, 7, 4.5, 8], "texture": "#1"},
				"down": {"uv": [4, 7, 4.5, 13.75], "texture": "#1"}
			}
		},
		{
			"from": [8.75, 1.75, 8.5],
			"to": [9.5, 6.25, 9],
			"faces": {
				"north": {"uv": [4, 7, 4.5, 13.75], "texture": "#1"},
				"east": {"uv": [4, 7, 4.5, 13.75], "texture": "#1"},
				"south": {"uv": [4, 7, 4.5, 13.75], "texture": "#1"},
				"west": {"uv": [4, 7, 4.5, 13.75], "texture": "#1"},
				"up": {"uv": [4, 7, 4.5, 8], "texture": "#1"},
				"down": {"uv": [4, 7, 4.5, 13.75], "texture": "#1"}
			}
		},
		{
			"from": [9, 1.75, 9],
			"to": [9.3, 6.25, 9.3],
			"faces": {
				"north": {"uv": [4, 7, 4.5, 13.75], "texture": "#1"},
				"east": {"uv": [4, 7, 4.5, 13.75], "texture": "#1"},
				"south": {"uv": [4, 7, 4.5, 13.75], "texture": "#1"},
				"west": {"uv": [4, 7, 4.5, 13.75], "texture": "#1"},
				"up": {"uv": [4, 7, 4.5, 8], "texture": "#1"},
				"down": {"uv": [4, 7, 4.5, 13.75], "texture": "#1"}
			}
		},
		{
			"from": [8.5, 1.75, 8.75],
			"to": [9, 6.25, 9.5],
			"faces": {
				"north": {"uv": [4, 7, 4.5, 13.75], "texture": "#1"},
				"east": {"uv": [4, 7, 4.5, 13.75], "texture": "#1"},
				"south": {"uv": [4, 7, 4.5, 13.75], "texture": "#1"},
				"west": {"uv": [4, 7, 4.5, 13.75], "texture": "#1"},
				"up": {"uv": [4, 7, 4.5, 8], "texture": "#1"},
				"down": {"uv": [4, 7, 4.5, 13.75], "texture": "#1"}
			}
		},
		{
			"from": [7.5, 1.75, 8.75],
			"to": [8.5, 6.25, 9.75],
			"faces": {
				"north": {"uv": [4, 7, 4.5, 13.75], "texture": "#1"},
				"east": {"uv": [4, 7, 4.5, 13.75], "texture": "#1"},
				"south": {"uv": [4, 7, 4.5, 13.75], "texture": "#1"},
				"west": {"uv": [4, 7, 4.5, 13.75], "texture": "#1"},
				"up": {"uv": [4, 7, 4.5, 8], "texture": "#1"},
				"down": {"uv": [4, 7, 4.5, 13.75], "texture": "#1"}
			}
		},
		{
			"from": [7, 1.75, 8.75],
			"to": [7.5, 6.25, 9.5],
			"faces": {
				"north": {"uv": [4, 7, 4.5, 13.75], "texture": "#1"},
				"east": {"uv": [4, 7, 4.5, 13.75], "texture": "#1"},
				"south": {"uv": [4, 7, 4.5, 13.75], "texture": "#1"},
				"west": {"uv": [4, 7, 4.5, 13.75], "texture": "#1"},
				"up": {"uv": [4, 7, 4.5, 8], "texture": "#1"},
				"down": {"uv": [4, 7, 4.5, 13.75], "texture": "#1"}
			}
		},
		{
			"from": [6.5, 1.75, 8.5],
			"to": [7.25, 6.25, 9],
			"faces": {
				"north": {"uv": [4, 7, 4.5, 13.75], "texture": "#1"},
				"east": {"uv": [4, 7, 4.5, 13.75], "texture": "#1"},
				"south": {"uv": [4, 7, 4.5, 13.75], "texture": "#1"},
				"west": {"uv": [4, 7, 4.5, 13.75], "texture": "#1"},
				"up": {"uv": [4, 7, 4.5, 8], "texture": "#1"},
				"down": {"uv": [4, 7, 4.5, 13.75], "texture": "#1"}
			}
		},
		{
			"from": [6.7, 1.75, 9],
			"to": [7, 6.25, 9.3],
			"faces": {
				"north": {"uv": [4, 7, 4.5, 13.75], "texture": "#1"},
				"east": {"uv": [4, 7, 4.5, 13.75], "texture": "#1"},
				"south": {"uv": [4, 7, 4.5, 13.75], "texture": "#1"},
				"west": {"uv": [4, 7, 4.5, 13.75], "texture": "#1"},
				"up": {"uv": [4, 7, 4.5, 8], "texture": "#1"},
				"down": {"uv": [4, 7, 4.5, 13.75], "texture": "#1"}
			}
		},
		{
			"from": [6.25, 1.75, 7.5],
			"to": [7.25, 6.25, 8.5],
			"faces": {
				"north": {"uv": [4, 7, 4.5, 13.75], "texture": "#1"},
				"east": {"uv": [4, 7, 4.5, 13.75], "texture": "#1"},
				"south": {"uv": [4, 7, 4.5, 13.75], "texture": "#1"},
				"west": {"uv": [4, 7, 4.5, 13.75], "texture": "#1"},
				"up": {"uv": [4, 7, 4.5, 8], "texture": "#1"},
				"down": {"uv": [4, 7, 4.5, 13.75], "texture": "#1"}
			}
		},
		{
			"from": [6.5, 1.75, 7],
			"to": [7.25, 6.25, 7.5],
			"faces": {
				"north": {"uv": [4, 7, 4.5, 13.75], "texture": "#1"},
				"east": {"uv": [4, 7, 4.5, 13.75], "texture": "#1"},
				"south": {"uv": [4, 7, 4.5, 13.75], "texture": "#1"},
				"west": {"uv": [4, 7, 4.5, 13.75], "texture": "#1"},
				"up": {"uv": [4, 7, 4.5, 8], "texture": "#1"},
				"down": {"uv": [4, 7, 4.5, 13.75], "texture": "#1"}
			}
		},
		{
			"from": [6.7, 1.75, 6.7],
			"to": [7, 6.25, 7],
			"faces": {
				"north": {"uv": [4, 7, 4.5, 13.75], "texture": "#1"},
				"east": {"uv": [4, 7, 4.5, 13.75], "texture": "#1"},
				"south": {"uv": [4, 7, 4.5, 13.75], "texture": "#1"},
				"west": {"uv": [4, 7, 4.5, 13.75], "texture": "#1"},
				"up": {"uv": [4, 7, 4.5, 8], "texture": "#1"},
				"down": {"uv": [4, 7, 4.5, 13.75], "texture": "#1"}
			}
		},
		{
			"from": [7, 1.75, 6.5],
			"to": [7.5, 6.25, 7.25],
			"faces": {
				"north": {"uv": [4, 7, 4.5, 13.75], "texture": "#1"},
				"east": {"uv": [4, 7, 4.5, 13.75], "texture": "#1"},
				"south": {"uv": [4, 7, 4.5, 13.75], "texture": "#1"},
				"west": {"uv": [4, 7, 4.5, 13.75], "texture": "#1"},
				"up": {"uv": [4, 7, 4.5, 8], "texture": "#1"},
				"down": {"uv": [4, 7, 4.5, 13.75], "texture": "#1"}
			}
		},
		{
			"from": [7.5, 6.25, 6.5],
			"to": [8.5, 6.5, 7.25],
			"faces": {
				"north": {"uv": [1, 12, 1.5, 13], "texture": "#1"},
				"east": {"uv": [1, 12, 1.5, 13], "texture": "#1"},
				"south": {"uv": [1, 12, 1.5, 13], "texture": "#1"},
				"west": {"uv": [1, 12, 1.5, 13], "texture": "#1"},
				"up": {"uv": [1, 12, 1.5, 13], "texture": "#1"},
				"down": {"uv": [1, 12, 1.5, 13], "texture": "#1"}
			}
		},
		{
			"from": [7.5, 6.5, 8.75],
			"to": [8.5, 6.75, 9.25],
			"faces": {
				"north": {"uv": [1, 12, 1.5, 13], "texture": "#1"},
				"east": {"uv": [1, 12, 1.5, 13], "texture": "#1"},
				"south": {"uv": [1, 12, 1.5, 13], "texture": "#1"},
				"west": {"uv": [1, 12, 1.5, 13], "texture": "#1"},
				"up": {"uv": [1, 12, 1.5, 13], "texture": "#1"},
				"down": {"uv": [1, 12, 1.5, 13], "texture": "#1"}
			}
		},
		{
			"from": [6.75, 6.5, 7.5],
			"to": [7.25, 6.75, 8.5],
			"faces": {
				"north": {"uv": [1, 12, 1.5, 13], "texture": "#1"},
				"east": {"uv": [1, 12, 1.5, 13], "texture": "#1"},
				"south": {"uv": [1, 12, 1.5, 13], "texture": "#1"},
				"west": {"uv": [1, 12, 1.5, 13], "texture": "#1"},
				"up": {"uv": [1, 12, 1.5, 13], "texture": "#1"},
				"down": {"uv": [1, 12, 1.5, 13], "texture": "#1"}
			}
		},
		{
			"from": [6.5, 6.25, 7.5],
			"to": [7.25, 6.5, 8.5],
			"faces": {
				"north": {"uv": [1, 12, 1.5, 13], "texture": "#1"},
				"east": {"uv": [1, 12, 1.5, 13], "texture": "#1"},
				"south": {"uv": [1, 12, 1.5, 13], "texture": "#1"},
				"west": {"uv": [1, 12, 1.5, 13], "texture": "#1"},
				"up": {"uv": [1, 12, 1.5, 13], "texture": "#1"},
				"down": {"uv": [1, 12, 1.5, 13], "texture": "#1"}
			}
		},
		{
			"from": [8.75, 6.25, 7.5],
			"to": [9.5, 6.5, 8.5],
			"faces": {
				"north": {"uv": [1, 12, 1.5, 13], "texture": "#1"},
				"east": {"uv": [1, 12, 1.5, 13], "texture": "#1"},
				"south": {"uv": [1, 12, 1.5, 13], "texture": "#1"},
				"west": {"uv": [1, 12, 1.5, 13], "texture": "#1"},
				"up": {"uv": [1, 12, 1.5, 13], "texture": "#1"},
				"down": {"uv": [1, 12, 1.5, 13], "texture": "#1"}
			}
		},
		{
			"from": [7, 6.25, 6.75],
			"to": [7.5, 6.5, 7.25],
			"faces": {
				"north": {"uv": [1, 12, 1.5, 13], "texture": "#1"},
				"east": {"uv": [1, 12, 1.5, 13], "texture": "#1"},
				"south": {"uv": [1, 12, 1.5, 13], "texture": "#1"},
				"west": {"uv": [1, 12, 1.5, 13], "texture": "#1"},
				"up": {"uv": [1, 12, 1.5, 13], "texture": "#1"},
				"down": {"uv": [1, 12, 1.5, 13], "texture": "#1"}
			}
		},
		{
			"from": [7, 6.5, 8.75],
			"to": [7.5, 6.75, 9],
			"faces": {
				"north": {"uv": [1, 12, 1.5, 13], "texture": "#1"},
				"east": {"uv": [1, 12, 1.5, 13], "texture": "#1"},
				"south": {"uv": [1, 12, 1.5, 13], "texture": "#1"},
				"west": {"uv": [1, 12, 1.5, 13], "texture": "#1"},
				"up": {"uv": [1, 12, 1.5, 13], "texture": "#1"},
				"down": {"uv": [1, 12, 1.5, 13], "texture": "#1"}
			}
		},
		{
			"from": [6.75, 6.25, 7],
			"to": [7.25, 6.5, 7.5],
			"faces": {
				"north": {"uv": [1, 12, 1.5, 13], "texture": "#1"},
				"east": {"uv": [1, 12, 1.5, 13], "texture": "#1"},
				"south": {"uv": [1, 12, 1.5, 13], "texture": "#1"},
				"west": {"uv": [1, 12, 1.5, 13], "texture": "#1"},
				"up": {"uv": [1, 12, 1.5, 13], "texture": "#1"},
				"down": {"uv": [1, 12, 1.5, 13], "texture": "#1"}
			}
		},
		{
			"from": [7, 6.5, 8.5],
			"to": [7.25, 6.75, 9],
			"faces": {
				"north": {"uv": [1, 12, 1.5, 13], "texture": "#1"},
				"east": {"uv": [1, 12, 1.5, 13], "texture": "#1"},
				"south": {"uv": [1, 12, 1.5, 13], "texture": "#1"},
				"west": {"uv": [1, 12, 1.5, 13], "texture": "#1"},
				"up": {"uv": [1, 12, 1.5, 13], "texture": "#1"},
				"down": {"uv": [1, 12, 1.5, 13], "texture": "#1"}
			}
		},
		{
			"from": [7.5, 6.5, 6.75],
			"to": [8.5, 6.75, 7.25],
			"faces": {
				"north": {"uv": [1, 12, 1.5, 13], "texture": "#1"},
				"east": {"uv": [1, 12, 1.5, 13], "texture": "#1"},
				"south": {"uv": [1, 12, 1.5, 13], "texture": "#1"},
				"west": {"uv": [1, 12, 1.5, 13], "texture": "#1"},
				"up": {"uv": [1, 12, 1.5, 13], "texture": "#1"},
				"down": {"uv": [1, 12, 1.5, 13], "texture": "#1"}
			}
		},
		{
			"from": [7, 6.5, 7],
			"to": [7.5, 6.75, 7.25],
			"faces": {
				"north": {"uv": [1, 12, 1.5, 13], "texture": "#1"},
				"east": {"uv": [1, 12, 1.5, 13], "texture": "#1"},
				"south": {"uv": [1, 12, 1.5, 13], "texture": "#1"},
				"west": {"uv": [1, 12, 1.5, 13], "texture": "#1"},
				"up": {"uv": [1, 12, 1.5, 13], "texture": "#1"},
				"down": {"uv": [1, 12, 1.5, 13], "texture": "#1"}
			}
		},
		{
			"from": [7, 6.5, 7],
			"to": [7.25, 6.75, 7.5],
			"faces": {
				"north": {"uv": [1, 12, 1.5, 13], "texture": "#1"},
				"east": {"uv": [1, 12, 1.5, 13], "texture": "#1"},
				"south": {"uv": [1, 12, 1.5, 13], "texture": "#1"},
				"west": {"uv": [1, 12, 1.5, 13], "texture": "#1"},
				"up": {"uv": [1, 12, 1.5, 13], "texture": "#1"},
				"down": {"uv": [1, 12, 1.5, 13], "texture": "#1"}
			}
		},
		{
			"from": [8.75, 6.5, 7.5],
			"to": [9.25, 6.75, 8.5],
			"faces": {
				"north": {"uv": [1, 12, 1.5, 13], "texture": "#1"},
				"east": {"uv": [1, 12, 1.5, 13], "texture": "#1"},
				"south": {"uv": [1, 12, 1.5, 13], "texture": "#1"},
				"west": {"uv": [1, 12, 1.5, 13], "texture": "#1"},
				"up": {"uv": [1, 12, 1.5, 13], "texture": "#1"},
				"down": {"uv": [1, 12, 1.5, 13], "texture": "#1"}
			}
		},
		{
			"from": [8.75, 6.75, 7.5],
			"to": [9, 7, 8.5],
			"faces": {
				"north": {"uv": [1, 12, 1.5, 13], "texture": "#1"},
				"east": {"uv": [1, 12, 1.5, 13], "texture": "#1"},
				"south": {"uv": [1, 12, 1.5, 13], "texture": "#1"},
				"west": {"uv": [1, 12, 1.5, 13], "texture": "#1"},
				"up": {"uv": [1, 12, 1.5, 13], "texture": "#1"},
				"down": {"uv": [1, 12, 1.5, 13], "texture": "#1"}
			}
		},
		{
			"from": [8.5, 6.75, 7.25],
			"to": [8.75, 7, 7.5],
			"faces": {
				"north": {"uv": [1, 12, 1.5, 13], "texture": "#1"},
				"east": {"uv": [1, 12, 1.5, 13], "texture": "#1"},
				"south": {"uv": [1, 12, 1.5, 13], "texture": "#1"},
				"west": {"uv": [1, 12, 1.5, 13], "texture": "#1"},
				"up": {"uv": [1, 12, 1.5, 13], "texture": "#1"},
				"down": {"uv": [1, 12, 1.5, 13], "texture": "#1"}
			}
		},
		{
			"from": [7.5, 6.75, 7],
			"to": [8.5, 7, 7.25],
			"faces": {
				"north": {"uv": [1, 12, 1.5, 13], "texture": "#1"},
				"east": {"uv": [1, 12, 1.5, 13], "texture": "#1"},
				"south": {"uv": [1, 12, 1.5, 13], "texture": "#1"},
				"west": {"uv": [1, 12, 1.5, 13], "texture": "#1"},
				"up": {"uv": [1, 12, 1.5, 13], "texture": "#1"},
				"down": {"uv": [1, 12, 1.5, 13], "texture": "#1"}
			}
		},
		{
			"from": [7, 6.75, 7.5],
			"to": [7.25, 7, 8.5],
			"faces": {
				"north": {"uv": [1, 12, 1.5, 13], "texture": "#1"},
				"east": {"uv": [1, 12, 1.5, 13], "texture": "#1"},
				"south": {"uv": [1, 12, 1.5, 13], "texture": "#1"},
				"west": {"uv": [1, 12, 1.5, 13], "texture": "#1"},
				"up": {"uv": [1, 12, 1.5, 13], "texture": "#1"},
				"down": {"uv": [1, 12, 1.5, 13], "texture": "#1"}
			}
		},
		{
			"from": [7.25, 6.75, 7.25],
			"to": [7.5, 7, 7.5],
			"faces": {
				"north": {"uv": [1, 12, 1.5, 13], "texture": "#1"},
				"east": {"uv": [1, 12, 1.5, 13], "texture": "#1"},
				"south": {"uv": [1, 12, 1.5, 13], "texture": "#1"},
				"west": {"uv": [1, 12, 1.5, 13], "texture": "#1"},
				"up": {"uv": [1, 12, 1.5, 13], "texture": "#1"},
				"down": {"uv": [1, 12, 1.5, 13], "texture": "#1"}
			}
		},
		{
			"from": [7.25, 6.75, 8.5],
			"to": [7.5, 7, 8.75],
			"faces": {
				"north": {"uv": [1, 12, 1.5, 13], "texture": "#1"},
				"east": {"uv": [1, 12, 1.5, 13], "texture": "#1"},
				"south": {"uv": [1, 12, 1.5, 13], "texture": "#1"},
				"west": {"uv": [1, 12, 1.5, 13], "texture": "#1"},
				"up": {"uv": [1, 12, 1.5, 13], "texture": "#1"},
				"down": {"uv": [1, 12, 1.5, 13], "texture": "#1"}
			}
		},
		{
			"from": [7.5, 6.75, 8.75],
			"to": [8.5, 7, 9],
			"faces": {
				"north": {"uv": [1, 12, 1.5, 13], "texture": "#1"},
				"east": {"uv": [1, 12, 1.5, 13], "texture": "#1"},
				"south": {"uv": [1, 12, 1.5, 13], "texture": "#1"},
				"west": {"uv": [1, 12, 1.5, 13], "texture": "#1"},
				"up": {"uv": [1, 12, 1.5, 13], "texture": "#1"},
				"down": {"uv": [1, 12, 1.5, 13], "texture": "#1"}
			}
		},
		{
			"from": [8.5, 6.75, 8.5],
			"to": [8.75, 7, 8.75],
			"faces": {
				"north": {"uv": [1, 12, 1.5, 13], "texture": "#1"},
				"east": {"uv": [1, 12, 1.5, 13], "texture": "#1"},
				"south": {"uv": [1, 12, 1.5, 13], "texture": "#1"},
				"west": {"uv": [1, 12, 1.5, 13], "texture": "#1"},
				"up": {"uv": [1, 12, 1.5, 13], "texture": "#1"},
				"down": {"uv": [1, 12, 1.5, 13], "texture": "#1"}
			}
		},
		{
			"from": [8.5, 7, 7.5],
			"to": [8.75, 7.25, 8.5],
			"faces": {
				"north": {"uv": [4, 7, 4.5, 8], "texture": "#1"},
				"east": {"uv": [4, 7, 4.5, 8], "texture": "#1"},
				"south": {"uv": [4, 7, 4.5, 8], "texture": "#1"},
				"west": {"uv": [4, 7, 4.5, 8], "texture": "#1"},
				"up": {"uv": [4, 7, 4.5, 8], "texture": "#1"},
				"down": {"uv": [4, 7, 4.5, 8], "texture": "#1"}
			}
		},
		{
			"from": [7.25, 7, 7.5],
			"to": [7.5, 7.25, 8.5],
			"faces": {
				"north": {"uv": [4, 7, 4.5, 8], "texture": "#1"},
				"east": {"uv": [4, 7, 4.5, 8], "texture": "#1"},
				"south": {"uv": [4, 7, 4.5, 8], "texture": "#1"},
				"west": {"uv": [4, 7, 4.5, 8], "texture": "#1"},
				"up": {"uv": [4, 7, 4.5, 8], "texture": "#1"},
				"down": {"uv": [4, 7, 4.5, 8], "texture": "#1"}
			}
		},
		{
			"from": [7.5, 7, 7.25],
			"to": [8.5, 7.25, 7.5],
			"faces": {
				"north": {"uv": [4, 7, 4.5, 8], "texture": "#1"},
				"east": {"uv": [4, 7, 4.5, 8], "texture": "#1"},
				"south": {"uv": [4, 7, 4.5, 8], "texture": "#1"},
				"west": {"uv": [4, 7, 4.5, 8], "texture": "#1"},
				"up": {"uv": [4, 7, 4.5, 8], "texture": "#1"},
				"down": {"uv": [4, 7, 4.5, 8], "texture": "#1"}
			}
		},
		{
			"from": [7.5, 7, 8.5],
			"to": [8.5, 7.25, 8.75],
			"faces": {
				"north": {"uv": [4, 7, 4.5, 8], "texture": "#1"},
				"east": {"uv": [4, 7, 4.5, 8], "texture": "#1"},
				"south": {"uv": [4, 7, 4.5, 8], "texture": "#1"},
				"west": {"uv": [4, 7, 4.5, 8], "texture": "#1"},
				"up": {"uv": [4, 7, 4.5, 8], "texture": "#1"},
				"down": {"uv": [4, 7, 4.5, 8], "texture": "#1"}
			}
		},
		{
			"from": [7.4, 7.55, 7.5],
			"to": [7.5, 7.8, 8.5],
			"faces": {
				"north": {"uv": [7, 13, 7.5, 14], "texture": "#1"},
				"east": {"uv": [7, 13, 7.5, 14], "texture": "#1"},
				"south": {"uv": [7, 13, 7.5, 14], "texture": "#1"},
				"west": {"uv": [7, 13, 7.5, 14], "texture": "#1"},
				"up": {"uv": [7, 13, 7.5, 14], "texture": "#1"},
				"down": {"uv": [7, 13, 7.5, 14], "texture": "#1"}
			}
		},
		{
			"from": [7.5, 7.55, 7.4],
			"to": [8.5, 7.8, 7.5],
			"faces": {
				"north": {"uv": [7, 13, 7.5, 14], "texture": "#1"},
				"east": {"uv": [7, 13, 7.5, 14], "texture": "#1"},
				"south": {"uv": [7, 13, 7.5, 14], "texture": "#1"},
				"west": {"uv": [7, 13, 7.5, 14], "texture": "#1"},
				"up": {"uv": [7, 13, 7.5, 14], "texture": "#1"},
				"down": {"uv": [7, 13, 7.5, 14], "texture": "#1"}
			}
		},
		{
			"from": [8.5, 7.55, 7.5],
			"to": [8.6, 7.8, 8.5],
			"faces": {
				"north": {"uv": [7, 13, 7.5, 14], "texture": "#1"},
				"east": {"uv": [7, 13, 7.5, 14], "texture": "#1"},
				"south": {"uv": [7, 13, 7.5, 14], "texture": "#1"},
				"west": {"uv": [7, 13, 7.5, 14], "texture": "#1"},
				"up": {"uv": [7, 13, 7.5, 14], "texture": "#1"},
				"down": {"uv": [7, 13, 7.5, 14], "texture": "#1"}
			}
		},
		{
			"from": [7.5, 7.55, 8.5],
			"to": [8.5, 7.8, 8.6],
			"faces": {
				"north": {"uv": [7, 13, 7.5, 14], "texture": "#1"},
				"east": {"uv": [7, 13, 7.5, 14], "texture": "#1"},
				"south": {"uv": [7, 13, 7.5, 14], "texture": "#1"},
				"west": {"uv": [7, 13, 7.5, 14], "texture": "#1"},
				"up": {"uv": [7, 13, 7.5, 14], "texture": "#1"},
				"down": {"uv": [7, 13, 7.5, 14], "texture": "#1"}
			}
		},
		{
			"from": [7.5, 8.05, 8.5],
			"to": [8.5, 8.3, 8.6],
			"faces": {
				"north": {"uv": [7, 13, 7.5, 14], "texture": "#1"},
				"east": {"uv": [7, 13, 7.5, 14], "texture": "#1"},
				"south": {"uv": [7, 13, 7.5, 14], "texture": "#1"},
				"west": {"uv": [7, 13, 7.5, 14], "texture": "#1"},
				"up": {"uv": [7, 13, 7.5, 14], "texture": "#1"},
				"down": {"uv": [7, 13, 7.5, 14], "texture": "#1"}
			}
		},
		{
			"from": [8.5, 8.05, 7.5],
			"to": [8.6, 8.3, 8.5],
			"faces": {
				"north": {"uv": [7, 13, 7.5, 14], "texture": "#1"},
				"east": {"uv": [7, 13, 7.5, 14], "texture": "#1"},
				"south": {"uv": [7, 13, 7.5, 14], "texture": "#1"},
				"west": {"uv": [7, 13, 7.5, 14], "texture": "#1"},
				"up": {"uv": [7, 13, 7.5, 14], "texture": "#1"},
				"down": {"uv": [7, 13, 7.5, 14], "texture": "#1"}
			}
		},
		{
			"from": [7.5, 8.05, 7.4],
			"to": [8.5, 8.3, 7.5],
			"faces": {
				"north": {"uv": [7, 13, 7.5, 14], "texture": "#1"},
				"east": {"uv": [7, 13, 7.5, 14], "texture": "#1"},
				"south": {"uv": [7, 13, 7.5, 14], "texture": "#1"},
				"west": {"uv": [7, 13, 7.5, 14], "texture": "#1"},
				"up": {"uv": [7, 13, 7.5, 14], "texture": "#1"},
				"down": {"uv": [7, 13, 7.5, 14], "texture": "#1"}
			}
		},
		{
			"from": [7.4, 8.05, 7.5],
			"to": [7.5, 8.3, 8.5],
			"faces": {
				"north": {"uv": [7, 13, 7.5, 14], "texture": "#1"},
				"east": {"uv": [7, 13, 7.5, 14], "texture": "#1"},
				"south": {"uv": [7, 13, 7.5, 14], "texture": "#1"},
				"west": {"uv": [7, 13, 7.5, 14], "texture": "#1"},
				"up": {"uv": [7, 13, 7.5, 14], "texture": "#1"},
				"down": {"uv": [7, 13, 7.5, 14], "texture": "#1"}
			}
		},
		{
			"from": [7.5, 7.25, 8.25],
			"to": [8.5, 7.55, 8.5],
			"faces": {
				"north": {"uv": [4, 7, 4.5, 8], "texture": "#1"},
				"east": {"uv": [4, 7, 4.5, 8], "texture": "#1"},
				"south": {"uv": [4, 7, 4.5, 8], "texture": "#1"},
				"west": {"uv": [4, 7, 4.5, 8], "texture": "#1"},
				"up": {"uv": [4, 7, 4.5, 8], "texture": "#1"},
				"down": {"uv": [4, 7, 4.5, 8], "texture": "#1"}
			}
		},
		{
			"from": [7.5, 7.25, 7.5],
			"to": [8.5, 7.55, 7.75],
			"faces": {
				"north": {"uv": [4, 7, 4.5, 8], "texture": "#1"},
				"east": {"uv": [4, 7, 4.5, 8], "texture": "#1"},
				"south": {"uv": [4, 7, 4.5, 8], "texture": "#1"},
				"west": {"uv": [4, 7, 4.5, 8], "texture": "#1"},
				"up": {"uv": [4, 7, 4.5, 8], "texture": "#1"},
				"down": {"uv": [4, 7, 4.5, 8], "texture": "#1"}
			}
		},
		{
			"from": [8.25, 7.25, 7.75],
			"to": [8.5, 7.55, 8.25],
			"faces": {
				"north": {"uv": [4, 7, 4.5, 8], "texture": "#1"},
				"east": {"uv": [4, 7, 4.5, 8], "texture": "#1"},
				"south": {"uv": [4, 7, 4.5, 8], "texture": "#1"},
				"west": {"uv": [4, 7, 4.5, 8], "texture": "#1"},
				"up": {"uv": [4, 7, 4.5, 8], "texture": "#1"},
				"down": {"uv": [4, 7, 4.5, 8], "texture": "#1"}
			}
		},
		{
			"from": [7.5, 7.25, 7.75],
			"to": [7.75, 7.55, 8.25],
			"faces": {
				"north": {"uv": [4, 7, 4.5, 8], "texture": "#1"},
				"east": {"uv": [4, 7, 4.5, 8], "texture": "#1"},
				"south": {"uv": [4, 7, 4.5, 8], "texture": "#1"},
				"west": {"uv": [4, 7, 4.5, 8], "texture": "#1"},
				"up": {"uv": [4, 7, 4.5, 8], "texture": "#1"},
				"down": {"uv": [4, 7, 4.5, 8], "texture": "#1"}
			}
		},
		{
			"from": [7.5, 7.75, 7.5],
			"to": [8.5, 8.05, 7.75],
			"faces": {
				"north": {"uv": [3, 8.95, 4, 11], "texture": "#2"},
				"east": {"uv": [3, 8.95, 4, 11], "texture": "#2"},
				"south": {"uv": [3, 8.95, 4, 11], "texture": "#2"},
				"west": {"uv": [3, 8.95, 4, 11], "texture": "#2"},
				"up": {"uv": [3, 8.95, 4, 11], "texture": "#2"},
				"down": {"uv": [3, 8.95, 4, 11], "texture": "#2"}
			}
		},
		{
			"from": [8.25, 7.75, 7.75],
			"to": [8.5, 8.05, 8.25],
			"faces": {
				"north": {"uv": [3, 8.95, 4, 11], "texture": "#2"},
				"east": {"uv": [3, 8.95, 4, 11], "texture": "#2"},
				"south": {"uv": [3, 8.95, 4, 11], "texture": "#2"},
				"west": {"uv": [3, 8.95, 4, 11], "texture": "#2"},
				"up": {"uv": [3, 8.95, 4, 11], "texture": "#2"},
				"down": {"uv": [3, 8.95, 4, 11], "texture": "#2"}
			}
		},
		{
			"from": [7.5, 7.75, 8.25],
			"to": [8.5, 8.05, 8.5],
			"faces": {
				"north": {"uv": [3, 8.95, 4, 11], "texture": "#2"},
				"east": {"uv": [3, 8.95, 4, 11], "texture": "#2"},
				"south": {"uv": [3, 8.95, 4, 11], "texture": "#2"},
				"west": {"uv": [3, 8.95, 4, 11], "texture": "#2"},
				"up": {"uv": [3, 8.95, 4, 11], "texture": "#2"},
				"down": {"uv": [3, 8.95, 4, 11], "texture": "#2"}
			}
		},
		{
			"from": [7.5, 8.05, 7.5],
			"to": [8.5, 8.3, 8.5],
			"faces": {
				"north": {"uv": [7, 13, 7.5, 14], "texture": "#1"},
				"east": {"uv": [7, 13, 7.5, 14], "texture": "#1"},
				"south": {"uv": [7, 13, 7.5, 14], "texture": "#1"},
				"west": {"uv": [7, 13, 7.5, 14], "texture": "#1"},
				"up": {"uv": [7, 13, 7.5, 14], "texture": "#1"},
				"down": {"uv": [7, 13, 7.5, 14], "texture": "#1"}
			}
		},
		{
			"from": [7.5, 7.75, 7.75],
			"to": [7.75, 8.05, 8.25],
			"faces": {
				"north": {"uv": [3, 8.95, 4, 11], "texture": "#2"},
				"east": {"uv": [3, 8.95, 4, 11], "texture": "#2"},
				"south": {"uv": [3, 8.95, 4, 11], "texture": "#2"},
				"west": {"uv": [3, 8.95, 4, 11], "texture": "#2"},
				"up": {"uv": [3, 8.95, 4, 11], "texture": "#2"},
				"down": {"uv": [3, 8.95, 4, 11], "texture": "#2"}
			}
		},
		{
			"from": [8.75, 6.5, 7],
			"to": [9, 6.75, 7.5],
			"faces": {
				"north": {"uv": [1, 12, 1.5, 13], "texture": "#1"},
				"east": {"uv": [1, 12, 1.5, 13], "texture": "#1"},
				"south": {"uv": [1, 12, 1.5, 13], "texture": "#1"},
				"west": {"uv": [1, 12, 1.5, 13], "texture": "#1"},
				"up": {"uv": [1, 12, 1.5, 13], "texture": "#1"},
				"down": {"uv": [1, 12, 1.5, 13], "texture": "#1"}
			}
		},
		{
			"from": [8.5, 6.5, 7],
			"to": [9, 6.75, 7.25],
			"faces": {
				"north": {"uv": [1, 12, 1.5, 13], "texture": "#1"},
				"east": {"uv": [1, 12, 1.5, 13], "texture": "#1"},
				"south": {"uv": [1, 12, 1.5, 13], "texture": "#1"},
				"west": {"uv": [1, 12, 1.5, 13], "texture": "#1"},
				"up": {"uv": [1, 12, 1.5, 13], "texture": "#1"},
				"down": {"uv": [1, 12, 1.5, 13], "texture": "#1"}
			}
		},
		{
			"from": [8.75, 6.5, 8.5],
			"to": [9, 6.75, 9],
			"faces": {
				"north": {"uv": [1, 12, 1.5, 13], "texture": "#1"},
				"east": {"uv": [1, 12, 1.5, 13], "texture": "#1"},
				"south": {"uv": [1, 12, 1.5, 13], "texture": "#1"},
				"west": {"uv": [1, 12, 1.5, 13], "texture": "#1"},
				"up": {"uv": [1, 12, 1.5, 13], "texture": "#1"},
				"down": {"uv": [1, 12, 1.5, 13], "texture": "#1"}
			}
		},
		{
			"from": [8.5, 6.5, 8.75],
			"to": [9, 6.75, 9],
			"faces": {
				"north": {"uv": [1, 12, 1.5, 13], "texture": "#1"},
				"east": {"uv": [1, 12, 1.5, 13], "texture": "#1"},
				"south": {"uv": [1, 12, 1.5, 13], "texture": "#1"},
				"west": {"uv": [1, 12, 1.5, 13], "texture": "#1"},
				"up": {"uv": [1, 12, 1.5, 13], "texture": "#1"},
				"down": {"uv": [1, 12, 1.5, 13], "texture": "#1"}
			}
		},
		{
			"from": [6.75, 6.25, 8.5],
			"to": [7.25, 6.5, 9],
			"faces": {
				"north": {"uv": [1, 12, 1.5, 13], "texture": "#1"},
				"east": {"uv": [1, 12, 1.5, 13], "texture": "#1"},
				"south": {"uv": [1, 12, 1.5, 13], "texture": "#1"},
				"west": {"uv": [1, 12, 1.5, 13], "texture": "#1"},
				"up": {"uv": [1, 12, 1.5, 13], "texture": "#1"},
				"down": {"uv": [1, 12, 1.5, 13], "texture": "#1"}
			}
		},
		{
			"from": [7, 6.25, 8.75],
			"to": [7.5, 6.5, 9.25],
			"faces": {
				"north": {"uv": [1, 12, 1.5, 13], "texture": "#1"},
				"east": {"uv": [1, 12, 1.5, 13], "texture": "#1"},
				"south": {"uv": [1, 12, 1.5, 13], "texture": "#1"},
				"west": {"uv": [1, 12, 1.5, 13], "texture": "#1"},
				"up": {"uv": [1, 12, 1.5, 13], "texture": "#1"},
				"down": {"uv": [1, 12, 1.5, 13], "texture": "#1"}
			}
		},
		{
			"from": [8.5, 6.25, 8.75],
			"to": [9, 6.5, 9.25],
			"faces": {
				"north": {"uv": [1, 12, 1.5, 13], "texture": "#1"},
				"east": {"uv": [1, 12, 1.5, 13], "texture": "#1"},
				"south": {"uv": [1, 12, 1.5, 13], "texture": "#1"},
				"west": {"uv": [1, 12, 1.5, 13], "texture": "#1"},
				"up": {"uv": [1, 12, 1.5, 13], "texture": "#1"},
				"down": {"uv": [1, 12, 1.5, 13], "texture": "#1"}
			}
		},
		{
			"from": [8.75, 6.25, 8.5],
			"to": [9.25, 6.5, 9],
			"faces": {
				"north": {"uv": [1, 12, 1.5, 13], "texture": "#1"},
				"east": {"uv": [1, 12, 1.5, 13], "texture": "#1"},
				"south": {"uv": [1, 12, 1.5, 13], "texture": "#1"},
				"west": {"uv": [1, 12, 1.5, 13], "texture": "#1"},
				"up": {"uv": [1, 12, 1.5, 13], "texture": "#1"},
				"down": {"uv": [1, 12, 1.5, 13], "texture": "#1"}
			}
		},
		{
			"from": [8.75, 6.25, 7],
			"to": [9.25, 6.5, 7.5],
			"faces": {
				"north": {"uv": [1, 12, 1.5, 13], "texture": "#1"},
				"east": {"uv": [1, 12, 1.5, 13], "texture": "#1"},
				"south": {"uv": [1, 12, 1.5, 13], "texture": "#1"},
				"west": {"uv": [1, 12, 1.5, 13], "texture": "#1"},
				"up": {"uv": [1, 12, 1.5, 13], "texture": "#1"},
				"down": {"uv": [1, 12, 1.5, 13], "texture": "#1"}
			}
		},
		{
			"from": [8.5, 6.25, 6.75],
			"to": [9, 6.5, 7.25],
			"faces": {
				"north": {"uv": [1, 12, 1.5, 13], "texture": "#1"},
				"east": {"uv": [1, 12, 1.5, 13], "texture": "#1"},
				"south": {"uv": [1, 12, 1.5, 13], "texture": "#1"},
				"west": {"uv": [1, 12, 1.5, 13], "texture": "#1"},
				"up": {"uv": [1, 12, 1.5, 13], "texture": "#1"},
				"down": {"uv": [1, 12, 1.5, 13], "texture": "#1"}
			}
		},
		{
			"from": [7.5, 6.25, 8.75],
			"to": [8.5, 6.5, 9.5],
			"faces": {
				"north": {"uv": [1, 12, 1.5, 13], "texture": "#1"},
				"east": {"uv": [1, 12, 1.5, 13], "texture": "#1"},
				"south": {"uv": [1, 12, 1.5, 13], "texture": "#1"},
				"west": {"uv": [1, 12, 1.5, 13], "texture": "#1"},
				"up": {"uv": [1, 12, 1.5, 13], "texture": "#1"},
				"down": {"uv": [1, 12, 1.5, 13], "texture": "#1"}
			}
		}
	],
	"display": {
		"thirdperson_righthand": {
			"translation": [0, 2.5, 0],
			"scale": [0.5, 0.5, 0.5]
		},
		"thirdperson_lefthand": {
			"translation": [0, 2.5, 0],
			"scale": [0.5, 0.5, 0.5]
		},
		"firstperson_righthand": {
			"translation": [0, 4, 0],
			"scale": [0.5, 0.5, 0.5]
		},
		"firstperson_lefthand": {
			"translation": [0, 4, 0],
			"scale": [0.5, 0.5, 0.5]
		},
		"ground": {
			"translation": [0, 2.5, 0],
			"scale": [0.5, 0.5, 0.5]
		},
		"gui": {
			"rotation": [0, 21, 0],
			"translation": [0, 4.5, 0]
		},
		"head": {
			"translation": [0, 9.75, 0],
			"scale": [0.5, 0.5, 0.5]
		},
		"fixed": {
			"translation": [0, 3.75, 0]
		}
	}
}