{
	"credit": "Made with Blockbench",
	"textures": {
		"0": "item/cit/gold",
		"particle": "item/cit/gold"
	},
	"elements": [
		{
			"from": [4, 0, 7.5],
			"to": [5, 2.5, 8.5],
			"faces": {
				"north": {"uv": [1, 10.25, 1.75, 11], "texture": "#0"},
				"east": {"uv": [1, 10.25, 1.75, 11], "texture": "#0"},
				"south": {"uv": [1, 10.25, 1.75, 11], "texture": "#0"},
				"west": {"uv": [1, 10.25, 1.75, 11], "texture": "#0"},
				"up": {"uv": [1, 10.25, 1.75, 11], "texture": "#0"},
				"down": {"uv": [1, 10.25, 1.75, 11], "texture": "#0"}
			}
		},
		{
			"from": [3.5, 1.25, 7.5],
			"to": [4, 2, 8.5],
			"faces": {
				"north": {"uv": [1, 10.25, 1.75, 11], "texture": "#0"},
				"east": {"uv": [1, 10.25, 1.75, 11], "texture": "#0"},
				"south": {"uv": [1, 10.25, 1.75, 11], "texture": "#0"},
				"west": {"uv": [1, 10.25, 1.75, 11], "texture": "#0"},
				"up": {"uv": [1, 10.25, 1.75, 11], "texture": "#0"},
				"down": {"uv": [1, 10.25, 1.75, 11], "texture": "#0"}
			}
		},
		{
			"from": [3, 1.5, 7.55],
			"to": [3.5, 2.25, 8.45],
			"faces": {
				"north": {"uv": [1, 10.25, 1.75, 11], "texture": "#0"},
				"east": {"uv": [1, 10.25, 1.75, 11], "texture": "#0"},
				"south": {"uv": [1, 10.25, 1.75, 11], "texture": "#0"},
				"west": {"uv": [1, 10.25, 1.75, 11], "texture": "#0"},
				"up": {"uv": [1, 10.25, 1.75, 11], "texture": "#0"},
				"down": {"uv": [1, 10.25, 1.75, 11], "texture": "#0"}
			}
		},
		{
			"from": [2.5, 2, 7.65],
			"to": [3, 2.75, 8.35],
			"faces": {
				"north": {"uv": [1, 10.25, 1.75, 11], "texture": "#0"},
				"east": {"uv": [1, 10.25, 1.75, 11], "texture": "#0"},
				"south": {"uv": [1, 10.25, 1.75, 11], "texture": "#0"},
				"west": {"uv": [1, 10.25, 1.75, 11], "texture": "#0"},
				"up": {"uv": [1, 10.25, 1.75, 11], "texture": "#0"},
				"down": {"uv": [1, 10.25, 1.75, 11], "texture": "#0"}
			}
		},
		{
			"from": [2, 2.5, 7.8],
			"to": [2.5, 3.5, 8.2],
			"faces": {
				"north": {"uv": [1, 10.25, 1.75, 11], "texture": "#0"},
				"east": {"uv": [1, 10.25, 1.75, 11], "texture": "#0"},
				"south": {"uv": [1, 10.25, 1.75, 11], "texture": "#0"},
				"west": {"uv": [1, 10.25, 1.75, 11], "texture": "#0"},
				"up": {"uv": [1, 10.25, 1.75, 11], "texture": "#0"},
				"down": {"uv": [1, 10.25, 1.75, 11], "texture": "#0"}
			}
		},
		{
			"from": [3.9, 2.5, 7.5],
			"to": [4.9, 5, 8.5],
			"faces": {
				"north": {"uv": [1, 9.25, 1.75, 10], "texture": "#0"},
				"east": {"uv": [1, 9.25, 1.75, 10], "texture": "#0"},
				"south": {"uv": [1, 9.25, 1.75, 10], "texture": "#0"},
				"west": {"uv": [1, 9.25, 1.75, 10], "texture": "#0"},
				"up": {"uv": [1, 9.25, 1.75, 10], "texture": "#0"},
				"down": {"uv": [1, 9.25, 1.75, 10], "texture": "#0"}
			}
		},
		{
			"from": [3.3, 5.75, 7.6],
			"to": [4.1, 6.25, 8.4],
			"faces": {
				"north": {"uv": [1, 8.25, 1.75, 9], "texture": "#0"},
				"east": {"uv": [1, 8.25, 1.75, 9], "texture": "#0"},
				"south": {"uv": [1, 8.25, 1.75, 9], "texture": "#0"},
				"west": {"uv": [1, 8.25, 1.75, 9], "texture": "#0"},
				"up": {"uv": [1, 8.25, 1.75, 9], "texture": "#0"},
				"down": {"uv": [1, 8.25, 1.75, 9], "texture": "#0"}
			}
		},
		{
			"from": [4.7, 5.75, 7.5],
			"to": [5.7, 6.5, 8.5],
			"faces": {
				"north": {"uv": [5, 8.25, 5.75, 9], "texture": "#0"},
				"east": {"uv": [5, 8.25, 5.75, 9], "texture": "#0"},
				"south": {"uv": [5, 8.25, 5.75, 9], "texture": "#0"},
				"west": {"uv": [5, 8.25, 5.75, 9], "texture": "#0"},
				"up": {"uv": [5, 8.25, 5.75, 9], "texture": "#0"},
				"down": {"uv": [5, 8.25, 5.75, 9], "texture": "#0"}
			}
		},
		{
			"from": [4.8, 7.75, 7.6],
			"to": [5.6, 8.5, 8.4],
			"faces": {
				"north": {"uv": [9, 11.25, 9.75, 12], "texture": "#0"},
				"east": {"uv": [9, 11.25, 9.75, 12], "texture": "#0"},
				"south": {"uv": [9, 11.25, 9.75, 12], "texture": "#0"},
				"west": {"uv": [9, 11.25, 9.75, 12], "texture": "#0"},
				"up": {"uv": [9, 11.25, 9.75, 12], "texture": "#0"},
				"down": {"uv": [9, 11.25, 9.75, 12], "texture": "#0"}
			}
		},
		{
			"from": [4.95, 8.5, 7.75],
			"to": [5.45, 9.25, 8.25],
			"faces": {
				"north": {"uv": [9, 11.25, 9.75, 12], "texture": "#0"},
				"east": {"uv": [9, 11.25, 9.75, 12], "texture": "#0"},
				"south": {"uv": [9, 11.25, 9.75, 12], "texture": "#0"},
				"west": {"uv": [9, 11.25, 9.75, 12], "texture": "#0"},
				"up": {"uv": [9, 11.25, 9.75, 12], "texture": "#0"},
				"down": {"uv": [9, 11.25, 9.75, 12], "texture": "#0"}
			}
		},
		{
			"from": [3.45, 6.25, 7.75],
			"to": [3.95, 7, 8.25],
			"faces": {
				"north": {"uv": [9, 11.25, 9.75, 12], "texture": "#0"},
				"east": {"uv": [9, 11.25, 9.75, 12], "texture": "#0"},
				"south": {"uv": [9, 11.25, 9.75, 12], "texture": "#0"},
				"west": {"uv": [9, 11.25, 9.75, 12], "texture": "#0"},
				"up": {"uv": [9, 11.25, 9.75, 12], "texture": "#0"},
				"down": {"uv": [9, 11.25, 9.75, 12], "texture": "#0"}
			}
		},
		{
			"from": [4.9, 6.5, 7.55],
			"to": [5.8, 7.75, 8.45],
			"faces": {
				"north": {"uv": [1, 8.25, 1.75, 9], "texture": "#0"},
				"east": {"uv": [1, 8.25, 1.75, 9], "texture": "#0"},
				"south": {"uv": [1, 8.25, 1.75, 9], "texture": "#0"},
				"west": {"uv": [1, 8.25, 1.75, 9], "texture": "#0"},
				"up": {"uv": [1, 8.25, 1.75, 9], "texture": "#0"},
				"down": {"uv": [1, 8.25, 1.75, 9], "texture": "#0"}
			}
		},
		{
			"from": [3.5, 5, 7.5],
			"to": [5.25, 5.75, 8.5],
			"faces": {
				"north": {"uv": [5, 8.25, 5.75, 9], "texture": "#0"},
				"east": {"uv": [5, 8.25, 5.75, 9], "texture": "#0"},
				"south": {"uv": [5, 8.25, 5.75, 9], "texture": "#0"},
				"west": {"uv": [5, 8.25, 5.75, 9], "texture": "#0"},
				"up": {"uv": [5, 8.25, 5.75, 9], "texture": "#0"},
				"down": {"uv": [5, 8.25, 5.75, 9], "texture": "#0"}
			}
		},
		{
			"from": [10.7, 8.5, 7.75],
			"to": [11.2, 9.25, 8.25],
			"faces": {
				"north": {"uv": [9, 11.25, 9.75, 12], "texture": "#0"},
				"east": {"uv": [9, 11.25, 9.75, 12], "texture": "#0"},
				"south": {"uv": [9, 11.25, 9.75, 12], "texture": "#0"},
				"west": {"uv": [9, 11.25, 9.75, 12], "texture": "#0"},
				"up": {"uv": [9, 11.25, 9.75, 12], "texture": "#0"},
				"down": {"uv": [9, 11.25, 9.75, 12], "texture": "#0"}
			}
		},
		{
			"from": [10.55, 7.75, 7.6],
			"to": [11.35, 8.5, 8.4],
			"faces": {
				"north": {"uv": [9, 11.25, 9.75, 12], "texture": "#0"},
				"east": {"uv": [9, 11.25, 9.75, 12], "texture": "#0"},
				"south": {"uv": [9, 11.25, 9.75, 12], "texture": "#0"},
				"west": {"uv": [9, 11.25, 9.75, 12], "texture": "#0"},
				"up": {"uv": [9, 11.25, 9.75, 12], "texture": "#0"},
				"down": {"uv": [9, 11.25, 9.75, 12], "texture": "#0"}
			}
		},
		{
			"from": [10.4, 6.5, 7.55],
			"to": [11.3, 7.75, 8.45],
			"faces": {
				"north": {"uv": [1, 8.25, 1.75, 9], "texture": "#0"},
				"east": {"uv": [1, 8.25, 1.75, 9], "texture": "#0"},
				"south": {"uv": [1, 8.25, 1.75, 9], "texture": "#0"},
				"west": {"uv": [1, 8.25, 1.75, 9], "texture": "#0"},
				"up": {"uv": [1, 8.25, 1.75, 9], "texture": "#0"},
				"down": {"uv": [1, 8.25, 1.75, 9], "texture": "#0"}
			}
		},
		{
			"from": [10.45, 5.75, 7.5],
			"to": [11.45, 6.5, 8.5],
			"faces": {
				"north": {"uv": [5, 8.25, 5.75, 9], "texture": "#0"},
				"east": {"uv": [5, 8.25, 5.75, 9], "texture": "#0"},
				"south": {"uv": [5, 8.25, 5.75, 9], "texture": "#0"},
				"west": {"uv": [5, 8.25, 5.75, 9], "texture": "#0"},
				"up": {"uv": [5, 8.25, 5.75, 9], "texture": "#0"},
				"down": {"uv": [5, 8.25, 5.75, 9], "texture": "#0"}
			}
		},
		{
			"from": [10.75, 5, 7.5],
			"to": [12.5, 5.75, 8.5],
			"faces": {
				"north": {"uv": [5, 8.25, 5.75, 9], "texture": "#0"},
				"east": {"uv": [5, 8.25, 5.75, 9], "texture": "#0"},
				"south": {"uv": [5, 8.25, 5.75, 9], "texture": "#0"},
				"west": {"uv": [5, 8.25, 5.75, 9], "texture": "#0"},
				"up": {"uv": [5, 8.25, 5.75, 9], "texture": "#0"},
				"down": {"uv": [5, 8.25, 5.75, 9], "texture": "#0"}
			}
		},
		{
			"from": [12.2, 6.25, 7.75],
			"to": [12.7, 7, 8.25],
			"faces": {
				"north": {"uv": [9, 11.25, 9.75, 12], "texture": "#0"},
				"east": {"uv": [9, 11.25, 9.75, 12], "texture": "#0"},
				"south": {"uv": [9, 11.25, 9.75, 12], "texture": "#0"},
				"west": {"uv": [9, 11.25, 9.75, 12], "texture": "#0"},
				"up": {"uv": [9, 11.25, 9.75, 12], "texture": "#0"},
				"down": {"uv": [9, 11.25, 9.75, 12], "texture": "#0"}
			}
		},
		{
			"from": [12.05, 5.75, 7.6],
			"to": [12.85, 6.25, 8.4],
			"faces": {
				"north": {"uv": [1, 8.25, 1.75, 9], "texture": "#0"},
				"east": {"uv": [1, 8.25, 1.75, 9], "texture": "#0"},
				"south": {"uv": [1, 8.25, 1.75, 9], "texture": "#0"},
				"west": {"uv": [1, 8.25, 1.75, 9], "texture": "#0"},
				"up": {"uv": [1, 8.25, 1.75, 9], "texture": "#0"},
				"down": {"uv": [1, 8.25, 1.75, 9], "texture": "#0"}
			}
		},
		{
			"from": [11.1, 2.5, 7.5],
			"to": [12.1, 5, 8.5],
			"faces": {
				"north": {"uv": [1, 9.25, 1.75, 10], "texture": "#0"},
				"east": {"uv": [1, 9.25, 1.75, 10], "texture": "#0"},
				"south": {"uv": [1, 9.25, 1.75, 10], "texture": "#0"},
				"west": {"uv": [1, 9.25, 1.75, 10], "texture": "#0"},
				"up": {"uv": [1, 9.25, 1.75, 10], "texture": "#0"},
				"down": {"uv": [1, 9.25, 1.75, 10], "texture": "#0"}
			}
		},
		{
			"from": [11, 0, 7.5],
			"to": [12, 2.5, 8.5],
			"faces": {
				"north": {"uv": [1, 10.25, 1.75, 11], "texture": "#0"},
				"east": {"uv": [1, 10.25, 1.75, 11], "texture": "#0"},
				"south": {"uv": [1, 10.25, 1.75, 11], "texture": "#0"},
				"west": {"uv": [1, 10.25, 1.75, 11], "texture": "#0"},
				"up": {"uv": [1, 10.25, 1.75, 11], "texture": "#0"},
				"down": {"uv": [1, 10.25, 1.75, 11], "texture": "#0"}
			}
		},
		{
			"from": [12, 1.25, 7.5],
			"to": [12.5, 2, 8.5],
			"faces": {
				"north": {"uv": [1, 10.25, 1.75, 11], "texture": "#0"},
				"east": {"uv": [1, 10.25, 1.75, 11], "texture": "#0"},
				"south": {"uv": [1, 10.25, 1.75, 11], "texture": "#0"},
				"west": {"uv": [1, 10.25, 1.75, 11], "texture": "#0"},
				"up": {"uv": [1, 10.25, 1.75, 11], "texture": "#0"},
				"down": {"uv": [1, 10.25, 1.75, 11], "texture": "#0"}
			}
		},
		{
			"from": [12.5, 1.5, 7.55],
			"to": [13, 2.25, 8.45],
			"faces": {
				"north": {"uv": [1, 10.25, 1.75, 11], "texture": "#0"},
				"east": {"uv": [1, 10.25, 1.75, 11], "texture": "#0"},
				"south": {"uv": [1, 10.25, 1.75, 11], "texture": "#0"},
				"west": {"uv": [1, 10.25, 1.75, 11], "texture": "#0"},
				"up": {"uv": [1, 10.25, 1.75, 11], "texture": "#0"},
				"down": {"uv": [1, 10.25, 1.75, 11], "texture": "#0"}
			}
		},
		{
			"from": [13, 2, 7.65],
			"to": [13.5, 2.75, 8.35],
			"faces": {
				"north": {"uv": [1, 10.25, 1.75, 11], "texture": "#0"},
				"east": {"uv": [1, 10.25, 1.75, 11], "texture": "#0"},
				"south": {"uv": [1, 10.25, 1.75, 11], "texture": "#0"},
				"west": {"uv": [1, 10.25, 1.75, 11], "texture": "#0"},
				"up": {"uv": [1, 10.25, 1.75, 11], "texture": "#0"},
				"down": {"uv": [1, 10.25, 1.75, 11], "texture": "#0"}
			}
		},
		{
			"from": [13.5, 2.5, 7.8],
			"to": [14, 3.5, 8.2],
			"faces": {
				"north": {"uv": [1, 10.25, 1.75, 11], "texture": "#0"},
				"east": {"uv": [1, 10.25, 1.75, 11], "texture": "#0"},
				"south": {"uv": [1, 10.25, 1.75, 11], "texture": "#0"},
				"west": {"uv": [1, 10.25, 1.75, 11], "texture": "#0"},
				"up": {"uv": [1, 10.25, 1.75, 11], "texture": "#0"},
				"down": {"uv": [1, 10.25, 1.75, 11], "texture": "#0"}
			}
		}
	],
	"display": {
		"head": {
			"rotation": [18, 0, 0],
			"translation": [0, 15, 0],
			"scale": [1.2, 1.2, 1.2]
		}
	}
}