{
	"credit": "Made with Blockbench",
	"textures": {
		"1": "item/cit/diamond",
		"3": "item/cit/stone3",
		"5": "item/cit/stone1",
		"6": "item/cit/tetu",
		"7": "item/cit/ki2"
	},
	"elements": [
		{
			"from": [7.95, 6.65, 4.5],
			"to": [8.05, 9.65, 4.9],
			"faces": {
				"north": {"uv": [3, 4, 3.6, 8.05], "texture": "#1"},
				"east": {"uv": [3, 4, 3.6, 8.05], "texture": "#1"},
				"west": {"uv": [3, 4, 3.6, 8.05], "texture": "#1"},
				"up": {"uv": [3, 4, 3.6, 8.05], "texture": "#1"},
				"down": {"uv": [3, 4, 3.6, 8.05], "texture": "#1"}
			}
		},
		{
			"from": [7.95, 6.65, 11.1],
			"to": [8.05, 9.65, 11.5],
			"faces": {
				"east": {"uv": [3, 4, 3.6, 8.05], "texture": "#1"},
				"south": {"uv": [3, 4, 3.6, 8.05], "texture": "#1"},
				"west": {"uv": [3, 4, 3.6, 8.05], "texture": "#1"},
				"up": {"uv": [3, 4, 3.6, 8.05], "texture": "#1"},
				"down": {"uv": [3, 4, 3.6, 8.05], "texture": "#1"}
			}
		},
		{
			"from": [7.85, 6.35, 4.85],
			"to": [8.15, 9.95, 5.25],
			"faces": {
				"north": {"uv": [2, 3, 2.6, 7.05], "texture": "#1"},
				"east": {"uv": [2, 3, 2.6, 7.05], "texture": "#1"},
				"west": {"uv": [2, 3, 2.6, 7.05], "texture": "#1"},
				"up": {"uv": [2, 3, 2.6, 7.05], "texture": "#1"},
				"down": {"uv": [2, 3, 2.6, 7.05], "texture": "#1"}
			}
		},
		{
			"from": [7.85, 6.35, 10.74],
			"to": [8.15, 9.95, 11.14],
			"faces": {
				"east": {"uv": [2, 3, 2.6, 7.05], "texture": "#1"},
				"south": {"uv": [2, 3, 2.6, 7.05], "texture": "#1"},
				"west": {"uv": [2, 3, 2.6, 7.05], "texture": "#1"},
				"up": {"uv": [2, 3, 2.6, 7.05], "texture": "#1"},
				"down": {"uv": [2, 3, 2.6, 7.05], "texture": "#1"}
			}
		},
		{
			"from": [7.7, 6.08, 5.25],
			"to": [8.3, 10.13, 5.85],
			"faces": {
				"north": {"uv": [1, 2, 1.6, 6.05], "texture": "#1"},
				"east": {"uv": [1, 2, 1.6, 6.05], "texture": "#1"},
				"south": {"uv": [1, 2, 1.6, 6.05], "texture": "#1"},
				"west": {"uv": [1, 2, 1.6, 6.05], "texture": "#1"},
				"up": {"uv": [1, 2, 1.6, 6.05], "texture": "#1"},
				"down": {"uv": [1, 2, 1.6, 6.05], "texture": "#1"}
			}
		},
		{
			"from": [7.7, 6.08, 10.14],
			"to": [8.3, 10.13, 10.74],
			"faces": {
				"north": {"uv": [1, 2, 1.6, 6.05], "texture": "#1"},
				"east": {"uv": [1, 2, 1.6, 6.05], "texture": "#1"},
				"south": {"uv": [1, 2, 1.6, 6.05], "texture": "#1"},
				"west": {"uv": [1, 2, 1.6, 6.05], "texture": "#1"},
				"up": {"uv": [1, 2, 1.6, 6.05], "texture": "#1"},
				"down": {"uv": [1, 2, 1.6, 6.05], "texture": "#1"}
			}
		},
		{
			"from": [7.75, 6, 6.066],
			"to": [8.25, 7.6, 6.666],
			"rotation": {"angle": 45, "axis": "x", "origin": [8, 7, 6.366]},
			"faces": {
				"north": {"uv": [0, 0, 0.6, 4.05], "texture": "#1"},
				"east": {"uv": [0, 0, 0.6, 4.05], "texture": "#1"},
				"south": {"uv": [0, 0, 0.6, 4.05], "texture": "#1"},
				"west": {"uv": [0, 0, 0.6, 4.05], "texture": "#1"},
				"up": {"uv": [0, 0, 0.6, 4.05], "texture": "#1"},
				"down": {"uv": [0, 0, 0.6, 4.05], "texture": "#1"}
			}
		},
		{
			"from": [7.75, 8.5, 9.625],
			"to": [8.25, 10.1, 10.225],
			"rotation": {"angle": 45, "axis": "x", "origin": [8, 9.5, 9.925]},
			"faces": {
				"north": {"uv": [0, 0, 0.6, 4.05], "texture": "#1"},
				"east": {"uv": [0, 0, 0.6, 4.05], "texture": "#1"},
				"south": {"uv": [0, 0, 0.6, 4.05], "texture": "#1"},
				"west": {"uv": [0, 0, 0.6, 4.05], "texture": "#1"},
				"up": {"uv": [0, 0, 0.6, 4.05], "texture": "#1"},
				"down": {"uv": [0, 0, 0.6, 4.05], "texture": "#1"}
			}
		},
		{
			"from": [7.75, 8.5, 5.77],
			"to": [8.25, 10.1, 6.37],
			"rotation": {"angle": -45, "axis": "x", "origin": [8, 9.5, 6.07]},
			"faces": {
				"north": {"uv": [0, 0, 0.6, 4.05], "texture": "#1"},
				"east": {"uv": [0, 0, 0.6, 4.05], "texture": "#1"},
				"south": {"uv": [0, 0, 0.6, 4.05], "texture": "#1"},
				"west": {"uv": [0, 0, 0.6, 4.05], "texture": "#1"},
				"up": {"uv": [0, 0, 0.6, 4.05], "texture": "#1"},
				"down": {"uv": [0, 0, 0.6, 4.05], "texture": "#1"}
			}
		},
		{
			"from": [7.75, 6, 9.335],
			"to": [8.25, 7.6, 9.935],
			"rotation": {"angle": -45, "axis": "x", "origin": [8, 7, 9.635]},
			"faces": {
				"north": {"uv": [0, 0, 0.6, 4.05], "texture": "#1"},
				"east": {"uv": [0, 0, 0.6, 4.05], "texture": "#1"},
				"south": {"uv": [0, 0, 0.6, 4.05], "texture": "#1"},
				"west": {"uv": [0, 0, 0.6, 4.05], "texture": "#1"},
				"up": {"uv": [0, 0, 0.6, 4.05], "texture": "#1"},
				"down": {"uv": [0, 0, 0.6, 4.05], "texture": "#1"}
			}
		},
		{
			"from": [7.85, 8.4, 7],
			"to": [8.15, 8.8, 7.7],
			"faces": {
				"east": {"uv": [0, 0, 16, 16], "rotation": 90, "texture": "#3"},
				"west": {"uv": [0, 0, 16, 16], "rotation": 90, "texture": "#3"},
				"up": {"uv": [0, 0, 16, 16], "rotation": 90, "texture": "#3"},
				"down": {"uv": [0, 0, 16, 16], "rotation": 90, "texture": "#3"}
			}
		},
		{
			"from": [7.85, 7.4, 7],
			"to": [8.15, 7.8, 7.7],
			"faces": {
				"east": {"uv": [0, 0, 16, 16], "rotation": 90, "texture": "#3"},
				"west": {"uv": [0, 0, 16, 16], "rotation": 90, "texture": "#3"},
				"up": {"uv": [0, 0, 16, 16], "rotation": 90, "texture": "#3"},
				"down": {"uv": [0, 0, 16, 16], "rotation": 90, "texture": "#3"}
			}
		},
		{
			"from": [7.85, 7.4, 8.3],
			"to": [8.15, 7.8, 9],
			"faces": {
				"east": {"uv": [0, 0, 16, 16], "rotation": 90, "texture": "#3"},
				"west": {"uv": [0, 0, 16, 16], "rotation": 90, "texture": "#3"},
				"up": {"uv": [0, 0, 16, 16], "rotation": 90, "texture": "#3"},
				"down": {"uv": [0, 0, 16, 16], "rotation": 90, "texture": "#3"}
			}
		},
		{
			"from": [7.85, 8.4, 8.3],
			"to": [8.15, 8.8, 9],
			"faces": {
				"east": {"uv": [0, 0, 16, 16], "rotation": 90, "texture": "#3"},
				"west": {"uv": [0, 0, 16, 16], "rotation": 90, "texture": "#3"},
				"up": {"uv": [0, 0, 16, 16], "rotation": 90, "texture": "#3"},
				"down": {"uv": [0, 0, 16, 16], "rotation": 90, "texture": "#3"}
			}
		},
		{
			"from": [7.75, 7.2, 6.4],
			"to": [8.25, 9, 7],
			"rotation": {"angle": 0, "axis": "y", "origin": [8, 8.1, 6.7]},
			"faces": {
				"north": {"uv": [0, 0, 0.6, 4.05], "texture": "#1"},
				"east": {"uv": [0, 0, 0.6, 4.05], "texture": "#1"},
				"south": {"uv": [0, 0, 0.6, 4.05], "texture": "#1"},
				"west": {"uv": [0, 0, 0.6, 4.05], "texture": "#1"},
				"up": {"uv": [0, 0, 0.6, 4.05], "texture": "#1"},
				"down": {"uv": [0, 0, 0.6, 4.05], "texture": "#1"}
			}
		},
		{
			"from": [7.75, 7.2, 9],
			"to": [8.25, 9, 9.6],
			"faces": {
				"north": {"uv": [0, 0, 0.6, 4.05], "texture": "#1"},
				"east": {"uv": [0, 0, 0.6, 4.05], "texture": "#1"},
				"south": {"uv": [0, 0, 0.6, 4.05], "texture": "#1"},
				"west": {"uv": [0, 0, 0.6, 4.05], "texture": "#1"},
				"up": {"uv": [0, 0, 0.6, 4.05], "texture": "#1"},
				"down": {"uv": [0, 0, 0.6, 4.05], "texture": "#1"}
			}
		},
		{
			"from": [7.5, 5, 7.5],
			"to": [8.5, 5.2, 8.5],
			"rotation": {"angle": 0, "axis": "y", "origin": [8.3, 6.5, 7.8]},
			"faces": {
				"north": {"uv": [5, 0, 11, 16], "texture": "#6"},
				"east": {"uv": [5, 0, 11, 16], "texture": "#6"},
				"south": {"uv": [5, 0, 11, 16], "texture": "#6"},
				"west": {"uv": [5, 0, 11, 16], "texture": "#6"},
				"up": {"uv": [1, 1, 15, 15], "rotation": 90, "texture": "#6"},
				"down": {"uv": [1, 1, 15, 15], "rotation": 90, "texture": "#6"}
			}
		},
		{
			"from": [7.5, 0, 7.5],
			"to": [8.5, 3, 8.5],
			"rotation": {"angle": 0, "axis": "y", "origin": [8.3, 1.5, 7.8]},
			"faces": {
				"north": {"uv": [8, 4, 14, 9], "texture": "#7"},
				"east": {"uv": [8, 4, 14, 9], "texture": "#7"},
				"south": {"uv": [8, 4, 14, 9], "texture": "#7"},
				"west": {"uv": [8, 4, 14, 9], "texture": "#7"},
				"up": {"uv": [8, 4, 14, 5], "texture": "#7"},
				"down": {"uv": [8, 8, 14, 9], "texture": "#7"}
			}
		},
		{
			"from": [7.4, 5, 7.7],
			"to": [8.6, 5.2, 8.3],
			"rotation": {"angle": 0, "axis": "y", "origin": [8.2, 6.5, 8]},
			"faces": {
				"north": {"uv": [5, 0, 11, 16], "texture": "#6"},
				"east": {"uv": [5, 0, 11, 16], "texture": "#6"},
				"south": {"uv": [5, 0, 11, 16], "texture": "#6"},
				"west": {"uv": [5, 0, 11, 16], "texture": "#6"},
				"up": {"uv": [1, 1, 15, 15], "rotation": 90, "texture": "#6"},
				"down": {"uv": [1, 1, 15, 15], "rotation": 90, "texture": "#6"}
			}
		},
		{
			"from": [7.4, 0, 7.7],
			"to": [8.6, 3, 8.3],
			"rotation": {"angle": 0, "axis": "y", "origin": [8.2, 1.5, 8]},
			"faces": {
				"north": {"uv": [8, 4, 14, 9], "texture": "#7"},
				"east": {"uv": [8, 4, 14, 9], "texture": "#7"},
				"south": {"uv": [8, 4, 14, 9], "texture": "#7"},
				"west": {"uv": [8, 4, 14, 9], "texture": "#7"},
				"up": {"uv": [8, 4, 14, 5], "texture": "#7"},
				"down": {"uv": [8, 8, 14, 9], "texture": "#7"}
			}
		},
		{
			"from": [7.7, 5, 7.4],
			"to": [8.3, 5.2, 8.6],
			"faces": {
				"north": {"uv": [5, 0, 11, 16], "texture": "#6"},
				"east": {"uv": [5, 0, 11, 16], "texture": "#6"},
				"south": {"uv": [5, 0, 11, 16], "texture": "#6"},
				"west": {"uv": [5, 0, 11, 16], "texture": "#6"},
				"up": {"uv": [1, 1, 15, 15], "rotation": 90, "texture": "#6"},
				"down": {"uv": [1, 1, 15, 15], "rotation": 90, "texture": "#6"}
			}
		},
		{
			"from": [7.7, 0, 7.4],
			"to": [8.3, 3, 8.6],
			"faces": {
				"north": {"uv": [8, 4, 14, 9], "texture": "#7"},
				"east": {"uv": [8, 4, 14, 9], "texture": "#7"},
				"south": {"uv": [8, 4, 14, 9], "texture": "#7"},
				"west": {"uv": [8, 4, 14, 9], "texture": "#7"},
				"up": {"uv": [8, 4, 14, 5], "texture": "#7"},
				"down": {"uv": [8, 8, 14, 9], "texture": "#7"}
			}
		},
		{
			"from": [7.925, 11, 7.925],
			"to": [8.075, 13.5, 8.075],
			"faces": {
				"north": {"uv": [0, 0, 2.6, 16], "texture": "#5"},
				"east": {"uv": [0, 0, 2.6, 16], "texture": "#5"},
				"south": {"uv": [0, 0, 2.6, 16], "texture": "#5"},
				"west": {"uv": [0, 0, 2.6, 16], "texture": "#5"},
				"up": {"uv": [0, 0, 15.6, 16], "texture": "#5"}
			}
		},
		{
			"from": [7.85, 10, 7.85],
			"to": [8.15, 11, 8.15],
			"faces": {
				"north": {"uv": [0, 0, 2.6, 16], "texture": "#5"},
				"east": {"uv": [0, 0, 2.6, 16], "texture": "#5"},
				"south": {"uv": [0, 0, 2.6, 16], "texture": "#5"},
				"west": {"uv": [0, 0, 2.6, 16], "texture": "#5"},
				"up": {"uv": [0, 0, 0.3, 0.3], "texture": "#5"}
			}
		},
		{
			"from": [7.7, 9, 7.7],
			"to": [8.3, 10, 8.3],
			"faces": {
				"north": {"uv": [0, 0, 2.6, 16], "texture": "#5"},
				"east": {"uv": [0, 0, 2.6, 16], "texture": "#5"},
				"south": {"uv": [0, 0, 2.6, 16], "texture": "#5"},
				"west": {"uv": [0, 0, 2.6, 16], "texture": "#5"},
				"up": {"uv": [0, 0, 15.6, 15.6], "texture": "#5"}
			}
		},
		{
			"from": [7.7, 3, 7.7],
			"to": [8.3, 9, 8.3],
			"faces": {
				"north": {"uv": [0, 0, 2.6, 16], "texture": "#5"},
				"east": {"uv": [0, 0, 2.6, 16], "texture": "#5"},
				"south": {"uv": [0, 0, 2.6, 16], "texture": "#5"},
				"west": {"uv": [0, 0, 2.6, 16], "texture": "#5"}
			}
		}
	],
	"display": {
		"thirdperson_righthand": {
			"translation": [0, 9.5, 1.25],
			"scale": [1, 1.825, 1]
		},
		"thirdperson_lefthand": {
			"translation": [0, 9.5, 1.25],
			"scale": [1, 1.825, 1]
		},
		"firstperson_righthand": {
			"translation": [0, 9.5, 1.25],
			"scale": [1, 1.825, 1]
		},
		"firstperson_lefthand": {
			"translation": [0, 9.5, 1.25],
			"scale": [1, 1.825, 1]
		},
		"ground": {
			"rotation": [0, 0, 90],
			"translation": [-5, 0, 0],
			"scale": [1, 1.825, 1]
		},
		"gui": {
			"rotation": [0, 90, 0],
			"translation": [0, 5, 0],
			"scale": [1, 1.825, 1]
		},
		"head": {
			"translation": [0, 15, 0],
			"scale": [1, 1.825, 1]
		},
		"fixed": {
			"rotation": [0, 90, 0],
			"translation": [0, 3, 0],
			"scale": [1, 1.825, 1]
		}
	}
}