{
	"credit": "Made with Blockbench",
	"textures": {
		"0": "item/cit/gold",
		"1": "item/cit/stone3",
		"particle": "item/cit/gold"
	},
	"elements": [
		{
			"from": [7.75, 4, 7.7],
			"to": [8.25, 14, 8.3],
			"faces": {
				"north": {"uv": [4, 12, 13, 12.75], "texture": "#1"},
				"east": {"uv": [4, 12, 13, 12.75], "rotation": 180, "texture": "#1"},
				"south": {"uv": [4, 12, 13, 12.75], "texture": "#1"},
				"west": {"uv": [4, 12, 13, 12.75], "rotation": 180, "texture": "#1"}
			}
		},
		{
			"from": [7.7, 3.25, 7.7],
			"to": [8.3, 4, 8.3],
			"faces": {
				"north": {"uv": [6.75, 11.25, 9.3, 12], "texture": "#0"},
				"east": {"uv": [6.75, 11.25, 6.3, 12], "texture": "#0"},
				"south": {"uv": [6.75, 11.25, 9.3, 12], "rotation": 180, "texture": "#0"},
				"west": {"uv": [9.75, 11.25, 9.3, 12], "texture": "#0"},
				"up": {"uv": [6.75, 11.25, 9.3, 12], "rotation": 180, "texture": "#0"},
				"down": {"uv": [6.75, 11.25, 9.3, 12], "rotation": 180, "texture": "#0"}
			}
		},
		{
			"from": [7.4, 3.2, 7.7],
			"to": [7.7, 3.7, 8.3],
			"faces": {
				"north": {"uv": [9, 11, 10.8, 11.75], "texture": "#0"},
				"east": {"uv": [9, 11, 9.8, 11.75], "texture": "#0"},
				"south": {"uv": [9, 11, 10.8, 11.75], "rotation": 180, "texture": "#0"},
				"west": {"uv": [10.25, 11, 10.8, 11.75], "texture": "#0"},
				"up": {"uv": [9, 11, 10.8, 11.75], "rotation": 180, "texture": "#0"},
				"down": {"uv": [9, 11, 10.8, 11.75], "rotation": 180, "texture": "#0"}
			}
		},
		{
			"from": [7.1, 2.95, 7.7],
			"to": [7.4, 3.45, 8.3],
			"faces": {
				"north": {"uv": [10.5, 11, 11.8, 11.75], "texture": "#0"},
				"east": {"uv": [10.5, 11, 10.8, 11.75], "texture": "#0"},
				"south": {"uv": [10.5, 11, 11.8, 11.75], "rotation": 180, "texture": "#0"},
				"west": {"uv": [11.25, 11, 11.8, 11.75], "texture": "#0"},
				"up": {"uv": [10.5, 11, 11.8, 11.75], "rotation": 180, "texture": "#0"},
				"down": {"uv": [10.5, 11, 11.8, 11.75], "rotation": 180, "texture": "#0"}
			}
		},
		{
			"from": [6.8, 2.7, 7.7],
			"to": [7.1, 3.2, 8.3],
			"faces": {
				"north": {"uv": [11.75, 11, 12.8, 11.75], "texture": "#0"},
				"east": {"uv": [11.75, 11, 11.55, 11.75], "texture": "#0"},
				"south": {"uv": [11.75, 11, 12.8, 11.75], "rotation": 180, "texture": "#0"},
				"west": {"uv": [12.25, 11, 12.8, 11.75], "texture": "#0"},
				"up": {"uv": [11.75, 11, 12.8, 11.75], "rotation": 180, "texture": "#0"},
				"down": {"uv": [11.75, 11, 12.8, 11.75], "rotation": 180, "texture": "#0"}
			}
		},
		{
			"from": [6.5, 2.2, 7.7],
			"to": [6.8, 2.95, 8.3],
			"faces": {
				"north": {"uv": [12.5, 11, 13.55, 11.75], "texture": "#0"},
				"east": {"uv": [12.5, 11, 12.8, 11.75], "texture": "#0"},
				"south": {"uv": [12.5, 11, 13.55, 11.75], "rotation": 180, "texture": "#0"},
				"west": {"uv": [13.25, 11, 13.55, 11.75], "texture": "#0"},
				"up": {"uv": [12.5, 11, 13.55, 11.75], "rotation": 180, "texture": "#0"},
				"down": {"uv": [12.5, 11, 13.55, 11.75], "rotation": 180, "texture": "#0"}
			}
		},
		{
			"from": [6.2, 1.7, 7.7],
			"to": [6.5, 2.45, 8.3],
			"faces": {
				"north": {"uv": [13.75, 11, 14.8, 11.75], "texture": "#0"},
				"east": {"uv": [13.75, 11, 13.3, 11.75], "texture": "#0"},
				"south": {"uv": [13.75, 11, 14.8, 11.75], "rotation": 180, "texture": "#0"},
				"west": {"uv": [14.2, 11, 14.75, 11.75], "texture": "#0"},
				"up": {"uv": [13.75, 11, 14.8, 11.75], "rotation": 180, "texture": "#0"}
			}
		},
		{
			"from": [8.3, 3.2, 7.7],
			"to": [8.6, 3.7, 8.3],
			"faces": {
				"north": {"uv": [5.5, 11, 6.55, 11.75], "texture": "#0"},
				"east": {"uv": [5.5, 11, 5.8, 11.75], "texture": "#0"},
				"south": {"uv": [5.5, 11, 6.55, 11.75], "rotation": 180, "texture": "#0"},
				"west": {"uv": [6, 11, 6.55, 11.75], "texture": "#0"},
				"up": {"uv": [5.5, 11, 6.55, 11.75], "rotation": 180, "texture": "#0"},
				"down": {"uv": [5.5, 11, 6.55, 11.75], "rotation": 180, "texture": "#0"}
			}
		},
		{
			"from": [8.6, 2.95, 7.7],
			"to": [8.9, 3.45, 8.3],
			"faces": {
				"north": {"uv": [4, 11, 5.05, 11.75], "texture": "#0"},
				"east": {"uv": [4, 11, 4.55, 11.75], "texture": "#0"},
				"south": {"uv": [4, 11, 5.05, 11.75], "rotation": 180, "texture": "#0"},
				"west": {"uv": [4, 11, 5.05, 11.75], "texture": "#0"},
				"up": {"uv": [4, 11, 5.05, 11.75], "rotation": 180, "texture": "#0"},
				"down": {"uv": [4, 11, 5.05, 11.75], "rotation": 180, "texture": "#0"}
			}
		},
		{
			"from": [8.9, 2.7, 7.7],
			"to": [9.2, 3.2, 8.3],
			"faces": {
				"north": {"uv": [2.75, 11, 3.8, 11.75], "texture": "#0"},
				"east": {"uv": [2.25, 11, 2.55, 11.75], "texture": "#0"},
				"south": {"uv": [2.75, 11, 3.8, 11.75], "rotation": 180, "texture": "#0"},
				"west": {"uv": [3.25, 11, 3.8, 11.75], "texture": "#0"},
				"up": {"uv": [2.75, 11, 3.8, 11.75], "rotation": 180, "texture": "#0"},
				"down": {"uv": [2.75, 11, 3.8, 11.75], "rotation": 180, "texture": "#0"}
			}
		},
		{
			"from": [9.2, 2.2, 7.7],
			"to": [9.5, 2.95, 8.3],
			"faces": {
				"north": {"uv": [1, 11.25, 2.85, 12], "texture": "#0"},
				"east": {"uv": [1, 11.25, 1.35, 12], "texture": "#0"},
				"south": {"uv": [1, 11.25, 2.85, 12], "rotation": 180, "texture": "#0"},
				"west": {"uv": [2.25, 11.25, 2.85, 12], "texture": "#0"},
				"up": {"uv": [1, 11.25, 2.85, 12], "rotation": 180, "texture": "#0"},
				"down": {"uv": [1, 11.25, 2.85, 12], "rotation": 180, "texture": "#0"}
			}
		},
		{
			"from": [9.5, 1.7, 7.7],
			"to": [9.8, 2.45, 8.3],
			"faces": {
				"north": {"uv": [0, 11, 1.35, 11.75], "texture": "#0"},
				"east": {"uv": [0, 11, 0.35, 11.75], "texture": "#0"},
				"south": {"uv": [0, 11, 1.35, 11.75], "rotation": 180, "texture": "#0"},
				"west": {"uv": [1, 11, 1.35, 11.75], "texture": "#0"},
				"up": {"uv": [0, 11, 1.35, 11.75], "rotation": 180, "texture": "#0"}
			}
		},
		{
			"from": [6.2, 1.45, 7.7],
			"to": [9.8, 1.7, 8.3],
			"faces": {
				"north": {"uv": [16, 11, 0, 11.85], "rotation": 180, "texture": "#0"},
				"east": {"uv": [0.5, 11, 0, 11.85], "rotation": 180, "texture": "#0"},
				"south": {"uv": [16, 11, 0, 11.85], "texture": "#0"},
				"west": {"uv": [16, 11, 15.5, 11.85], "rotation": 180, "texture": "#0"},
				"up": {"uv": [0, 16, 0.85, 0], "rotation": 90, "texture": "#0"},
				"down": {"uv": [0, 16, 0.85, 0], "rotation": 90, "texture": "#0"}
			}
		},
		{
			"from": [7.7, 4, 7.75],
			"to": [8.3, 14, 8.25],
			"faces": {
				"north": {"uv": [4, 12, 13, 12.75], "texture": "#1"},
				"east": {"uv": [4, 12, 13, 12.75], "rotation": 180, "texture": "#1"},
				"south": {"uv": [4, 12, 13, 12.75], "texture": "#1"},
				"west": {"uv": [4, 12, 13, 12.75], "rotation": 180, "texture": "#1"}
			}
		},
		{
			"from": [7.75, 14, 7.7],
			"to": [8.25, 15.25, 8.3],
			"faces": {
				"north": {"uv": [4, 11, 10, 11.75], "texture": "#0"},
				"east": {"uv": [4, 11, 10, 11.75], "texture": "#0"},
				"west": {"uv": [4, 11, 10, 11.75], "texture": "#0"},
				"up": {"uv": [4, 11, 10, 11.75], "rotation": 180, "texture": "#0"}
			}
		},
		{
			"from": [7.7, 14, 7.75],
			"to": [8.3, 15.25, 8.25],
			"faces": {
				"north": {"uv": [4, 11, 10, 11.75], "texture": "#0"},
				"east": {"uv": [4, 11, 10, 11.75], "texture": "#0"},
				"west": {"uv": [4, 11, 10, 11.75], "texture": "#0"},
				"up": {"uv": [4, 11, 10, 11.75], "rotation": 180, "texture": "#0"}
			}
		},
		{
			"from": [7.625, 14, 8.125],
			"to": [8.375, 18.5, 8.375],
			"faces": {
				"north": {"uv": [10, 11, 6, 11.85], "rotation": 180, "texture": "#0"},
				"east": {"uv": [7, 11, 6, 11.85], "texture": "#0"},
				"south": {"uv": [10, 11, 6, 11.85], "texture": "#0"},
				"west": {"uv": [10, 11, 9, 11.85], "texture": "#0"},
				"up": {"uv": [10, 11, 6, 11.85], "texture": "#0"},
				"down": {"uv": [10, 11, 6, 11.85], "texture": "#0"}
			}
		},
		{
			"from": [7.825, 18.5, 8.125],
			"to": [8.175, 18.7, 8.375],
			"faces": {
				"east": {"uv": [3.25, 12, 3, 12.85], "texture": "#0"},
				"south": {"uv": [9, 11, 7, 11.85], "texture": "#0"},
				"west": {"uv": [9, 11, 8, 11.85], "rotation": 180, "texture": "#0"},
				"up": {"uv": [9, 11, 7, 11.85], "texture": "#0"}
			}
		},
		{
			"from": [7.425, 14, 8.125],
			"to": [7.625, 18.3, 8.375],
			"faces": {
				"north": {"uv": [10, 11, 11, 11.85], "texture": "#0"},
				"south": {"uv": [10, 11, 11, 11.85], "texture": "#0"},
				"west": {"uv": [10, 11, 11, 11.85], "texture": "#0"},
				"up": {"uv": [10, 11, 11, 11.85], "texture": "#0"},
				"down": {"uv": [10, 11, 11, 11.85], "texture": "#0"}
			}
		},
		{
			"from": [8.375, 14, 8.125],
			"to": [8.575, 18.3, 8.375],
			"faces": {
				"north": {"uv": [6, 11, 5.25, 11.85], "texture": "#0"},
				"east": {"uv": [6, 11, 5.25, 11.85], "texture": "#0"},
				"south": {"uv": [6, 11, 5.25, 11.85], "texture": "#0"},
				"up": {"uv": [6, 11, 5.25, 11.85], "texture": "#0"},
				"down": {"uv": [6, 11, 5.25, 11.85], "texture": "#0"}
			}
		},
		{
			"from": [7.225, 13.9, 8.1],
			"to": [7.425, 18.1, 8.35],
			"faces": {
				"north": {"uv": [12, 11, 11, 11.85], "texture": "#0"},
				"east": {"uv": [12, 11, 11, 11.85], "texture": "#0"},
				"south": {"uv": [12, 11, 11, 11.85], "texture": "#0"},
				"west": {"uv": [12, 11, 11, 11.85], "texture": "#0"},
				"up": {"uv": [12, 11, 11, 11.85], "texture": "#0"},
				"down": {"uv": [12, 11, 11, 11.85], "texture": "#0"}
			}
		},
		{
			"from": [7.025, 13.9, 8.1],
			"to": [7.225, 17.9, 8.35],
			"faces": {
				"north": {"uv": [13, 11, 12, 11.85], "texture": "#0"},
				"south": {"uv": [13, 11, 12, 11.85], "texture": "#0"},
				"west": {"uv": [13, 11, 12, 11.85], "texture": "#0"},
				"up": {"uv": [13, 11, 12, 11.85], "texture": "#0"},
				"down": {"uv": [13, 11, 12, 11.85], "texture": "#0"}
			}
		},
		{
			"from": [6.825, 13.8, 8],
			"to": [7.025, 17.7, 8.25],
			"faces": {
				"north": {"uv": [14, 11, 13, 11.85], "texture": "#0"},
				"east": {"uv": [14, 11, 13, 11.85], "texture": "#0"},
				"south": {"uv": [14, 11, 13, 11.85], "texture": "#0"},
				"west": {"uv": [14, 11, 13, 11.85], "texture": "#0"},
				"up": {"uv": [14, 11, 13, 11.85], "texture": "#0"},
				"down": {"uv": [14, 11, 13, 11.85], "texture": "#0"}
			}
		},
		{
			"from": [6.625, 13.7, 8],
			"to": [6.825, 17.5, 8.25],
			"faces": {
				"north": {"uv": [15, 11, 14, 11.85], "texture": "#0"},
				"east": {"uv": [15, 11, 14, 11.85], "texture": "#0"},
				"south": {"uv": [15, 11, 14, 11.85], "texture": "#0"},
				"west": {"uv": [15, 11, 14, 11.85], "texture": "#0"},
				"up": {"uv": [15, 11, 14, 11.85], "texture": "#0"},
				"down": {"uv": [15, 11, 14, 11.85], "texture": "#0"}
			}
		},
		{
			"from": [6.425, 13.55, 7.9],
			"to": [6.625, 17.3, 8.15],
			"faces": {
				"north": {"uv": [16, 11, 15, 11.85], "texture": "#0"},
				"east": {"uv": [16, 11, 15, 11.85], "texture": "#0"},
				"south": {"uv": [16, 11, 15, 11.85], "texture": "#0"},
				"west": {"uv": [16, 11, 15, 11.85], "texture": "#0"},
				"up": {"uv": [16, 11, 15, 11.85], "texture": "#0"},
				"down": {"uv": [16, 11, 15, 11.85], "texture": "#0"}
			}
		},
		{
			"from": [6.225, 13.4, 7.8],
			"to": [6.425, 17.1, 8.05],
			"faces": {
				"north": {"uv": [16, 11, 15, 11.85], "texture": "#0"},
				"east": {"uv": [16, 11, 15, 11.85], "texture": "#0"},
				"south": {"uv": [16, 11, 15, 11.85], "texture": "#0"},
				"west": {"uv": [16, 11, 15, 11.85], "texture": "#0"},
				"up": {"uv": [16, 11, 15, 11.85], "texture": "#0"},
				"down": {"uv": [16, 11, 15, 11.85], "texture": "#0"}
			}
		},
		{
			"from": [8.575, 13.9, 8.1],
			"to": [8.775, 18.1, 8.35],
			"faces": {
				"north": {"uv": [5, 11, 4.25, 11.85], "texture": "#0"},
				"east": {"uv": [5, 11, 4.25, 11.85], "texture": "#0"},
				"south": {"uv": [5, 11, 4.25, 11.85], "texture": "#0"},
				"west": {"uv": [5, 11, 4.25, 11.85], "texture": "#0"},
				"up": {"uv": [5, 11, 4.25, 11.85], "texture": "#0"},
				"down": {"uv": [5, 11, 4.25, 11.85], "texture": "#0"}
			}
		},
		{
			"from": [8.775, 13.9, 8.1],
			"to": [8.975, 17.9, 8.35],
			"faces": {
				"north": {"uv": [4, 11, 3.25, 11.85], "texture": "#0"},
				"east": {"uv": [4, 11, 3.25, 11.85], "texture": "#0"},
				"south": {"uv": [4, 11, 3.25, 11.85], "texture": "#0"},
				"up": {"uv": [4, 11, 3.25, 11.85], "texture": "#0"},
				"down": {"uv": [4, 11, 3.25, 11.85], "texture": "#0"}
			}
		},
		{
			"from": [8.975, 13.8, 8],
			"to": [9.175, 17.7, 8.25],
			"faces": {
				"north": {"uv": [3, 11, 2.25, 11.85], "texture": "#0"},
				"east": {"uv": [3, 11, 2.25, 11.85], "texture": "#0"},
				"south": {"uv": [3, 11, 2.25, 11.85], "texture": "#0"},
				"west": {"uv": [3, 11, 2.25, 11.85], "texture": "#0"},
				"up": {"uv": [3, 11, 2.25, 11.85], "texture": "#0"},
				"down": {"uv": [3, 11, 2.25, 11.85], "texture": "#0"}
			}
		},
		{
			"from": [8.775, 17.7, 8],
			"to": [8.975, 17.9, 8.1],
			"faces": {
				"north": {"uv": [4, 11, 3.25, 11.85], "texture": "#0"},
				"east": {"uv": [4, 11, 3.25, 11.85], "texture": "#0"},
				"west": {"uv": [4, 11, 3.25, 11.85], "texture": "#0"},
				"up": {"uv": [4, 11, 3.25, 11.85], "texture": "#0"},
				"down": {"uv": [4, 11, 3.25, 11.85], "texture": "#0"}
			}
		},
		{
			"from": [8.575, 17.9, 8],
			"to": [8.775, 18.1, 8.1],
			"faces": {
				"north": {"uv": [5, 11, 4.25, 11.85], "texture": "#0"},
				"east": {"uv": [5, 11, 4.25, 11.85], "texture": "#0"},
				"west": {"uv": [5, 11, 4.25, 11.85], "texture": "#0"},
				"up": {"uv": [5, 11, 4.25, 11.85], "texture": "#0"},
				"down": {"uv": [5, 11, 4.25, 11.85], "texture": "#0"}
			}
		},
		{
			"from": [7.025, 17.7, 8],
			"to": [7.225, 17.9, 8.1],
			"faces": {
				"north": {"uv": [13, 11, 12, 11.85], "texture": "#0"},
				"east": {"uv": [13, 11, 12, 11.85], "texture": "#0"},
				"west": {"uv": [13, 11, 12, 11.85], "texture": "#0"},
				"up": {"uv": [13, 11, 12, 11.85], "texture": "#0"},
				"down": {"uv": [13, 11, 12, 11.85], "texture": "#0"}
			}
		},
		{
			"from": [7.225, 17.9, 8],
			"to": [7.425, 18.1, 8.1],
			"faces": {
				"north": {"uv": [12, 11, 11, 11.85], "texture": "#0"},
				"east": {"uv": [12, 11, 11, 11.85], "texture": "#0"},
				"west": {"uv": [12, 11, 11, 11.85], "texture": "#0"},
				"up": {"uv": [12, 11, 11, 11.85], "texture": "#0"},
				"down": {"uv": [12, 11, 11, 11.85], "texture": "#0"}
			}
		},
		{
			"from": [8.375, 18.1, 8.025],
			"to": [8.575, 18.3, 8.125],
			"faces": {
				"north": {"uv": [6, 11, 5.25, 11.85], "texture": "#0"},
				"east": {"uv": [6, 11, 5.25, 11.85], "texture": "#0"},
				"west": {"uv": [6, 11, 5.25, 11.85], "texture": "#0"},
				"up": {"uv": [6, 11, 5.25, 11.85], "texture": "#0"},
				"down": {"uv": [6, 11, 5.25, 11.85], "texture": "#0"}
			}
		},
		{
			"from": [8.175, 18.3, 8.025],
			"to": [8.375, 18.5, 8.125],
			"faces": {
				"north": {"uv": [7, 11, 6, 11.85], "texture": "#0"},
				"east": {"uv": [7, 11, 6, 11.85], "texture": "#0"},
				"west": {"uv": [7, 11, 6, 11.85], "texture": "#0"},
				"up": {"uv": [7, 11, 6, 11.85], "texture": "#0"},
				"down": {"uv": [7, 11, 6, 11.85], "texture": "#0"}
			}
		},
		{
			"from": [7.625, 18.3, 8.025],
			"to": [7.825, 18.5, 8.125],
			"faces": {
				"north": {"uv": [10, 11, 9, 11.85], "texture": "#0"},
				"east": {"uv": [10, 11, 9, 11.85], "texture": "#0"},
				"west": {"uv": [10, 11, 9, 11.85], "texture": "#0"},
				"up": {"uv": [10, 11, 9, 11.85], "texture": "#0"},
				"down": {"uv": [10, 11, 9, 11.85], "texture": "#0"}
			}
		},
		{
			"from": [7.425, 18.1, 8.025],
			"to": [7.625, 18.3, 8.125],
			"faces": {
				"north": {"uv": [10, 11, 11, 11.85], "texture": "#0"},
				"east": {"uv": [10, 11, 11, 11.85], "texture": "#0"},
				"west": {"uv": [10, 11, 11, 11.85], "texture": "#0"},
				"up": {"uv": [10, 11, 11, 11.85], "texture": "#0"},
				"down": {"uv": [10, 11, 11, 11.85], "texture": "#0"}
			}
		},
		{
			"from": [7.825, 18.5, 8.025],
			"to": [8.175, 18.7, 8.125],
			"faces": {
				"north": {"uv": [9, 11, 7, 11.85], "rotation": 180, "texture": "#0"},
				"east": {"uv": [8, 11, 7, 11.85], "rotation": 180, "texture": "#0"},
				"west": {"uv": [9, 11, 8, 11.85], "rotation": 180, "texture": "#0"},
				"up": {"uv": [9, 11, 7, 11.85], "texture": "#0"},
				"down": {"uv": [9, 11, 7, 11.85], "rotation": 180, "texture": "#0"}
			}
		},
		{
			"from": [9.175, 13.7, 8],
			"to": [9.375, 17.5, 8.25],
			"faces": {
				"north": {"uv": [2, 11, 1.25, 11.85], "texture": "#0"},
				"east": {"uv": [2, 11, 1.25, 11.85], "texture": "#0"},
				"south": {"uv": [2, 11, 1.25, 11.85], "texture": "#0"},
				"west": {"uv": [2, 11, 1.25, 11.85], "texture": "#0"},
				"up": {"uv": [2, 11, 1.25, 11.85], "texture": "#0"},
				"down": {"uv": [2, 11, 1.25, 11.85], "texture": "#0"}
			}
		},
		{
			"from": [9.375, 13.55, 7.9],
			"to": [9.575, 17.3, 8.15],
			"faces": {
				"north": {"uv": [1, 11, 0.25, 11.85], "texture": "#0"},
				"east": {"uv": [1, 11, 0.25, 11.85], "texture": "#0"},
				"south": {"uv": [1, 11, 0.25, 11.85], "texture": "#0"},
				"west": {"uv": [1, 11, 0.25, 11.85], "texture": "#0"},
				"up": {"uv": [1, 11, 0.25, 11.85], "texture": "#0"},
				"down": {"uv": [1, 11, 0.25, 11.85], "texture": "#0"}
			}
		},
		{
			"from": [9.175, 17.3, 7.9],
			"to": [9.375, 17.5, 8],
			"faces": {
				"north": {"uv": [2, 11, 1.25, 11.85], "texture": "#0"},
				"east": {"uv": [2, 11, 1.25, 11.85], "texture": "#0"},
				"west": {"uv": [2, 11, 1.25, 11.85], "texture": "#0"},
				"up": {"uv": [2, 11, 1.25, 11.85], "texture": "#0"},
				"down": {"uv": [2, 11, 1.25, 11.85], "texture": "#0"}
			}
		},
		{
			"from": [8.975, 17.5, 7.9],
			"to": [9.175, 17.7, 8],
			"faces": {
				"north": {"uv": [3, 11, 2.25, 11.85], "texture": "#0"},
				"east": {"uv": [3, 11, 2.25, 11.85], "texture": "#0"},
				"west": {"uv": [3, 11, 2.25, 11.85], "texture": "#0"},
				"up": {"uv": [3, 11, 2.25, 11.85], "texture": "#0"},
				"down": {"uv": [3, 11, 2.25, 11.85], "texture": "#0"}
			}
		},
		{
			"from": [6.825, 17.5, 7.9],
			"to": [7.025, 17.7, 8],
			"faces": {
				"north": {"uv": [14, 11, 13, 11.85], "texture": "#0"},
				"east": {"uv": [14, 11, 13, 11.85], "texture": "#0"},
				"west": {"uv": [14, 11, 13, 11.85], "texture": "#0"},
				"up": {"uv": [14, 11, 13, 11.85], "texture": "#0"},
				"down": {"uv": [14, 11, 13, 11.85], "texture": "#0"}
			}
		},
		{
			"from": [6.625, 17.3, 7.9],
			"to": [6.825, 17.5, 8],
			"faces": {
				"north": {"uv": [15, 11, 14, 11.85], "texture": "#0"},
				"east": {"uv": [15, 11, 14, 11.85], "texture": "#0"},
				"west": {"uv": [15, 11, 14, 11.85], "texture": "#0"},
				"up": {"uv": [15, 11, 14, 11.85], "texture": "#0"},
				"down": {"uv": [15, 11, 14, 11.85], "texture": "#0"}
			}
		},
		{
			"from": [9.575, 13.4, 7.8],
			"to": [9.775, 17.1, 8.05],
			"faces": {
				"north": {"uv": [1, 11, 0.25, 11.85], "texture": "#0"},
				"east": {"uv": [1, 11, 0.25, 11.85], "texture": "#0"},
				"south": {"uv": [1, 11, 0.25, 11.85], "texture": "#0"},
				"west": {"uv": [1, 11, 0.25, 11.85], "texture": "#0"},
				"up": {"uv": [1, 11, 0.25, 11.85], "texture": "#0"},
				"down": {"uv": [1, 11, 0.25, 11.85], "texture": "#0"}
			}
		},
		{
			"from": [9.375, 17.1, 7.8],
			"to": [9.575, 17.3, 7.9],
			"faces": {
				"north": {"uv": [1, 11, 0.25, 11.85], "texture": "#0"},
				"east": {"uv": [1, 11, 0.25, 11.85], "texture": "#0"},
				"west": {"uv": [1, 11, 0.25, 11.85], "texture": "#0"},
				"up": {"uv": [1, 11, 0.25, 11.85], "texture": "#0"},
				"down": {"uv": [1, 11, 0.25, 11.85], "texture": "#0"}
			}
		},
		{
			"from": [6.425, 17.1, 7.8],
			"to": [6.625, 17.3, 7.9],
			"faces": {
				"north": {"uv": [16, 11, 15, 11.85], "texture": "#0"},
				"east": {"uv": [16, 11, 15, 11.85], "texture": "#0"},
				"west": {"uv": [16, 11, 15, 11.85], "texture": "#0"},
				"up": {"uv": [16, 11, 15, 11.85], "texture": "#0"},
				"down": {"uv": [16, 11, 15, 11.85], "texture": "#0"}
			}
		}
	],
	"display": {
		"thirdperson_righthand": {
			"rotation": [-56, -180, 0],
			"translation": [0, -1.25, -1.25],
			"scale": [1.5, 1.5, 1.5]
		},
		"thirdperson_lefthand": {
			"rotation": [-56, -180, 0],
			"translation": [0, -1.25, -1.25],
			"scale": [1.5, 1.5, 1.5]
		},
		"firstperson_righthand": {
			"rotation": [-56, -180, 0],
			"translation": [0, -1.25, -1.25],
			"scale": [1.5, 1.5, 1.5]
		},
		"firstperson_lefthand": {
			"rotation": [-56, -180, 0],
			"translation": [0, -1.25, -1.25],
			"scale": [1.5, 1.5, 1.5]
		},
		"ground": {
			"rotation": [90, 0, 0],
			"translation": [0, -3.5, -1.25],
			"scale": [1.5, 1.5, 1.5]
		},
		"gui": {
			"rotation": [0, 0, -45],
			"translation": [0, 0, -1.25]
		},
		"head": {
			"rotation": [-56, -180, 0],
			"translation": [0, -1.25, -1.25],
			"scale": [1.5, 1.5, 1.5]
		},
		"fixed": {
			"translation": [0, -2.5, -1.25]
		}
	}
}