{
	"credit": "Made with Blockbench",
	"textures": {
		"0": "item/cit/stone2",
		"1": "item/cit/ruby",
		"particle": "item/cit/stone2"
	},
	"elements": [
		{
			"from": [7.6, 0.1, 7.6],
			"to": [8.4, 0.3, 8.4],
			"faces": {
				"up": {"uv": [13, 2, 15, 4], "texture": "#1"},
				"down": {"uv": [13, 2, 15, 4], "texture": "#1"}
			}
		},
		{
			"from": [7.5, 0, 4],
			"to": [8.5, 0.4, 7.5],
			"faces": {
				"north": {"uv": [1, 10.25, 4, 10.5], "texture": "#0"},
				"east": {"uv": [3.25, 10.25, 3.75, 10.75], "texture": "#0"},
				"west": {"uv": [1.25, 10.25, 1.75, 10.75], "texture": "#0"},
				"up": {"uv": [1, 10.25, 4, 10.5], "texture": "#0"},
				"down": {"uv": [1, 10.25, 4, 10.5], "texture": "#0"}
			}
		},
		{
			"from": [7.5, 0, 7.5],
			"to": [7.75, 0.4, 7.75],
			"faces": {
				"east": {"uv": [1.25, 10.25, 1.75, 10.75], "texture": "#0"},
				"south": {"uv": [1.25, 10.25, 1.75, 10.75], "texture": "#0"},
				"west": {"uv": [1.25, 10.25, 1.75, 10.75], "texture": "#0"},
				"up": {"uv": [1.25, 10.25, 1.75, 10.75], "texture": "#0"},
				"down": {"uv": [1.25, 10.25, 1.75, 10.75], "texture": "#0"}
			}
		},
		{
			"from": [7.5, 0, 8.25],
			"to": [7.75, 0.4, 8.5],
			"faces": {
				"north": {"uv": [1.25, 10.25, 1.75, 10.75], "texture": "#0"},
				"east": {"uv": [1.25, 10.25, 1.75, 10.75], "texture": "#0"},
				"west": {"uv": [1.25, 10.25, 1.75, 10.75], "texture": "#0"},
				"up": {"uv": [1.25, 10.25, 1.75, 10.75], "texture": "#0"},
				"down": {"uv": [1.25, 10.25, 1.75, 10.75], "texture": "#0"}
			}
		},
		{
			"from": [7.75, 0, 8.35],
			"to": [7.9, 0.4, 8.5],
			"faces": {
				"north": {"uv": [1.4, 10.35, 2.45, 10.85], "rotation": 180, "texture": "#0"},
				"east": {"uv": [1.4, 10.35, 2.45, 10.85], "texture": "#0"},
				"up": {"uv": [1.4, 10.35, 2.45, 10.85], "texture": "#0"},
				"down": {"uv": [1.4, 10.35, 2.45, 10.85], "texture": "#0"}
			}
		},
		{
			"from": [7.9, 0, 8.4],
			"to": [8.1, 0.4, 8.5],
			"faces": {
				"north": {"uv": [2.25, 10.25, 2.75, 10.75], "texture": "#0"},
				"up": {"uv": [2.25, 10.25, 2.75, 10.75], "texture": "#0"},
				"down": {"uv": [2.25, 10.25, 2.75, 10.75], "texture": "#0"}
			}
		},
		{
			"from": [7.9, 0, 7.5],
			"to": [8.1, 0.4, 7.6],
			"faces": {
				"south": {"uv": [2.25, 10.25, 2.75, 10.75], "texture": "#0"},
				"up": {"uv": [2.25, 10.25, 2.75, 10.75], "texture": "#0"},
				"down": {"uv": [2.25, 10.25, 2.75, 10.75], "texture": "#0"}
			}
		},
		{
			"from": [8.1, 0, 8.35],
			"to": [8.25, 0.4, 8.5],
			"faces": {
				"north": {"uv": [2.65, 10.35, 3.45, 10.85], "rotation": 180, "texture": "#0"},
				"west": {"uv": [2.65, 10.35, 3.45, 10.85], "texture": "#0"},
				"up": {"uv": [2.65, 10.35, 3.45, 10.85], "texture": "#0"},
				"down": {"uv": [2.65, 10.35, 3.45, 10.85], "texture": "#0"}
			}
		},
		{
			"from": [8.1, 0, 7.5],
			"to": [8.25, 0.4, 7.65],
			"faces": {
				"south": {"uv": [2.65, 10.35, 3.45, 10.85], "texture": "#0"},
				"west": {"uv": [2.65, 10.35, 3.45, 10.85], "texture": "#0"},
				"up": {"uv": [2.65, 10.35, 3.45, 10.85], "texture": "#0"},
				"down": {"uv": [2.65, 10.35, 3.45, 10.85], "texture": "#0"}
			}
		},
		{
			"from": [7.75, 0, 7.5],
			"to": [7.9, 0.4, 7.65],
			"faces": {
				"east": {"uv": [1.4, 10.35, 2.45, 10.85], "texture": "#0"},
				"south": {"uv": [1.4, 10.35, 2.45, 10.85], "texture": "#0"},
				"up": {"uv": [1.4, 10.35, 2.45, 10.85], "texture": "#0"},
				"down": {"uv": [1.4, 10.35, 2.45, 10.85], "texture": "#0"}
			}
		},
		{
			"from": [7.5, 0, 8.1],
			"to": [7.65, 0.4, 8.25],
			"faces": {
				"north": {"uv": [1.25, 10.25, 1.75, 10.75], "texture": "#0"},
				"east": {"uv": [1.25, 10.25, 1.75, 10.75], "texture": "#0"},
				"west": {"uv": [1.25, 10.25, 1.75, 10.75], "texture": "#0"},
				"up": {"uv": [1.25, 10.25, 1.75, 10.75], "texture": "#0"},
				"down": {"uv": [1.25, 10.25, 1.75, 10.75], "texture": "#0"}
			}
		},
		{
			"from": [7.5, 0, 7.75],
			"to": [7.65, 0.4, 7.9],
			"faces": {
				"east": {"uv": [1.25, 10.25, 1.75, 10.75], "texture": "#0"},
				"south": {"uv": [1.25, 10.25, 1.75, 10.75], "texture": "#0"},
				"west": {"uv": [1.25, 10.25, 1.75, 10.75], "texture": "#0"},
				"up": {"uv": [1.25, 10.25, 1.75, 10.75], "texture": "#0"},
				"down": {"uv": [1.25, 10.25, 1.75, 10.75], "texture": "#0"}
			}
		},
		{
			"from": [7.5, 0, 7.9],
			"to": [7.6, 0.4, 8.1],
			"faces": {
				"east": {"uv": [1.25, 10.25, 1.75, 10.75], "texture": "#0"},
				"west": {"uv": [1.25, 10.25, 1.75, 10.75], "texture": "#0"},
				"up": {"uv": [1.25, 10.25, 1.75, 10.75], "texture": "#0"},
				"down": {"uv": [1.25, 10.25, 1.75, 10.75], "texture": "#0"}
			}
		},
		{
			"from": [8.4, 0, 7.9],
			"to": [8.5, 0.4, 8.1],
			"faces": {
				"east": {"uv": [3.25, 10.25, 3.75, 10.75], "texture": "#0"},
				"west": {"uv": [3.25, 10.25, 3.75, 10.75], "texture": "#0"},
				"up": {"uv": [3.25, 10.25, 3.75, 10.75], "texture": "#0"},
				"down": {"uv": [3.25, 10.25, 3.75, 10.75], "texture": "#0"}
			}
		},
		{
			"from": [8.35, 0, 8.1],
			"to": [8.5, 0.4, 8.25],
			"faces": {
				"north": {"uv": [3.25, 10.25, 3.75, 10.75], "texture": "#0"},
				"east": {"uv": [3.25, 10.25, 3.75, 10.75], "texture": "#0"},
				"west": {"uv": [3.25, 10.25, 3.75, 10.75], "texture": "#0"},
				"up": {"uv": [3.25, 10.25, 3.75, 10.75], "texture": "#0"},
				"down": {"uv": [3.25, 10.25, 3.75, 10.75], "texture": "#0"}
			}
		},
		{
			"from": [8.35, 0, 7.75],
			"to": [8.5, 0.4, 7.9],
			"faces": {
				"east": {"uv": [3.25, 10.25, 3.75, 10.75], "texture": "#0"},
				"south": {"uv": [3.25, 10.25, 3.75, 10.75], "texture": "#0"},
				"west": {"uv": [3.25, 10.25, 3.75, 10.75], "texture": "#0"},
				"up": {"uv": [3.25, 10.25, 3.75, 10.75], "texture": "#0"},
				"down": {"uv": [3.25, 10.25, 3.75, 10.75], "texture": "#0"}
			}
		},
		{
			"from": [8.25, 0, 8.25],
			"to": [8.5, 0.4, 8.5],
			"faces": {
				"north": {"uv": [3.25, 10.25, 3.75, 10.75], "texture": "#0"},
				"east": {"uv": [3.25, 10.25, 3.75, 10.75], "texture": "#0"},
				"west": {"uv": [3.25, 10.25, 3.75, 10.75], "texture": "#0"},
				"up": {"uv": [3.25, 10.25, 3.75, 10.75], "texture": "#0"},
				"down": {"uv": [3.25, 10.25, 3.75, 10.75], "texture": "#0"}
			}
		},
		{
			"from": [8.25, 0, 7.5],
			"to": [8.5, 0.4, 7.75],
			"faces": {
				"east": {"uv": [3.25, 10.25, 3.75, 10.75], "texture": "#0"},
				"south": {"uv": [3.25, 10.25, 3.75, 10.75], "texture": "#0"},
				"west": {"uv": [3.25, 10.25, 3.75, 10.75], "texture": "#0"},
				"up": {"uv": [3.25, 10.25, 3.75, 10.75], "texture": "#0"},
				"down": {"uv": [3.25, 10.25, 3.75, 10.75], "texture": "#0"}
			}
		},
		{
			"from": [7.5, 0, 8.5],
			"to": [8.5, 0.4, 12],
			"faces": {
				"east": {"uv": [3.25, 10.25, 3.75, 10.75], "texture": "#0"},
				"south": {"uv": [1, 10.25, 4, 10.5], "texture": "#0"},
				"west": {"uv": [1.25, 10.25, 1.75, 10.75], "texture": "#0"},
				"up": {"uv": [1, 10.25, 4, 10.5], "texture": "#0"},
				"down": {"uv": [1, 10.25, 4, 10.5], "texture": "#0"}
			}
		},
		{
			"from": [7.6, 0, 12],
			"to": [8.4, 0.4, 12.15],
			"faces": {
				"east": {"uv": [1, 10.25, 4, 10.5], "texture": "#0"},
				"south": {"uv": [1, 10.25, 4, 10.5], "texture": "#0"},
				"west": {"uv": [1.25, 10.25, 1.75, 10.75], "texture": "#0"},
				"up": {"uv": [1, 10.25, 4, 10.5], "texture": "#0"},
				"down": {"uv": [1, 10.25, 4, 10.5], "texture": "#0"}
			}
		},
		{
			"from": [7.7, 0, 12.15],
			"to": [8.3, 0.4, 12.25],
			"faces": {
				"east": {"uv": [1, 10.25, 4, 10.5], "texture": "#0"},
				"south": {"uv": [1, 10.25, 4, 10.5], "texture": "#0"},
				"west": {"uv": [1.25, 10.25, 1.75, 10.75], "texture": "#0"},
				"up": {"uv": [1, 10.25, 4, 10.5], "texture": "#0"},
				"down": {"uv": [1, 10.25, 4, 10.5], "texture": "#0"}
			}
		},
		{
			"from": [7.6, 0, 3.85],
			"to": [8.4, 0.4, 4],
			"faces": {
				"north": {"uv": [1, 10.25, 4, 10.5], "texture": "#0"},
				"east": {"uv": [3.25, 10.25, 3.75, 10.75], "texture": "#0"},
				"west": {"uv": [1.25, 10.25, 1.75, 10.75], "texture": "#0"},
				"up": {"uv": [1, 10.25, 4, 10.5], "texture": "#0"},
				"down": {"uv": [1, 10.25, 4, 10.5], "texture": "#0"}
			}
		},
		{
			"from": [7.7, 0, 3.75],
			"to": [8.3, 0.4, 3.85],
			"faces": {
				"north": {"uv": [1, 10.25, 4, 10.5], "rotation": 180, "texture": "#0"},
				"east": {"uv": [3.25, 10.25, 3.75, 10.75], "texture": "#0"},
				"west": {"uv": [1.25, 10.25, 1.75, 10.75], "texture": "#0"},
				"up": {"uv": [1, 10.25, 4, 10.5], "texture": "#0"},
				"down": {"uv": [1, 10.25, 4, 10.5], "texture": "#0"}
			}
		}
	],
	"display": {
		"thirdperson_righthand": {
			"rotation": [108, 0, 0],
			"translation": [0, -0.25, 9.25]
		},
		"thirdperson_lefthand": {
			"rotation": [108, 0, 0],
			"translation": [0, -0.25, 9.25]
		},
		"firstperson_righthand": {
			"rotation": [108, 0, 0],
			"translation": [0, -0.25, 9.25]
		},
		"firstperson_lefthand": {
			"rotation": [108, 0, 0],
			"translation": [0, -0.25, 9.25]
		},
		"ground": {
			"translation": [0, 3, 0],
			"scale": [0.7, 0.7, 0.7]
		},
		"gui": {
			"rotation": [-90, -57, 0],
			"translation": [0, -0.25, -11],
			"scale": [1.29, 1.29, 1.29]
		},
		"head": {
			"rotation": [0, 90, 0],
			"translation": [0, 9.55, -3.25],
			"scale": [0.4, 0.4, 0.4]
		},
		"fixed": {
			"rotation": [-90, 0, 0],
			"translation": [0, 0, -11],
			"scale": [1.29, 1.29, 1.29]
		}
	}
}