{
	"credit": "Made with Blockbench",
	"textures": {
		"1": "item/cit/emerald"
	},
	"elements": [
		{
			"from": [7.7, 0, 7],
			"to": [8.3, 0.25, 8.5],
			"faces": {
				"north": {"uv": [0, 0, 1, 1], "texture": "#1"},
				"east": {"uv": [0, 0, 1, 1], "texture": "#1"},
				"south": {"uv": [0, 0, 1, 1], "texture": "#1"},
				"west": {"uv": [0, 0, 1, 1], "texture": "#1"},
				"up": {"uv": [0, 0, 1, 1], "texture": "#1"},
				"down": {"uv": [0, 0, 1, 1], "texture": "#1"}
			}
		},
		{
			"from": [7.7, 2.25, 7],
			"to": [8.3, 2.5, 8.5],
			"faces": {
				"north": {"uv": [0, 0, 1, 16], "texture": "#1"},
				"east": {"uv": [0, 0, 1, 16], "texture": "#1"},
				"south": {"uv": [0, 0, 1, 16], "texture": "#1"},
				"west": {"uv": [0, 0, 1, 16], "texture": "#1"},
				"up": {"uv": [0, 0, 1, 16], "texture": "#1"},
				"down": {"uv": [0, 0, 1, 16], "texture": "#1"}
			}
		},
		{
			"from": [7.6, 2.25, 7.25],
			"to": [7.7, 2.5, 8.25],
			"faces": {
				"north": {"uv": [0, 0, 1, 16], "texture": "#1"},
				"south": {"uv": [0, 0, 1, 16], "texture": "#1"},
				"west": {"uv": [0, 0, 1, 16], "texture": "#1"},
				"up": {"uv": [0, 0, 1, 16], "texture": "#1"},
				"down": {"uv": [0, 0, 1, 16], "texture": "#1"}
			}
		},
		{
			"from": [8.3, 2.25, 7.25],
			"to": [8.4, 2.5, 8.25],
			"faces": {
				"north": {"uv": [0, 0, 1, 16], "texture": "#1"},
				"east": {"uv": [0, 0, 1, 16], "texture": "#1"},
				"south": {"uv": [0, 0, 1, 16], "texture": "#1"},
				"up": {"uv": [0, 0, 1, 16], "texture": "#1"},
				"down": {"uv": [0, 0, 1, 16], "texture": "#1"}
			}
		},
		{
			"from": [7.8, 0.5, 7],
			"to": [8.2, 0.6, 8.5],
			"faces": {
				"north": {"uv": [0, 0, 1, 1], "texture": "#1"},
				"east": {"uv": [0, 0, 1, 1], "texture": "#1"},
				"south": {"uv": [0, 0, 1, 1], "texture": "#1"},
				"west": {"uv": [0, 0, 1, 1], "texture": "#1"},
				"up": {"uv": [0, 0, 1, 1], "texture": "#1"},
				"down": {"uv": [0, 0, 1, 1], "texture": "#1"}
			}
		},
		{
			"from": [7.8, 1, 7],
			"to": [8.2, 1.1, 8.5],
			"faces": {
				"north": {"uv": [0, 0, 1, 1], "texture": "#1"},
				"east": {"uv": [0, 0, 1, 1], "texture": "#1"},
				"south": {"uv": [0, 0, 1, 1], "texture": "#1"},
				"west": {"uv": [0, 0, 1, 1], "texture": "#1"},
				"up": {"uv": [0, 0, 1, 1], "texture": "#1"},
				"down": {"uv": [0, 0, 1, 1], "texture": "#1"}
			}
		},
		{
			"from": [7.8, 1.5, 7],
			"to": [8.2, 1.6, 8.5],
			"faces": {
				"north": {"uv": [0, 0, 1, 1], "texture": "#1"},
				"east": {"uv": [0, 0, 1, 1], "texture": "#1"},
				"south": {"uv": [0, 0, 1, 1], "texture": "#1"},
				"west": {"uv": [0, 0, 1, 1], "texture": "#1"},
				"up": {"uv": [0, 0, 1, 1], "texture": "#1"},
				"down": {"uv": [0, 0, 1, 1], "texture": "#1"}
			}
		},
		{
			"from": [7.8, 2, 7],
			"to": [8.2, 2.1, 8.5],
			"faces": {
				"north": {"uv": [0, 0, 1, 1], "texture": "#1"},
				"east": {"uv": [0, 0, 1, 1], "texture": "#1"},
				"south": {"uv": [0, 0, 1, 1], "texture": "#1"},
				"west": {"uv": [0, 0, 1, 1], "texture": "#1"},
				"up": {"uv": [0, 0, 1, 1], "texture": "#1"},
				"down": {"uv": [0, 0, 1, 1], "texture": "#1"}
			}
		},
		{
			"from": [7.7, 0.25, 7.25],
			"to": [8.3, 2.25, 8.25],
			"faces": {
				"north": {"uv": [1, 0, 2, 16], "texture": "#1"},
				"east": {"uv": [1, 0, 2, 16], "texture": "#1"},
				"south": {"uv": [1, 0, 2, 16], "texture": "#1"},
				"west": {"uv": [1, 0, 2, 16], "texture": "#1"}
			}
		},
		{
			"from": [7.8, 2.5, 8],
			"to": [8.2, 2.75, 8.25],
			"faces": {
				"east": {"uv": [9, 13, 10, 14], "texture": "#1"},
				"south": {"uv": [9, 13, 10, 14], "texture": "#1"},
				"west": {"uv": [9, 13, 10, 14], "texture": "#1"},
				"up": {"uv": [9, 13, 10, 14], "texture": "#1"}
			}
		},
		{
			"from": [7.8, 2.5, 7.5],
			"to": [8.2, 5.75, 8],
			"faces": {
				"north": {"uv": [7, 3, 10, 14], "texture": "#1"},
				"east": {"uv": [5, 3, 8, 14], "texture": "#1"},
				"south": {"uv": [7, 3, 10, 14], "texture": "#1"},
				"west": {"uv": [7, 3, 10, 14], "texture": "#1"},
				"up": {"uv": [7, 3, 10, 14], "texture": "#1"}
			}
		},
		{
			"from": [7.8, 2.85, 8],
			"to": [8.2, 3.1, 8.5],
			"faces": {
				"east": {"uv": [9, 11, 10, 12], "texture": "#1"},
				"south": {"uv": [9, 11, 10, 12], "texture": "#1"},
				"west": {"uv": [9, 11, 10, 12], "texture": "#1"},
				"up": {"uv": [9, 11, 10, 12], "texture": "#1"},
				"down": {"uv": [9, 11, 10, 12], "texture": "#1"}
			}
		},
		{
			"from": [7.8, 3.2, 8],
			"to": [8.2, 3.45, 8.25],
			"faces": {
				"east": {"uv": [9, 10.75, 10, 11.75], "texture": "#1"},
				"south": {"uv": [9, 10.75, 10, 11.75], "texture": "#1"},
				"west": {"uv": [9, 10.75, 10, 11.75], "texture": "#1"},
				"up": {"uv": [9, 10, 10, 11], "texture": "#1"},
				"down": {"uv": [9, 10.75, 10, 11.75], "texture": "#1"}
			}
		},
		{
			"from": [7.8, 3.55, 8],
			"to": [8.2, 3.8, 8.5],
			"faces": {
				"east": {"uv": [9, 6, 10, 7], "texture": "#1"},
				"south": {"uv": [9, 6, 10, 7], "texture": "#1"},
				"west": {"uv": [9, 6, 10, 7], "texture": "#1"},
				"up": {"uv": [9, 6, 10, 7], "texture": "#1"},
				"down": {"uv": [9, 6, 10, 7], "texture": "#1"}
			}
		},
		{
			"from": [7.8, 3.9, 8],
			"to": [8.2, 4.15, 8.25],
			"faces": {
				"east": {"uv": [9, 6, 10, 7], "texture": "#1"},
				"south": {"uv": [9, 6, 10, 7], "texture": "#1"},
				"west": {"uv": [9, 6, 10, 7], "texture": "#1"},
				"up": {"uv": [9, 6, 10, 7], "texture": "#1"},
				"down": {"uv": [9, 6, 10, 7], "texture": "#1"}
			}
		},
		{
			"from": [7.8, 4.95, 8],
			"to": [8.2, 5.75, 8.25],
			"faces": {
				"east": {"uv": [9, 3, 10, 5.75], "texture": "#1"},
				"south": {"uv": [9, 3, 10, 5.75], "texture": "#1"},
				"west": {"uv": [9, 3, 10, 5.75], "texture": "#1"},
				"down": {"uv": [9, 3, 10, 5.75], "texture": "#1"}
			}
		},
		{
			"from": [7.8, 4.6, 8],
			"to": [8.2, 4.85, 8.25],
			"faces": {
				"east": {"uv": [9, 6, 10, 7], "texture": "#1"},
				"south": {"uv": [9, 6, 10, 7], "texture": "#1"},
				"west": {"uv": [9, 6, 10, 7], "texture": "#1"},
				"up": {"uv": [9, 6, 10, 7], "texture": "#1"},
				"down": {"uv": [9, 6, 10, 7], "texture": "#1"}
			}
		},
		{
			"from": [7.8, 4.25, 8],
			"to": [8.2, 4.5, 8.5],
			"faces": {
				"east": {"uv": [9, 6, 10, 7], "texture": "#1"},
				"south": {"uv": [9, 6, 10, 7], "texture": "#1"},
				"west": {"uv": [9, 6, 10, 7], "texture": "#1"},
				"up": {"uv": [9, 6, 10, 7], "texture": "#1"},
				"down": {"uv": [9, 6, 10, 7], "texture": "#1"}
			}
		},
		{
			"from": [7.8, 5.75, 7.75],
			"to": [8.2, 6.5, 8.5],
			"faces": {
				"north": {"uv": [7, 11, 8, 14], "texture": "#1"},
				"east": {"uv": [7, 11, 8, 14], "texture": "#1"},
				"south": {"uv": [7, 11, 8, 14], "texture": "#1"},
				"west": {"uv": [7, 11, 8, 14], "texture": "#1"},
				"up": {"uv": [7, 11, 8, 14], "texture": "#1"},
				"down": {"uv": [7, 11, 8, 14], "texture": "#1"}
			}
		},
		{
			"from": [7.8, 6.5, 8],
			"to": [8.2, 7, 8.25],
			"faces": {
				"north": {"uv": [6, 6, 8, 12], "texture": "#1"},
				"east": {"uv": [6, 6, 8, 12], "texture": "#1"},
				"south": {"uv": [6, 6, 8, 12], "texture": "#1"},
				"west": {"uv": [6, 6, 8, 12], "texture": "#1"},
				"up": {"uv": [6, 6, 8, 12], "texture": "#1"}
			}
		},
		{
			"from": [7.9, 2.5, 7.25],
			"to": [8.1, 5.75, 7.5],
			"faces": {
				"north": {"uv": [7, 6, 10, 9], "texture": "#1"},
				"east": {"uv": [7, 6, 10, 9], "texture": "#1"},
				"west": {"uv": [7, 6, 10, 9], "texture": "#1"},
				"up": {"uv": [7, 6, 10, 9], "texture": "#1"}
			}
		},
		{
			"from": [7.9, 5.75, 7.5],
			"to": [8.1, 6.5, 7.75],
			"faces": {
				"north": {"uv": [7, 6, 10, 9], "texture": "#1"},
				"east": {"uv": [7, 6, 10, 9], "texture": "#1"},
				"west": {"uv": [7, 6, 10, 9], "texture": "#1"},
				"up": {"uv": [7, 6, 10, 9], "texture": "#1"}
			}
		},
		{
			"from": [7.9, 6.5, 7.75],
			"to": [8.1, 7, 8],
			"faces": {
				"north": {"uv": [7, 6, 10, 9], "texture": "#1"},
				"east": {"uv": [7, 6, 10, 9], "texture": "#1"},
				"west": {"uv": [7, 6, 10, 9], "texture": "#1"},
				"up": {"uv": [7, 6, 10, 9], "texture": "#1"}
			}
		},
		{
			"from": [7.9, 7, 8],
			"to": [8.1, 7.5, 8.25],
			"faces": {
				"north": {"uv": [7, 6, 10, 9], "texture": "#1"},
				"east": {"uv": [7, 6, 10, 9], "texture": "#1"},
				"south": {"uv": [7, 6, 10, 9], "texture": "#1"},
				"west": {"uv": [7, 6, 10, 9], "texture": "#1"},
				"up": {"uv": [7, 6, 10, 9], "texture": "#1"}
			}
		},
		{
			"from": [7.9, 6.5, 8.25],
			"to": [8.1, 7, 8.5],
			"faces": {
				"east": {"uv": [7, 6, 10, 9], "texture": "#1"},
				"south": {"uv": [7, 6, 10, 9], "texture": "#1"},
				"west": {"uv": [7, 6, 10, 9], "texture": "#1"},
				"up": {"uv": [7, 6, 10, 9], "texture": "#1"}
			}
		}
	],
	"display": {
		"thirdperson_righthand": {
			"translation": [0, 18, 1.5],
			"scale": [0.75, 3, 1]
		},
		"thirdperson_lefthand": {
			"translation": [0, 18, 1.5],
			"scale": [0.75, 3, 1]
		},
		"firstperson_righthand": {
			"translation": [0, 18, 1.5],
			"scale": [0.75, 3, 1]
		},
		"firstperson_lefthand": {
			"translation": [0, 18, 1.5],
			"scale": [0.75, 3, 1]
		},
		"ground": {
			"rotation": [0, 0, 90],
			"translation": [-13, -2.75, -1],
			"scale": [0.75, 3, 1]
		},
		"gui": {
			"rotation": [0, 90, 0],
			"translation": [0, 13, 1.5],
			"scale": [0.75, 3, 1]
		},
		"head": {
			"rotation": [121, 180, 0],
			"translation": [0, 0.25, 1.5],
			"scale": [0.75, 3, 1]
		},
		"fixed": {
			"rotation": [0, 90, 0],
			"translation": [0, 13, -1],
			"scale": [0.75, 3, 1]
		}
	}
}