{
	"credit": "Made with Blockbench",
	"textures": {
		"0": "item/cit/stone3",
		"1": "item/cit/ki2",
		"particle": "item/cit/stone3"
	},
	"elements": [
		{
			"from": [7.75, 0, 7.7],
			"to": [8.25, 6.25, 8.3],
			"faces": {
				"north": {"uv": [5, 3, 4, 12], "texture": "#1"},
				"east": {"uv": [5, 3, 4, 12], "texture": "#1"},
				"south": {"uv": [5, 3, 4, 12], "texture": "#1"},
				"west": {"uv": [5, 3, 4, 12], "texture": "#1"},
				"down": {"uv": [5, 11.25, 4, 12], "texture": "#1"}
			}
		},
		{
			"from": [7.7, 0, 7.75],
			"to": [8.3, 6.25, 8.25],
			"faces": {
				"north": {"uv": [5, 3, 4, 12], "texture": "#1"},
				"east": {"uv": [5, 3, 4, 12], "texture": "#1"},
				"south": {"uv": [5, 3, 4, 12], "texture": "#1"},
				"west": {"uv": [5, 3, 4, 12], "texture": "#1"},
				"down": {"uv": [5, 11.25, 4, 12], "texture": "#1"}
			}
		},
		{
			"from": [7.625, 5.75, 7.625],
			"to": [8.375, 6.3, 8.375],
			"faces": {
				"north": {"uv": [0, 14.25, 2.85, 15], "rotation": 90, "texture": "#0"},
				"east": {"uv": [0, 14.25, 2.85, 15], "rotation": 90, "texture": "#0"},
				"south": {"uv": [0, 14.25, 2.85, 15], "rotation": 90, "texture": "#0"},
				"west": {"uv": [0, 14.25, 2.85, 15], "rotation": 90, "texture": "#0"},
				"up": {"uv": [0, 14, 0.85, 15], "rotation": 90, "texture": "#0"}
			}
		},
		{
			"from": [7.625, 5.2, 7.625],
			"to": [8.375, 5.75, 8.375],
			"faces": {
				"north": {"uv": [2, 14.25, 2.85, 15], "rotation": 90, "texture": "#0"},
				"east": {"uv": [2, 14.25, 2.85, 15], "rotation": 90, "texture": "#0"},
				"south": {"uv": [2, 14.25, 2.85, 15], "rotation": 90, "texture": "#0"},
				"west": {"uv": [2, 14.25, 2.85, 15], "rotation": 90, "texture": "#0"},
				"down": {"uv": [2, 14.25, 2.85, 15], "rotation": 90, "texture": "#0"}
			}
		},
		{
			"from": [7.525, 5.75, 7.7],
			"to": [8.625, 6.3, 8.3],
			"faces": {
				"north": {"uv": [0, 14, 2.85, 15], "rotation": 90, "texture": "#0"},
				"east": {"uv": [0, 14, 2.85, 15], "rotation": 90, "texture": "#0"},
				"south": {"uv": [0, 14, 2.85, 15], "rotation": 90, "texture": "#0"},
				"west": {"uv": [0, 14, 2.85, 15], "rotation": 90, "texture": "#0"},
				"up": {"uv": [0, 14, 0.85, 15], "rotation": 90, "texture": "#0"},
				"down": {"uv": [2.25, 14, 2.85, 15], "rotation": 90, "texture": "#0"}
			}
		},
		{
			"from": [8.625, 5.75, 7.75],
			"to": [8.775, 6.3, 8.25],
			"faces": {
				"north": {"uv": [0, 14, 2.85, 15], "rotation": 90, "texture": "#0"},
				"east": {"uv": [0, 14, 2.85, 15], "rotation": 90, "texture": "#0"},
				"south": {"uv": [0, 14, 2.85, 15], "rotation": 90, "texture": "#0"},
				"up": {"uv": [0, 14, 0.85, 15], "rotation": 90, "texture": "#0"},
				"down": {"uv": [2.25, 14, 2.85, 15], "rotation": 90, "texture": "#0"}
			}
		},
		{
			"from": [7.425, 5.75, 7.75],
			"to": [7.525, 6.3, 8.25],
			"faces": {
				"north": {"uv": [0, 14, 2.85, 15], "rotation": 90, "texture": "#0"},
				"south": {"uv": [0, 14, 2.85, 15], "rotation": 90, "texture": "#0"},
				"west": {"uv": [0, 14, 2.85, 15], "rotation": 90, "texture": "#0"},
				"up": {"uv": [0, 14, 0.85, 15], "rotation": 90, "texture": "#0"},
				"down": {"uv": [2.25, 14, 2.85, 15], "rotation": 90, "texture": "#0"}
			}
		},
		{
			"from": [7.325, 5.75, 7.85],
			"to": [7.425, 6.3, 8.15],
			"faces": {
				"north": {"uv": [0, 14, 2.85, 15], "rotation": 90, "texture": "#0"},
				"south": {"uv": [0, 14, 2.85, 15], "rotation": 90, "texture": "#0"},
				"west": {"uv": [0, 14, 2.85, 15], "rotation": 90, "texture": "#0"},
				"up": {"uv": [0, 14, 0.85, 15], "rotation": 90, "texture": "#0"},
				"down": {"uv": [2.25, 14, 2.85, 15], "rotation": 90, "texture": "#0"}
			}
		},
		{
			"from": [6.925, 5.75, 7.8],
			"to": [7.025, 6.15, 8.2],
			"faces": {
				"north": {"uv": [0, 14, 2.85, 15], "rotation": 90, "texture": "#0"},
				"east": {"uv": [0, 14, 2.85, 15], "rotation": 90, "texture": "#0"},
				"south": {"uv": [0, 14, 2.85, 15], "rotation": 90, "texture": "#0"},
				"west": {"uv": [0, 14, 2.85, 15], "rotation": 90, "texture": "#0"},
				"up": {"uv": [0, 14, 0.85, 15], "rotation": 90, "texture": "#0"},
				"down": {"uv": [2.25, 14, 2.85, 15], "rotation": 90, "texture": "#0"}
			}
		},
		{
			"from": [6.825, 5.75, 7.8],
			"to": [6.925, 6.1, 8.2],
			"faces": {
				"north": {"uv": [0, 14, 2.85, 15], "rotation": 90, "texture": "#0"},
				"south": {"uv": [0, 14, 2.85, 15], "rotation": 90, "texture": "#0"},
				"west": {"uv": [0, 14, 2.85, 15], "rotation": 90, "texture": "#0"},
				"up": {"uv": [0, 14, 0.85, 15], "rotation": 90, "texture": "#0"},
				"down": {"uv": [2.25, 14, 2.85, 15], "rotation": 90, "texture": "#0"}
			}
		},
		{
			"from": [6.725, 5.75, 7.75],
			"to": [6.825, 6.05, 8.25],
			"faces": {
				"north": {"uv": [0, 14, 2.85, 15], "rotation": 90, "texture": "#0"},
				"east": {"uv": [0, 14, 2.85, 15], "rotation": 90, "texture": "#0"},
				"south": {"uv": [0, 14, 2.85, 15], "rotation": 90, "texture": "#0"},
				"west": {"uv": [0, 14, 2.85, 15], "rotation": 90, "texture": "#0"},
				"up": {"uv": [0, 14, 0.85, 15], "rotation": 90, "texture": "#0"},
				"down": {"uv": [2.25, 14, 2.85, 15], "rotation": 90, "texture": "#0"}
			}
		},
		{
			"from": [6.625, 5.75, 7.75],
			"to": [6.725, 6, 8.25],
			"faces": {
				"north": {"uv": [0, 14, 2.85, 15], "rotation": 90, "texture": "#0"},
				"south": {"uv": [0, 14, 2.85, 15], "rotation": 90, "texture": "#0"},
				"west": {"uv": [0, 14, 2.85, 15], "rotation": 90, "texture": "#0"},
				"up": {"uv": [0, 14, 0.85, 15], "rotation": 90, "texture": "#0"},
				"down": {"uv": [2.25, 14, 2.85, 15], "rotation": 90, "texture": "#0"}
			}
		},
		{
			"from": [6.525, 5.75, 7.7],
			"to": [6.625, 5.95, 8.3],
			"faces": {
				"north": {"uv": [0, 14, 2.85, 15], "rotation": 90, "texture": "#0"},
				"east": {"uv": [0, 14, 2.85, 15], "rotation": 90, "texture": "#0"},
				"south": {"uv": [0, 14, 2.85, 15], "rotation": 90, "texture": "#0"},
				"west": {"uv": [0, 14, 2.85, 15], "rotation": 90, "texture": "#0"},
				"up": {"uv": [0, 14, 0.85, 15], "rotation": 90, "texture": "#0"},
				"down": {"uv": [2.25, 14, 2.85, 15], "rotation": 90, "texture": "#0"}
			}
		},
		{
			"from": [6.425, 5.75, 7.7],
			"to": [6.525, 5.9, 8.3],
			"faces": {
				"north": {"uv": [0, 14, 2.85, 15], "rotation": 90, "texture": "#0"},
				"south": {"uv": [0, 14, 2.85, 15], "rotation": 90, "texture": "#0"},
				"west": {"uv": [0, 14, 2.85, 15], "rotation": 90, "texture": "#0"},
				"up": {"uv": [0, 14, 0.85, 15], "rotation": 90, "texture": "#0"},
				"down": {"uv": [2.25, 14, 2.85, 15], "rotation": 90, "texture": "#0"}
			}
		},
		{
			"from": [6.325, 5.75, 7.65],
			"to": [6.425, 5.85, 8.35],
			"faces": {
				"north": {"uv": [0, 14, 2.85, 15], "rotation": 90, "texture": "#0"},
				"east": {"uv": [0, 14, 2.85, 15], "rotation": 90, "texture": "#0"},
				"south": {"uv": [0, 14, 2.85, 15], "rotation": 90, "texture": "#0"},
				"west": {"uv": [0, 14, 2.85, 15], "rotation": 90, "texture": "#0"},
				"up": {"uv": [0, 14, 0.85, 15], "rotation": 90, "texture": "#0"},
				"down": {"uv": [2.25, 14, 2.85, 15], "rotation": 90, "texture": "#0"}
			}
		},
		{
			"from": [6.225, 5.75, 7.65],
			"to": [6.325, 5.8, 8.35],
			"faces": {
				"north": {"uv": [0, 14, 2.85, 15], "rotation": 90, "texture": "#0"},
				"south": {"uv": [0, 14, 2.85, 15], "rotation": 90, "texture": "#0"},
				"west": {"uv": [0, 14, 2.85, 15], "rotation": 90, "texture": "#0"},
				"up": {"uv": [0, 14, 0.85, 15], "rotation": 90, "texture": "#0"},
				"down": {"uv": [2.25, 14, 2.85, 15], "rotation": 90, "texture": "#0"}
			}
		},
		{
			"from": [7.125, 5.75, 7.85],
			"to": [7.225, 6.25, 8.15],
			"faces": {
				"north": {"uv": [0, 14, 2.85, 15], "rotation": 90, "texture": "#0"},
				"east": {"uv": [0, 14, 2.85, 15], "rotation": 90, "texture": "#0"},
				"south": {"uv": [0, 14, 2.85, 15], "rotation": 90, "texture": "#0"},
				"west": {"uv": [0, 14, 2.85, 15], "rotation": 90, "texture": "#0"},
				"up": {"uv": [0, 14, 0.85, 15], "rotation": 90, "texture": "#0"},
				"down": {"uv": [2.25, 14, 2.85, 15], "rotation": 90, "texture": "#0"}
			}
		},
		{
			"from": [7.025, 5.75, 7.85],
			"to": [7.125, 6.2, 8.15],
			"faces": {
				"north": {"uv": [0, 14, 2.85, 15], "rotation": 90, "texture": "#0"},
				"south": {"uv": [0, 14, 2.85, 15], "rotation": 90, "texture": "#0"},
				"west": {"uv": [0, 14, 2.85, 15], "rotation": 90, "texture": "#0"},
				"up": {"uv": [0, 14, 0.85, 15], "rotation": 90, "texture": "#0"},
				"down": {"uv": [2.25, 14, 2.85, 15], "rotation": 90, "texture": "#0"}
			}
		},
		{
			"from": [7.225, 5.75, 7.9],
			"to": [7.325, 6.3, 8.1],
			"faces": {
				"north": {"uv": [0, 14, 2.85, 15], "rotation": 90, "texture": "#0"},
				"south": {"uv": [0, 14, 2.85, 15], "rotation": 90, "texture": "#0"},
				"west": {"uv": [0, 14, 2.85, 15], "rotation": 90, "texture": "#0"},
				"up": {"uv": [0, 14, 0.85, 15], "rotation": 90, "texture": "#0"},
				"down": {"uv": [2.25, 14, 2.85, 15], "rotation": 90, "texture": "#0"}
			}
		},
		{
			"from": [8.775, 5.75, 7.8],
			"to": [8.925, 6.3, 8.2],
			"faces": {
				"north": {"uv": [0, 14, 2.85, 15], "rotation": 90, "texture": "#0"},
				"east": {"uv": [0, 14, 2.85, 15], "rotation": 90, "texture": "#0"},
				"south": {"uv": [0, 14, 2.85, 15], "rotation": 90, "texture": "#0"},
				"up": {"uv": [0, 14, 0.85, 15], "rotation": 90, "texture": "#0"},
				"down": {"uv": [2.25, 14, 2.85, 15], "rotation": 90, "texture": "#0"}
			}
		},
		{
			"from": [8.925, 5.75, 7.85],
			"to": [9.8, 6.3, 8.15],
			"faces": {
				"north": {"uv": [0, 14, 2.85, 15], "rotation": 90, "texture": "#0"},
				"east": {"uv": [0, 14, 2.85, 15], "rotation": 90, "texture": "#0"},
				"south": {"uv": [0, 14, 2.85, 15], "rotation": 90, "texture": "#0"},
				"up": {"uv": [0, 14, 0.85, 15], "rotation": 90, "texture": "#0"},
				"down": {"uv": [2.25, 14, 2.85, 15], "rotation": 90, "texture": "#0"}
			}
		},
		{
			"from": [9.8, 5.75, 7.9],
			"to": [10.2, 6.25, 8.1],
			"faces": {
				"north": {"uv": [0, 14, 2.85, 15], "rotation": 90, "texture": "#0"},
				"east": {"uv": [0, 14, 2.85, 15], "rotation": 90, "texture": "#0"},
				"south": {"uv": [0, 14, 2.85, 15], "rotation": 90, "texture": "#0"},
				"up": {"uv": [0, 14, 0.85, 15], "rotation": 90, "texture": "#0"},
				"down": {"uv": [2.25, 14, 2.85, 15], "rotation": 90, "texture": "#0"}
			}
		},
		{
			"from": [10.2, 5.75, 7.9],
			"to": [10.6, 6.2, 8.1],
			"faces": {
				"north": {"uv": [0, 14, 2.85, 15], "rotation": 90, "texture": "#0"},
				"east": {"uv": [0, 14, 2.85, 15], "rotation": 90, "texture": "#0"},
				"south": {"uv": [0, 14, 2.85, 15], "rotation": 90, "texture": "#0"},
				"up": {"uv": [0, 14, 0.85, 15], "rotation": 90, "texture": "#0"},
				"down": {"uv": [2.25, 14, 2.85, 15], "rotation": 90, "texture": "#0"}
			}
		},
		{
			"from": [10.6, 5.75, 7.95],
			"to": [10.75, 6.15, 8.05],
			"faces": {
				"north": {"uv": [0, 14, 2.85, 15], "rotation": 90, "texture": "#0"},
				"east": {"uv": [0, 14, 2.85, 15], "rotation": 90, "texture": "#0"},
				"south": {"uv": [0, 14, 2.85, 15], "rotation": 90, "texture": "#0"},
				"up": {"uv": [0, 14, 0.85, 15], "rotation": 90, "texture": "#0"},
				"down": {"uv": [2.25, 14, 2.85, 15], "rotation": 90, "texture": "#0"}
			}
		},
		{
			"from": [10.75, 5.75, 7.95],
			"to": [10.9, 6.1, 8.05],
			"faces": {
				"north": {"uv": [0, 14, 2.85, 15], "rotation": 90, "texture": "#0"},
				"east": {"uv": [0, 14, 2.85, 15], "rotation": 90, "texture": "#0"},
				"south": {"uv": [0, 14, 2.85, 15], "rotation": 90, "texture": "#0"},
				"up": {"uv": [0, 14, 0.85, 15], "rotation": 90, "texture": "#0"},
				"down": {"uv": [2.25, 14, 2.85, 15], "rotation": 90, "texture": "#0"}
			}
		},
		{
			"from": [10.9, 5.75, 7.95],
			"to": [11.05, 6.05, 8.05],
			"faces": {
				"north": {"uv": [0, 14, 2.85, 15], "rotation": 90, "texture": "#0"},
				"east": {"uv": [0, 14, 2.85, 15], "rotation": 90, "texture": "#0"},
				"south": {"uv": [0, 14, 2.85, 15], "rotation": 90, "texture": "#0"},
				"up": {"uv": [0, 14, 0.85, 15], "rotation": 90, "texture": "#0"},
				"down": {"uv": [2.25, 14, 2.85, 15], "rotation": 90, "texture": "#0"}
			}
		},
		{
			"from": [11.05, 5.75, 7.95],
			"to": [11.2, 6, 8.05],
			"faces": {
				"north": {"uv": [0, 14, 2.85, 15], "rotation": 90, "texture": "#0"},
				"east": {"uv": [0, 14, 2.85, 15], "rotation": 90, "texture": "#0"},
				"south": {"uv": [0, 14, 2.85, 15], "rotation": 90, "texture": "#0"},
				"up": {"uv": [0, 14, 0.85, 15], "rotation": 90, "texture": "#0"},
				"down": {"uv": [2.25, 14, 2.85, 15], "rotation": 90, "texture": "#0"}
			}
		},
		{
			"from": [11.2, 5.75, 7.95],
			"to": [11.35, 5.95, 8.05],
			"faces": {
				"north": {"uv": [0, 14, 2.85, 15], "rotation": 90, "texture": "#0"},
				"east": {"uv": [0, 14, 2.85, 15], "rotation": 90, "texture": "#0"},
				"south": {"uv": [0, 14, 2.85, 15], "rotation": 90, "texture": "#0"},
				"up": {"uv": [0, 14, 0.85, 15], "rotation": 90, "texture": "#0"},
				"down": {"uv": [2.25, 14, 2.85, 15], "rotation": 90, "texture": "#0"}
			}
		},
		{
			"from": [11.35, 5.75, 7.95],
			"to": [11.5, 5.9, 8.05],
			"faces": {
				"north": {"uv": [0, 14, 2.85, 15], "rotation": 90, "texture": "#0"},
				"east": {"uv": [0, 14, 2.85, 15], "rotation": 90, "texture": "#0"},
				"south": {"uv": [0, 14, 2.85, 15], "rotation": 90, "texture": "#0"},
				"up": {"uv": [0, 14, 0.85, 15], "rotation": 90, "texture": "#0"},
				"down": {"uv": [2.25, 14, 2.85, 15], "rotation": 90, "texture": "#0"}
			}
		},
		{
			"from": [11.5, 5.75, 7.95],
			"to": [11.65, 5.85, 8.05],
			"faces": {
				"north": {"uv": [0, 14, 2.85, 15], "rotation": 90, "texture": "#0"},
				"east": {"uv": [0, 14, 2.85, 15], "rotation": 90, "texture": "#0"},
				"south": {"uv": [0, 14, 2.85, 15], "rotation": 90, "texture": "#0"},
				"up": {"uv": [0, 14, 0.85, 15], "rotation": 90, "texture": "#0"},
				"down": {"uv": [2.25, 14, 2.85, 15], "rotation": 90, "texture": "#0"}
			}
		},
		{
			"from": [11.65, 5.75, 7.95],
			"to": [11.8, 5.8, 8.05],
			"faces": {
				"north": {"uv": [0, 14, 2.85, 15], "rotation": 90, "texture": "#0"},
				"east": {"uv": [0, 14, 2.85, 15], "rotation": 90, "texture": "#0"},
				"south": {"uv": [0, 14, 2.85, 15], "rotation": 90, "texture": "#0"},
				"up": {"uv": [0, 14, 0.85, 15], "rotation": 90, "texture": "#0"},
				"down": {"uv": [2.25, 14, 2.85, 15], "rotation": 90, "texture": "#0"}
			}
		}
	],
	"display": {
		"thirdperson_righthand": {
			"rotation": [0, 90, 0],
			"translation": [0, 8.75, 0.5],
			"scale": [1.5, 1.5, 1.5]
		},
		"thirdperson_lefthand": {
			"rotation": [0, -90, 0],
			"translation": [0, 8.75, 0.5],
			"scale": [1.5, 1.5, 1.5]
		},
		"firstperson_righthand": {
			"rotation": [0, 90, 0],
			"translation": [0, 8.75, 0.5],
			"scale": [1.5, 1.5, 1.5]
		},
		"firstperson_lefthand": {
			"rotation": [0, -90, 0],
			"translation": [0, 8.75, 0.5],
			"scale": [1.5, 1.5, 1.5]
		},
		"ground": {
			"rotation": [90, 0, 0],
			"translation": [0, -4, 9.5],
			"scale": [2, 2, 2]
		},
		"gui": {
			"rotation": [0, -180, 0],
			"translation": [0, 9, 0],
			"scale": [2, 2, 2]
		},
		"head": {
			"rotation": [0, 90, -57],
			"translation": [0, 11, 3.75],
			"scale": [1.5, 1.5, 1.5]
		},
		"fixed": {
			"translation": [0, 9, 0],
			"scale": [2, 2, 2]
		}
	}
}