{
	"credit": "Made with Blockbench",
	"textures": {
		"0": "item/cit/diamond",
		"1": "item/cit/lapis",
		"4": "item/cit/tetu",
		"5": "item/cit/stone3",
		"6": "item/cit/stone1",
		"particle": "item/cit/diamond"
	},
	"elements": [
		{
			"from": [7.25, 4, 6.75],
			"to": [8.75, 4.35, 9.25],
			"faces": {
				"north": {"uv": [0, 0, 15.5, 15.5], "texture": "#4"},
				"east": {"uv": [0, 0, 15.5, 15.5], "texture": "#4"},
				"south": {"uv": [0, 0, 15.5, 15.5], "texture": "#4"},
				"west": {"uv": [0, 0, 16, 16], "texture": "#4"},
				"up": {"uv": [0, 0, 15.5, 15.5], "texture": "#4"},
				"down": {"uv": [0, 0, 15.5, 15.5], "texture": "#4"}
			}
		},
		{
			"from": [7.25, 4.35, 7],
			"to": [8.75, 4.6, 9],
			"faces": {
				"north": {"uv": [0, 0, 15.5, 15.5], "texture": "#4"},
				"east": {"uv": [0, 0, 15.5, 15.5], "texture": "#4"},
				"south": {"uv": [0, 0, 15.5, 15.5], "texture": "#4"},
				"west": {"uv": [0, 0, 16, 16], "texture": "#4"},
				"up": {"uv": [0, 0, 15.5, 15.5], "texture": "#4"}
			}
		},
		{
			"from": [7.5, 1.8, 7.5],
			"to": [8.5, 2, 8.5],
			"faces": {
				"north": {"uv": [0, 0, 16, 16], "texture": "#4"},
				"east": {"uv": [0, 0, 16, 16], "texture": "#4"},
				"south": {"uv": [0, 0, 16, 16], "texture": "#4"},
				"west": {"uv": [0, 0, 16, 16], "texture": "#4"},
				"up": {"uv": [0, 0, 16, 16], "texture": "#4"},
				"down": {"uv": [0, 0, 16, 16], "texture": "#4"}
			}
		},
		{
			"from": [7.5, 1.4, 7.5],
			"to": [8.5, 1.6, 8.5],
			"faces": {
				"north": {"uv": [0, 0, 16, 16], "texture": "#4"},
				"east": {"uv": [0, 0, 16, 16], "texture": "#4"},
				"south": {"uv": [0, 0, 16, 16], "texture": "#4"},
				"west": {"uv": [0, 0, 16, 16], "texture": "#4"},
				"up": {"uv": [0, 0, 16, 16], "texture": "#4"},
				"down": {"uv": [0, 0, 16, 16], "texture": "#4"}
			}
		},
		{
			"from": [7.5, 1, 7.5],
			"to": [8.5, 1.2, 8.5],
			"faces": {
				"north": {"uv": [0, 0, 16, 16], "texture": "#4"},
				"east": {"uv": [0, 0, 16, 16], "texture": "#4"},
				"south": {"uv": [0, 0, 16, 16], "texture": "#4"},
				"west": {"uv": [0, 0, 16, 16], "texture": "#4"},
				"up": {"uv": [0, 0, 16, 16], "texture": "#4"},
				"down": {"uv": [0, 0, 16, 16], "texture": "#4"}
			}
		},
		{
			"from": [7.5, 2.2, 7.5],
			"to": [8.5, 2.4, 8.5],
			"faces": {
				"north": {"uv": [0, 0, 16, 16], "texture": "#4"},
				"east": {"uv": [0, 0, 16, 16], "texture": "#4"},
				"south": {"uv": [0, 0, 16, 16], "texture": "#4"},
				"west": {"uv": [0, 0, 16, 16], "texture": "#4"},
				"up": {"uv": [0, 0, 16, 16], "texture": "#4"},
				"down": {"uv": [0, 0, 16, 16], "texture": "#4"}
			}
		},
		{
			"from": [7.5, 2.6, 7.5],
			"to": [8.5, 2.8, 8.5],
			"faces": {
				"north": {"uv": [0, 0, 16, 16], "texture": "#4"},
				"east": {"uv": [0, 0, 16, 16], "texture": "#4"},
				"south": {"uv": [0, 0, 16, 16], "texture": "#4"},
				"west": {"uv": [0, 0, 16, 16], "texture": "#4"},
				"up": {"uv": [0, 0, 16, 16], "texture": "#4"},
				"down": {"uv": [0, 0, 16, 16], "texture": "#4"}
			}
		},
		{
			"from": [7.75, 0.3, 7.75],
			"to": [8.25, 4, 8.25],
			"faces": {
				"north": {"uv": [0, 2, 3, 14], "texture": "#6"},
				"east": {"uv": [0, 2, 3, 14], "texture": "#6"},
				"south": {"uv": [0, 2, 3, 14], "texture": "#6"},
				"west": {"uv": [0, 2, 3, 14], "texture": "#6"}
			}
		},
		{
			"from": [7.75, 4.55, 7.75],
			"to": [8.25, 11.5, 8.25],
			"faces": {
				"north": {"uv": [0, 0, 16, 16], "texture": "#5"},
				"east": {"uv": [0, 0, 16, 16], "texture": "#5"},
				"south": {"uv": [0, 0, 16, 16], "texture": "#5"},
				"west": {"uv": [0, 0, 16, 16], "texture": "#5"}
			}
		},
		{
			"from": [7.65, 10.65, 7.4],
			"to": [8.35, 12.015, 7.8],
			"rotation": {"angle": 45, "axis": "x", "origin": [8, 11.25, 7.6]},
			"faces": {
				"north": {"uv": [0, 0, 15.7, 15.35], "texture": "#0"},
				"east": {"uv": [0, 0, 2.4, 15.35], "texture": "#0"},
				"south": {"uv": [0, 0, 15.7, 15.35], "texture": "#0"},
				"west": {"uv": [0, 0, 2.4, 15.35], "texture": "#0"},
				"up": {"uv": [0, 0, 0.7, 0.4], "texture": "#missing"},
				"down": {"uv": [0, 0, 0.7, 0.4], "texture": "#missing"}
			}
		},
		{
			"from": [7.65, 8.08, 7.39],
			"to": [8.35, 10.41, 7.79],
			"rotation": {"angle": 45, "axis": "x", "origin": [8, 8.67, 7.6]},
			"faces": {
				"north": {"uv": [0, 0, 0.7, 2.35], "texture": "#1"},
				"east": {"uv": [0, 0, 3.4, 15.35], "texture": "#1"},
				"south": {"uv": [0, 0, 0.7, 2.35], "texture": "#1"},
				"west": {"uv": [0, 0, 3.4, 15.35], "texture": "#1"},
				"down": {"uv": [0, 0, 0.7, 0.4], "texture": "#missing"}
			}
		},
		{
			"from": [7.65, 5.48, 7.4],
			"to": [8.35, 7.81, 7.8],
			"rotation": {"angle": 45, "axis": "x", "origin": [8, 6.08, 7.6]},
			"faces": {
				"north": {"uv": [0, 0, 15.7, 15.35], "texture": "#0"},
				"east": {"uv": [0, 0, 2.4, 15.35], "texture": "#0"},
				"south": {"uv": [0, 0, 15.7, 15.35], "texture": "#0"},
				"west": {"uv": [0, 0, 2.4, 15.35], "texture": "#0"},
				"down": {"uv": [0, 0, 0.7, 0.4], "texture": "#missing"}
			}
		},
		{
			"from": [7.65, 10.65, 8.2],
			"to": [8.35, 12.015, 8.6],
			"rotation": {"angle": -45, "axis": "x", "origin": [8, 11.25, 8.4]},
			"faces": {
				"north": {"uv": [0, 0, 0.7, 1.35], "texture": "#1"},
				"east": {"uv": [0, 0, 3.4, 15.35], "texture": "#1"},
				"south": {"uv": [0, 0, 0.7, 1.35], "texture": "#1"},
				"west": {"uv": [0, 0, 3.4, 15.35], "texture": "#1"},
				"up": {"uv": [0, 0, 0.7, 0.4], "texture": "#missing"},
				"down": {"uv": [0, 0, 0.7, 0.4], "texture": "#missing"}
			}
		},
		{
			"from": [7.65, 8.08, 8.21],
			"to": [8.35, 10.41, 8.61],
			"rotation": {"angle": -45, "axis": "x", "origin": [8, 8.67, 8.4]},
			"faces": {
				"north": {"uv": [0, 0, 15.7, 15.35], "texture": "#0"},
				"east": {"uv": [0, 0, 2.4, 15.35], "texture": "#0"},
				"south": {"uv": [0, 0, 15.7, 15.35], "texture": "#0"},
				"west": {"uv": [0, 0, 2.4, 15.35], "texture": "#0"},
				"down": {"uv": [0, 0, 0.7, 0.4], "texture": "#missing"}
			}
		},
		{
			"from": [7.65, 5.48, 8.2],
			"to": [8.35, 7.81, 8.6],
			"rotation": {"angle": -45, "axis": "x", "origin": [8, 6.08, 8.4]},
			"faces": {
				"north": {"uv": [0, 0, 0.7, 2.35], "texture": "#1"},
				"east": {"uv": [0, 0, 3.4, 15.35], "texture": "#1"},
				"south": {"uv": [0, 0, 0.7, 2.35], "texture": "#1"},
				"west": {"uv": [0, 0, 3.4, 15.35], "texture": "#1"},
				"down": {"uv": [0, 0, 0.7, 0.4], "texture": "#missing"}
			}
		},
		{
			"from": [7.65, 7.16, 8.565],
			"to": [8.35, 8.4, 8.965],
			"faces": {
				"north": {"uv": [0, 0, 15.7, 15.2], "texture": "#0"},
				"east": {"uv": [0, 0, 2.4, 15.2], "texture": "#0"},
				"south": {"uv": [0, 0, 15.7, 15.2], "texture": "#0"},
				"west": {"uv": [0, 0, 3.4, 15.2], "texture": "#0"},
				"up": {"uv": [0, 0, 0.7, 0.4], "texture": "#missing"},
				"down": {"uv": [0, 0, 0.7, 0.4], "texture": "#missing"}
			}
		},
		{
			"from": [7.65, 9.766, 8.565],
			"to": [8.35, 10.966, 8.965],
			"faces": {
				"north": {"uv": [0, 0, 0.7, 1.2], "texture": "#1"},
				"east": {"uv": [0, 0, 3.4, 15.2], "texture": "#1"},
				"south": {"uv": [0, 0, 0.7, 1.2], "texture": "#1"},
				"west": {"uv": [0, 0, 3.4, 15.2], "texture": "#1"},
				"up": {"uv": [0, 0, 0.7, 0.4], "texture": "#missing"},
				"down": {"uv": [0, 0, 0.7, 0.4], "texture": "#missing"}
			}
		},
		{
			"from": [7.65, 2.62, 9.675],
			"to": [8.35, 4.52, 10.075],
			"rotation": {"angle": -45, "axis": "x", "origin": [8, 3.22, 9.9]},
			"faces": {
				"north": {"uv": [1, 2, 2, 6], "texture": "#4"},
				"east": {"uv": [1, 2, 3, 6], "rotation": 180, "texture": "#4"},
				"south": {"uv": [2, 2, 3, 6], "texture": "#4"},
				"west": {"uv": [1, 2, 3, 6], "texture": "#4"},
				"up": {"uv": [1, 2, 3, 6], "texture": "#4"}
			}
		},
		{
			"from": [7.65, 1.02, 10.05],
			"to": [8.35, 2.92, 10.45],
			"rotation": {"angle": 0, "axis": "x", "origin": [8, 1.62, 10.25]},
			"faces": {
				"north": {"uv": [1, 2, 2, 6], "texture": "#4"},
				"east": {"uv": [1, 2, 3, 6], "rotation": 180, "texture": "#4"},
				"south": {"uv": [2, 2, 3, 6], "texture": "#4"},
				"west": {"uv": [1, 2, 3, 6], "texture": "#4"},
				"up": {"uv": [1, 2, 3, 6], "texture": "#4"},
				"down": {"uv": [1, 2, 3, 6], "texture": "#4"}
			}
		},
		{
			"from": [7.65, 1.02, 5.55],
			"to": [8.35, 2.92, 5.95],
			"rotation": {"angle": 0, "axis": "x", "origin": [8, 1.62, 5.54]},
			"faces": {
				"north": {"uv": [2, 2, 3, 6], "rotation": 180, "texture": "#4"},
				"east": {"uv": [1, 2, 3, 6], "texture": "#4"},
				"south": {"uv": [1, 2, 2, 6], "rotation": 180, "texture": "#4"},
				"west": {"uv": [1, 2, 3, 6], "rotation": 180, "texture": "#4"},
				"up": {"uv": [1, 2, 3, 6], "rotation": 180, "texture": "#4"},
				"down": {"uv": [1, 2, 3, 6], "rotation": 180, "texture": "#4"}
			}
		},
		{
			"from": [7.65, 2.76, 5.865],
			"to": [8.35, 4.91, 6.265],
			"rotation": {"angle": 45, "axis": "x", "origin": [8, 3.22, 5.9]},
			"faces": {
				"north": {"uv": [2, 2, 3, 6], "rotation": 180, "texture": "#4"},
				"east": {"uv": [1, 2, 3, 6], "texture": "#4"},
				"south": {"uv": [1, 2, 2, 6], "rotation": 180, "texture": "#4"},
				"west": {"uv": [1, 2, 3, 6], "rotation": 180, "texture": "#4"},
				"down": {"uv": [1, 2, 3, 6], "rotation": 180, "texture": "#4"}
			}
		},
		{
			"from": [7.65, 4.6, 8.565],
			"to": [8.35, 5.8, 8.965],
			"faces": {
				"north": {"uv": [0, 0, 0.7, 1.2], "texture": "#1"},
				"east": {"uv": [0, 0, 3.4, 15.2], "texture": "#1"},
				"south": {"uv": [0, 0, 0.7, 1.2], "texture": "#1"},
				"west": {"uv": [0, 0, 3.4, 15.2], "texture": "#1"},
				"up": {"uv": [0, 0, 0.7, 0.4], "texture": "#missing"}
			}
		},
		{
			"from": [7.65, 9.766, 7.035],
			"to": [8.35, 10.966, 7.435],
			"faces": {
				"north": {"uv": [0, 0, 15.7, 15.2], "texture": "#0"},
				"east": {"uv": [0, 0, 2.4, 15.2], "texture": "#0"},
				"south": {"uv": [0, 0, 15.7, 15.2], "texture": "#0"},
				"west": {"uv": [0, 0, 2.4, 15.2], "texture": "#0"},
				"up": {"uv": [0, 0, 0.7, 0.4], "texture": "#missing"},
				"down": {"uv": [0, 0, 0.7, 0.4], "texture": "#missing"}
			}
		},
		{
			"from": [7.65, 7.16, 7.035],
			"to": [8.35, 8.4, 7.435],
			"faces": {
				"north": {"uv": [0, 0, 0.7, 1.2], "texture": "#1"},
				"east": {"uv": [0, 0, 3.4, 15.2], "texture": "#1"},
				"south": {"uv": [0, 0, 0.7, 1.2], "texture": "#1"},
				"west": {"uv": [0, 0, 3.4, 15.2], "texture": "#1"},
				"up": {"uv": [0, 0, 0.7, 0.4], "texture": "#missing"},
				"down": {"uv": [0, 0, 0.7, 0.4], "texture": "#missing"}
			}
		},
		{
			"from": [7.65, 4.6, 7.035],
			"to": [8.35, 5.8, 7.435],
			"faces": {
				"north": {"uv": [0, 0, 15.7, 15.2], "texture": "#0"},
				"east": {"uv": [0, 0, 2.4, 15.2], "texture": "#0"},
				"south": {"uv": [0, 0, 15.7, 15.2], "texture": "#0"},
				"west": {"uv": [0, 0, 2.4, 15.2], "texture": "#0"},
				"up": {"uv": [0, 0, 0.7, 0.4], "texture": "#missing"}
			}
		},
		{
			"from": [7.5, 0, 7.5],
			"to": [8.5, 0.7, 8.5],
			"faces": {
				"north": {"uv": [0, 0, 16, 16], "texture": "#0"},
				"east": {"uv": [0, 0, 16, 16], "texture": "#0"},
				"south": {"uv": [0, 0, 16, 16], "texture": "#0"},
				"west": {"uv": [0, 0, 16, 16], "texture": "#0"},
				"up": {"uv": [0, 0, 16, 16], "texture": "#0"},
				"down": {"uv": [0, 0, 16, 16], "texture": "#0"}
			}
		},
		{
			"from": [7.5, 3, 7.5],
			"to": [8.5, 3.2, 8.5],
			"faces": {
				"north": {"uv": [0, 0, 16, 16], "texture": "#4"},
				"east": {"uv": [0, 0, 16, 16], "texture": "#4"},
				"south": {"uv": [0, 0, 16, 16], "texture": "#4"},
				"west": {"uv": [0, 0, 16, 16], "texture": "#4"},
				"up": {"uv": [0, 0, 16, 16], "texture": "#4"},
				"down": {"uv": [0, 0, 16, 16], "texture": "#4"}
			}
		}
	],
	"display": {
		"thirdperson_righthand": {
			"translation": [0, 22, 1],
			"scale": [1, 4, 1]
		},
		"thirdperson_lefthand": {
			"translation": [0, 22, 1],
			"scale": [1, 4, 1]
		},
		"firstperson_righthand": {
			"rotation": [-61, 0, 0],
			"translation": [0, 9.75, -10],
			"scale": [1, 4, 1]
		},
		"firstperson_lefthand": {
			"rotation": [-61, 0, 0],
			"translation": [0, 9.75, -10],
			"scale": [1, 4, 1]
		},
		"ground": {
			"rotation": [90, 90, 0],
			"translation": [0, -3, 8.5],
			"scale": [1, 4, 1]
		},
		"gui": {
			"rotation": [0, 90, 0],
			"scale": [0, 4, 1]
		},
		"head": {
			"rotation": [180, 0, 0],
			"translation": [0, 12, 1],
			"scale": [1, 4, 1]
		},
		"fixed": {
			"rotation": [0, 90, 0],
			"translation": [0, 9, -1],
			"scale": [1, 4, 1]
		}
	}
}