{
	"credit": "Made with Blockbench",
	"textures": {
		"0": "item/cit/diamond",
		"1": "item/cit/gold",
		"2": "item/cit/stone1",
		"3": "item/cit/stone3",
		"particle": "item/cit/diamond"
	},
	"elements": [
		{
			"from": [7.75, 2.5, 7.5],
			"to": [8.25, 14.25, 8.5],
			"faces": {
				"north": {"uv": [0, 1, 16, 2], "texture": "#3"},
				"east": {"uv": [0, 1, 16, 2], "texture": "#3"},
				"south": {"uv": [0, 1, 16, 2], "texture": "#3"},
				"west": {"uv": [0, 1, 16, 2], "texture": "#3"}
			}
		},
		{
			"from": [7.5, 2.5, 7.75],
			"to": [8.5, 14.25, 8.25],
			"faces": {
				"north": {"uv": [0, 1, 16, 2], "texture": "#3"},
				"east": {"uv": [0, 1, 16, 2], "texture": "#3"},
				"south": {"uv": [0, 1, 16, 2], "texture": "#3"},
				"west": {"uv": [0, 1, 16, 2], "texture": "#3"}
			}
		},
		{
			"from": [7.5, 16.5, 7.5],
			"to": [8.5, 16.75, 8.5],
			"faces": {
				"north": {"uv": [0, 0, 0.75, 16], "texture": "#3"},
				"east": {"uv": [0, 0, 0.75, 16], "texture": "#3"},
				"south": {"uv": [0, 0, 0.75, 16], "texture": "#3"},
				"west": {"uv": [0, 0, 0.75, 16], "texture": "#3"},
				"up": {"uv": [0, 0, 0.75, 16], "texture": "#3"},
				"down": {"uv": [0, 0, 0.75, 16], "texture": "#3"}
			}
		},
		{
			"from": [7.6, 16.5, 8.5],
			"to": [8.4, 16.75, 8.75],
			"faces": {
				"east": {"uv": [0, 0, 0.75, 16], "texture": "#3"},
				"south": {"uv": [0, 0, 0.75, 16], "texture": "#3"},
				"west": {"uv": [0, 0, 0.75, 16], "texture": "#3"},
				"up": {"uv": [0, 0, 0.75, 16], "texture": "#3"},
				"down": {"uv": [0, 0, 0.75, 16], "texture": "#3"}
			}
		},
		{
			"from": [7.5, 14.25, 7.5],
			"to": [8.5, 14.5, 8.5],
			"faces": {
				"north": {"uv": [0, 0, 0.75, 16], "texture": "#3"},
				"east": {"uv": [0, 0, 0.75, 16], "texture": "#3"},
				"south": {"uv": [0, 0, 0.75, 16], "texture": "#3"},
				"west": {"uv": [0, 0, 0.75, 16], "texture": "#3"},
				"up": {"uv": [0, 0, 0.75, 16], "texture": "#3"},
				"down": {"uv": [0, 0, 0.75, 16], "texture": "#3"}
			}
		},
		{
			"from": [7.75, 14.5, 7.75],
			"to": [8.25, 16.5, 8.25],
			"faces": {
				"north": {"uv": [3, 0, 13, 16], "texture": "#0"},
				"east": {"uv": [3, 0, 13, 16], "texture": "#0"},
				"south": {"uv": [3, 0, 13, 16], "texture": "#0"},
				"west": {"uv": [3, 0, 13, 16], "texture": "#0"}
			}
		},
		{
			"from": [7.75, 0.25, 7.75],
			"to": [8.25, 2.25, 8.25],
			"faces": {
				"north": {"uv": [3, 0, 13, 16], "texture": "#0"},
				"east": {"uv": [3, 0, 13, 16], "texture": "#0"},
				"south": {"uv": [3, 0, 13, 16], "texture": "#0"},
				"west": {"uv": [3, 0, 13, 16], "texture": "#0"}
			}
		},
		{
			"from": [7.6, 14.25, 8.5],
			"to": [8.4, 14.5, 8.75],
			"faces": {
				"east": {"uv": [0, 0, 0.75, 16], "texture": "#3"},
				"south": {"uv": [0, 0, 0.75, 16], "texture": "#3"},
				"west": {"uv": [0, 0, 0.75, 16], "texture": "#3"},
				"up": {"uv": [0, 0, 0.75, 16], "texture": "#3"},
				"down": {"uv": [0, 0, 0.75, 16], "texture": "#3"}
			}
		},
		{
			"from": [7.6, 16.5, 7.25],
			"to": [8.4, 16.75, 7.5],
			"faces": {
				"north": {"uv": [0, 0, 0.75, 16], "texture": "#3"},
				"east": {"uv": [0, 0, 0.75, 16], "texture": "#3"},
				"west": {"uv": [0, 0, 0.75, 16], "texture": "#3"},
				"up": {"uv": [0, 0, 0.75, 16], "texture": "#3"},
				"down": {"uv": [0, 0, 0.75, 16], "texture": "#3"}
			}
		},
		{
			"from": [7.6, 14.25, 7.25],
			"to": [8.4, 14.5, 7.5],
			"faces": {
				"north": {"uv": [0, 0, 0.75, 16], "texture": "#3"},
				"east": {"uv": [0, 0, 0.75, 16], "texture": "#3"},
				"west": {"uv": [0, 0, 0.75, 16], "texture": "#3"},
				"up": {"uv": [0, 0, 0.75, 16], "texture": "#3"},
				"down": {"uv": [0, 0, 0.75, 16], "texture": "#3"}
			}
		},
		{
			"from": [7.5, 2.25, 7.5],
			"to": [8.5, 2.5, 8.5],
			"faces": {
				"north": {"uv": [0, 0, 0.75, 16], "texture": "#3"},
				"east": {"uv": [0, 0, 0.75, 16], "texture": "#3"},
				"south": {"uv": [0, 0, 0.75, 16], "texture": "#3"},
				"west": {"uv": [0, 0, 0.75, 16], "texture": "#3"},
				"up": {"uv": [0, 0, 0.75, 16], "texture": "#3"},
				"down": {"uv": [0, 0, 0.75, 16], "texture": "#3"}
			}
		},
		{
			"from": [7.6, 2.25, 7.25],
			"to": [8.4, 2.5, 7.5],
			"faces": {
				"north": {"uv": [0, 0, 0.75, 16], "texture": "#3"},
				"east": {"uv": [0, 0, 0.75, 16], "texture": "#3"},
				"west": {"uv": [0, 0, 0.75, 16], "texture": "#3"},
				"up": {"uv": [0, 0, 0.75, 16], "texture": "#3"},
				"down": {"uv": [0, 0, 0.75, 16], "texture": "#3"}
			}
		},
		{
			"from": [7.6, 2.25, 8.5],
			"to": [8.4, 2.5, 8.75],
			"faces": {
				"east": {"uv": [0, 0, 0.75, 16], "texture": "#3"},
				"south": {"uv": [0, 0, 0.75, 16], "texture": "#3"},
				"west": {"uv": [0, 0, 0.75, 16], "texture": "#3"},
				"up": {"uv": [0, 0, 0.75, 16], "texture": "#3"},
				"down": {"uv": [0, 0, 0.75, 16], "texture": "#3"}
			}
		},
		{
			"from": [7.5, 0, 7.5],
			"to": [8.5, 0.25, 8.5],
			"faces": {
				"north": {"uv": [0, 0, 0.75, 16], "texture": "#3"},
				"east": {"uv": [0, 0, 0.75, 16], "texture": "#3"},
				"south": {"uv": [0, 0, 0.75, 16], "texture": "#3"},
				"west": {"uv": [0, 0, 0.75, 16], "texture": "#3"},
				"up": {"uv": [0, 0, 0.75, 16], "texture": "#3"},
				"down": {"uv": [0, 0, 0.75, 16], "texture": "#3"}
			}
		},
		{
			"from": [7.6, 0, 7.25],
			"to": [8.4, 0.25, 7.5],
			"faces": {
				"north": {"uv": [0, 0, 0.75, 16], "texture": "#3"},
				"east": {"uv": [0, 0, 0.75, 16], "texture": "#3"},
				"west": {"uv": [0, 0, 0.75, 16], "texture": "#3"},
				"up": {"uv": [0, 0, 0.75, 16], "texture": "#3"},
				"down": {"uv": [0, 0, 0.75, 16], "texture": "#3"}
			}
		},
		{
			"from": [7.6, 0, 8.5],
			"to": [8.4, 0.25, 8.75],
			"faces": {
				"east": {"uv": [0, 0, 0.75, 16], "texture": "#3"},
				"south": {"uv": [0, 0, 0.75, 16], "texture": "#3"},
				"west": {"uv": [0, 0, 0.75, 16], "texture": "#3"},
				"up": {"uv": [0, 0, 0.75, 16], "texture": "#3"},
				"down": {"uv": [0, 0, 0.75, 16], "texture": "#3"}
			}
		},
		{
			"from": [7.8, 17, 7.75],
			"to": [8.2, 24.5, 8.25],
			"faces": {
				"north": {"uv": [11, 6, 11.5, 14], "texture": "#2"},
				"east": {"uv": [11, 6, 11.5, 14], "texture": "#2"},
				"south": {"uv": [11, 6, 11.5, 14], "texture": "#2"},
				"west": {"uv": [11, 6, 11.5, 14], "texture": "#2"},
				"up": {"uv": [11, 6, 11.5, 7], "texture": "#2"}
			}
		},
		{
			"from": [7.75, 17, 7.8],
			"to": [8.25, 17.1, 8.2],
			"faces": {
				"north": {"uv": [0, 12.25, 0.75, 12.75], "texture": "#1"},
				"east": {"uv": [0, 12.25, 3, 12.5], "rotation": 180, "texture": "#1"},
				"south": {"uv": [2.25, 12.25, 2.75, 12.5], "texture": "#1"},
				"west": {"uv": [0, 12.25, 3, 12.5], "texture": "#1"},
				"up": {"uv": [0, 12.25, 3, 12.5], "rotation": 90, "texture": "#1"}
			}
		},
		{
			"from": [7.75, 17.1, 7.85],
			"to": [8.25, 17.2, 8.15],
			"faces": {
				"north": {"uv": [0, 12.25, 0.75, 12.75], "texture": "#1"},
				"east": {"uv": [0, 12.25, 3, 12.5], "rotation": 180, "texture": "#1"},
				"south": {"uv": [2.25, 12.25, 2.75, 12.5], "texture": "#1"},
				"west": {"uv": [0, 12.25, 3, 12.5], "texture": "#1"},
				"up": {"uv": [0, 12.25, 3, 12.5], "rotation": 90, "texture": "#1"}
			}
		},
		{
			"from": [7.75, 17.2, 7.875],
			"to": [8.25, 17.4, 8.125],
			"faces": {
				"north": {"uv": [0, 12.25, 0.75, 12.75], "texture": "#1"},
				"east": {"uv": [0, 12.25, 3, 12.5], "rotation": 180, "texture": "#1"},
				"south": {"uv": [2.25, 12.25, 2.75, 12.5], "texture": "#1"},
				"west": {"uv": [0, 12.25, 3, 12.5], "texture": "#1"},
				"up": {"uv": [0, 12.25, 3, 12.5], "rotation": 90, "texture": "#1"}
			}
		},
		{
			"from": [7.75, 17.4, 7.9],
			"to": [8.25, 23.4, 8.1],
			"faces": {
				"north": {"uv": [0, 12.25, 0.75, 12.75], "texture": "#1"},
				"east": {"uv": [0, 12.25, 3, 12.5], "rotation": 180, "texture": "#1"},
				"south": {"uv": [2.25, 12.25, 2.75, 12.5], "texture": "#1"},
				"west": {"uv": [0, 12.25, 3, 12.5], "texture": "#1"},
				"up": {"uv": [0, 12.25, 3, 12.5], "rotation": 90, "texture": "#1"}
			}
		},
		{
			"from": [7.75, 23.4, 7.95],
			"to": [8.25, 23.85, 8.05],
			"faces": {
				"north": {"uv": [0, 12.25, 0.75, 12.75], "texture": "#1"},
				"east": {"uv": [0, 12.25, 3, 12.5], "rotation": 180, "texture": "#1"},
				"south": {"uv": [2.25, 12.25, 2.75, 12.5], "texture": "#1"},
				"west": {"uv": [0, 12.25, 3, 12.5], "texture": "#1"},
				"up": {"uv": [0, 12.25, 3, 12.5], "rotation": 90, "texture": "#1"}
			}
		},
		{
			"from": [7.8, 24.5, 7.875],
			"to": [8.2, 25, 8.125],
			"faces": {
				"north": {"uv": [11, 6, 11.5, 7], "texture": "#2"},
				"east": {"uv": [11, 6, 11.5, 7], "texture": "#2"},
				"south": {"uv": [11, 6, 11.5, 7], "texture": "#2"},
				"west": {"uv": [11, 6, 11.5, 7], "texture": "#2"},
				"up": {"uv": [11, 6, 11.5, 7], "texture": "#2"}
			}
		},
		{
			"from": [7.85, 17.5, 8.25],
			"to": [8.15, 24.5, 8.5],
			"faces": {
				"east": {"uv": [11, 6, 11.5, 14], "texture": "#2"},
				"south": {"uv": [11, 6, 11.5, 14], "texture": "#2"},
				"west": {"uv": [11, 6, 11.5, 14], "texture": "#2"},
				"up": {"uv": [11, 6, 11.5, 7], "texture": "#2"},
				"down": {"uv": [11, 6, 11.5, 14], "texture": "#2"}
			}
		},
		{
			"from": [7.95, 17.75, 8.5],
			"to": [8.05, 24.5, 8.6],
			"faces": {
				"east": {"uv": [11, 6, 11.5, 14], "texture": "#2"},
				"south": {"uv": [11, 6, 11.5, 14], "texture": "#2"},
				"west": {"uv": [11, 6, 11.5, 14], "texture": "#2"},
				"up": {"uv": [11, 6, 11.5, 7], "texture": "#2"},
				"down": {"uv": [11, 6, 11.5, 14], "texture": "#2"}
			}
		},
		{
			"from": [7.95, 24.5, 8.4],
			"to": [8.05, 25, 8.5],
			"faces": {
				"east": {"uv": [11, 6, 11.5, 7], "texture": "#2"},
				"south": {"uv": [11, 6, 11.5, 7], "texture": "#2"},
				"west": {"uv": [11, 6, 11.5, 7], "texture": "#2"},
				"up": {"uv": [11, 6, 11.5, 7], "texture": "#2"}
			}
		},
		{
			"from": [7.95, 25, 8.3],
			"to": [8.05, 25.25, 8.4],
			"faces": {
				"east": {"uv": [11, 6, 11.5, 7], "texture": "#2"},
				"south": {"uv": [11, 6, 11.5, 7], "texture": "#2"},
				"west": {"uv": [11, 6, 11.5, 7], "texture": "#2"},
				"up": {"uv": [11, 6, 11.5, 7], "texture": "#2"}
			}
		},
		{
			"from": [7.95, 25.25, 7.7],
			"to": [8.05, 25.45, 8.3],
			"faces": {
				"north": {"uv": [11, 6, 11.5, 7], "texture": "#2"},
				"east": {"uv": [11, 6, 11.5, 7], "texture": "#2"},
				"south": {"uv": [11, 6, 11.5, 7], "texture": "#2"},
				"west": {"uv": [11, 6, 11.5, 7], "texture": "#2"},
				"up": {"uv": [11, 6, 11.5, 7], "texture": "#2"}
			}
		},
		{
			"from": [7.95, 25, 7.6],
			"to": [8.05, 25.25, 7.7],
			"faces": {
				"north": {"uv": [11, 6, 11.5, 7], "texture": "#2"},
				"east": {"uv": [11, 6, 11.5, 7], "texture": "#2"},
				"west": {"uv": [11, 6, 11.5, 7], "texture": "#2"},
				"up": {"uv": [11, 6, 11.5, 7], "texture": "#2"}
			}
		},
		{
			"from": [7.95, 24.5, 7.5],
			"to": [8.05, 25, 7.6],
			"faces": {
				"north": {"uv": [11, 6, 11.5, 7], "texture": "#2"},
				"east": {"uv": [11, 6, 11.5, 7], "texture": "#2"},
				"west": {"uv": [11, 6, 11.5, 7], "texture": "#2"},
				"up": {"uv": [11, 6, 11.5, 7], "texture": "#2"}
			}
		},
		{
			"from": [7.95, 17.75, 7.4],
			"to": [8.05, 24.5, 7.5],
			"faces": {
				"north": {"uv": [11, 6, 11.5, 14], "texture": "#2"},
				"east": {"uv": [11, 6, 11.5, 14], "texture": "#2"},
				"west": {"uv": [11, 6, 11.5, 14], "texture": "#2"},
				"up": {"uv": [11, 6, 11.5, 7], "texture": "#2"},
				"down": {"uv": [11, 6, 11.5, 14], "texture": "#2"}
			}
		},
		{
			"from": [7.85, 17.5, 7.5],
			"to": [8.15, 24.5, 7.75],
			"faces": {
				"north": {"uv": [11, 6, 11.5, 14], "texture": "#2"},
				"east": {"uv": [11, 6, 11.5, 14], "texture": "#2"},
				"west": {"uv": [11, 6, 11.5, 14], "texture": "#2"},
				"up": {"uv": [11, 6, 11.5, 7], "texture": "#2"},
				"down": {"uv": [11, 6, 11.5, 14], "texture": "#2"}
			}
		},
		{
			"from": [7.85, 17.25, 7.625],
			"to": [8.15, 17.5, 7.75],
			"faces": {
				"north": {"uv": [11, 13, 11.5, 14], "texture": "#2"},
				"east": {"uv": [11, 13, 11.5, 14], "texture": "#2"},
				"west": {"uv": [11, 13, 11.5, 14], "texture": "#2"},
				"down": {"uv": [11, 13, 11.5, 14], "texture": "#2"}
			}
		},
		{
			"from": [7.85, 17.25, 8.25],
			"to": [8.15, 17.5, 8.375],
			"faces": {
				"east": {"uv": [11, 13, 11.5, 14], "texture": "#2"},
				"south": {"uv": [11, 13, 11.5, 14], "texture": "#2"},
				"west": {"uv": [11, 13, 11.5, 14], "texture": "#2"},
				"down": {"uv": [11, 13, 11.5, 14], "texture": "#2"}
			}
		},
		{
			"from": [7.85, 24.5, 7.6],
			"to": [8.15, 25, 8.4],
			"faces": {
				"north": {"uv": [11, 6, 11.5, 7], "texture": "#2"},
				"east": {"uv": [11, 6, 11.5, 7], "texture": "#2"},
				"south": {"uv": [11, 6, 11.5, 7], "texture": "#2"},
				"west": {"uv": [11, 6, 11.5, 7], "texture": "#2"},
				"up": {"uv": [11, 6, 11.5, 7], "texture": "#2"}
			}
		},
		{
			"from": [7.85, 25, 7.7],
			"to": [8.15, 25.25, 8.3],
			"faces": {
				"north": {"uv": [11, 6, 11.5, 7], "texture": "#2"},
				"east": {"uv": [11, 6, 11.5, 7], "texture": "#2"},
				"south": {"uv": [11, 6, 11.5, 7], "texture": "#2"},
				"west": {"uv": [11, 6, 11.5, 7], "texture": "#2"},
				"up": {"uv": [11, 6, 11.5, 7], "texture": "#2"}
			}
		},
		{
			"from": [7.8, 16.953, 9.51],
			"to": [8.2, 17.203, 10.76],
			"rotation": {"angle": 22.5, "axis": "x", "origin": [7.875, 17.125, 9]},
			"faces": {
				"north": {"uv": [2.25, 12.25, 2.75, 12.5], "texture": "#1"},
				"east": {"uv": [2.25, 12.25, 2.75, 12.5], "texture": "#1"},
				"south": {"uv": [2.25, 12.25, 2.75, 12.5], "texture": "#1"},
				"west": {"uv": [2.25, 12.25, 2.75, 12.5], "texture": "#1"},
				"up": {"uv": [2.25, 12.25, 2.75, 12.5], "texture": "#1"},
				"down": {"uv": [2.25, 12.25, 2.75, 12.5], "texture": "#1"}
			}
		},
		{
			"from": [7.8, 17.717, 5.391],
			"to": [8.2, 17.967, 6.641],
			"rotation": {"angle": -22.5, "axis": "x", "origin": [7.875, 17.125, 9]},
			"faces": {
				"north": {"uv": [0, 12.25, 0.75, 12.75], "texture": "#1"},
				"east": {"uv": [0, 12.25, 0.75, 12.75], "texture": "#1"},
				"south": {"uv": [0, 12.25, 0.75, 12.75], "texture": "#1"},
				"west": {"uv": [0, 12.25, 0.75, 12.75], "texture": "#1"},
				"up": {"uv": [0, 12.25, 0.75, 12.75], "texture": "#1"},
				"down": {"uv": [0, 12.25, 0.75, 12.75], "texture": "#1"}
			}
		},
		{
			"from": [7.7, 16.75, 6.5],
			"to": [8.3, 17, 9.5],
			"faces": {
				"north": {"uv": [0, 12.25, 0.75, 12.75], "texture": "#1"},
				"east": {"uv": [0, 12.25, 3, 12.5], "rotation": 180, "texture": "#1"},
				"south": {"uv": [2.25, 12.25, 2.75, 12.5], "texture": "#1"},
				"west": {"uv": [0, 12.25, 3, 12.5], "texture": "#1"},
				"up": {"uv": [0, 12.25, 3, 12.5], "rotation": 90, "texture": "#1"},
				"down": {"uv": [0, 12.25, 3, 12.5], "rotation": 270, "texture": "#1"}
			}
		},
		{
			"from": [8.25, 2.5, 8.25],
			"to": [8.375, 14.25, 8.375],
			"faces": {
				"east": {"uv": [0, 1, 16, 2], "texture": "#0"},
				"south": {"uv": [0, 1, 16, 2], "texture": "#0"}
			}
		},
		{
			"from": [8.25, 2.5, 7.625],
			"to": [8.375, 14.25, 7.75],
			"faces": {
				"north": {"uv": [0, 1, 16, 2], "texture": "#0"},
				"east": {"uv": [0, 1, 16, 2], "texture": "#0"}
			}
		},
		{
			"from": [7.625, 2.5, 7.625],
			"to": [7.75, 14.25, 7.75],
			"faces": {
				"north": {"uv": [0, 1, 16, 2], "texture": "#0"},
				"west": {"uv": [0, 1, 16, 2], "texture": "#0"}
			}
		},
		{
			"from": [7.625, 2.5, 8.25],
			"to": [7.75, 14.25, 8.375],
			"faces": {
				"south": {"uv": [0, 1, 16, 2], "texture": "#0"},
				"west": {"uv": [0, 1, 16, 2], "texture": "#0"}
			}
		}
	],
	"display": {
		"thirdperson_righthand": {
			"translation": [0, 3.5, 1],
			"scale": [1, 1.6, 1]
		},
		"thirdperson_lefthand": {
			"translation": [0, 3.5, 1],
			"scale": [1, 1.6, 1]
		},
		"firstperson_righthand": {
			"rotation": [-62, 0, 0],
			"translation": [0, 3.5, 1],
			"scale": [1, 1.6, 1]
		},
		"firstperson_lefthand": {
			"rotation": [-62, 0, 0],
			"translation": [0, 3.5, 1],
			"scale": [1, 1.6, 1]
		},
		"ground": {
			"rotation": [0, 0, 90],
			"translation": [6, 0, 1],
			"scale": [1, 1.6, 1]
		},
		"gui": {
			"rotation": [45, -44, 76],
			"translation": [1.25, -1.25, 1],
			"scale": [1, 1.6, 1]
		},
		"head": {
			"rotation": [110, 0, 0],
			"translation": [-3, -8, -21],
			"scale": [1, 1.6, 1]
		},
		"fixed": {
			"rotation": [0, 90, 0],
			"translation": [0, -6.5, -1.25],
			"scale": [1, 1.6, 1]
		}
	}
}