{
	"credit": "Made with Blockbench",
	"textures": {
		"1": "item/cit/ruby2",
		"2": "item/cit/ana",
		"3": "item/cit/tetu",
		"4": "item/cit/stone3",
		"6": "item/cit/lead",
		"particle": "item/cit/lead"
	},
	"elements": [
		{
			"from": [7.5, 0, 11.45],
			"to": [8.5, 0.75, 12.25],
			"faces": {
				"north": {"uv": [12, 13.3, 12.8, 14.1], "texture": "#4"},
				"east": {"uv": [12, 13.3, 12.8, 14.1], "texture": "#4"},
				"south": {"uv": [12, 13.3, 12.8, 14.1], "texture": "#4"},
				"west": {"uv": [0, 14.3, 0.8, 15.1], "texture": "#4"},
				"up": {"uv": [12, 13.3, 12.8, 14.1], "texture": "#4"},
				"down": {"uv": [12, 13.3, 12.8, 14.1], "texture": "#4"}
			}
		},
		{
			"from": [7.5, 0.75, 11.35],
			"to": [8.5, 1.5, 12.15],
			"faces": {
				"north": {"uv": [12, 13.3, 12.8, 14.1], "texture": "#4"},
				"east": {"uv": [12, 13.3, 12.8, 14.1], "texture": "#4"},
				"south": {"uv": [12, 13.3, 12.8, 14.1], "texture": "#4"},
				"west": {"uv": [0, 14.3, 0.8, 15.1], "texture": "#4"},
				"up": {"uv": [12, 13.3, 12.8, 14.1], "texture": "#4"},
				"down": {"uv": [12, 13.3, 12.8, 14.1], "texture": "#4"}
			}
		},
		{
			"from": [7.5, 2.25, 11.15],
			"to": [8.5, 2.85, 11.95],
			"faces": {
				"north": {"uv": [0, 14.3, 0.8, 14.85], "texture": "#4"},
				"east": {"uv": [0, 14.3, 0.8, 14.85], "texture": "#4"},
				"south": {"uv": [0, 14.3, 0.8, 14.85], "texture": "#4"},
				"west": {"uv": [0, 14.3, 0.8, 14.85], "texture": "#4"},
				"up": {"uv": [0, 14.3, 0.8, 14.85], "texture": "#4"},
				"down": {"uv": [0, 14.3, 0.8, 14.85], "texture": "#4"}
			}
		},
		{
			"from": [7.6, 2.85, 10.95],
			"to": [8.4, 3.15, 11.75],
			"faces": {
				"east": {"uv": [0, 13.3, 0.8, 13.85], "texture": "#4"},
				"south": {"uv": [0, 13.3, 0.8, 13.85], "texture": "#4"},
				"west": {"uv": [0, 13.3, 0.8, 13.85], "texture": "#4"},
				"up": {"uv": [0, 13.3, 0.8, 13.85], "texture": "#4"}
			}
		},
		{
			"from": [7.8, 1.7, 15.25],
			"to": [8.2, 2.85, 15.4],
			"faces": {
				"north": {"uv": [0, 13.3, 0.8, 13.85], "texture": "#4"},
				"east": {"uv": [0, 13.3, 0.8, 13.85], "texture": "#4"},
				"south": {"uv": [0, 13.3, 0.8, 13.85], "texture": "#4"},
				"west": {"uv": [0, 13.3, 0.8, 13.85], "texture": "#4"},
				"down": {"uv": [0, 13.3, 0.8, 13.85], "texture": "#4"}
			}
		},
		{
			"from": [7.8, 2.85, 11.7],
			"to": [8.2, 3, 15.4],
			"faces": {
				"east": {"uv": [0, 13.3, 0.8, 13.85], "texture": "#4"},
				"south": {"uv": [0, 13.3, 0.8, 13.85], "texture": "#4"},
				"west": {"uv": [0, 13.3, 0.8, 13.85], "texture": "#4"},
				"up": {"uv": [0, 13.3, 0.8, 13.85], "texture": "#4"},
				"down": {"uv": [0, 13.3, 0.8, 13.85], "texture": "#4"}
			}
		},
		{
			"from": [7.8, 2.25, 11.95],
			"to": [8.2, 2.4, 12.25],
			"faces": {
				"east": {"uv": [0, 13.3, 0.8, 13.85], "texture": "#4"},
				"south": {"uv": [0, 13.3, 0.8, 13.85], "texture": "#4"},
				"west": {"uv": [0, 13.3, 0.8, 13.85], "texture": "#4"},
				"up": {"uv": [0, 13.3, 0.8, 13.85], "texture": "#4"},
				"down": {"uv": [0, 13.3, 0.8, 13.85], "texture": "#4"}
			}
		},
		{
			"from": [7.8, 2.2, 12.25],
			"to": [8.2, 2.35, 12.55],
			"faces": {
				"north": {"uv": [0, 13.3, 0.8, 13.85], "texture": "#4"},
				"east": {"uv": [0, 13.3, 0.8, 13.85], "texture": "#4"},
				"south": {"uv": [0, 13.3, 0.8, 13.85], "texture": "#4"},
				"west": {"uv": [0, 13.3, 0.8, 13.85], "texture": "#4"},
				"up": {"uv": [0, 13.3, 0.8, 13.85], "texture": "#4"},
				"down": {"uv": [0, 13.3, 0.8, 13.85], "texture": "#4"}
			}
		},
		{
			"from": [7.8, 2.1, 12.85],
			"to": [8.2, 2.25, 13.15],
			"faces": {
				"north": {"uv": [0, 13.3, 0.8, 13.85], "texture": "#4"},
				"east": {"uv": [0, 13.3, 0.8, 13.85], "texture": "#4"},
				"south": {"uv": [0, 13.3, 0.8, 13.85], "texture": "#4"},
				"west": {"uv": [0, 13.3, 0.8, 13.85], "texture": "#4"},
				"up": {"uv": [0, 13.3, 0.8, 13.85], "texture": "#4"},
				"down": {"uv": [0, 13.3, 0.8, 13.85], "texture": "#4"}
			}
		},
		{
			"from": [7.8, 2.15, 12.55],
			"to": [8.2, 2.3, 12.85],
			"faces": {
				"north": {"uv": [0, 13.3, 0.8, 13.85], "texture": "#4"},
				"east": {"uv": [0, 13.3, 0.8, 13.85], "texture": "#4"},
				"south": {"uv": [0, 13.3, 0.8, 13.85], "texture": "#4"},
				"west": {"uv": [0, 13.3, 0.8, 13.85], "texture": "#4"},
				"up": {"uv": [0, 13.3, 0.8, 13.85], "texture": "#4"},
				"down": {"uv": [0, 13.3, 0.8, 13.85], "texture": "#4"}
			}
		},
		{
			"from": [7.8, 2.05, 13.15],
			"to": [8.2, 2.2, 13.45],
			"faces": {
				"north": {"uv": [0, 13.3, 0.8, 13.85], "texture": "#4"},
				"east": {"uv": [0, 13.3, 0.8, 13.85], "texture": "#4"},
				"south": {"uv": [0, 13.3, 0.8, 13.85], "texture": "#4"},
				"west": {"uv": [0, 13.3, 0.8, 13.85], "texture": "#4"},
				"up": {"uv": [0, 13.3, 0.8, 13.85], "texture": "#4"},
				"down": {"uv": [0, 13.3, 0.8, 13.85], "texture": "#4"}
			}
		},
		{
			"from": [7.8, 2, 13.45],
			"to": [8.2, 2.15, 13.75],
			"faces": {
				"north": {"uv": [0, 13.3, 0.8, 13.85], "texture": "#4"},
				"east": {"uv": [0, 13.3, 0.8, 13.85], "texture": "#4"},
				"south": {"uv": [0, 13.3, 0.8, 13.85], "texture": "#4"},
				"west": {"uv": [0, 13.3, 0.8, 13.85], "texture": "#4"},
				"up": {"uv": [0, 13.3, 0.8, 13.85], "texture": "#4"},
				"down": {"uv": [0, 13.3, 0.8, 13.85], "texture": "#4"}
			}
		},
		{
			"from": [7.8, 1.95, 13.75],
			"to": [8.2, 2.1, 14.05],
			"faces": {
				"north": {"uv": [0, 13.3, 0.8, 13.85], "texture": "#4"},
				"east": {"uv": [0, 13.3, 0.8, 13.85], "texture": "#4"},
				"south": {"uv": [0, 13.3, 0.8, 13.85], "texture": "#4"},
				"west": {"uv": [0, 13.3, 0.8, 13.85], "texture": "#4"},
				"up": {"uv": [0, 13.3, 0.8, 13.85], "texture": "#4"},
				"down": {"uv": [0, 13.3, 0.8, 13.85], "texture": "#4"}
			}
		},
		{
			"from": [7.8, 1.9, 14.05],
			"to": [8.2, 2.05, 14.35],
			"faces": {
				"north": {"uv": [0, 13.3, 0.8, 13.85], "texture": "#4"},
				"east": {"uv": [0, 13.3, 0.8, 13.85], "texture": "#4"},
				"south": {"uv": [0, 13.3, 0.8, 13.85], "texture": "#4"},
				"west": {"uv": [0, 13.3, 0.8, 13.85], "texture": "#4"},
				"up": {"uv": [0, 13.3, 0.8, 13.85], "texture": "#4"},
				"down": {"uv": [0, 13.3, 0.8, 13.85], "texture": "#4"}
			}
		},
		{
			"from": [7.8, 1.85, 14.35],
			"to": [8.2, 2, 14.65],
			"faces": {
				"north": {"uv": [0, 13.3, 0.8, 13.85], "texture": "#4"},
				"east": {"uv": [0, 13.3, 0.8, 13.85], "texture": "#4"},
				"south": {"uv": [0, 13.3, 0.8, 13.85], "texture": "#4"},
				"west": {"uv": [0, 13.3, 0.8, 13.85], "texture": "#4"},
				"up": {"uv": [0, 13.3, 0.8, 13.85], "texture": "#4"},
				"down": {"uv": [0, 13.3, 0.8, 13.85], "texture": "#4"}
			}
		},
		{
			"from": [7.8, 1.8, 14.65],
			"to": [8.2, 1.95, 14.95],
			"faces": {
				"north": {"uv": [0, 13.3, 0.8, 13.85], "texture": "#4"},
				"east": {"uv": [0, 13.3, 0.8, 13.85], "texture": "#4"},
				"south": {"uv": [0, 13.3, 0.8, 13.85], "texture": "#4"},
				"west": {"uv": [0, 13.3, 0.8, 13.85], "texture": "#4"},
				"up": {"uv": [0, 13.3, 0.8, 13.85], "texture": "#4"},
				"down": {"uv": [0, 13.3, 0.8, 13.85], "texture": "#4"}
			}
		},
		{
			"from": [7.8, 1.75, 14.95],
			"to": [8.2, 1.9, 15.25],
			"faces": {
				"north": {"uv": [0, 13.3, 0.8, 13.85], "texture": "#4"},
				"east": {"uv": [0, 13.3, 0.8, 13.85], "texture": "#4"},
				"west": {"uv": [0, 13.3, 0.8, 13.85], "texture": "#4"},
				"up": {"uv": [0, 13.3, 0.8, 13.85], "texture": "#4"},
				"down": {"uv": [0, 13.3, 0.8, 13.85], "texture": "#4"}
			}
		},
		{
			"from": [7.7, 3.15, 10.95],
			"to": [8.3, 3.45, 11.75],
			"faces": {
				"east": {"uv": [0, 13.3, 0.8, 13.85], "texture": "#4"},
				"south": {"uv": [0, 13.3, 0.8, 13.85], "texture": "#4"},
				"west": {"uv": [0, 13.3, 0.8, 13.85], "texture": "#4"},
				"up": {"uv": [0, 13.3, 0.8, 13.85], "texture": "#4"}
			}
		},
		{
			"from": [7.8, 3.45, 10.7],
			"to": [8.2, 3.55, 11.5],
			"faces": {
				"east": {"uv": [0, 5.3, 0.8, 5.85], "texture": "#4"},
				"south": {"uv": [0, 5.3, 0.8, 5.85], "texture": "#4"},
				"west": {"uv": [0, 5.3, 0.8, 5.85], "texture": "#4"}
			}
		},
		{
			"from": [7.8, 3.45, 9.6],
			"to": [8.2, 3.55, 10.7],
			"faces": {
				"east": {"uv": [0.25, 2.35, 0.8, 2.7], "texture": "#1"},
				"west": {"uv": [0.25, 2.35, 0.8, 2.7], "texture": "#1"}
			}
		},
		{
			"from": [7.8, 3.45, 6.4],
			"to": [8.2, 3.55, 9],
			"faces": {
				"east": {"uv": [0.25, 2.35, 0.8, 2.7], "texture": "#1"},
				"west": {"uv": [0.25, 2.35, 0.8, 2.7], "texture": "#1"}
			}
		},
		{
			"from": [7.8, 3.45, 9],
			"to": [8.2, 3.55, 9.6],
			"faces": {
				"east": {"uv": [0.25, 2.35, 0.8, 2.7], "texture": "#6"},
				"west": {"uv": [0.25, 2.35, 0.8, 2.7], "texture": "#6"}
			}
		},
		{
			"from": [7.6, 2.85, 6.4],
			"to": [8.4, 2.95, 8.7],
			"faces": {
				"east": {"uv": [5.25, 3.25, 5.8, 3.6], "texture": "#1"},
				"west": {"uv": [5.25, 3.25, 5.8, 3.6], "texture": "#1"}
			}
		},
		{
			"from": [7.6, 2.85, 8.7],
			"to": [8.4, 2.95, 9.3],
			"faces": {
				"east": {"uv": [5.25, 3.25, 5.8, 3.6], "texture": "#6"},
				"west": {"uv": [5.25, 3.25, 5.8, 3.6], "texture": "#6"},
				"up": {"uv": [5.25, 3.25, 5.8, 3.6], "texture": "#6"}
			}
		},
		{
			"from": [7.6, 2.95, 6.4],
			"to": [8.4, 3.05, 8.75],
			"faces": {
				"east": {"uv": [5.25, 3.25, 5.8, 3.6], "texture": "#1"},
				"west": {"uv": [5.25, 3.25, 5.8, 3.6], "texture": "#1"},
				"up": {"uv": [5.25, 3.25, 5.8, 3.6], "texture": "#1"}
			}
		},
		{
			"from": [7.6, 2.95, 8.75],
			"to": [8.4, 3.05, 8.85],
			"faces": {
				"east": {"uv": [5.25, 3.25, 5.8, 3.6], "texture": "#6"},
				"south": {"uv": [5.25, 3.25, 5.8, 3.6], "texture": "#6"},
				"west": {"uv": [5.25, 3.25, 5.8, 3.6], "texture": "#6"}
			}
		},
		{
			"from": [7.6, 2.85, 9.3],
			"to": [8.4, 2.95, 10.95],
			"faces": {
				"east": {"uv": [5.25, 3.25, 5.8, 3.6], "texture": "#1"},
				"west": {"uv": [5.25, 3.25, 5.8, 3.6], "texture": "#1"}
			}
		},
		{
			"from": [7.6, 2.95, 9.35],
			"to": [8.4, 3.05, 10.95],
			"faces": {
				"east": {"uv": [5.25, 3.25, 5.8, 3.6], "texture": "#1"},
				"west": {"uv": [5.25, 3.25, 5.8, 3.6], "texture": "#1"}
			}
		},
		{
			"from": [7.6, 3.05, 8.6],
			"to": [8.4, 3.15, 8.8],
			"faces": {
				"north": {"uv": [5.25, 2.35, 5.8, 2.7], "texture": "#1"},
				"east": {"uv": [5.25, 2.35, 5.8, 2.7], "texture": "#1"},
				"west": {"uv": [5.25, 2.35, 5.8, 2.7], "texture": "#1"},
				"up": {"uv": [5.25, 2.35, 5.8, 2.7], "texture": "#1"}
			}
		},
		{
			"from": [7.6, 3.05, 8.8],
			"to": [8.4, 3.15, 8.9],
			"faces": {
				"east": {"uv": [5, 2, 5.8, 2.6], "texture": "#6"},
				"south": {"uv": [5, 2, 5.8, 2.6], "texture": "#6"},
				"west": {"uv": [5, 2, 5.8, 2.6], "texture": "#6"},
				"up": {"uv": [5, 2, 5.8, 2.6], "texture": "#6"},
				"down": {"uv": [5, 2, 5.8, 2.6], "texture": "#6"}
			}
		},
		{
			"from": [7.6, 2.25, 10.15],
			"to": [8.4, 2.55, 11.15],
			"faces": {
				"east": {"uv": [0, 2.1, 0.8, 2.7], "texture": "#1"},
				"west": {"uv": [0, 2.1, 0.8, 2.7], "texture": "#1"},
				"down": {"uv": [0, 2.1, 0.8, 2.7], "texture": "#1"}
			}
		},
		{
			"from": [7.6, 2.55, 10.05],
			"to": [8.4, 2.85, 11.15],
			"faces": {
				"east": {"uv": [1, 2.1, 1.8, 2.7], "texture": "#1"},
				"west": {"uv": [1, 2.1, 1.8, 2.7], "texture": "#1"}
			}
		},
		{
			"from": [7.6, 2.35, 10.1],
			"to": [8.4, 2.55, 10.15],
			"faces": {
				"east": {"uv": [0, 2.1, 0.8, 2.7], "texture": "#1"},
				"west": {"uv": [0, 2.1, 0.8, 2.7], "texture": "#1"}
			}
		},
		{
			"from": [7.6, 2.45, 10.05],
			"to": [8.4, 2.55, 10.1],
			"faces": {
				"east": {"uv": [0, 2.1, 0.8, 2.7], "texture": "#1"},
				"west": {"uv": [0, 2.1, 0.8, 2.7], "texture": "#1"}
			}
		},
		{
			"from": [7.6, 2.55, 10],
			"to": [8.4, 2.85, 10.05],
			"faces": {
				"east": {"uv": [1, 2.1, 1.8, 2.7], "texture": "#1"},
				"west": {"uv": [1, 2.1, 1.8, 2.7], "texture": "#1"}
			}
		},
		{
			"from": [7.6, 2.65, 9.95],
			"to": [8.4, 2.85, 10],
			"faces": {
				"east": {"uv": [1, 2.1, 1.8, 2.7], "texture": "#1"},
				"west": {"uv": [1, 2.1, 1.8, 2.7], "texture": "#1"}
			}
		},
		{
			"from": [7.6, 2.75, 9.9],
			"to": [8.4, 2.85, 9.95],
			"faces": {
				"east": {"uv": [1, 2.1, 1.8, 2.7], "texture": "#1"},
				"west": {"uv": [1, 2.1, 1.8, 2.7], "texture": "#1"}
			}
		},
		{
			"from": [7.6, 2.75, 6.4],
			"to": [8.4, 2.85, 9.9],
			"faces": {
				"east": {"uv": [0, 5.3, 0.8, 5.85], "texture": "#4"},
				"west": {"uv": [0, 5.3, 0.8, 5.85], "texture": "#4"},
				"down": {"uv": [0, 5.3, 0.8, 5.85], "texture": "#4"}
			}
		},
		{
			"from": [7.6, 2.65, 9.9],
			"to": [8.4, 2.75, 9.95],
			"faces": {
				"north": {"uv": [0, 5.3, 0.8, 5.85], "texture": "#4"},
				"east": {"uv": [0, 5.3, 0.8, 5.85], "texture": "#4"},
				"west": {"uv": [0, 5.3, 0.8, 5.85], "texture": "#4"},
				"down": {"uv": [0, 5.3, 0.8, 5.85], "texture": "#4"}
			}
		},
		{
			"from": [7.6, 2.25, 10.1],
			"to": [8.4, 2.35, 10.15],
			"faces": {
				"north": {"uv": [0, 5.3, 0.8, 5.85], "texture": "#4"},
				"east": {"uv": [0, 5.3, 0.8, 5.85], "texture": "#4"},
				"west": {"uv": [0, 5.3, 0.8, 5.85], "texture": "#4"},
				"down": {"uv": [0, 5.3, 0.8, 5.85], "texture": "#4"}
			}
		},
		{
			"from": [7.6, 2.55, 9.95],
			"to": [8.4, 2.65, 10],
			"faces": {
				"north": {"uv": [0, 5.3, 0.8, 5.85], "texture": "#4"},
				"east": {"uv": [0, 5.3, 0.8, 5.85], "texture": "#4"},
				"west": {"uv": [0, 5.3, 0.8, 5.85], "texture": "#4"},
				"down": {"uv": [0, 5.3, 0.8, 5.85], "texture": "#4"}
			}
		},
		{
			"from": [7.6, 2.35, 10.05],
			"to": [8.4, 2.45, 10.1],
			"faces": {
				"north": {"uv": [0, 5.3, 0.8, 5.85], "texture": "#4"},
				"east": {"uv": [0, 5.3, 0.8, 5.85], "texture": "#4"},
				"west": {"uv": [0, 5.3, 0.8, 5.85], "texture": "#4"},
				"down": {"uv": [0, 5.3, 0.8, 5.85], "texture": "#4"}
			}
		},
		{
			"from": [7.6, 2.45, 10],
			"to": [8.4, 2.55, 10.05],
			"faces": {
				"north": {"uv": [0, 5.3, 0.8, 5.85], "texture": "#4"},
				"east": {"uv": [0, 5.3, 0.8, 5.85], "texture": "#4"},
				"west": {"uv": [0, 5.3, 0.8, 5.85], "texture": "#4"},
				"down": {"uv": [0, 5.3, 0.8, 5.85], "texture": "#4"}
			}
		},
		{
			"from": [7.6, 2.55, 6.3],
			"to": [8.4, 3.15, 6.4],
			"faces": {
				"north": {"uv": [0, 4, 0.8, 6], "texture": "#4"},
				"east": {"uv": [0, 4, 0.8, 6], "texture": "#4"},
				"west": {"uv": [0, 4, 0.8, 6], "texture": "#4"},
				"up": {"uv": [0, 4, 0.8, 6], "texture": "#4"},
				"down": {"uv": [0, 4, 0.8, 6], "texture": "#4"}
			}
		},
		{
			"from": [7.7, 2.55, 6.25],
			"to": [8.3, 3.15, 6.3],
			"faces": {
				"north": {"uv": [0, 4, 0.8, 6], "texture": "#4"},
				"east": {"uv": [0, 4, 0.8, 6], "texture": "#4"},
				"west": {"uv": [0, 4, 0.8, 6], "texture": "#4"},
				"up": {"uv": [0, 4, 0.8, 6], "texture": "#4"},
				"down": {"uv": [0, 4, 0.8, 6], "texture": "#4"}
			}
		},
		{
			"from": [7.8, 2.55, 6.2],
			"to": [8.2, 3.15, 6.25],
			"faces": {
				"north": {"uv": [0, 4, 0.8, 6], "texture": "#4"},
				"east": {"uv": [0, 4, 0.8, 6], "texture": "#4"},
				"west": {"uv": [0, 4, 0.8, 6], "texture": "#4"},
				"up": {"uv": [0, 4, 0.8, 6], "texture": "#4"},
				"down": {"uv": [0, 4, 0.8, 6], "texture": "#4"}
			}
		},
		{
			"from": [7.9, 2.8, 3.35],
			"to": [8.1, 3, 6.2],
			"faces": {
				"north": {"uv": [4, 4, 12, 12], "texture": "#2"},
				"east": {"uv": [5, 2, 5.8, 5], "texture": "#4"},
				"west": {"uv": [5, 2, 5.8, 5], "texture": "#4"},
				"up": {"uv": [5, 2, 5.75, 5], "rotation": 90, "texture": "#4"},
				"down": {"uv": [5, 2, 5.75, 5], "rotation": 270, "texture": "#4"}
			}
		},
		{
			"from": [7.975, 2.65, 3.465],
			"to": [8.025, 2.7, 6.2],
			"faces": {
				"north": {"uv": [0, 2.1, 1, 2.7], "texture": "#1"},
				"east": {"uv": [0, 2, 2.8, 2.6], "rotation": 180, "texture": "#1"},
				"west": {"uv": [0, 2, 2.8, 2.6], "texture": "#1"},
				"up": {"uv": [0, 2.1, 2.8, 2.7], "rotation": 90, "texture": "#1"},
				"down": {"uv": [0, 2.1, 2.8, 2.7], "rotation": 270, "texture": "#1"}
			}
		},
		{
			"from": [7.975, 3.1, 3.465],
			"to": [8.025, 3.15, 6.2],
			"faces": {
				"north": {"uv": [0, 2.1, 1, 2.7], "texture": "#1"},
				"east": {"uv": [0, 2, 2.8, 2.6], "rotation": 180, "texture": "#1"},
				"west": {"uv": [0, 2, 2.8, 2.6], "texture": "#1"},
				"up": {"uv": [0, 2.1, 2.8, 2.7], "rotation": 90, "texture": "#1"},
				"down": {"uv": [0, 2.1, 2.8, 2.7], "rotation": 270, "texture": "#1"}
			}
		},
		{
			"from": [7.975, 2.7, 5.9],
			"to": [8.025, 2.75, 6],
			"faces": {
				"north": {"uv": [0, 2.1, 1, 2.7], "texture": "#1"},
				"east": {"uv": [0, 2.1, 3, 2.7], "rotation": 180, "texture": "#1"},
				"south": {"uv": [2, 2.1, 3, 2.7], "texture": "#1"},
				"west": {"uv": [0, 2.1, 3, 2.7], "texture": "#1"},
				"up": {"uv": [0, 2.1, 3, 2.7], "rotation": 90, "texture": "#1"}
			}
		},
		{
			"from": [7.975, 2.75, 5.865],
			"to": [8.025, 2.8, 5.965],
			"faces": {
				"north": {"uv": [0, 2.1, 1, 2.7], "texture": "#1"},
				"east": {"uv": [0, 2.1, 3, 2.7], "rotation": 180, "texture": "#1"},
				"south": {"uv": [2, 2.1, 3, 2.7], "texture": "#1"},
				"west": {"uv": [0, 2.1, 3, 2.7], "texture": "#1"},
				"down": {"uv": [0, 2.1, 3, 2.7], "rotation": 270, "texture": "#1"}
			}
		},
		{
			"from": [7.975, 3, 5.865],
			"to": [8.025, 3.05, 5.965],
			"faces": {
				"north": {"uv": [0, 2.1, 1, 2.7], "texture": "#1"},
				"east": {"uv": [0, 2.1, 3, 2.7], "rotation": 180, "texture": "#1"},
				"south": {"uv": [2, 2.1, 3, 2.7], "texture": "#1"},
				"west": {"uv": [0, 2.1, 3, 2.7], "texture": "#1"},
				"up": {"uv": [0, 2.1, 3, 2.7], "texture": "#1"}
			}
		},
		{
			"from": [7.975, 3.05, 5.9],
			"to": [8.025, 3.1, 6],
			"faces": {
				"north": {"uv": [0, 2.1, 1, 2.7], "texture": "#1"},
				"east": {"uv": [0, 2.1, 3, 2.7], "rotation": 180, "texture": "#1"},
				"south": {"uv": [2, 2.1, 3, 2.7], "texture": "#1"},
				"west": {"uv": [0, 2.1, 3, 2.7], "texture": "#1"},
				"down": {"uv": [0, 2.1, 3, 2.7], "texture": "#1"}
			}
		},
		{
			"from": [7.975, 3.05, 5.4],
			"to": [8.025, 3.1, 5.5],
			"faces": {
				"north": {"uv": [0, 2.1, 1, 2.7], "texture": "#1"},
				"east": {"uv": [0, 2.1, 3, 2.7], "rotation": 180, "texture": "#1"},
				"south": {"uv": [2, 2.1, 3, 2.7], "texture": "#1"},
				"west": {"uv": [0, 2.1, 3, 2.7], "texture": "#1"},
				"down": {"uv": [0, 2.1, 3, 2.7], "texture": "#1"}
			}
		},
		{
			"from": [7.975, 3, 5.365],
			"to": [8.025, 3.05, 5.465],
			"faces": {
				"north": {"uv": [0, 2.1, 1, 2.7], "texture": "#1"},
				"east": {"uv": [0, 2.1, 3, 2.7], "rotation": 180, "texture": "#1"},
				"south": {"uv": [2, 2.1, 3, 2.7], "texture": "#1"},
				"west": {"uv": [0, 2.1, 3, 2.7], "texture": "#1"},
				"up": {"uv": [0, 2.1, 3, 2.7], "texture": "#1"}
			}
		},
		{
			"from": [7.975, 3.05, 4.4],
			"to": [8.025, 3.1, 4.5],
			"faces": {
				"north": {"uv": [0, 2.1, 1, 2.7], "texture": "#1"},
				"east": {"uv": [0, 2.1, 3, 2.7], "rotation": 180, "texture": "#1"},
				"south": {"uv": [2, 2.1, 3, 2.7], "texture": "#1"},
				"west": {"uv": [0, 2.1, 3, 2.7], "texture": "#1"},
				"down": {"uv": [0, 2.1, 3, 2.7], "texture": "#1"}
			}
		},
		{
			"from": [7.975, 3, 4.365],
			"to": [8.025, 3.05, 4.465],
			"faces": {
				"north": {"uv": [0, 2.1, 1, 2.7], "texture": "#1"},
				"east": {"uv": [0, 2.1, 3, 2.7], "rotation": 180, "texture": "#1"},
				"south": {"uv": [2, 2.1, 3, 2.7], "texture": "#1"},
				"west": {"uv": [0, 2.1, 3, 2.7], "texture": "#1"},
				"up": {"uv": [0, 2.1, 3, 2.7], "texture": "#1"}
			}
		},
		{
			"from": [7.975, 3.05, 4.9],
			"to": [8.025, 3.1, 5],
			"faces": {
				"north": {"uv": [0, 2.1, 1, 2.7], "texture": "#1"},
				"east": {"uv": [0, 2.1, 3, 2.7], "rotation": 180, "texture": "#1"},
				"south": {"uv": [2, 2.1, 3, 2.7], "texture": "#1"},
				"west": {"uv": [0, 2.1, 3, 2.7], "texture": "#1"},
				"down": {"uv": [0, 2.1, 3, 2.7], "texture": "#1"}
			}
		},
		{
			"from": [7.975, 3, 4.865],
			"to": [8.025, 3.05, 4.965],
			"faces": {
				"north": {"uv": [0, 2.1, 1, 2.7], "texture": "#1"},
				"east": {"uv": [0, 2.1, 3, 2.7], "rotation": 180, "texture": "#1"},
				"south": {"uv": [2, 2.1, 3, 2.7], "texture": "#1"},
				"west": {"uv": [0, 2.1, 3, 2.7], "texture": "#1"},
				"up": {"uv": [0, 2.1, 3, 2.7], "texture": "#1"}
			}
		},
		{
			"from": [7.975, 3.05, 3.4],
			"to": [8.025, 3.1, 3.5],
			"faces": {
				"north": {"uv": [0, 2.1, 1, 2.7], "texture": "#1"},
				"east": {"uv": [0, 2.1, 3, 2.7], "rotation": 180, "texture": "#1"},
				"south": {"uv": [2, 2.1, 3, 2.7], "texture": "#1"},
				"west": {"uv": [0, 2.1, 3, 2.7], "texture": "#1"},
				"up": {"uv": [0, 2.1, 2.8, 2.7], "rotation": 90, "texture": "#1"},
				"down": {"uv": [0, 2.1, 3, 2.7], "texture": "#1"}
			}
		},
		{
			"from": [7.975, 3, 3.365],
			"to": [8.025, 3.05, 3.465],
			"faces": {
				"north": {"uv": [0, 2.1, 1, 2.7], "texture": "#1"},
				"east": {"uv": [0, 2.1, 3, 2.7], "rotation": 180, "texture": "#1"},
				"south": {"uv": [2, 2.1, 3, 2.7], "texture": "#1"},
				"west": {"uv": [0, 2.1, 3, 2.7], "texture": "#1"},
				"up": {"uv": [0, 2.1, 2.8, 2.7], "rotation": 90, "texture": "#1"}
			}
		},
		{
			"from": [7.975, 3.05, 3.9],
			"to": [8.025, 3.1, 4],
			"faces": {
				"north": {"uv": [0, 2.1, 1, 2.7], "texture": "#1"},
				"east": {"uv": [0, 2.1, 3, 2.7], "rotation": 180, "texture": "#1"},
				"south": {"uv": [2, 2.1, 3, 2.7], "texture": "#1"},
				"west": {"uv": [0, 2.1, 3, 2.7], "texture": "#1"},
				"down": {"uv": [0, 2.1, 3, 2.7], "texture": "#1"}
			}
		},
		{
			"from": [7.975, 3, 3.865],
			"to": [8.025, 3.05, 3.965],
			"faces": {
				"north": {"uv": [0, 2.1, 1, 2.7], "texture": "#1"},
				"east": {"uv": [0, 2.1, 3, 2.7], "rotation": 180, "texture": "#1"},
				"south": {"uv": [2, 2.1, 3, 2.7], "texture": "#1"},
				"west": {"uv": [0, 2.1, 3, 2.7], "texture": "#1"},
				"up": {"uv": [0, 2.1, 3, 2.7], "texture": "#1"}
			}
		},
		{
			"from": [7.975, 2.7, 5.4],
			"to": [8.025, 2.75, 5.5],
			"faces": {
				"north": {"uv": [0, 2.1, 1, 2.7], "texture": "#1"},
				"east": {"uv": [0, 2.1, 3, 2.7], "rotation": 180, "texture": "#1"},
				"south": {"uv": [2, 2.1, 3, 2.7], "texture": "#1"},
				"west": {"uv": [0, 2.1, 3, 2.7], "texture": "#1"},
				"up": {"uv": [0, 2.1, 3, 2.7], "rotation": 90, "texture": "#1"}
			}
		},
		{
			"from": [7.975, 2.75, 5.365],
			"to": [8.025, 2.8, 5.465],
			"faces": {
				"north": {"uv": [0, 2.1, 1, 2.7], "texture": "#1"},
				"east": {"uv": [0, 2.1, 3, 2.7], "rotation": 180, "texture": "#1"},
				"south": {"uv": [2, 2.1, 3, 2.7], "texture": "#1"},
				"west": {"uv": [0, 2.1, 3, 2.7], "texture": "#1"},
				"down": {"uv": [0, 2.1, 3, 2.7], "rotation": 270, "texture": "#1"}
			}
		},
		{
			"from": [7.975, 2.7, 4.4],
			"to": [8.025, 2.75, 4.5],
			"faces": {
				"north": {"uv": [0, 2.1, 1, 2.7], "texture": "#1"},
				"east": {"uv": [0, 2.1, 3, 2.7], "rotation": 180, "texture": "#1"},
				"south": {"uv": [2, 2.1, 3, 2.7], "texture": "#1"},
				"west": {"uv": [0, 2.1, 3, 2.7], "texture": "#1"},
				"up": {"uv": [0, 2.1, 3, 2.7], "rotation": 90, "texture": "#1"}
			}
		},
		{
			"from": [7.975, 2.75, 4.365],
			"to": [8.025, 2.8, 4.465],
			"faces": {
				"north": {"uv": [0, 2.1, 1, 2.7], "texture": "#1"},
				"east": {"uv": [0, 2.1, 3, 2.7], "rotation": 180, "texture": "#1"},
				"south": {"uv": [2, 2.1, 3, 2.7], "texture": "#1"},
				"west": {"uv": [0, 2.1, 3, 2.7], "texture": "#1"},
				"down": {"uv": [0, 2.1, 3, 2.7], "rotation": 270, "texture": "#1"}
			}
		},
		{
			"from": [7.975, 2.75, 4.865],
			"to": [8.025, 2.8, 4.965],
			"faces": {
				"north": {"uv": [0, 2.1, 1, 2.7], "texture": "#1"},
				"east": {"uv": [0, 2.1, 3, 2.7], "rotation": 180, "texture": "#1"},
				"south": {"uv": [2, 2.1, 3, 2.7], "texture": "#1"},
				"west": {"uv": [0, 2.1, 3, 2.7], "texture": "#1"},
				"down": {"uv": [0, 2.1, 3, 2.7], "rotation": 270, "texture": "#1"}
			}
		},
		{
			"from": [7.975, 2.7, 4.9],
			"to": [8.025, 2.75, 5],
			"faces": {
				"north": {"uv": [0, 2.1, 1, 2.7], "texture": "#1"},
				"east": {"uv": [0, 2.1, 3, 2.7], "rotation": 180, "texture": "#1"},
				"south": {"uv": [2, 2.1, 3, 2.7], "texture": "#1"},
				"west": {"uv": [0, 2.1, 3, 2.7], "texture": "#1"},
				"up": {"uv": [0, 2.1, 3, 2.7], "rotation": 90, "texture": "#1"}
			}
		},
		{
			"from": [7.975, 2.7, 3.4],
			"to": [8.025, 2.75, 3.5],
			"faces": {
				"north": {"uv": [0, 2.1, 1, 2.7], "texture": "#1"},
				"east": {"uv": [0, 2.1, 3, 2.7], "rotation": 180, "texture": "#1"},
				"south": {"uv": [2, 2.1, 3, 2.7], "texture": "#1"},
				"west": {"uv": [0, 2.1, 3, 2.7], "texture": "#1"},
				"up": {"uv": [0, 2.1, 3, 2.7], "rotation": 90, "texture": "#1"},
				"down": {"uv": [0, 2.1, 2.8, 2.7], "rotation": 270, "texture": "#1"}
			}
		},
		{
			"from": [7.975, 2.75, 3.365],
			"to": [8.025, 2.8, 3.465],
			"faces": {
				"north": {"uv": [0, 2.1, 1, 2.7], "texture": "#1"},
				"east": {"uv": [0, 2.1, 3, 2.7], "rotation": 180, "texture": "#1"},
				"south": {"uv": [2, 2.1, 3, 2.7], "texture": "#1"},
				"west": {"uv": [0, 2.1, 3, 2.7], "texture": "#1"},
				"down": {"uv": [0, 2.1, 2.8, 2.7], "rotation": 270, "texture": "#1"}
			}
		},
		{
			"from": [7.975, 2.75, 3.865],
			"to": [8.025, 2.8, 3.965],
			"faces": {
				"north": {"uv": [0, 2.1, 1, 2.7], "texture": "#1"},
				"east": {"uv": [0, 2.1, 3, 2.7], "rotation": 180, "texture": "#1"},
				"south": {"uv": [2, 2.1, 3, 2.7], "texture": "#1"},
				"west": {"uv": [0, 2.1, 3, 2.7], "texture": "#1"},
				"down": {"uv": [0, 2.1, 3, 2.7], "rotation": 270, "texture": "#1"}
			}
		},
		{
			"from": [7.975, 2.7, 3.9],
			"to": [8.025, 2.75, 4],
			"faces": {
				"north": {"uv": [0, 2.1, 1, 2.7], "texture": "#1"},
				"east": {"uv": [0, 2.1, 3, 2.7], "rotation": 180, "texture": "#1"},
				"south": {"uv": [2, 2.1, 3, 2.7], "texture": "#1"},
				"west": {"uv": [0, 2.1, 3, 2.7], "texture": "#1"},
				"up": {"uv": [0, 2.1, 3, 2.7], "rotation": 90, "texture": "#1"}
			}
		},
		{
			"from": [7.9, 3.15, 6.2],
			"to": [8.1, 3.3, 6.25],
			"faces": {
				"north": {"uv": [0, 4, 0.8, 5], "texture": "#4"},
				"east": {"uv": [0, 4, 0.8, 5], "texture": "#4"},
				"west": {"uv": [0, 4, 0.8, 5], "texture": "#4"},
				"up": {"uv": [0, 4, 0.8, 5], "texture": "#4"}
			}
		},
		{
			"from": [7.9, 2.4, 6.2],
			"to": [8.1, 2.55, 6.25],
			"faces": {
				"north": {"uv": [0, 5, 0.8, 6], "texture": "#4"},
				"east": {"uv": [0, 5, 0.8, 6], "texture": "#4"},
				"west": {"uv": [0, 5, 0.8, 6], "texture": "#4"},
				"down": {"uv": [0, 5, 0.8, 6], "texture": "#4"}
			}
		},
		{
			"from": [7.8, 3.15, 6.25],
			"to": [8.2, 3.45, 6.3],
			"faces": {
				"north": {"uv": [0, 4, 0.8, 5], "texture": "#4"},
				"east": {"uv": [0, 4, 0.8, 5], "texture": "#4"},
				"west": {"uv": [0, 4, 0.8, 5], "texture": "#4"},
				"up": {"uv": [0, 4, 0.8, 5], "texture": "#4"}
			}
		},
		{
			"from": [7.8, 2.25, 6.25],
			"to": [8.2, 2.55, 6.3],
			"faces": {
				"north": {"uv": [0, 5, 0.8, 6], "texture": "#4"},
				"east": {"uv": [0, 5, 0.8, 6], "texture": "#4"},
				"west": {"uv": [0, 5, 0.8, 6], "texture": "#4"},
				"down": {"uv": [0, 5, 0.8, 6], "texture": "#4"}
			}
		},
		{
			"from": [7.7, 3.15, 6.3],
			"to": [8.3, 3.45, 6.4],
			"faces": {
				"north": {"uv": [0, 4, 0.8, 5], "texture": "#4"},
				"east": {"uv": [0, 4, 0.8, 5], "texture": "#4"},
				"west": {"uv": [0, 4, 0.8, 5], "texture": "#4"},
				"up": {"uv": [0, 4, 0.8, 5], "texture": "#4"}
			}
		},
		{
			"from": [7.7, 2.25, 6.3],
			"to": [8.3, 2.55, 6.4],
			"faces": {
				"north": {"uv": [0, 5, 0.8, 6], "texture": "#4"},
				"east": {"uv": [0, 5, 0.8, 6], "texture": "#4"},
				"west": {"uv": [0, 5, 0.8, 6], "texture": "#4"},
				"down": {"uv": [0, 5, 0.8, 6], "texture": "#4"}
			}
		},
		{
			"from": [7.8, 3.45, 6.3],
			"to": [8.2, 3.65, 6.4],
			"faces": {
				"north": {"uv": [0, 4, 0.8, 5], "texture": "#4"},
				"east": {"uv": [0, 4, 0.8, 5], "texture": "#4"},
				"west": {"uv": [0, 4, 0.8, 5], "texture": "#4"},
				"up": {"uv": [0, 4, 0.8, 5], "texture": "#4"}
			}
		},
		{
			"from": [7.8, 2.15, 6.3],
			"to": [8.2, 2.25, 6.4],
			"faces": {
				"north": {"uv": [0, 5, 0.8, 6], "texture": "#4"},
				"east": {"uv": [0, 5, 0.8, 6], "texture": "#4"},
				"west": {"uv": [0, 5, 0.8, 6], "texture": "#4"},
				"down": {"uv": [0, 5, 0.8, 6], "texture": "#4"}
			}
		},
		{
			"from": [7.6, 2.55, 6.4],
			"to": [8.4, 2.65, 8.55],
			"faces": {
				"east": {"uv": [0, 3, 16, 8], "texture": "#3"},
				"south": {"uv": [15.25, 3, 16, 8], "texture": "#3"},
				"west": {"uv": [0, 3, 16, 8], "texture": "#3"},
				"down": {"uv": [0, 3, 16, 8], "rotation": 270, "texture": "#3"}
			}
		},
		{
			"from": [7.6, 2.65, 6.4],
			"to": [8.4, 2.75, 8.6],
			"faces": {
				"east": {"uv": [0, 3, 16, 8], "texture": "#3"},
				"south": {"uv": [15.25, 3, 16, 8], "texture": "#3"},
				"west": {"uv": [0, 3, 16, 8], "texture": "#3"},
				"down": {"uv": [0, 3, 16, 8], "texture": "#3"}
			}
		},
		{
			"from": [7.7, 2.25, 6.4],
			"to": [8.3, 2.35, 8.4],
			"faces": {
				"east": {"uv": [0, 3, 16, 8], "texture": "#3"},
				"south": {"uv": [15.25, 3, 16, 8], "texture": "#3"},
				"west": {"uv": [0, 3, 16, 8], "texture": "#3"},
				"down": {"uv": [0, 3, 16, 8], "rotation": 270, "texture": "#3"}
			}
		},
		{
			"from": [7.7, 2.35, 6.4],
			"to": [8.3, 2.45, 8.45],
			"faces": {
				"east": {"uv": [0, 3, 16, 8], "texture": "#3"},
				"south": {"uv": [15.25, 3, 16, 8], "texture": "#3"},
				"west": {"uv": [0, 3, 16, 8], "texture": "#3"},
				"down": {"uv": [0, 3, 16, 8], "rotation": 270, "texture": "#3"}
			}
		},
		{
			"from": [7.7, 2.45, 6.4],
			"to": [8.3, 2.55, 8.5],
			"faces": {
				"east": {"uv": [0, 3, 16, 8], "texture": "#3"},
				"south": {"uv": [15.25, 3, 16, 8], "texture": "#3"},
				"west": {"uv": [0, 3, 16, 8], "texture": "#3"},
				"down": {"uv": [0, 3, 16, 8], "rotation": 270, "texture": "#3"}
			}
		},
		{
			"from": [7.8, 2.15, 6.4],
			"to": [8.2, 2.25, 8.35],
			"faces": {
				"east": {"uv": [0, 3, 16, 8], "texture": "#3"},
				"south": {"uv": [15.25, 3, 16, 8], "texture": "#3"},
				"west": {"uv": [0, 3, 16, 8], "texture": "#3"},
				"down": {"uv": [0, 3, 16, 8], "rotation": 270, "texture": "#3"}
			}
		},
		{
			"from": [7.85, 1.85, 6.9],
			"to": [8.15, 2.15, 7.1],
			"faces": {
				"east": {"uv": [0, 2, 2.8, 2.6], "texture": "#4"},
				"south": {"uv": [0, 2, 0.8, 2.6], "texture": "#4"},
				"west": {"uv": [0, 2, 2.8, 2.6], "texture": "#4"},
				"down": {"uv": [0, 2, 2.8, 2.6], "rotation": 270, "texture": "#4"}
			}
		},
		{
			"from": [7.85, 1.85, 6.3],
			"to": [8.15, 2.15, 6.5],
			"faces": {
				"north": {"uv": [0, 2, 0.8, 2.6], "texture": "#4"},
				"east": {"uv": [0, 2, 2.8, 2.6], "texture": "#4"},
				"west": {"uv": [0, 2, 2.8, 2.6], "texture": "#4"},
				"down": {"uv": [0, 2, 2.8, 2.6], "rotation": 270, "texture": "#4"}
			}
		},
		{
			"from": [7.875, 1.975, 5.3],
			"to": [7.975, 2.075, 5.5],
			"faces": {
				"north": {"uv": [0, 2, 0.8, 2.6], "texture": "#4"},
				"east": {"uv": [0, 2, 2.8, 2.6], "rotation": 180, "texture": "#4"},
				"west": {"uv": [0, 2, 2.8, 2.6], "texture": "#4"},
				"up": {"uv": [0, 2, 2.8, 2.6], "rotation": 90, "texture": "#4"},
				"down": {"uv": [0, 2, 2.8, 2.6], "rotation": 270, "texture": "#4"}
			}
		},
		{
			"from": [8.025, 1.975, 5.3],
			"to": [8.125, 2.075, 5.5],
			"faces": {
				"north": {"uv": [0, 2, 0.8, 2.6], "texture": "#4"},
				"east": {"uv": [0, 2, 2.8, 2.6], "rotation": 180, "texture": "#4"},
				"west": {"uv": [0, 2, 2.8, 2.6], "texture": "#4"},
				"up": {"uv": [0, 2, 2.8, 2.6], "rotation": 90, "texture": "#4"},
				"down": {"uv": [0, 2, 2.8, 2.6], "rotation": 270, "texture": "#4"}
			}
		},
		{
			"from": [8.025, 1.975, 5.5],
			"to": [8.125, 2.075, 6.45],
			"faces": {
				"east": {"uv": [0, 2, 2.8, 2.6], "rotation": 180, "texture": "#1"},
				"west": {"uv": [0, 2, 2.8, 2.6], "texture": "#1"},
				"up": {"uv": [0, 2.1, 2.8, 2.7], "rotation": 90, "texture": "#1"},
				"down": {"uv": [0, 2.1, 2.8, 2.7], "rotation": 270, "texture": "#1"}
			}
		},
		{
			"from": [7.875, 1.975, 5.5],
			"to": [7.975, 2.075, 6.45],
			"faces": {
				"east": {"uv": [0, 2, 2.8, 2.6], "rotation": 180, "texture": "#1"},
				"west": {"uv": [0, 2, 2.8, 2.6], "texture": "#1"},
				"up": {"uv": [0, 2.1, 2.8, 2.7], "rotation": 90, "texture": "#1"},
				"down": {"uv": [0, 2.1, 2.8, 2.7], "rotation": 270, "texture": "#1"}
			}
		},
		{
			"from": [7.85, 1.85, 6.5],
			"to": [8.15, 2.15, 6.9],
			"faces": {
				"east": {"uv": [0, 12.25, 2.8, 12.85], "rotation": 180, "texture": "#4"},
				"west": {"uv": [0, 12.25, 2.8, 12.85], "texture": "#4"},
				"down": {"uv": [0, 12.25, 2.8, 12.85], "rotation": 270, "texture": "#4"}
			}
		},
		{
			"from": [7.7, 2.55, 8.25],
			"to": [8.3, 2.85, 10.15],
			"faces": {
				"east": {"uv": [0, 5, 0.8, 5.6], "texture": "#4"},
				"west": {"uv": [0, 5, 0.8, 5.6], "texture": "#4"},
				"down": {"uv": [0, 5, 0.8, 5.6], "texture": "#4"}
			}
		},
		{
			"from": [7.9, 2.3, 8.25],
			"to": [8.1, 2.35, 10.15],
			"faces": {
				"east": {"uv": [0, 3.25, 0.8, 3.85], "texture": "#4"},
				"west": {"uv": [0, 3.25, 0.8, 3.85], "texture": "#4"},
				"down": {"uv": [0, 3.25, 0.8, 3.85], "texture": "#4"}
			}
		},
		{
			"from": [7.8, 2.35, 8.25],
			"to": [8.2, 2.55, 10.15],
			"faces": {
				"east": {"uv": [0, 4.25, 0.8, 4.85], "texture": "#4"},
				"west": {"uv": [0, 4.25, 0.8, 4.85], "texture": "#4"},
				"down": {"uv": [0, 4.25, 0.8, 4.85], "texture": "#4"}
			}
		},
		{
			"from": [7.7, 3.35, 6.4],
			"to": [8.3, 3.45, 8.95],
			"faces": {
				"east": {"uv": [1.25, 2.25, 1.8, 2.6], "texture": "#1"},
				"west": {"uv": [1.25, 2.25, 1.8, 2.6], "texture": "#1"},
				"up": {"uv": [1.25, 2.25, 1.8, 2.6], "texture": "#1"}
			}
		},
		{
			"from": [7.7, 3.35, 8.95],
			"to": [8.3, 3.45, 9.05],
			"faces": {
				"east": {"uv": [1.25, 2.25, 1.8, 2.6], "texture": "#6"},
				"south": {"uv": [1.25, 2.25, 1.8, 2.6], "texture": "#6"},
				"west": {"uv": [1.25, 2.25, 1.8, 2.6], "texture": "#6"},
				"up": {"uv": [1.25, 2.25, 1.8, 2.6], "texture": "#6"},
				"down": {"uv": [1.25, 2.25, 1.8, 2.6], "texture": "#6"}
			}
		},
		{
			"from": [7.7, 3.25, 6.4],
			"to": [8.3, 3.35, 8.9],
			"faces": {
				"east": {"uv": [1.25, 2.25, 1.8, 2.6], "texture": "#1"},
				"west": {"uv": [1.25, 2.25, 1.8, 2.6], "texture": "#1"},
				"down": {"uv": [1.25, 2.25, 1.8, 2.6], "texture": "#1"}
			}
		},
		{
			"from": [7.7, 3.25, 8.9],
			"to": [8.3, 3.35, 9],
			"faces": {
				"east": {"uv": [1.25, 2.25, 1.8, 2.6], "texture": "#6"},
				"south": {"uv": [1.25, 2.25, 1.8, 2.6], "texture": "#6"},
				"west": {"uv": [1.25, 2.25, 1.8, 2.6], "texture": "#6"},
				"down": {"uv": [1.25, 2.25, 1.8, 2.6], "texture": "#6"}
			}
		},
		{
			"from": [7.7, 3.15, 8.65],
			"to": [8.3, 3.25, 8.85],
			"faces": {
				"north": {"uv": [5.25, 2.35, 5.8, 2.7], "texture": "#1"},
				"east": {"uv": [5.25, 2.35, 5.8, 2.7], "texture": "#1"},
				"west": {"uv": [5.25, 2.35, 5.8, 2.7], "texture": "#1"}
			}
		},
		{
			"from": [7.7, 3.15, 8.85],
			"to": [8.3, 3.25, 8.95],
			"faces": {
				"east": {"uv": [5, 2, 5.8, 2.6], "texture": "#6"},
				"south": {"uv": [5, 2, 5.8, 2.6], "texture": "#6"},
				"west": {"uv": [5, 2, 5.8, 2.6], "texture": "#6"}
			}
		},
		{
			"from": [7.7, 3.35, 9.2],
			"to": [8.3, 3.45, 9.3],
			"faces": {
				"north": {"uv": [1.25, 2.25, 1.8, 2.6], "texture": "#6"},
				"east": {"uv": [1.25, 2.25, 1.8, 2.6], "texture": "#6"},
				"south": {"uv": [1.25, 2.25, 1.8, 2.6], "texture": "#6"},
				"west": {"uv": [1.25, 2.25, 1.8, 2.6], "texture": "#6"},
				"up": {"uv": [1.25, 2.25, 1.8, 2.6], "texture": "#6"},
				"down": {"uv": [1.25, 2.25, 1.8, 2.6], "texture": "#6"}
			}
		},
		{
			"from": [7.7, 3.25, 9.15],
			"to": [8.3, 3.35, 9.25],
			"faces": {
				"north": {"uv": [1.25, 2.25, 1.8, 2.6], "texture": "#6"},
				"east": {"uv": [1.25, 2.25, 1.8, 2.6], "texture": "#6"},
				"south": {"uv": [1.25, 2.25, 1.8, 2.6], "texture": "#6"},
				"west": {"uv": [1.25, 2.25, 1.8, 2.6], "texture": "#6"},
				"up": {"uv": [1.25, 2.25, 1.8, 2.6], "texture": "#6"},
				"down": {"uv": [1.25, 2.25, 1.8, 2.6], "texture": "#6"}
			}
		},
		{
			"from": [7.7, 3.15, 9.1],
			"to": [8.3, 3.25, 9.2],
			"faces": {
				"north": {"uv": [5, 2, 5.8, 2.6], "texture": "#6"},
				"east": {"uv": [5, 2, 5.8, 2.6], "texture": "#6"},
				"south": {"uv": [5, 2, 5.8, 2.6], "texture": "#6"},
				"west": {"uv": [5, 2, 5.8, 2.6], "texture": "#6"},
				"up": {"uv": [5, 2, 5.8, 2.6], "texture": "#6"}
			}
		},
		{
			"from": [7.6, 3.05, 9.05],
			"to": [8.4, 3.15, 9.15],
			"faces": {
				"north": {"uv": [5, 2, 5.8, 2.6], "texture": "#6"},
				"east": {"uv": [5, 2, 5.8, 2.6], "texture": "#6"},
				"south": {"uv": [5, 2, 5.8, 2.6], "texture": "#6"},
				"west": {"uv": [5, 2, 5.8, 2.6], "texture": "#6"},
				"up": {"uv": [5, 2, 5.8, 2.6], "texture": "#6"},
				"down": {"uv": [5, 2, 5.8, 2.6], "texture": "#6"}
			}
		},
		{
			"from": [7.6, 2.95, 9],
			"to": [8.4, 3.05, 9.1],
			"faces": {
				"north": {"uv": [5.25, 3.25, 5.8, 3.6], "texture": "#6"},
				"east": {"uv": [5.25, 3.25, 5.8, 3.6], "texture": "#6"},
				"south": {"uv": [5.25, 3.25, 5.8, 3.6], "texture": "#6"},
				"west": {"uv": [5.25, 3.25, 5.8, 3.6], "texture": "#6"},
				"up": {"uv": [5.25, 3.25, 5.8, 3.6], "texture": "#6"}
			}
		},
		{
			"from": [7.7, 3.35, 9.45],
			"to": [8.3, 3.45, 9.55],
			"faces": {
				"north": {"uv": [1.25, 2.25, 1.8, 2.6], "texture": "#6"},
				"east": {"uv": [1.25, 2.25, 1.8, 2.6], "texture": "#6"},
				"west": {"uv": [1.25, 2.25, 1.8, 2.6], "texture": "#6"},
				"up": {"uv": [1.25, 2.25, 1.8, 2.6], "texture": "#6"}
			}
		},
		{
			"from": [7.7, 3.25, 9.4],
			"to": [8.3, 3.35, 9.5],
			"faces": {
				"north": {"uv": [1.25, 2.25, 1.8, 2.6], "texture": "#6"},
				"east": {"uv": [1.25, 2.25, 1.8, 2.6], "texture": "#6"},
				"west": {"uv": [1.25, 2.25, 1.8, 2.6], "texture": "#6"},
				"up": {"uv": [1.25, 2.25, 1.8, 2.6], "texture": "#6"}
			}
		},
		{
			"from": [7.7, 3.15, 9.35],
			"to": [8.3, 3.25, 9.45],
			"faces": {
				"north": {"uv": [5, 2, 5.8, 2.6], "texture": "#6"},
				"east": {"uv": [5, 2, 5.8, 2.6], "texture": "#6"},
				"west": {"uv": [5, 2, 5.8, 2.6], "texture": "#6"},
				"up": {"uv": [5, 2, 5.8, 2.6], "texture": "#6"}
			}
		},
		{
			"from": [7.6, 3.05, 9.3],
			"to": [8.4, 3.15, 9.4],
			"faces": {
				"north": {"uv": [5, 2, 5.8, 2.6], "texture": "#6"},
				"east": {"uv": [5, 2, 5.8, 2.6], "texture": "#6"},
				"west": {"uv": [5, 2, 5.8, 2.6], "texture": "#6"},
				"up": {"uv": [5, 2, 5.8, 2.6], "texture": "#6"}
			}
		},
		{
			"from": [7.6, 2.95, 9.25],
			"to": [8.4, 3.05, 9.35],
			"faces": {
				"north": {"uv": [5.25, 3.25, 5.8, 3.6], "texture": "#6"},
				"east": {"uv": [5.25, 3.25, 5.8, 3.6], "texture": "#6"},
				"west": {"uv": [5.25, 3.25, 5.8, 3.6], "texture": "#6"},
				"up": {"uv": [5.25, 3.25, 5.8, 3.6], "texture": "#6"}
			}
		},
		{
			"from": [7.7, 3.25, 9.5],
			"to": [8.3, 3.35, 10.95],
			"faces": {
				"east": {"uv": [1.25, 2.25, 1.8, 2.6], "texture": "#1"},
				"west": {"uv": [1.25, 2.25, 1.8, 2.6], "texture": "#1"}
			}
		},
		{
			"from": [7.7, 3.35, 9.55],
			"to": [8.3, 3.45, 10.95],
			"faces": {
				"east": {"uv": [1.25, 2.25, 1.8, 2.6], "texture": "#1"},
				"west": {"uv": [1.25, 2.25, 1.8, 2.6], "texture": "#1"},
				"up": {"uv": [1.25, 2.25, 1.8, 2.6], "texture": "#1"}
			}
		},
		{
			"from": [7.7, 3.15, 9.45],
			"to": [8.3, 3.25, 10.95],
			"faces": {
				"east": {"uv": [5.25, 2.35, 5.8, 2.7], "texture": "#1"},
				"west": {"uv": [5.25, 2.35, 5.8, 2.7], "texture": "#1"}
			}
		},
		{
			"from": [7.6, 3.05, 9.4],
			"to": [8.4, 3.15, 10.95],
			"faces": {
				"east": {"uv": [5.25, 2.35, 5.8, 2.7], "texture": "#1"},
				"west": {"uv": [5.25, 2.35, 5.8, 2.7], "texture": "#1"},
				"up": {"uv": [5.25, 2.35, 5.8, 2.7], "texture": "#1"}
			}
		},
		{
			"from": [7.6, 3.05, 8.35],
			"to": [8.4, 3.15, 8.45],
			"faces": {
				"north": {"uv": [5.25, 2.35, 5.8, 2.7], "texture": "#1"},
				"east": {"uv": [5.25, 2.35, 5.8, 2.7], "texture": "#1"},
				"south": {"uv": [5.25, 2.35, 5.8, 2.7], "texture": "#1"},
				"west": {"uv": [5.25, 2.35, 5.8, 2.7], "texture": "#1"},
				"up": {"uv": [5.25, 2.35, 5.8, 2.7], "texture": "#1"}
			}
		},
		{
			"from": [7.7, 3.15, 8.4],
			"to": [8.3, 3.25, 8.5],
			"faces": {
				"north": {"uv": [5.25, 2.35, 5.8, 2.7], "texture": "#1"},
				"east": {"uv": [5.25, 2.35, 5.8, 2.7], "texture": "#1"},
				"south": {"uv": [5.25, 2.35, 5.8, 2.7], "texture": "#1"},
				"west": {"uv": [5.25, 2.35, 5.8, 2.7], "texture": "#1"},
				"down": {"uv": [5.25, 2.35, 5.8, 2.7], "texture": "#1"}
			}
		},
		{
			"from": [7.7, 3.15, 8.15],
			"to": [8.3, 3.25, 8.25],
			"faces": {
				"north": {"uv": [5.25, 2.35, 5.8, 2.7], "texture": "#1"},
				"east": {"uv": [5.25, 2.35, 5.8, 2.7], "texture": "#1"},
				"south": {"uv": [5.25, 2.35, 5.8, 2.7], "texture": "#1"},
				"west": {"uv": [5.25, 2.35, 5.8, 2.7], "texture": "#1"},
				"down": {"uv": [5.25, 2.35, 5.8, 2.7], "texture": "#1"}
			}
		},
		{
			"from": [7.6, 3.05, 8.1],
			"to": [8.4, 3.15, 8.2],
			"faces": {
				"north": {"uv": [5.25, 2.35, 5.8, 2.7], "texture": "#1"},
				"east": {"uv": [5.25, 2.35, 5.8, 2.7], "texture": "#1"},
				"south": {"uv": [5.25, 2.35, 5.8, 2.7], "texture": "#1"},
				"west": {"uv": [5.25, 2.35, 5.8, 2.7], "texture": "#1"},
				"up": {"uv": [5.25, 2.35, 5.8, 2.7], "texture": "#1"}
			}
		},
		{
			"from": [7.7, 3.15, 7.65],
			"to": [8.3, 3.25, 7.75],
			"faces": {
				"north": {"uv": [5.25, 2.35, 5.8, 2.7], "texture": "#1"},
				"east": {"uv": [5.25, 2.35, 5.8, 2.7], "texture": "#1"},
				"south": {"uv": [5.25, 2.35, 5.8, 2.7], "texture": "#1"},
				"west": {"uv": [5.25, 2.35, 5.8, 2.7], "texture": "#1"},
				"down": {"uv": [5.25, 2.35, 5.8, 2.7], "texture": "#1"}
			}
		},
		{
			"from": [7.6, 3.05, 7.6],
			"to": [8.4, 3.15, 7.7],
			"faces": {
				"north": {"uv": [5.25, 2.35, 5.8, 2.7], "texture": "#1"},
				"east": {"uv": [5.25, 2.35, 5.8, 2.7], "texture": "#1"},
				"south": {"uv": [5.25, 2.35, 5.8, 2.7], "texture": "#1"},
				"west": {"uv": [5.25, 2.35, 5.8, 2.7], "texture": "#1"},
				"up": {"uv": [5.25, 2.35, 5.8, 2.7], "texture": "#1"}
			}
		},
		{
			"from": [7.7, 3.15, 7.9],
			"to": [8.3, 3.25, 8],
			"faces": {
				"north": {"uv": [5.25, 2.35, 5.8, 2.7], "texture": "#1"},
				"east": {"uv": [5.25, 2.35, 5.8, 2.7], "texture": "#1"},
				"south": {"uv": [5.25, 2.35, 5.8, 2.7], "texture": "#1"},
				"west": {"uv": [5.25, 2.35, 5.8, 2.7], "texture": "#1"},
				"down": {"uv": [5.25, 2.35, 5.8, 2.7], "texture": "#1"}
			}
		},
		{
			"from": [7.6, 3.05, 7.85],
			"to": [8.4, 3.15, 7.95],
			"faces": {
				"north": {"uv": [5.25, 2.35, 5.8, 2.7], "texture": "#1"},
				"east": {"uv": [5.25, 2.35, 5.8, 2.7], "texture": "#1"},
				"south": {"uv": [5.25, 2.35, 5.8, 2.7], "texture": "#1"},
				"west": {"uv": [5.25, 2.35, 5.8, 2.7], "texture": "#1"},
				"up": {"uv": [5.25, 2.35, 5.8, 2.7], "texture": "#1"}
			}
		},
		{
			"from": [7.7, 3.15, 6.4],
			"to": [8.3, 3.25, 6.75],
			"faces": {
				"east": {"uv": [5.25, 2.35, 5.8, 2.7], "texture": "#1"},
				"south": {"uv": [5.25, 2.35, 5.8, 2.7], "texture": "#1"},
				"west": {"uv": [5.25, 2.35, 5.8, 2.7], "texture": "#1"},
				"down": {"uv": [5.25, 2.35, 5.8, 2.7], "texture": "#1"}
			}
		},
		{
			"from": [7.6, 3.05, 6.4],
			"to": [8.4, 3.15, 6.7],
			"faces": {
				"east": {"uv": [5.25, 2.35, 5.8, 2.7], "texture": "#1"},
				"south": {"uv": [5.25, 2.35, 5.8, 2.7], "texture": "#1"},
				"west": {"uv": [5.25, 2.35, 5.8, 2.7], "texture": "#1"},
				"up": {"uv": [5.25, 2.35, 5.8, 2.7], "texture": "#1"}
			}
		},
		{
			"from": [7.7, 3.15, 6.9],
			"to": [8.3, 3.25, 7],
			"faces": {
				"north": {"uv": [5.25, 2.35, 5.8, 2.7], "texture": "#1"},
				"east": {"uv": [5.25, 2.35, 5.8, 2.7], "texture": "#1"},
				"south": {"uv": [5.25, 2.35, 5.8, 2.7], "texture": "#1"},
				"west": {"uv": [5.25, 2.35, 5.8, 2.7], "texture": "#1"},
				"down": {"uv": [5.25, 2.35, 5.8, 2.7], "texture": "#1"}
			}
		},
		{
			"from": [7.8, 3.05, 6.65],
			"to": [8.2, 3.4, 8.75],
			"faces": {
				"east": {"uv": [0, 0, 0.8, 0.6], "texture": "#4"},
				"west": {"uv": [0, 0, 0.8, 0.6], "texture": "#4"}
			}
		},
		{
			"from": [7.7, 2.95, 8.85],
			"to": [8.3, 3.15, 9.3],
			"faces": {
				"east": {"uv": [0, 0, 0.8, 0.6], "texture": "#4"},
				"west": {"uv": [0, 0, 0.8, 0.6], "texture": "#4"},
				"up": {"uv": [0, 0, 0.8, 0.6], "texture": "#4"}
			}
		},
		{
			"from": [7.8, 3.15, 8.95],
			"to": [8.2, 3.45, 9.45],
			"faces": {
				"east": {"uv": [0, 0, 0.8, 0.6], "texture": "#4"},
				"west": {"uv": [0, 0, 0.8, 0.6], "texture": "#4"}
			}
		},
		{
			"from": [7.6, 3.05, 6.85],
			"to": [8.4, 3.15, 6.95],
			"faces": {
				"north": {"uv": [5.25, 2.35, 5.8, 2.7], "texture": "#1"},
				"east": {"uv": [5.25, 2.35, 5.8, 2.7], "texture": "#1"},
				"south": {"uv": [5.25, 2.35, 5.8, 2.7], "texture": "#1"},
				"west": {"uv": [5.25, 2.35, 5.8, 2.7], "texture": "#1"},
				"up": {"uv": [5.25, 2.35, 5.8, 2.7], "texture": "#1"}
			}
		},
		{
			"from": [7.7, 3.15, 7.15],
			"to": [8.3, 3.25, 7.25],
			"faces": {
				"north": {"uv": [5.25, 2.35, 5.8, 2.7], "texture": "#1"},
				"east": {"uv": [5.25, 2.35, 5.8, 2.7], "texture": "#1"},
				"south": {"uv": [5.25, 2.35, 5.8, 2.7], "texture": "#1"},
				"west": {"uv": [5.25, 2.35, 5.8, 2.7], "texture": "#1"},
				"down": {"uv": [5.25, 2.35, 5.8, 2.7], "texture": "#1"}
			}
		},
		{
			"from": [7.6, 3.05, 7.1],
			"to": [8.4, 3.15, 7.2],
			"faces": {
				"north": {"uv": [5.25, 2.35, 5.8, 2.7], "texture": "#1"},
				"east": {"uv": [5.25, 2.35, 5.8, 2.7], "texture": "#1"},
				"south": {"uv": [5.25, 2.35, 5.8, 2.7], "texture": "#1"},
				"west": {"uv": [5.25, 2.35, 5.8, 2.7], "texture": "#1"},
				"up": {"uv": [5.25, 2.35, 5.8, 2.7], "texture": "#1"}
			}
		},
		{
			"from": [7.7, 3.15, 7.4],
			"to": [8.3, 3.25, 7.5],
			"faces": {
				"north": {"uv": [5.25, 2.35, 5.8, 2.7], "texture": "#1"},
				"east": {"uv": [5.25, 2.35, 5.8, 2.7], "texture": "#1"},
				"south": {"uv": [5.25, 2.35, 5.8, 2.7], "texture": "#1"},
				"west": {"uv": [5.25, 2.35, 5.8, 2.7], "texture": "#1"},
				"down": {"uv": [5.25, 2.35, 5.8, 2.7], "texture": "#1"}
			}
		},
		{
			"from": [7.6, 3.05, 7.35],
			"to": [8.4, 3.15, 7.45],
			"faces": {
				"north": {"uv": [5.25, 2.35, 5.8, 2.7], "texture": "#1"},
				"east": {"uv": [5.25, 2.35, 5.8, 2.7], "texture": "#1"},
				"south": {"uv": [5.25, 2.35, 5.8, 2.7], "texture": "#1"},
				"west": {"uv": [5.25, 2.35, 5.8, 2.7], "texture": "#1"},
				"up": {"uv": [5.25, 2.35, 5.8, 2.7], "texture": "#1"}
			}
		},
		{
			"from": [7.8, 3.55, 6.4],
			"to": [8.2, 3.65, 11.5],
			"faces": {
				"east": {"uv": [0, 5.3, 0.8, 5.85], "texture": "#4"},
				"south": {"uv": [0, 5.3, 0.8, 5.85], "texture": "#4"},
				"west": {"uv": [0, 5.3, 0.8, 5.85], "texture": "#4"},
				"up": {"uv": [0, 5.3, 0.8, 5.85], "texture": "#4"}
			}
		},
		{
			"from": [7.85, 3.65, 10.15],
			"to": [8.15, 3.75, 10.45],
			"faces": {
				"north": {"uv": [0, 13.3, 0.8, 13.85], "texture": "#4"},
				"east": {"uv": [0, 13.3, 0.8, 13.85], "texture": "#4"},
				"south": {"uv": [0, 13.3, 0.8, 13.85], "texture": "#4"},
				"west": {"uv": [0, 13.3, 0.8, 13.85], "texture": "#4"}
			}
		},
		{
			"from": [7.85, 3.65, 6.9],
			"to": [8.15, 3.75, 7.2],
			"faces": {
				"north": {"uv": [0, 8.3, 0.8, 8.85], "texture": "#4"},
				"east": {"uv": [0, 8.3, 0.8, 8.85], "texture": "#4"},
				"south": {"uv": [0, 8.3, 0.8, 8.85], "texture": "#4"},
				"west": {"uv": [0, 8.3, 0.8, 8.85], "texture": "#4"},
				"up": {"uv": [0, 8.3, 0.8, 8.85], "texture": "#4"}
			}
		},
		{
			"from": [7.85, 3.65, 7.4],
			"to": [8.15, 3.75, 7.7],
			"faces": {
				"north": {"uv": [0, 8.3, 0.8, 8.85], "texture": "#4"},
				"east": {"uv": [0, 8.3, 0.8, 8.85], "texture": "#4"},
				"south": {"uv": [0, 8.3, 0.8, 8.85], "texture": "#4"},
				"west": {"uv": [0, 8.3, 0.8, 8.85], "texture": "#4"},
				"up": {"uv": [0, 8.3, 0.8, 8.85], "texture": "#4"}
			}
		},
		{
			"from": [7.85, 3.65, 8.4],
			"to": [8.15, 3.75, 8.7],
			"faces": {
				"north": {"uv": [0, 8.3, 0.8, 8.85], "texture": "#4"},
				"east": {"uv": [0, 8.3, 0.8, 8.85], "texture": "#4"},
				"south": {"uv": [0, 8.3, 0.8, 8.85], "texture": "#4"},
				"west": {"uv": [0, 8.3, 0.8, 8.85], "texture": "#4"},
				"up": {"uv": [0, 8.3, 0.8, 8.85], "texture": "#4"}
			}
		},
		{
			"from": [7.85, 3.65, 7.9],
			"to": [8.15, 3.75, 8.2],
			"faces": {
				"north": {"uv": [0, 8.3, 0.8, 8.85], "texture": "#4"},
				"east": {"uv": [0, 8.3, 0.8, 8.85], "texture": "#4"},
				"south": {"uv": [0, 8.3, 0.8, 8.85], "texture": "#4"},
				"west": {"uv": [0, 8.3, 0.8, 8.85], "texture": "#4"},
				"up": {"uv": [0, 8.3, 0.8, 8.85], "texture": "#4"}
			}
		},
		{
			"from": [7.85, 3.75, 10.15],
			"to": [8.15, 3.85, 10.45],
			"faces": {
				"north": {"uv": [0, 13.3, 0.8, 13.85], "texture": "#4"},
				"east": {"uv": [0, 13.3, 0.8, 13.85], "texture": "#4"},
				"south": {"uv": [0, 13.3, 0.8, 13.85], "texture": "#4"},
				"west": {"uv": [0, 13.3, 0.8, 13.85], "texture": "#4"}
			}
		},
		{
			"from": [7.85, 4.15, 10.15],
			"to": [8.15, 4.25, 10.45],
			"faces": {
				"north": {"uv": [1, 5, 1.8, 5.85], "texture": "#4"},
				"east": {"uv": [1, 5, 1.8, 5.85], "texture": "#4"},
				"south": {"uv": [1, 5, 1.8, 5.85], "texture": "#4"},
				"west": {"uv": [1, 5, 1.8, 5.85], "texture": "#4"},
				"up": {"uv": [1, 5, 1.8, 5.85], "texture": "#4"}
			}
		},
		{
			"from": [7.8, 4.15, 10.15],
			"to": [7.85, 4.2, 10.45],
			"faces": {
				"north": {"uv": [1, 5, 1.8, 5.85], "texture": "#4"},
				"south": {"uv": [1, 5, 1.8, 5.85], "texture": "#4"},
				"west": {"uv": [1, 5, 1.8, 5.85], "texture": "#4"},
				"up": {"uv": [1, 5, 1.8, 5.85], "texture": "#4"}
			}
		},
		{
			"from": [7.85, 4.1, 10.15],
			"to": [7.9, 4.15, 10.45],
			"faces": {
				"north": {"uv": [0, 5, 0.8, 5.85], "texture": "#4"},
				"south": {"uv": [0, 5, 0.8, 5.85], "texture": "#4"}
			}
		},
		{
			"from": [8.1, 4.1, 10.15],
			"to": [8.15, 4.15, 10.45],
			"faces": {
				"north": {"uv": [0, 5, 0.8, 5.85], "texture": "#4"},
				"south": {"uv": [0, 5, 0.8, 5.85], "texture": "#4"}
			}
		},
		{
			"from": [8.1, 3.85, 10.15],
			"to": [8.15, 3.9, 10.45],
			"faces": {
				"north": {"uv": [0, 5, 0.8, 5.85], "texture": "#4"},
				"south": {"uv": [0, 5, 0.8, 5.85], "texture": "#4"}
			}
		},
		{
			"from": [7.85, 3.85, 10.15],
			"to": [7.9, 3.9, 10.45],
			"faces": {
				"north": {"uv": [0, 5, 0.8, 5.85], "texture": "#4"},
				"south": {"uv": [0, 5, 0.8, 5.85], "texture": "#4"}
			}
		},
		{
			"from": [8.15, 4.15, 10.15],
			"to": [8.2, 4.2, 10.45],
			"faces": {
				"north": {"uv": [1, 5, 1.8, 5.85], "texture": "#4"},
				"east": {"uv": [1, 5, 1.8, 5.85], "texture": "#4"},
				"south": {"uv": [1, 5, 1.8, 5.85], "texture": "#4"},
				"up": {"uv": [1, 5, 1.8, 5.85], "texture": "#4"}
			}
		},
		{
			"from": [8.15, 3.8, 10.15],
			"to": [8.2, 3.85, 10.45],
			"faces": {
				"north": {"uv": [0, 13.3, 0.8, 13.85], "texture": "#4"},
				"east": {"uv": [0, 13.3, 0.8, 13.85], "texture": "#4"},
				"south": {"uv": [0, 13.3, 0.8, 13.85], "texture": "#4"},
				"down": {"uv": [0, 13.3, 0.8, 13.85], "texture": "#4"}
			}
		},
		{
			"from": [7.8, 3.8, 10.15],
			"to": [7.85, 3.85, 10.45],
			"faces": {
				"north": {"uv": [0, 13.3, 0.8, 13.85], "texture": "#4"},
				"south": {"uv": [0, 13.3, 0.8, 13.85], "texture": "#4"},
				"west": {"uv": [0, 13.3, 0.8, 13.85], "texture": "#4"},
				"down": {"uv": [0, 13.3, 0.8, 13.85], "texture": "#4"}
			}
		},
		{
			"from": [7.75, 3.85, 10.15],
			"to": [7.85, 4.15, 10.45],
			"faces": {
				"north": {"uv": [0, 5, 0.8, 5.85], "texture": "#4"},
				"south": {"uv": [0, 5, 0.8, 5.85], "texture": "#4"},
				"west": {"uv": [0, 5, 0.8, 5.85], "texture": "#4"},
				"up": {"uv": [0, 5, 0.8, 5.85], "texture": "#4"},
				"down": {"uv": [0, 5, 0.8, 5.85], "texture": "#4"}
			}
		},
		{
			"from": [8.15, 3.85, 10.15],
			"to": [8.25, 4.15, 10.45],
			"faces": {
				"north": {"uv": [0, 5, 0.8, 5.85], "texture": "#4"},
				"east": {"uv": [0, 5, 0.8, 5.85], "texture": "#4"},
				"south": {"uv": [0, 5, 0.8, 5.85], "texture": "#4"},
				"up": {"uv": [0, 5, 0.8, 5.85], "texture": "#4"},
				"down": {"uv": [0, 5, 0.8, 5.85], "texture": "#4"}
			}
		},
		{
			"from": [7.85, 3.9, 9.9],
			"to": [7.9, 4.1, 10.5],
			"faces": {
				"north": {"uv": [4, 5, 4.8, 5.85], "texture": "#1"},
				"east": {"uv": [4, 5, 4.8, 5.85], "texture": "#1"},
				"south": {"uv": [4, 5, 4.8, 5.85], "texture": "#1"},
				"west": {"uv": [4, 5, 4.8, 5.85], "texture": "#1"},
				"up": {"uv": [4, 5, 4.8, 5.85], "texture": "#1"},
				"down": {"uv": [4, 5, 4.8, 5.85], "texture": "#1"}
			}
		},
		{
			"from": [8.1, 3.9, 9.9],
			"to": [8.15, 4.1, 10.5],
			"faces": {
				"north": {"uv": [4, 5, 4.8, 5.85], "texture": "#1"},
				"east": {"uv": [4, 5, 4.8, 5.85], "texture": "#1"},
				"south": {"uv": [4, 5, 4.8, 5.85], "texture": "#1"},
				"west": {"uv": [4, 5, 4.8, 5.85], "texture": "#1"},
				"up": {"uv": [4, 5, 4.8, 5.85], "texture": "#1"},
				"down": {"uv": [4, 5, 4.8, 5.85], "texture": "#1"}
			}
		},
		{
			"from": [7.9, 4.1, 9.9],
			"to": [8.1, 4.15, 10.5],
			"faces": {
				"north": {"uv": [4, 5, 4.8, 5.85], "texture": "#1"},
				"east": {"uv": [4, 5, 4.8, 5.85], "texture": "#1"},
				"south": {"uv": [4, 5, 4.8, 5.85], "texture": "#1"},
				"west": {"uv": [4, 5, 4.8, 5.85], "texture": "#1"},
				"up": {"uv": [4, 5, 4.8, 5.85], "texture": "#1"},
				"down": {"uv": [4, 5, 4.8, 5.85], "texture": "#1"}
			}
		},
		{
			"from": [7.85, 4.1, 10.5],
			"to": [7.9, 4.15, 10.6],
			"faces": {
				"north": {"uv": [4, 5, 4.8, 5.85], "texture": "#1"},
				"east": {"uv": [4, 5, 4.8, 5.85], "texture": "#1"},
				"south": {"uv": [4, 5, 4.8, 5.85], "texture": "#1"},
				"west": {"uv": [4, 5, 4.8, 5.85], "texture": "#1"},
				"up": {"uv": [4, 5, 4.8, 5.85], "texture": "#1"},
				"down": {"uv": [4, 5, 4.8, 5.85], "texture": "#1"}
			}
		},
		{
			"from": [7.825, 4.1, 10.6],
			"to": [7.875, 4.125, 11],
			"faces": {
				"north": {"uv": [1.25, 2.1, 2, 2.6], "rotation": 180, "texture": "#1"},
				"east": {"uv": [0, 2.1, 2, 2.6], "texture": "#1"},
				"south": {"uv": [0, 2.1, 0.75, 2.6], "rotation": 180, "texture": "#1"},
				"west": {"uv": [0, 2.1, 2, 2.6], "rotation": 180, "texture": "#1"},
				"down": {"uv": [0, 2.1, 2, 2.6], "rotation": 90, "texture": "#1"}
			}
		},
		{
			"from": [7.875, 4.125, 10.6],
			"to": [7.9, 4.175, 11],
			"faces": {
				"north": {"uv": [1, 2.1, 1.8, 2.7], "texture": "#1"},
				"east": {"uv": [0, 2.1, 2, 2.6], "texture": "#1"},
				"south": {"uv": [0, 2.1, 0.75, 2.6], "rotation": 180, "texture": "#1"},
				"up": {"uv": [0, 2.1, 2, 2.6], "rotation": 270, "texture": "#1"},
				"down": {"uv": [0, 2.1, 2, 2.6], "rotation": 90, "texture": "#1"}
			}
		},
		{
			"from": [7.85, 4.125, 10.6],
			"to": [7.875, 4.15, 11],
			"faces": {
				"south": {"uv": [0, 2.1, 0.75, 2.6], "rotation": 180, "texture": "#1"}
			}
		},
		{
			"from": [7.825, 4.125, 10.6],
			"to": [7.85, 4.15, 11],
			"faces": {
				"north": {"uv": [1.25, 2.1, 2, 2.6], "rotation": 180, "texture": "#1"},
				"south": {"uv": [0, 2.1, 0.75, 2.6], "rotation": 180, "texture": "#1"},
				"west": {"uv": [0, 2.1, 2, 2.6], "rotation": 180, "texture": "#1"},
				"up": {"uv": [0, 2.1, 2, 2.6], "rotation": 270, "texture": "#1"}
			}
		},
		{
			"from": [7.85, 4.15, 10.6],
			"to": [7.875, 4.175, 11],
			"faces": {
				"north": {"uv": [1.25, 2.1, 2, 2.6], "rotation": 180, "texture": "#1"},
				"south": {"uv": [0, 2.1, 0.75, 2.6], "rotation": 180, "texture": "#1"},
				"west": {"uv": [0, 2.1, 2, 2.6], "rotation": 180, "texture": "#1"},
				"up": {"uv": [0, 2.1, 2, 2.6], "rotation": 270, "texture": "#1"}
			}
		},
		{
			"from": [8.1, 4.125, 10.6],
			"to": [8.125, 4.175, 11],
			"faces": {
				"north": {"uv": [1.25, 2.1, 2, 2.6], "rotation": 180, "texture": "#1"},
				"south": {"uv": [0, 2.1, 0.75, 2.6], "rotation": 180, "texture": "#1"},
				"west": {"uv": [0, 2.1, 2, 2.6], "rotation": 180, "texture": "#1"},
				"up": {"uv": [0, 2.1, 2, 2.6], "rotation": 270, "texture": "#1"},
				"down": {"uv": [0, 2.1, 2, 2.6], "rotation": 90, "texture": "#1"}
			}
		},
		{
			"from": [8.125, 4.15, 10.6],
			"to": [8.15, 4.175, 11],
			"faces": {
				"north": {"uv": [1.25, 2.1, 2, 2.6], "rotation": 180, "texture": "#1"},
				"east": {"uv": [0, 2.1, 2, 2.6], "texture": "#1"},
				"south": {"uv": [0, 2.1, 0.75, 2.6], "rotation": 180, "texture": "#1"},
				"up": {"uv": [0, 2.1, 2, 2.6], "rotation": 270, "texture": "#1"}
			}
		},
		{
			"from": [8.125, 4.125, 10.6],
			"to": [8.15, 4.15, 11],
			"faces": {
				"south": {"uv": [0, 2.1, 0.75, 2.6], "rotation": 180, "texture": "#1"}
			}
		},
		{
			"from": [8.15, 4.125, 10.6],
			"to": [8.175, 4.15, 11],
			"faces": {
				"north": {"uv": [1.25, 2.1, 2, 2.6], "rotation": 180, "texture": "#1"},
				"east": {"uv": [0, 2.1, 2, 2.6], "texture": "#1"},
				"south": {"uv": [0, 2.1, 0.75, 2.6], "rotation": 180, "texture": "#1"},
				"up": {"uv": [0, 2.1, 2, 2.6], "rotation": 270, "texture": "#1"}
			}
		},
		{
			"from": [8.125, 4.1, 10.6],
			"to": [8.175, 4.125, 11],
			"faces": {
				"north": {"uv": [1.25, 2.1, 2, 2.6], "rotation": 180, "texture": "#1"},
				"east": {"uv": [0, 2.1, 2, 2.6], "texture": "#1"},
				"south": {"uv": [0, 2.1, 0.75, 2.6], "rotation": 180, "texture": "#1"},
				"west": {"uv": [0, 2.1, 2, 2.6], "rotation": 180, "texture": "#1"},
				"down": {"uv": [0, 2.1, 2, 2.6], "rotation": 90, "texture": "#1"}
			}
		},
		{
			"from": [8.125, 3.825, 10.6],
			"to": [8.15, 3.85, 11],
			"faces": {
				"north": {"uv": [1.25, 2.1, 2, 2.6], "rotation": 180, "texture": "#1"},
				"east": {"uv": [0, 2.1, 2, 2.6], "texture": "#1"},
				"south": {"uv": [0, 2.1, 0.75, 2.6], "rotation": 180, "texture": "#1"},
				"down": {"uv": [0, 2.1, 2, 2.6], "rotation": 90, "texture": "#1"}
			}
		},
		{
			"from": [8.1, 3.825, 10.6],
			"to": [8.125, 3.875, 11],
			"faces": {
				"north": {"uv": [1.25, 2.1, 2, 2.6], "rotation": 180, "texture": "#1"},
				"south": {"uv": [0, 2.1, 0.75, 2.6], "rotation": 180, "texture": "#1"},
				"west": {"uv": [0, 2.1, 2, 2.6], "rotation": 180, "texture": "#1"},
				"up": {"uv": [0, 2.1, 2, 2.6], "rotation": 270, "texture": "#1"},
				"down": {"uv": [0, 2.1, 2, 2.6], "rotation": 90, "texture": "#1"}
			}
		},
		{
			"from": [8.125, 3.85, 10.6],
			"to": [8.15, 3.875, 11],
			"faces": {
				"south": {"uv": [0, 2.1, 0.75, 2.6], "rotation": 180, "texture": "#1"}
			}
		},
		{
			"from": [8.15, 3.85, 10.6],
			"to": [8.175, 3.875, 11],
			"faces": {
				"north": {"uv": [1.25, 2.1, 2, 2.6], "rotation": 180, "texture": "#1"},
				"east": {"uv": [0, 2.1, 2, 2.6], "texture": "#1"},
				"south": {"uv": [0, 2.1, 0.75, 2.6], "rotation": 180, "texture": "#1"},
				"down": {"uv": [0, 2.1, 2, 2.6], "rotation": 90, "texture": "#1"}
			}
		},
		{
			"from": [8.125, 3.875, 10.6],
			"to": [8.175, 3.9, 11],
			"faces": {
				"north": {"uv": [1.25, 2.1, 2, 2.6], "rotation": 180, "texture": "#1"},
				"east": {"uv": [0, 2.1, 2, 2.6], "texture": "#1"},
				"south": {"uv": [0, 2.1, 0.75, 2.6], "rotation": 180, "texture": "#1"},
				"west": {"uv": [0, 2.1, 2, 2.6], "rotation": 180, "texture": "#1"},
				"up": {"uv": [0, 2.1, 2, 2.6], "rotation": 270, "texture": "#1"}
			}
		},
		{
			"from": [7.875, 3.825, 10.6],
			"to": [7.9, 3.875, 11],
			"faces": {
				"north": {"uv": [1.25, 2.1, 2, 2.6], "rotation": 180, "texture": "#1"},
				"east": {"uv": [0, 2.1, 2, 2.6], "texture": "#1"},
				"south": {"uv": [0, 2.1, 0.75, 2.6], "rotation": 180, "texture": "#1"},
				"up": {"uv": [0, 2.1, 2, 2.6], "rotation": 270, "texture": "#1"},
				"down": {"uv": [0, 2.1, 2, 2.6], "rotation": 90, "texture": "#1"}
			}
		},
		{
			"from": [7.85, 3.825, 10.6],
			"to": [7.875, 3.85, 11],
			"faces": {
				"north": {"uv": [1.25, 2.1, 2, 2.6], "rotation": 180, "texture": "#1"},
				"south": {"uv": [0, 2.1, 0.75, 2.6], "rotation": 180, "texture": "#1"},
				"west": {"uv": [0, 2.1, 2, 2.6], "rotation": 180, "texture": "#1"},
				"down": {"uv": [0, 2.1, 2, 2.6], "rotation": 90, "texture": "#1"}
			}
		},
		{
			"from": [7.85, 3.85, 10.6],
			"to": [7.875, 3.875, 11],
			"faces": {
				"south": {"uv": [0, 2.1, 0.75, 2.6], "rotation": 180, "texture": "#1"}
			}
		},
		{
			"from": [7.825, 3.85, 10.6],
			"to": [7.85, 3.875, 11],
			"faces": {
				"north": {"uv": [1.25, 2.1, 2, 2.6], "rotation": 180, "texture": "#1"},
				"south": {"uv": [0, 2.1, 0.75, 2.6], "rotation": 180, "texture": "#1"},
				"west": {"uv": [0, 2.1, 2, 2.6], "rotation": 180, "texture": "#1"},
				"down": {"uv": [0, 2.1, 2, 2.6], "rotation": 90, "texture": "#1"}
			}
		},
		{
			"from": [7.825, 3.875, 10.6],
			"to": [7.875, 3.9, 11],
			"faces": {
				"north": {"uv": [1.25, 2.1, 2, 2.6], "rotation": 180, "texture": "#1"},
				"east": {"uv": [0, 2.1, 2, 2.6], "texture": "#1"},
				"south": {"uv": [0, 2.1, 0.75, 2.6], "rotation": 180, "texture": "#1"},
				"west": {"uv": [0, 2.1, 2, 2.6], "rotation": 180, "texture": "#1"},
				"up": {"uv": [0, 2.1, 2, 2.6], "rotation": 270, "texture": "#1"}
			}
		},
		{
			"from": [8.1, 4.1, 10.5],
			"to": [8.15, 4.15, 10.6],
			"faces": {
				"north": {"uv": [4, 5, 4.8, 5.85], "texture": "#1"},
				"east": {"uv": [4, 5, 4.8, 5.85], "texture": "#1"},
				"south": {"uv": [4, 5, 4.8, 5.85], "texture": "#1"},
				"west": {"uv": [4, 5, 4.8, 5.85], "texture": "#1"},
				"up": {"uv": [4, 5, 4.8, 5.85], "texture": "#1"},
				"down": {"uv": [4, 5, 4.8, 5.85], "texture": "#1"}
			}
		},
		{
			"from": [8.1, 3.85, 10.5],
			"to": [8.15, 3.9, 10.6],
			"faces": {
				"north": {"uv": [4, 5, 4.8, 5.85], "texture": "#1"},
				"east": {"uv": [4, 5, 4.8, 5.85], "texture": "#1"},
				"south": {"uv": [4, 5, 4.8, 5.85], "texture": "#1"},
				"west": {"uv": [4, 5, 4.8, 5.85], "texture": "#1"},
				"up": {"uv": [4, 5, 4.8, 5.85], "texture": "#1"},
				"down": {"uv": [4, 5, 4.8, 5.85], "texture": "#1"}
			}
		},
		{
			"from": [7.85, 3.85, 10.5],
			"to": [7.9, 3.9, 10.6],
			"faces": {
				"north": {"uv": [4, 5, 4.8, 5.85], "texture": "#1"},
				"east": {"uv": [4, 5, 4.8, 5.85], "texture": "#1"},
				"south": {"uv": [4, 5, 4.8, 5.85], "texture": "#1"},
				"west": {"uv": [4, 5, 4.8, 5.85], "texture": "#1"},
				"up": {"uv": [4, 5, 4.8, 5.85], "texture": "#1"},
				"down": {"uv": [4, 5, 4.8, 5.85], "texture": "#1"}
			}
		},
		{
			"from": [7.9, 4.125, 10.5],
			"to": [8.1, 4.175, 10.6],
			"faces": {
				"north": {"uv": [4, 5, 4.8, 5.85], "texture": "#1"},
				"east": {"uv": [4, 5, 4.8, 5.85], "texture": "#1"},
				"south": {"uv": [4, 5, 4.8, 5.85], "texture": "#1"},
				"west": {"uv": [4, 5, 4.8, 5.85], "texture": "#1"},
				"up": {"uv": [4, 5, 4.8, 5.85], "texture": "#1"},
				"down": {"uv": [4, 5, 4.8, 5.85], "texture": "#1"}
			}
		},
		{
			"from": [7.9, 4.15, 10.6],
			"to": [8.1, 4.2, 11],
			"faces": {
				"north": {"uv": [1.25, 2.1, 2, 2.6], "rotation": 180, "texture": "#1"},
				"east": {"uv": [0, 2.1, 2, 2.6], "texture": "#1"},
				"south": {"uv": [0, 2.1, 0.75, 2.6], "rotation": 180, "texture": "#1"},
				"west": {"uv": [0, 2.1, 2, 2.6], "rotation": 180, "texture": "#1"},
				"up": {"uv": [0, 2.1, 2, 2.6], "rotation": 270, "texture": "#1"},
				"down": {"uv": [0, 2.1, 2, 2.6], "rotation": 90, "texture": "#1"}
			}
		},
		{
			"from": [7.9, 3.8, 10.6],
			"to": [8.1, 3.85, 11],
			"faces": {
				"north": {"uv": [1.25, 2.1, 2, 2.6], "rotation": 180, "texture": "#1"},
				"east": {"uv": [0, 2.1, 2, 2.6], "texture": "#1"},
				"south": {"uv": [0, 2.1, 0.75, 2.6], "rotation": 180, "texture": "#1"},
				"west": {"uv": [0, 2.1, 2, 2.6], "rotation": 180, "texture": "#1"},
				"up": {"uv": [0, 2.1, 2, 2.6], "rotation": 270, "texture": "#1"},
				"down": {"uv": [0, 2.1, 2, 2.6], "rotation": 90, "texture": "#1"}
			}
		},
		{
			"from": [7.9, 3.825, 10.5],
			"to": [8.1, 3.875, 10.6],
			"faces": {
				"north": {"uv": [4, 5, 4.8, 5.85], "texture": "#1"},
				"east": {"uv": [4, 5, 4.8, 5.85], "texture": "#1"},
				"south": {"uv": [4, 5, 4.8, 5.85], "texture": "#1"},
				"west": {"uv": [4, 5, 4.8, 5.85], "texture": "#1"},
				"up": {"uv": [4, 5, 4.8, 5.85], "texture": "#1"},
				"down": {"uv": [4, 5, 4.8, 5.85], "texture": "#1"}
			}
		},
		{
			"from": [8.125, 3.9, 10.5],
			"to": [8.175, 4.1, 10.6],
			"faces": {
				"north": {"uv": [4, 5, 4.8, 5.85], "texture": "#1"},
				"east": {"uv": [4, 5, 4.8, 5.85], "texture": "#1"},
				"south": {"uv": [4, 5, 4.8, 5.85], "texture": "#1"},
				"west": {"uv": [4, 5, 4.8, 5.85], "texture": "#1"},
				"up": {"uv": [4, 5, 4.8, 5.85], "texture": "#1"},
				"down": {"uv": [4, 5, 4.8, 5.85], "texture": "#1"}
			}
		},
		{
			"from": [8.15, 3.9, 10.6],
			"to": [8.2, 4.1, 11],
			"faces": {
				"north": {"uv": [1.25, 2.1, 2, 2.6], "rotation": 180, "texture": "#1"},
				"east": {"uv": [0, 2.1, 2, 2.6], "texture": "#1"},
				"south": {"uv": [0, 2.1, 0.75, 2.6], "rotation": 180, "texture": "#1"},
				"west": {"uv": [0, 2.1, 2, 2.6], "rotation": 180, "texture": "#1"},
				"up": {"uv": [0, 2.1, 2, 2.6], "rotation": 270, "texture": "#1"},
				"down": {"uv": [0, 2.1, 2, 2.6], "rotation": 90, "texture": "#1"}
			}
		},
		{
			"from": [7.8, 3.9, 10.6],
			"to": [7.85, 4.1, 11],
			"faces": {
				"north": {"uv": [1.25, 2.1, 2, 2.6], "rotation": 180, "texture": "#1"},
				"east": {"uv": [0, 2.1, 2, 2.6], "texture": "#1"},
				"south": {"uv": [0, 2.1, 0.75, 2.6], "rotation": 180, "texture": "#1"},
				"west": {"uv": [0, 2.1, 2, 2.6], "rotation": 180, "texture": "#1"},
				"up": {"uv": [0, 2.1, 2, 2.6], "rotation": 270, "texture": "#1"},
				"down": {"uv": [0, 2.1, 2, 2.6], "rotation": 90, "texture": "#1"}
			}
		},
		{
			"from": [7.8, 3.9, 8.9],
			"to": [7.85, 4.1, 9.55],
			"faces": {
				"north": {"uv": [0, 2.1, 0.75, 2.6], "rotation": 180, "texture": "#1"},
				"east": {"uv": [0, 2.1, 0.75, 2.6], "rotation": 180, "texture": "#1"},
				"south": {"uv": [0, 2.1, 0.75, 2.6], "rotation": 180, "texture": "#1"},
				"west": {"uv": [0, 2.1, 0.75, 2.6], "rotation": 180, "texture": "#1"},
				"up": {"uv": [0, 2.1, 0.75, 2.6], "rotation": 180, "texture": "#1"},
				"down": {"uv": [0, 2.1, 0.75, 2.6], "rotation": 180, "texture": "#1"}
			}
		},
		{
			"from": [7.85, 4.125, 8.9],
			"to": [7.875, 4.15, 9.55],
			"faces": {
				"north": {"uv": [0, 2.1, 0.75, 2.6], "rotation": 180, "texture": "#1"}
			}
		},
		{
			"from": [7.825, 4.125, 8.9],
			"to": [7.85, 4.15, 9.55],
			"faces": {
				"north": {"uv": [0, 2.1, 0.75, 2.6], "rotation": 180, "texture": "#1"},
				"south": {"uv": [0, 2.1, 0.75, 2.6], "rotation": 180, "texture": "#1"},
				"west": {"uv": [0, 2.1, 0.75, 2.6], "rotation": 180, "texture": "#1"},
				"up": {"uv": [0, 2.1, 0.75, 2.6], "rotation": 180, "texture": "#1"}
			}
		},
		{
			"from": [7.9, 4.15, 8.9],
			"to": [8.1, 4.2, 9.55],
			"faces": {
				"north": {"uv": [0, 2.1, 0.75, 2.6], "rotation": 180, "texture": "#1"},
				"east": {"uv": [0, 2.1, 0.75, 2.6], "rotation": 180, "texture": "#1"},
				"south": {"uv": [0, 2.1, 0.75, 2.6], "rotation": 180, "texture": "#1"},
				"west": {"uv": [0, 2.1, 0.75, 2.6], "rotation": 180, "texture": "#1"},
				"up": {"uv": [0, 2.1, 0.75, 2.6], "rotation": 180, "texture": "#1"},
				"down": {"uv": [0, 2.1, 0.75, 2.6], "rotation": 180, "texture": "#1"}
			}
		},
		{
			"from": [7.875, 4.125, 8.9],
			"to": [7.9, 4.175, 9.55],
			"faces": {
				"north": {"uv": [0, 2.1, 0.75, 2.6], "rotation": 180, "texture": "#1"},
				"east": {"uv": [0, 2.1, 0.75, 2.6], "rotation": 180, "texture": "#1"},
				"south": {"uv": [0, 2.1, 0.75, 2.6], "rotation": 180, "texture": "#1"},
				"up": {"uv": [0, 2.1, 0.75, 2.6], "rotation": 180, "texture": "#1"},
				"down": {"uv": [0, 2.1, 0.75, 2.6], "rotation": 180, "texture": "#1"}
			}
		},
		{
			"from": [7.85, 4.15, 8.9],
			"to": [7.875, 4.175, 9.55],
			"faces": {
				"north": {"uv": [0, 2.1, 0.75, 2.6], "rotation": 180, "texture": "#1"},
				"south": {"uv": [0, 2.1, 0.75, 2.6], "rotation": 180, "texture": "#1"},
				"west": {"uv": [0, 2.1, 0.75, 2.6], "rotation": 180, "texture": "#1"},
				"up": {"uv": [0, 2.1, 0.75, 2.6], "rotation": 180, "texture": "#1"}
			}
		},
		{
			"from": [7.825, 4.1, 8.9],
			"to": [7.875, 4.125, 9.55],
			"faces": {
				"north": {"uv": [0, 2.1, 0.75, 2.6], "rotation": 180, "texture": "#1"},
				"east": {"uv": [0, 2.1, 0.75, 2.6], "rotation": 180, "texture": "#1"},
				"south": {"uv": [0, 2.1, 0.75, 2.6], "rotation": 180, "texture": "#1"},
				"west": {"uv": [0, 2.1, 0.75, 2.6], "rotation": 180, "texture": "#1"},
				"down": {"uv": [0, 2.1, 0.75, 2.6], "rotation": 180, "texture": "#1"}
			}
		},
		{
			"from": [8.1, 4.125, 8.9],
			"to": [8.125, 4.175, 9.55],
			"faces": {
				"north": {"uv": [0, 2.1, 0.75, 2.6], "rotation": 180, "texture": "#1"},
				"south": {"uv": [0, 2.1, 0.75, 2.6], "rotation": 180, "texture": "#1"},
				"west": {"uv": [0, 2.1, 0.75, 2.6], "rotation": 180, "texture": "#1"},
				"up": {"uv": [0, 2.1, 0.75, 2.6], "rotation": 180, "texture": "#1"},
				"down": {"uv": [0, 2.1, 0.75, 2.6], "rotation": 180, "texture": "#1"}
			}
		},
		{
			"from": [8.125, 4.15, 8.9],
			"to": [8.15, 4.175, 9.55],
			"faces": {
				"north": {"uv": [0, 2.1, 0.75, 2.6], "rotation": 180, "texture": "#1"},
				"east": {"uv": [0, 2.1, 0.75, 2.6], "rotation": 180, "texture": "#1"},
				"south": {"uv": [0, 2.1, 0.75, 2.6], "rotation": 180, "texture": "#1"},
				"up": {"uv": [0, 2.1, 0.75, 2.6], "rotation": 180, "texture": "#1"}
			}
		},
		{
			"from": [8.125, 4.125, 8.9],
			"to": [8.15, 4.15, 9.55],
			"faces": {
				"north": {"uv": [0, 2.1, 0.75, 2.6], "rotation": 180, "texture": "#1"}
			}
		},
		{
			"from": [8.15, 4.125, 8.9],
			"to": [8.175, 4.15, 9.55],
			"faces": {
				"north": {"uv": [0, 2.1, 0.75, 2.6], "rotation": 180, "texture": "#1"},
				"east": {"uv": [0, 2.1, 0.75, 2.6], "rotation": 180, "texture": "#1"},
				"south": {"uv": [0, 2.1, 0.75, 2.6], "rotation": 180, "texture": "#1"},
				"up": {"uv": [0, 2.1, 0.75, 2.6], "rotation": 180, "texture": "#1"}
			}
		},
		{
			"from": [8.125, 4.1, 8.9],
			"to": [8.175, 4.125, 9.55],
			"faces": {
				"north": {"uv": [0, 2.1, 0.75, 2.6], "rotation": 180, "texture": "#1"},
				"east": {"uv": [0, 2.1, 0.75, 2.6], "rotation": 180, "texture": "#1"},
				"south": {"uv": [0, 2.1, 0.75, 2.6], "rotation": 180, "texture": "#1"},
				"west": {"uv": [0, 2.1, 0.75, 2.6], "rotation": 180, "texture": "#1"},
				"down": {"uv": [0, 2.1, 0.75, 2.6], "rotation": 180, "texture": "#1"}
			}
		},
		{
			"from": [8.15, 3.9, 8.9],
			"to": [8.2, 4.1, 9.55],
			"faces": {
				"north": {"uv": [0, 2.1, 0.75, 2.6], "rotation": 180, "texture": "#1"},
				"east": {"uv": [0, 2.1, 0.75, 2.6], "rotation": 180, "texture": "#1"},
				"south": {"uv": [0, 2.1, 0.75, 2.6], "rotation": 180, "texture": "#1"},
				"west": {"uv": [0, 2.1, 0.75, 2.6], "rotation": 180, "texture": "#1"},
				"up": {"uv": [0, 2.1, 0.75, 2.6], "rotation": 180, "texture": "#1"},
				"down": {"uv": [0, 2.1, 0.75, 2.6], "rotation": 180, "texture": "#1"}
			}
		},
		{
			"from": [8.125, 3.875, 8.9],
			"to": [8.175, 3.9, 9.55],
			"faces": {
				"north": {"uv": [0, 2.1, 0.75, 2.6], "rotation": 180, "texture": "#1"},
				"east": {"uv": [0, 2.1, 0.75, 2.6], "rotation": 180, "texture": "#1"},
				"south": {"uv": [0, 2.1, 0.75, 2.6], "rotation": 180, "texture": "#1"},
				"west": {"uv": [0, 2.1, 0.75, 2.6], "rotation": 180, "texture": "#1"},
				"up": {"uv": [0, 2.1, 0.75, 2.6], "rotation": 180, "texture": "#1"}
			}
		},
		{
			"from": [8.15, 3.85, 8.9],
			"to": [8.175, 3.875, 9.55],
			"faces": {
				"north": {"uv": [0, 2.1, 0.75, 2.6], "rotation": 180, "texture": "#1"},
				"east": {"uv": [0, 2.1, 0.75, 2.6], "rotation": 180, "texture": "#1"},
				"south": {"uv": [0, 2.1, 0.75, 2.6], "rotation": 180, "texture": "#1"},
				"down": {"uv": [0, 2.1, 0.75, 2.6], "rotation": 180, "texture": "#1"}
			}
		},
		{
			"from": [8.125, 3.85, 8.9],
			"to": [8.15, 3.875, 9.55],
			"faces": {
				"north": {"uv": [0, 2.1, 0.75, 2.6], "rotation": 180, "texture": "#1"}
			}
		},
		{
			"from": [8.1, 3.825, 8.9],
			"to": [8.125, 3.875, 9.55],
			"faces": {
				"north": {"uv": [0, 2.1, 0.75, 2.6], "rotation": 180, "texture": "#1"},
				"south": {"uv": [0, 2.1, 0.75, 2.6], "rotation": 180, "texture": "#1"},
				"west": {"uv": [0, 2.1, 0.75, 2.6], "rotation": 180, "texture": "#1"},
				"up": {"uv": [0, 2.1, 0.75, 2.6], "rotation": 180, "texture": "#1"},
				"down": {"uv": [0, 2.1, 0.75, 2.6], "rotation": 180, "texture": "#1"}
			}
		},
		{
			"from": [8.125, 3.825, 8.9],
			"to": [8.15, 3.85, 9.55],
			"faces": {
				"north": {"uv": [0, 2.1, 0.75, 2.6], "rotation": 180, "texture": "#1"},
				"east": {"uv": [0, 2.1, 0.75, 2.6], "rotation": 180, "texture": "#1"},
				"south": {"uv": [0, 2.1, 0.75, 2.6], "rotation": 180, "texture": "#1"},
				"down": {"uv": [0, 2.1, 0.75, 2.6], "rotation": 180, "texture": "#1"}
			}
		},
		{
			"from": [7.9, 3.8, 8.9],
			"to": [8.1, 3.85, 9.55],
			"faces": {
				"north": {"uv": [0, 2.1, 0.75, 2.6], "rotation": 180, "texture": "#1"},
				"east": {"uv": [0, 2.1, 0.75, 2.6], "rotation": 180, "texture": "#1"},
				"south": {"uv": [0, 2.1, 0.75, 2.6], "rotation": 180, "texture": "#1"},
				"west": {"uv": [0, 2.1, 0.75, 2.6], "rotation": 180, "texture": "#1"},
				"up": {"uv": [0, 2.1, 0.75, 2.6], "rotation": 180, "texture": "#1"},
				"down": {"uv": [0, 2.1, 0.75, 2.6], "rotation": 180, "texture": "#1"}
			}
		},
		{
			"from": [7.875, 3.825, 8.9],
			"to": [7.9, 3.875, 9.55],
			"faces": {
				"north": {"uv": [0, 2.1, 0.75, 2.6], "rotation": 180, "texture": "#1"},
				"east": {"uv": [0, 2.1, 0.75, 2.6], "rotation": 180, "texture": "#1"},
				"south": {"uv": [0, 2.1, 0.75, 2.6], "rotation": 180, "texture": "#1"},
				"up": {"uv": [0, 2.1, 0.75, 2.6], "rotation": 180, "texture": "#1"},
				"down": {"uv": [0, 2.1, 0.75, 2.6], "rotation": 180, "texture": "#1"}
			}
		},
		{
			"from": [7.85, 3.85, 8.9],
			"to": [7.875, 3.875, 9.55],
			"faces": {
				"north": {"uv": [0, 2.1, 0.75, 2.6], "rotation": 180, "texture": "#1"}
			}
		},
		{
			"from": [7.825, 3.875, 8.9],
			"to": [7.875, 3.9, 9.55],
			"faces": {
				"north": {"uv": [0, 2.1, 0.75, 2.6], "rotation": 180, "texture": "#1"},
				"east": {"uv": [0, 2.1, 0.75, 2.6], "rotation": 180, "texture": "#1"},
				"south": {"uv": [0, 2.1, 0.75, 2.6], "rotation": 180, "texture": "#1"},
				"west": {"uv": [0, 2.1, 0.75, 2.6], "rotation": 180, "texture": "#1"},
				"up": {"uv": [0, 2.1, 0.75, 2.6], "rotation": 180, "texture": "#1"}
			}
		},
		{
			"from": [7.825, 3.85, 8.9],
			"to": [7.85, 3.875, 9.55],
			"faces": {
				"north": {"uv": [0, 2.1, 0.75, 2.6], "rotation": 180, "texture": "#1"},
				"south": {"uv": [0, 2.1, 0.75, 2.6], "rotation": 180, "texture": "#1"},
				"west": {"uv": [0, 2.1, 0.75, 2.6], "rotation": 180, "texture": "#1"},
				"down": {"uv": [0, 2.1, 0.75, 2.6], "rotation": 180, "texture": "#1"}
			}
		},
		{
			"from": [7.85, 3.825, 8.9],
			"to": [7.875, 3.85, 9.55],
			"faces": {
				"north": {"uv": [0, 2.1, 0.75, 2.6], "rotation": 180, "texture": "#1"},
				"south": {"uv": [0, 2.1, 0.75, 2.6], "rotation": 180, "texture": "#1"},
				"west": {"uv": [0, 2.1, 0.75, 2.6], "rotation": 180, "texture": "#1"},
				"down": {"uv": [0, 2.1, 0.75, 2.6], "rotation": 180, "texture": "#1"}
			}
		},
		{
			"from": [7.825, 3.9, 10.5],
			"to": [7.875, 4.1, 10.6],
			"faces": {
				"north": {"uv": [4, 5, 4.8, 5.85], "texture": "#1"},
				"east": {"uv": [4, 5, 4.8, 5.85], "texture": "#1"},
				"south": {"uv": [4, 5, 4.8, 5.85], "texture": "#1"},
				"west": {"uv": [4, 5, 4.8, 5.85], "texture": "#1"},
				"up": {"uv": [4, 5, 4.8, 5.85], "texture": "#1"},
				"down": {"uv": [4, 5, 4.8, 5.85], "texture": "#1"}
			}
		},
		{
			"from": [7.9, 4.125, 9.55],
			"to": [8.1, 4.175, 9.9],
			"faces": {
				"north": {"uv": [1, 2.1, 1.8, 2.7], "texture": "#1"},
				"east": {"uv": [1, 2.1, 1.8, 2.7], "texture": "#1"},
				"south": {"uv": [1, 2.1, 1.8, 2.7], "texture": "#1"},
				"west": {"uv": [1, 2.1, 1.8, 2.7], "texture": "#1"},
				"up": {"uv": [1, 2.1, 1.8, 2.7], "texture": "#1"},
				"down": {"uv": [1, 2.1, 1.8, 2.7], "texture": "#1"}
			}
		},
		{
			"from": [7.85, 4.1, 9.55],
			"to": [7.9, 4.15, 9.9],
			"faces": {
				"north": {"uv": [1, 2.1, 1.8, 2.7], "texture": "#1"},
				"east": {"uv": [1, 2.1, 1.8, 2.7], "texture": "#1"},
				"south": {"uv": [1, 2.1, 1.8, 2.7], "texture": "#1"},
				"west": {"uv": [1, 2.1, 1.8, 2.7], "texture": "#1"},
				"up": {"uv": [1, 2.1, 1.8, 2.7], "texture": "#1"},
				"down": {"uv": [1, 2.1, 1.8, 2.7], "texture": "#1"}
			}
		},
		{
			"from": [7.825, 3.9, 9.55],
			"to": [7.875, 4.1, 9.9],
			"faces": {
				"north": {"uv": [1, 2.1, 1.8, 2.7], "texture": "#1"},
				"east": {"uv": [1, 2.1, 1.8, 2.7], "texture": "#1"},
				"south": {"uv": [1, 2.1, 1.8, 2.7], "texture": "#1"},
				"west": {"uv": [1, 2.1, 1.8, 2.7], "texture": "#1"},
				"up": {"uv": [1, 2.1, 1.8, 2.7], "texture": "#1"},
				"down": {"uv": [1, 2.1, 1.8, 2.7], "texture": "#1"}
			}
		},
		{
			"from": [7.85, 3.85, 9.55],
			"to": [7.9, 3.9, 9.9],
			"faces": {
				"north": {"uv": [1, 2.1, 1.8, 2.7], "texture": "#1"},
				"east": {"uv": [1, 2.1, 1.8, 2.7], "texture": "#1"},
				"south": {"uv": [1, 2.1, 1.8, 2.7], "texture": "#1"},
				"west": {"uv": [1, 2.1, 1.8, 2.7], "texture": "#1"},
				"up": {"uv": [1, 2.1, 1.8, 2.7], "texture": "#1"},
				"down": {"uv": [1, 2.1, 1.8, 2.7], "texture": "#1"}
			}
		},
		{
			"from": [7.9, 3.825, 9.55],
			"to": [8.1, 3.875, 9.9],
			"faces": {
				"north": {"uv": [1, 2.1, 1.8, 2.7], "texture": "#1"},
				"east": {"uv": [1, 2.1, 1.8, 2.7], "texture": "#1"},
				"south": {"uv": [1, 2.1, 1.8, 2.7], "texture": "#1"},
				"west": {"uv": [1, 2.1, 1.8, 2.7], "texture": "#1"},
				"up": {"uv": [1, 2.1, 1.8, 2.7], "texture": "#1"},
				"down": {"uv": [1, 2.1, 1.8, 2.7], "texture": "#1"}
			}
		},
		{
			"from": [8.125, 3.9, 9.55],
			"to": [8.175, 4.1, 9.9],
			"faces": {
				"north": {"uv": [1, 2.1, 1.8, 2.7], "texture": "#1"},
				"east": {"uv": [1, 2.1, 1.8, 2.7], "texture": "#1"},
				"south": {"uv": [1, 2.1, 1.8, 2.7], "texture": "#1"},
				"west": {"uv": [1, 2.1, 1.8, 2.7], "texture": "#1"},
				"up": {"uv": [1, 2.1, 1.8, 2.7], "texture": "#1"},
				"down": {"uv": [1, 2.1, 1.8, 2.7], "texture": "#1"}
			}
		},
		{
			"from": [8.1, 3.85, 9.55],
			"to": [8.15, 3.9, 9.9],
			"faces": {
				"north": {"uv": [1, 2.1, 1.8, 2.7], "texture": "#1"},
				"east": {"uv": [1, 2.1, 1.8, 2.7], "texture": "#1"},
				"south": {"uv": [1, 2.1, 1.8, 2.7], "texture": "#1"},
				"west": {"uv": [1, 2.1, 1.8, 2.7], "texture": "#1"},
				"up": {"uv": [1, 2.1, 1.8, 2.7], "texture": "#1"},
				"down": {"uv": [1, 2.1, 1.8, 2.7], "texture": "#1"}
			}
		},
		{
			"from": [8.1, 4.1, 9.55],
			"to": [8.15, 4.15, 9.9],
			"faces": {
				"north": {"uv": [1, 2.1, 1.8, 2.7], "texture": "#1"},
				"east": {"uv": [1, 2.1, 1.8, 2.7], "texture": "#1"},
				"south": {"uv": [1, 2.1, 1.8, 2.7], "texture": "#1"},
				"west": {"uv": [1, 2.1, 1.8, 2.7], "texture": "#1"},
				"up": {"uv": [1, 2.1, 1.8, 2.7], "texture": "#1"},
				"down": {"uv": [1, 2.1, 1.8, 2.7], "texture": "#1"}
			}
		},
		{
			"from": [7.9, 3.85, 9.9],
			"to": [8.1, 3.9, 10.5],
			"faces": {
				"north": {"uv": [4, 5, 4.8, 5.85], "texture": "#1"},
				"east": {"uv": [4, 5, 4.8, 5.85], "texture": "#1"},
				"south": {"uv": [4, 5, 4.8, 5.85], "texture": "#1"},
				"west": {"uv": [4, 5, 4.8, 5.85], "texture": "#1"},
				"up": {"uv": [4, 5, 4.8, 5.85], "texture": "#1"},
				"down": {"uv": [4, 5, 4.8, 5.85], "texture": "#1"}
			}
		},
		{
			"from": [7.5, 1.5, 11.25],
			"to": [8.5, 2.25, 12.05],
			"faces": {
				"north": {"uv": [12, 13.3, 12.8, 14.1], "texture": "#4"},
				"east": {"uv": [12, 13.3, 12.8, 14.1], "texture": "#4"},
				"south": {"uv": [12, 13.3, 12.8, 14.1], "texture": "#4"},
				"west": {"uv": [0, 14.3, 0.8, 15.1], "texture": "#4"},
				"up": {"uv": [12, 13.3, 12.8, 14.1], "texture": "#4"},
				"down": {"uv": [12, 13.3, 12.8, 14.1], "texture": "#4"}
			}
		},
		{
			"from": [7.7, 1.8, 10.65],
			"to": [8.3, 1.9, 11.25],
			"faces": {
				"north": {"uv": [0, 14.3, 0.8, 14.85], "texture": "#4"},
				"east": {"uv": [0, 14.3, 0.8, 14.85], "texture": "#4"},
				"west": {"uv": [0, 14.3, 0.8, 14.85], "texture": "#4"},
				"up": {"uv": [0, 14.3, 0.8, 14.85], "texture": "#4"},
				"down": {"uv": [0, 14.3, 0.8, 14.85], "texture": "#4"}
			}
		},
		{
			"from": [7.9, 1.9, 10.9],
			"to": [8.1, 2, 11],
			"faces": {
				"north": {"uv": [2, 11.1, 3, 11.6], "texture": "#4"},
				"east": {"uv": [2, 11.1, 4, 11.6], "rotation": 180, "texture": "#4"},
				"south": {"uv": [2, 11.1, 3, 11.6], "texture": "#4"},
				"west": {"uv": [2, 11.1, 4, 11.6], "texture": "#4"},
				"up": {"uv": [2, 11.1, 4, 11.6], "texture": "#4"}
			}
		},
		{
			"from": [7.9, 2, 10.95],
			"to": [8.1, 2.15, 11.05],
			"faces": {
				"north": {"uv": [2, 11.1, 3, 11.6], "texture": "#4"},
				"east": {"uv": [2, 11.1, 4, 11.6], "rotation": 180, "texture": "#4"},
				"south": {"uv": [2, 11.1, 3, 11.6], "texture": "#4"},
				"west": {"uv": [2, 11.1, 4, 11.6], "texture": "#4"},
				"up": {"uv": [2, 11.1, 4, 11.6], "texture": "#4"},
				"down": {"uv": [2, 11.1, 4, 11.6], "texture": "#4"}
			}
		},
		{
			"from": [7.9, 2.15, 11],
			"to": [8.1, 2.25, 11.1],
			"faces": {
				"north": {"uv": [2, 11.1, 3, 11.6], "texture": "#4"},
				"east": {"uv": [2, 11.1, 4, 11.6], "rotation": 180, "texture": "#4"},
				"south": {"uv": [3, 11.1, 4, 11.6], "texture": "#4"},
				"west": {"uv": [2, 11.1, 4, 11.6], "texture": "#4"},
				"down": {"uv": [2, 11.1, 4, 11.6], "texture": "#4"}
			}
		},
		{
			"from": [7.7, 1.9, 10.55],
			"to": [8.3, 2, 10.75],
			"faces": {
				"north": {"uv": [0, 14.3, 0.8, 14.85], "texture": "#4"},
				"east": {"uv": [0, 14.3, 0.8, 14.85], "texture": "#4"},
				"south": {"uv": [0, 14.3, 0.8, 14.85], "texture": "#4"},
				"west": {"uv": [0, 14.3, 0.8, 14.85], "texture": "#4"},
				"up": {"uv": [0, 14.3, 0.8, 14.85], "texture": "#4"},
				"down": {"uv": [0, 14.3, 0.8, 14.85], "texture": "#4"}
			}
		},
		{
			"from": [7.7, 2, 10.45],
			"to": [8.3, 2.1, 10.65],
			"faces": {
				"north": {"uv": [0, 14.3, 0.8, 14.85], "texture": "#4"},
				"east": {"uv": [0, 14.3, 0.8, 14.85], "texture": "#4"},
				"south": {"uv": [0, 14.3, 0.8, 14.85], "texture": "#4"},
				"west": {"uv": [0, 14.3, 0.8, 14.85], "texture": "#4"},
				"up": {"uv": [0, 14.3, 0.8, 14.85], "texture": "#4"},
				"down": {"uv": [0, 14.3, 0.8, 14.85], "texture": "#4"}
			}
		},
		{
			"from": [7.7, 2.1, 10.1],
			"to": [8.3, 2.25, 10.55],
			"faces": {
				"north": {"uv": [0, 14.3, 0.8, 14.85], "texture": "#4"},
				"east": {"uv": [0, 14.3, 0.8, 14.85], "texture": "#4"},
				"south": {"uv": [0, 14.3, 0.8, 14.85], "texture": "#4"},
				"west": {"uv": [0, 14.3, 0.8, 14.85], "texture": "#4"},
				"down": {"uv": [0, 14.3, 0.8, 14.85], "texture": "#4"}
			}
		},
		{
			"from": [7.5, 1.5, 11.15],
			"to": [8.5, 1.6, 11.25],
			"faces": {
				"north": {"uv": [0, 15.2, 0.8, 16], "texture": "#4"},
				"east": {"uv": [0, 15.2, 0.8, 16], "texture": "#4"},
				"west": {"uv": [0, 15.2, 0.8, 16], "texture": "#4"},
				"up": {"uv": [0, 15.2, 0.8, 16], "texture": "#4"},
				"down": {"uv": [0, 15.2, 0.8, 16], "texture": "#4"}
			}
		},
		{
			"from": [7.5, 0.75, 11.25],
			"to": [8.5, 0.85, 11.35],
			"faces": {
				"north": {"uv": [0, 15.2, 0.8, 16], "texture": "#4"},
				"east": {"uv": [0, 15.2, 0.8, 16], "texture": "#4"},
				"west": {"uv": [0, 15.2, 0.8, 16], "texture": "#4"},
				"up": {"uv": [0, 15.2, 0.8, 16], "texture": "#4"},
				"down": {"uv": [0, 15.2, 0.8, 16], "texture": "#4"}
			}
		},
		{
			"from": [7.5, 0, 11.35],
			"to": [8.5, 0.1, 11.45],
			"faces": {
				"north": {"uv": [0, 15.2, 0.8, 16], "texture": "#4"},
				"east": {"uv": [0, 15.2, 0.8, 16], "texture": "#4"},
				"west": {"uv": [0, 15.2, 0.8, 16], "texture": "#4"},
				"up": {"uv": [0, 15.2, 0.8, 16], "texture": "#4"},
				"down": {"uv": [0, 15.2, 0.8, 16], "texture": "#4"}
			}
		},
		{
			"from": [7.8, 1.4, 7.25],
			"to": [8.2, 2.15, 7.8],
			"faces": {
				"north": {"uv": [12, 13.3, 12.8, 14.1], "texture": "#4"},
				"east": {"uv": [12, 13.3, 12.8, 14.1], "texture": "#4"},
				"south": {"uv": [12, 13.3, 12.8, 14.1], "texture": "#4"},
				"west": {"uv": [0, 14.3, 0.8, 15.1], "texture": "#4"},
				"down": {"uv": [12, 13.3, 12.8, 14.1], "texture": "#4"}
			}
		},
		{
			"from": [7.8, 0.65, 7.35],
			"to": [8.2, 1.4, 7.9],
			"faces": {
				"north": {"uv": [12, 13.3, 12.8, 14.1], "texture": "#4"},
				"east": {"uv": [12, 13.3, 12.8, 14.1], "texture": "#4"},
				"south": {"uv": [12, 13.3, 12.8, 14.1], "texture": "#4"},
				"west": {"uv": [0, 14.3, 0.8, 15.1], "texture": "#4"},
				"up": {"uv": [12, 13.3, 12.8, 14.1], "texture": "#4"},
				"down": {"uv": [12, 13.3, 12.8, 14.1], "texture": "#4"}
			}
		},
		{
			"from": [7.8, 1.4, 7.15],
			"to": [8.2, 1.5, 7.25],
			"faces": {
				"north": {"uv": [0, 15.2, 0.8, 16], "texture": "#4"},
				"east": {"uv": [0, 15.2, 0.8, 16], "texture": "#4"},
				"west": {"uv": [0, 15.2, 0.8, 16], "texture": "#4"},
				"up": {"uv": [0, 15.2, 0.8, 16], "texture": "#4"},
				"down": {"uv": [0, 15.2, 0.8, 16], "texture": "#4"}
			}
		},
		{
			"from": [7.8, 0.65, 7.25],
			"to": [8.2, 0.75, 7.35],
			"faces": {
				"north": {"uv": [0, 15.2, 0.8, 16], "texture": "#4"},
				"east": {"uv": [0, 15.2, 0.8, 16], "texture": "#4"},
				"west": {"uv": [0, 15.2, 0.8, 16], "texture": "#4"},
				"up": {"uv": [0, 15.2, 0.8, 16], "texture": "#4"},
				"down": {"uv": [0, 15.2, 0.8, 16], "texture": "#4"}
			}
		}
	],
	"display": {
		"thirdperson_righthand": {
			"translation": [0, 8.75, -5.25],
			"scale": [1.5, 1.5, 2]
		},
		"thirdperson_lefthand": {
			"translation": [0, 8.75, -5.25],
			"scale": [1.5, 1.5, 2]
		},
		"firstperson_righthand": {
			"translation": [-2.75, 13, -0.25],
			"scale": [1.5, 1.5, 2]
		},
		"firstperson_lefthand": {
			"translation": [-2.75, 13, -0.25],
			"scale": [1.5, 1.5, 2]
		},
		"ground": {
			"rotation": [0, 0, 90],
			"translation": [-8.5, -2.75, -3.25],
			"scale": [1.5, 1.5, 2]
		},
		"gui": {
			"rotation": [0, 90, 0],
			"translation": [-2.75, 8.75, -1.25],
			"scale": [1.5, 1.5, 2]
		},
		"head": {
			"translation": [0, 8.75, -7.75],
			"scale": [1.5, 1.5, 2]
		},
		"fixed": {
			"rotation": [0, 90, 0],
			"translation": [-2.75, 8.75, -1.25],
			"scale": [1.5, 1.5, 2]
		}
	}
}