{
	"credit": "Made with Blockbench",
	"textures": {
		"0": "item/cit/tetu",
		"2": "item/cit/stone3",
		"3": "item/cit/ana",
		"4": "item/cit/stone1",
		"particle": "item/cit/tetu"
	},
	"elements": [
		{
			"from": [7.4, 5, 12.5],
			"to": [8.6, 5.3, 15],
			"faces": {
				"north": {"uv": [0, 12, 0.5, 11.55], "texture": "#2"},
				"east": {"uv": [0, 12, 0.5, 11.55], "texture": "#2"},
				"west": {"uv": [0, 12, 0.5, 11.55], "texture": "#2"},
				"down": {"uv": [0, 12, 0.5, 11.55], "texture": "#2"}
			}
		},
		{
			"from": [7.4, 5, 10],
			"to": [8.6, 5.3, 12.25],
			"faces": {
				"east": {"uv": [4, 14.25, 6.25, 14.8], "texture": "#4"},
				"south": {"uv": [4, 14.2, 5.05, 14.95], "rotation": 270, "texture": "#4"},
				"west": {"uv": [4, 14.2, 6.25, 14.75], "rotation": 180, "texture": "#4"},
				"down": {"uv": [4, 14.2, 6.3, 14.95], "rotation": 90, "texture": "#4"}
			}
		},
		{
			"from": [7.35, 5, 8],
			"to": [8.65, 6.05, 10],
			"faces": {
				"north": {"uv": [6, 2, 6.75, 2.8], "texture": "#2"},
				"east": {"uv": [6, 2, 9.75, 2.8], "rotation": 180, "texture": "#2"},
				"south": {"uv": [6, 2, 9.75, 2.8], "texture": "#2"},
				"west": {"uv": [6, 2, 9.75, 2.8], "texture": "#2"},
				"up": {"uv": [6, 2, 9.75, 2.8], "texture": "#2"},
				"down": {"uv": [6, 2, 9.8, 2.75], "rotation": 270, "texture": "#2"}
			}
		},
		{
			"from": [7.8, 5.25, 7.875],
			"to": [8.2, 5.9, 8],
			"faces": {
				"east": {"uv": [0, 6, 1, 11], "rotation": 270, "texture": "#2"},
				"west": {"uv": [0, 6, 1, 11], "rotation": 90, "texture": "#2"},
				"up": {"uv": [0, 6, 1, 11], "rotation": 180, "texture": "#2"},
				"down": {"uv": [0, 6, 1, 11], "texture": "#2"}
			}
		},
		{
			"from": [7.7325, 5.775, 7.875],
			"to": [7.8, 5.8425, 8],
			"faces": {
				"west": {"uv": [0, 6, 1, 11], "rotation": 90, "texture": "#2"},
				"up": {"uv": [0, 6, 1, 11], "rotation": 180, "texture": "#2"}
			}
		},
		{
			"from": [7.7325, 5.3075, 7.875],
			"to": [7.8, 5.375, 8],
			"faces": {
				"west": {"uv": [0, 6, 1, 11], "rotation": 90, "texture": "#2"},
				"down": {"uv": [0, 6, 1, 11], "texture": "#2"}
			}
		},
		{
			"from": [8.2, 5.3075, 7.875],
			"to": [8.2675, 5.375, 8],
			"faces": {
				"east": {"uv": [0, 6, 1, 11], "rotation": 270, "texture": "#2"},
				"down": {"uv": [0, 6, 1, 11], "texture": "#2"}
			}
		},
		{
			"from": [8.2, 5.775, 7.875],
			"to": [8.2675, 5.8425, 8],
			"faces": {
				"east": {"uv": [0, 6, 1, 11], "rotation": 270, "texture": "#2"},
				"up": {"uv": [0, 6, 1, 11], "rotation": 180, "texture": "#2"}
			}
		},
		{
			"from": [7.675, 5.375, 7.875],
			"to": [8.325, 5.775, 8],
			"faces": {
				"east": {"uv": [0, 6, 1, 11], "rotation": 270, "texture": "#2"},
				"west": {"uv": [0, 6, 1, 11], "rotation": 90, "texture": "#2"},
				"up": {"uv": [0, 6, 1, 11], "rotation": 180, "texture": "#2"},
				"down": {"uv": [0, 6, 1, 11], "texture": "#2"}
			}
		},
		{
			"from": [7.8, 5.25, 7.5],
			"to": [8.2, 5.9, 7.625],
			"faces": {
				"north": {"uv": [0.25, 6.25, 0.75, 6.75], "rotation": 270, "texture": "#2"},
				"east": {"uv": [0, 6, 1, 11], "rotation": 90, "texture": "#2"},
				"west": {"uv": [0, 6, 1, 11], "rotation": 270, "texture": "#2"},
				"up": {"uv": [0, 6, 1, 11], "texture": "#2"},
				"down": {"uv": [0, 6, 1, 11], "rotation": 180, "texture": "#2"}
			}
		},
		{
			"from": [7.675, 5.375, 7.5],
			"to": [8.325, 5.775, 7.625],
			"faces": {
				"north": {"uv": [0.25, 6.25, 0.75, 6.75], "rotation": 270, "texture": "#2"},
				"east": {"uv": [0, 6, 1, 11], "rotation": 90, "texture": "#2"},
				"west": {"uv": [0, 6, 1, 11], "rotation": 270, "texture": "#2"},
				"up": {"uv": [0, 6, 1, 11], "texture": "#2"},
				"down": {"uv": [0, 6, 1, 11], "rotation": 180, "texture": "#2"}
			}
		},
		{
			"from": [7.9, 5.5, 6.25],
			"to": [8.1, 5.7, 7.625],
			"faces": {
				"north": {"uv": [3, 3, 13, 13.2], "texture": "#3"},
				"east": {"uv": [0, 1, 16, 6.2], "texture": "#2"},
				"west": {"uv": [0, 1, 16, 6.2], "texture": "#2"},
				"up": {"uv": [0, 1, 16, 6], "rotation": 90, "texture": "#2"},
				"down": {"uv": [0, 1, 16, 6], "rotation": 90, "texture": "#2"}
			}
		},
		{
			"from": [7.7325, 5.3075, 7.5],
			"to": [7.8, 5.375, 7.625],
			"faces": {
				"north": {"uv": [0.25, 6.25, 0.75, 6.75], "rotation": 270, "texture": "#2"},
				"west": {"uv": [0, 6, 1, 11], "rotation": 270, "texture": "#2"},
				"down": {"uv": [0, 6, 1, 11], "rotation": 180, "texture": "#2"}
			}
		},
		{
			"from": [7.7325, 5.775, 7.5],
			"to": [7.8, 5.8425, 7.625],
			"faces": {
				"north": {"uv": [0.25, 6.25, 0.75, 6.75], "rotation": 270, "texture": "#2"},
				"west": {"uv": [0, 6, 1, 11], "rotation": 270, "texture": "#2"},
				"up": {"uv": [0, 6, 1, 11], "texture": "#2"}
			}
		},
		{
			"from": [8.2, 5.775, 7.5],
			"to": [8.2675, 5.8425, 7.625],
			"faces": {
				"north": {"uv": [0.25, 6.25, 0.75, 6.75], "rotation": 270, "texture": "#2"},
				"east": {"uv": [0, 6, 1, 11], "rotation": 90, "texture": "#2"},
				"up": {"uv": [0, 6, 1, 11], "texture": "#2"}
			}
		},
		{
			"from": [8.2, 5.3075, 7.5],
			"to": [8.2675, 5.375, 7.625],
			"faces": {
				"north": {"uv": [0.25, 6.25, 0.75, 6.75], "rotation": 270, "texture": "#2"},
				"east": {"uv": [0, 6, 1, 11], "rotation": 90, "texture": "#2"},
				"down": {"uv": [0, 6, 1, 11], "rotation": 180, "texture": "#2"}
			}
		},
		{
			"from": [7.8, 5.25, 7.625],
			"to": [8.2, 5.9, 7.875],
			"faces": {
				"east": {"uv": [0, 0, 10, 16], "texture": "#0"},
				"west": {"uv": [0, 0, 10, 16], "texture": "#0"},
				"up": {"uv": [0, 0, 10, 16], "rotation": 90, "texture": "#0"},
				"down": {"uv": [0, 0, 10, 16], "rotation": 90, "texture": "#0"}
			}
		},
		{
			"from": [7.675, 5.375, 7.625],
			"to": [8.325, 5.775, 7.875],
			"faces": {
				"east": {"uv": [0, 0, 10, 16], "texture": "#0"},
				"west": {"uv": [0, 0, 10, 16], "texture": "#0"},
				"up": {"uv": [0, 0, 10, 16], "rotation": 90, "texture": "#0"},
				"down": {"uv": [0, 0, 10, 16], "texture": "#0"}
			}
		},
		{
			"from": [7.7325, 5.3075, 7.625],
			"to": [7.8, 5.375, 7.875],
			"faces": {
				"west": {"uv": [0, 0, 10, 16], "texture": "#0"},
				"down": {"uv": [0, 0, 10, 16], "rotation": 90, "texture": "#0"}
			}
		},
		{
			"from": [7.7325, 5.775, 7.625],
			"to": [7.8, 5.8425, 7.875],
			"faces": {
				"west": {"uv": [0, 0, 10, 16], "texture": "#0"},
				"up": {"uv": [0, 0, 10, 16], "rotation": 90, "texture": "#0"}
			}
		},
		{
			"from": [8.2, 5.775, 7.625],
			"to": [8.2675, 5.8425, 7.875],
			"faces": {
				"east": {"uv": [0, 0, 10, 16], "texture": "#0"},
				"up": {"uv": [0, 0, 10, 16], "rotation": 90, "texture": "#0"}
			}
		},
		{
			"from": [8.2, 5.3075, 7.625],
			"to": [8.2675, 5.375, 7.875],
			"faces": {
				"east": {"uv": [0, 0, 16, 10], "texture": "#0"},
				"down": {"uv": [0, 0, 16, 10], "rotation": 90, "texture": "#0"}
			}
		},
		{
			"from": [7.4, 5.3, 8.75],
			"to": [8.6, 6.25, 15],
			"faces": {
				"north": {"uv": [1, 3, 7.75, 3.8], "texture": "#2"},
				"east": {"uv": [1, 3, 7.75, 3.8], "rotation": 180, "texture": "#2"},
				"south": {"uv": [7, 3, 7.75, 3.8], "texture": "#2"},
				"west": {"uv": [1, 3, 7.75, 3.8], "texture": "#2"},
				"down": {"uv": [1, 3, 7.75, 3.8], "texture": "#2"}
			}
		},
		{
			"from": [7.4, 6.25, 8.75],
			"to": [8.6, 6.35, 15],
			"faces": {
				"north": {"uv": [0, 15.5, 16, 16], "texture": "#4"},
				"east": {"uv": [0, 15.5, 16, 16], "texture": "#4"},
				"south": {"uv": [0, 15.5, 16, 16], "texture": "#4"},
				"west": {"uv": [0, 15.5, 16, 16], "texture": "#4"},
				"up": {"uv": [0, 15.5, 16, 16], "texture": "#4"}
			}
		},
		{
			"from": [7.5, 6.05, 8],
			"to": [8.5, 6.35, 8.75],
			"faces": {
				"north": {"uv": [5, 5, 5.75, 5.3], "texture": "#2"},
				"east": {"uv": [5, 5, 5.75, 5.3], "texture": "#2"},
				"west": {"uv": [5, 5, 5.75, 5.3], "texture": "#2"},
				"up": {"uv": [5, 5, 5.75, 5.3], "texture": "#2"}
			}
		},
		{
			"from": [7.5, 6.35, 8],
			"to": [7.8, 6.65, 8.75],
			"faces": {
				"north": {"uv": [5, 5, 5.75, 5.3], "texture": "#2"},
				"east": {"uv": [5, 5, 5.75, 5.3], "texture": "#2"},
				"south": {"uv": [5, 5, 5.75, 5.3], "texture": "#2"},
				"west": {"uv": [5, 5, 5.75, 5.3], "texture": "#2"},
				"up": {"uv": [5, 5, 5.75, 5.3], "texture": "#2"}
			}
		},
		{
			"from": [7.5, 6.65, 8.125],
			"to": [7.8, 6.75, 8.625],
			"faces": {
				"north": {"uv": [5, 5, 5.75, 5.3], "texture": "#2"},
				"east": {"uv": [5, 5, 5.75, 5.3], "texture": "#2"},
				"south": {"uv": [5, 5, 5.75, 5.3], "texture": "#2"},
				"west": {"uv": [5, 5, 5.75, 5.3], "texture": "#2"},
				"up": {"uv": [5, 5, 5.75, 5.3], "texture": "#2"}
			}
		},
		{
			"from": [8.2, 6.65, 8.125],
			"to": [8.5, 6.75, 8.625],
			"faces": {
				"north": {"uv": [5, 5, 5.75, 5.3], "texture": "#2"},
				"east": {"uv": [5, 5, 5.75, 5.3], "texture": "#2"},
				"south": {"uv": [5, 5, 5.75, 5.3], "texture": "#2"},
				"west": {"uv": [5, 5, 5.75, 5.3], "texture": "#2"},
				"up": {"uv": [5, 5, 5.75, 5.3], "texture": "#2"}
			}
		},
		{
			"from": [7.75, 6.35, 9.625],
			"to": [8.25, 6.65, 10.125],
			"faces": {
				"north": {"uv": [5, 5, 5.75, 5.3], "texture": "#2"},
				"east": {"uv": [5, 5, 5.75, 5.3], "texture": "#2"},
				"south": {"uv": [5, 5, 5.75, 5.3], "texture": "#2"},
				"west": {"uv": [5, 5, 5.75, 5.3], "texture": "#2"},
				"up": {"uv": [5, 5, 5.75, 5.3], "texture": "#2"}
			}
		},
		{
			"from": [8.2, 6.35, 8],
			"to": [8.5, 6.65, 8.75],
			"faces": {
				"north": {"uv": [5, 5, 5.75, 5.3], "texture": "#2"},
				"east": {"uv": [5, 5, 5.75, 5.3], "texture": "#2"},
				"south": {"uv": [5, 5, 5.75, 5.3], "texture": "#2"},
				"west": {"uv": [5, 5, 5.75, 5.3], "texture": "#2"},
				"up": {"uv": [5, 5, 5.75, 5.3], "texture": "#2"}
			}
		},
		{
			"from": [7.5, 6.35, 14],
			"to": [7.8, 6.65, 14.75],
			"faces": {
				"north": {"uv": [5, 5, 5.75, 5.3], "texture": "#2"},
				"east": {"uv": [5, 5, 5.75, 5.3], "texture": "#2"},
				"south": {"uv": [5, 5, 5.75, 5.3], "texture": "#2"},
				"west": {"uv": [5, 5, 5.75, 5.3], "texture": "#2"},
				"up": {"uv": [5, 5, 5.75, 5.3], "texture": "#2"}
			}
		},
		{
			"from": [8.2, 6.65, 14.125],
			"to": [8.5, 6.75, 14.625],
			"faces": {
				"north": {"uv": [5, 5, 5.75, 5.3], "texture": "#2"},
				"east": {"uv": [5, 5, 5.75, 5.3], "texture": "#2"},
				"south": {"uv": [5, 5, 5.75, 5.3], "texture": "#2"},
				"west": {"uv": [5, 5, 5.75, 5.3], "texture": "#2"},
				"up": {"uv": [5, 5, 5.75, 5.3], "texture": "#2"}
			}
		},
		{
			"from": [7.5, 6.65, 14.125],
			"to": [7.8, 6.75, 14.625],
			"faces": {
				"north": {"uv": [5, 5, 5.75, 5.3], "texture": "#2"},
				"east": {"uv": [5, 5, 5.75, 5.3], "texture": "#2"},
				"south": {"uv": [5, 5, 5.75, 5.3], "texture": "#2"},
				"west": {"uv": [5, 5, 5.75, 5.3], "texture": "#2"},
				"up": {"uv": [5, 5, 5.75, 5.3], "texture": "#2"}
			}
		},
		{
			"from": [8.2, 6.35, 14],
			"to": [8.5, 6.65, 14.75],
			"faces": {
				"north": {"uv": [5, 5, 5.75, 5.3], "texture": "#2"},
				"east": {"uv": [5, 5, 5.75, 5.3], "texture": "#2"},
				"south": {"uv": [5, 5, 5.75, 5.3], "texture": "#2"},
				"west": {"uv": [5, 5, 5.75, 5.3], "texture": "#2"},
				"up": {"uv": [5, 5, 5.75, 5.3], "texture": "#2"}
			}
		},
		{
			"from": [7.4, 5.15, 12.35],
			"to": [8.6, 5.3, 12.5],
			"faces": {
				"north": {"uv": [0, 12, 0.5, 11.55], "texture": "#2"},
				"east": {"uv": [0, 12, 0.5, 11.55], "texture": "#2"},
				"west": {"uv": [0, 12, 0.5, 11.55], "texture": "#2"},
				"down": {"uv": [0, 12, 0.5, 11.55], "texture": "#2"}
			}
		},
		{
			"from": [7.3, 2, 15],
			"to": [8.7, 5, 15.25],
			"faces": {
				"north": {"uv": [0, 7.25, 0.5, 7.8], "texture": "#2"},
				"east": {"uv": [0, 7.25, 0.5, 7.8], "texture": "#2"},
				"south": {"uv": [0, 7.25, 0.5, 7.8], "texture": "#2"},
				"west": {"uv": [0, 7.25, 0.5, 7.8], "texture": "#2"},
				"up": {"uv": [0, 7.25, 0.5, 7.8], "texture": "#2"},
				"down": {"uv": [0, 7.25, 0.5, 7.8], "texture": "#2"}
			}
		},
		{
			"from": [7.7, 4.5, 11],
			"to": [8.3, 5, 11.75],
			"faces": {
				"north": {"uv": [1.25, 3.75, 1.75, 3.25], "rotation": 90, "texture": "#4"},
				"east": {"uv": [1.25, 8, 1.75, 3], "rotation": 90, "texture": "#4"},
				"south": {"uv": [1.25, 7.75, 1.75, 7.5], "rotation": 90, "texture": "#4"},
				"west": {"uv": [1.25, 8, 1.75, 3], "rotation": 90, "texture": "#4"}
			}
		},
		{
			"from": [7.7, 1.75, 11],
			"to": [8.3, 2.25, 11.75],
			"faces": {
				"north": {"uv": [0, 2, 1, 15.75], "rotation": 90, "texture": "#2"},
				"east": {"uv": [0, 2, 1, 15.75], "rotation": 90, "texture": "#2"},
				"south": {"uv": [0, 2, 1, 15.75], "rotation": 90, "texture": "#2"},
				"west": {"uv": [0, 2, 1, 15.75], "rotation": 90, "texture": "#2"},
				"down": {"uv": [0, 2, 1, 2.75], "rotation": 90, "texture": "#2"}
			}
		},
		{
			"from": [7.7, 4.75, 11.75],
			"to": [8.3, 5, 12],
			"faces": {
				"east": {"uv": [1.25, 7.75, 1.75, 7.5], "rotation": 90, "texture": "#4"},
				"south": {"uv": [1.25, 7.75, 1.75, 7.5], "rotation": 90, "texture": "#4"},
				"west": {"uv": [1.25, 7.75, 1.75, 7.5], "rotation": 90, "texture": "#4"},
				"down": {"uv": [1.25, 7.75, 1.75, 7.5], "rotation": 90, "texture": "#4"}
			}
		},
		{
			"from": [7.7, 4.875, 12],
			"to": [8.3, 5, 12.125],
			"faces": {
				"east": {"uv": [1.25, 7.75, 1.75, 7.5], "rotation": 90, "texture": "#4"},
				"south": {"uv": [1.25, 7.75, 1.75, 7.5], "rotation": 90, "texture": "#4"},
				"west": {"uv": [1.25, 7.75, 1.75, 7.5], "rotation": 90, "texture": "#4"},
				"down": {"uv": [1.25, 7.75, 1.75, 7.5], "rotation": 90, "texture": "#4"}
			}
		},
		{
			"from": [7.7, 4.625, 11.75],
			"to": [8.3, 4.75, 11.875],
			"faces": {
				"east": {"uv": [1.25, 7.75, 1.75, 7.5], "rotation": 90, "texture": "#4"},
				"south": {"uv": [1.25, 7.75, 1.75, 7.5], "rotation": 90, "texture": "#4"},
				"west": {"uv": [1.25, 7.75, 1.75, 7.5], "rotation": 90, "texture": "#4"},
				"down": {"uv": [1.25, 7.75, 1.75, 7.5], "rotation": 90, "texture": "#4"}
			}
		},
		{
			"from": [7.6, 2.25, 11],
			"to": [8.4, 4.5, 11.75],
			"faces": {
				"north": {"uv": [1.25, 3.75, 1.75, 3.25], "rotation": 90, "texture": "#4"},
				"east": {"uv": [1.25, 8, 1.75, 3], "rotation": 90, "texture": "#4"},
				"south": {"uv": [1.25, 7.75, 1.75, 7.5], "rotation": 90, "texture": "#4"},
				"west": {"uv": [1.25, 8, 1.75, 3], "rotation": 90, "texture": "#4"},
				"up": {"uv": [1.25, 8, 1.75, 3], "rotation": 90, "texture": "#4"},
				"down": {"uv": [1.25, 8, 1.75, 3], "rotation": 90, "texture": "#4"}
			}
		},
		{
			"from": [7.65, 2.5, 11.75],
			"to": [8.35, 4.25, 11.8],
			"faces": {
				"east": {"uv": [1.25, 7.75, 1.75, 7.5], "rotation": 90, "texture": "#4"},
				"south": {"uv": [1.25, 7.75, 1.75, 7.5], "rotation": 90, "texture": "#4"},
				"west": {"uv": [1.25, 7.75, 1.75, 7.5], "rotation": 90, "texture": "#4"},
				"up": {"uv": [1.25, 7.75, 1.75, 7.5], "rotation": 90, "texture": "#4"},
				"down": {"uv": [1.25, 7.75, 1.75, 7.5], "rotation": 90, "texture": "#4"}
			}
		},
		{
			"from": [7.8, 4.5, 10.95],
			"to": [8.2, 5, 11],
			"faces": {
				"north": {"uv": [6.25, 14.25, 6.65, 14.8], "texture": "#2"},
				"east": {"uv": [6.25, 14.25, 6.65, 14.8], "texture": "#2"},
				"west": {"uv": [6.25, 14.25, 6.65, 14.8], "texture": "#2"},
				"down": {"uv": [6.25, 14.25, 6.65, 14.8], "texture": "#2"}
			}
		},
		{
			"from": [7.9, 4.5, 10.7],
			"to": [8.1, 4.95, 10.75],
			"faces": {
				"north": {"uv": [5.25, 14.25, 5.65, 14.8], "texture": "#2"},
				"east": {"uv": [5.25, 14.25, 5.65, 14.8], "texture": "#2"},
				"south": {"uv": [5.25, 14.25, 5.65, 14.8], "texture": "#2"},
				"west": {"uv": [5.25, 14.25, 5.65, 14.8], "texture": "#2"},
				"up": {"uv": [5.25, 14.25, 5.65, 14.8], "texture": "#2"},
				"down": {"uv": [5.25, 14.25, 5.65, 14.8], "texture": "#2"}
			}
		},
		{
			"from": [7.9, 4.45, 10.65],
			"to": [8.1, 4.55, 10.7],
			"faces": {
				"north": {"uv": [5.25, 14.25, 5.65, 14.8], "texture": "#2"},
				"east": {"uv": [5.25, 14.25, 5.65, 14.8], "texture": "#2"},
				"south": {"uv": [5.25, 14.25, 5.65, 14.8], "texture": "#2"},
				"west": {"uv": [5.25, 14.25, 5.65, 14.8], "texture": "#2"},
				"up": {"uv": [5.25, 14.25, 5.65, 14.8], "texture": "#2"},
				"down": {"uv": [5.25, 14.25, 5.65, 14.8], "texture": "#2"}
			}
		},
		{
			"from": [7.9, 4.45, 10.6],
			"to": [8.1, 4.5, 10.65],
			"faces": {
				"north": {"uv": [5.25, 14.25, 5.65, 14.8], "texture": "#2"},
				"east": {"uv": [5.25, 14.25, 5.65, 14.8], "texture": "#2"},
				"west": {"uv": [5.25, 14.25, 5.65, 14.8], "texture": "#2"},
				"up": {"uv": [5.25, 14.25, 5.65, 14.8], "texture": "#2"},
				"down": {"uv": [5.25, 14.25, 5.65, 14.8], "texture": "#2"}
			}
		},
		{
			"from": [7.9, 4.9, 10.65],
			"to": [8.1, 5, 10.7],
			"faces": {
				"north": {"uv": [5.25, 14.25, 5.65, 14.8], "texture": "#2"},
				"east": {"uv": [5.25, 14.25, 5.65, 14.8], "texture": "#2"},
				"south": {"uv": [5.25, 14.25, 5.65, 14.8], "texture": "#2"},
				"west": {"uv": [5.25, 14.25, 5.65, 14.8], "texture": "#2"},
				"down": {"uv": [5.25, 14.25, 5.65, 14.8], "texture": "#2"}
			}
		},
		{
			"from": [7.8, 4.15, 10],
			"to": [8.2, 5, 10.05],
			"faces": {
				"north": {"uv": [6.25, 14.25, 6.65, 14.8], "texture": "#2"},
				"east": {"uv": [6.25, 14.25, 6.65, 14.8], "texture": "#2"},
				"south": {"uv": [6.25, 14.25, 6.65, 14.8], "texture": "#2"},
				"west": {"uv": [6.25, 14.25, 6.65, 14.8], "texture": "#2"},
				"down": {"uv": [6.25, 14.25, 6.65, 14.8], "texture": "#2"}
			}
		},
		{
			"from": [7.8, 4.45, 10.9],
			"to": [8.2, 4.55, 10.95],
			"faces": {
				"north": {"uv": [6.25, 14.25, 6.65, 14.8], "texture": "#2"},
				"east": {"uv": [6.25, 14.25, 6.65, 14.8], "texture": "#2"},
				"south": {"uv": [6.25, 14.25, 6.65, 14.8], "texture": "#2"},
				"west": {"uv": [6.25, 14.25, 6.65, 14.8], "texture": "#2"},
				"up": {"uv": [6.25, 14.25, 6.65, 14.8], "texture": "#2"},
				"down": {"uv": [6.25, 14.25, 6.65, 14.8], "texture": "#2"}
			}
		},
		{
			"from": [7.8, 4.4, 10.85],
			"to": [8.2, 4.5, 10.9],
			"faces": {
				"north": {"uv": [6.25, 14.25, 6.65, 14.8], "texture": "#2"},
				"east": {"uv": [6.25, 14.25, 6.65, 14.8], "texture": "#2"},
				"south": {"uv": [6.25, 14.25, 6.65, 14.8], "texture": "#2"},
				"west": {"uv": [6.25, 14.25, 6.65, 14.8], "texture": "#2"},
				"up": {"uv": [6.25, 14.25, 6.65, 14.8], "texture": "#2"},
				"down": {"uv": [6.25, 14.25, 6.65, 14.8], "texture": "#2"}
			}
		},
		{
			"from": [7.8, 4.35, 10.8],
			"to": [8.2, 4.45, 10.85],
			"faces": {
				"north": {"uv": [6.25, 14.25, 6.65, 14.8], "texture": "#2"},
				"east": {"uv": [6.25, 14.25, 6.65, 14.8], "texture": "#2"},
				"south": {"uv": [6.25, 14.25, 6.65, 14.8], "texture": "#2"},
				"west": {"uv": [6.25, 14.25, 6.65, 14.8], "texture": "#2"},
				"up": {"uv": [6.25, 14.25, 6.65, 14.8], "texture": "#2"},
				"down": {"uv": [6.25, 14.25, 6.65, 14.8], "texture": "#2"}
			}
		},
		{
			"from": [7.8, 4.3, 10.75],
			"to": [8.2, 4.4, 10.8],
			"faces": {
				"north": {"uv": [6.25, 14.25, 6.65, 14.8], "texture": "#2"},
				"east": {"uv": [6.25, 14.25, 6.65, 14.8], "texture": "#2"},
				"south": {"uv": [6.25, 14.25, 6.65, 14.8], "texture": "#2"},
				"west": {"uv": [6.25, 14.25, 6.65, 14.8], "texture": "#2"},
				"up": {"uv": [6.25, 14.25, 6.65, 14.8], "texture": "#2"},
				"down": {"uv": [6.25, 14.25, 6.65, 14.8], "texture": "#2"}
			}
		},
		{
			"from": [7.8, 4.25, 10.7],
			"to": [8.2, 4.35, 10.75],
			"faces": {
				"north": {"uv": [6.25, 14.25, 6.65, 14.8], "texture": "#2"},
				"east": {"uv": [6.25, 14.25, 6.65, 14.8], "texture": "#2"},
				"south": {"uv": [6.25, 14.25, 6.65, 14.8], "texture": "#2"},
				"west": {"uv": [6.25, 14.25, 6.65, 14.8], "texture": "#2"},
				"up": {"uv": [6.25, 14.25, 6.65, 14.8], "texture": "#2"},
				"down": {"uv": [6.25, 14.25, 6.65, 14.8], "texture": "#2"}
			}
		},
		{
			"from": [7.8, 4.2, 10.65],
			"to": [8.2, 4.3, 10.7],
			"faces": {
				"north": {"uv": [6.25, 14.25, 6.65, 14.8], "texture": "#2"},
				"east": {"uv": [6.25, 14.25, 6.65, 14.8], "texture": "#2"},
				"south": {"uv": [6.25, 14.25, 6.65, 14.8], "texture": "#2"},
				"west": {"uv": [6.25, 14.25, 6.65, 14.8], "texture": "#2"},
				"up": {"uv": [6.25, 14.25, 6.65, 14.8], "texture": "#2"},
				"down": {"uv": [6.25, 14.25, 6.65, 14.8], "texture": "#2"}
			}
		},
		{
			"from": [7.8, 4.15, 10.6],
			"to": [8.2, 4.25, 10.65],
			"faces": {
				"north": {"uv": [6.25, 14.25, 6.65, 14.8], "texture": "#2"},
				"east": {"uv": [6.25, 14.25, 6.65, 14.8], "texture": "#2"},
				"south": {"uv": [6.25, 14.25, 6.65, 14.8], "texture": "#2"},
				"west": {"uv": [6.25, 14.25, 6.65, 14.8], "texture": "#2"},
				"up": {"uv": [6.25, 14.25, 6.65, 14.8], "texture": "#2"},
				"down": {"uv": [6.25, 14.25, 6.65, 14.8], "texture": "#2"}
			}
		},
		{
			"from": [7.8, 4.15, 10.05],
			"to": [8.2, 4.2, 10.6],
			"faces": {
				"east": {"uv": [6.25, 14.25, 6.65, 14.8], "texture": "#2"},
				"west": {"uv": [6.25, 14.25, 6.65, 14.8], "texture": "#2"},
				"up": {"uv": [6.25, 14.25, 6.65, 14.8], "texture": "#2"},
				"down": {"uv": [6.25, 14.25, 6.65, 14.8], "texture": "#2"}
			}
		},
		{
			"from": [7.8, 4.05, 11.75],
			"to": [8.2, 4.675, 11.85],
			"faces": {
				"east": {"uv": [4, 11, 8, 12.75], "rotation": 90, "texture": "#2"},
				"south": {"uv": [4, 12.75, 8, 12], "rotation": 90, "texture": "#2"},
				"west": {"uv": [4, 11, 8, 12.75], "rotation": 270, "texture": "#2"}
			}
		},
		{
			"from": [7.7, 2.55, 11.8],
			"to": [8.3, 4.05, 11.85],
			"faces": {
				"east": {"uv": [1.25, 7.75, 1.75, 7.5], "rotation": 90, "texture": "#4"},
				"south": {"uv": [1.25, 7.75, 1.75, 7.5], "rotation": 90, "texture": "#4"},
				"west": {"uv": [1.25, 7.75, 1.75, 7.5], "rotation": 90, "texture": "#4"},
				"up": {"uv": [1.25, 7.75, 1.75, 7.5], "rotation": 90, "texture": "#4"},
				"down": {"uv": [1.25, 7.75, 1.75, 7.5], "rotation": 90, "texture": "#4"}
			}
		},
		{
			"from": [7.75, 2.6, 11.85],
			"to": [8.25, 3.85, 11.9],
			"faces": {
				"east": {"uv": [1.25, 7.75, 1.75, 7.5], "rotation": 90, "texture": "#4"},
				"south": {"uv": [1.25, 7.75, 1.75, 7.5], "rotation": 90, "texture": "#4"},
				"west": {"uv": [1.25, 7.75, 1.75, 7.5], "rotation": 90, "texture": "#4"},
				"up": {"uv": [1.25, 7.75, 1.75, 7.5], "rotation": 90, "texture": "#4"},
				"down": {"uv": [1.25, 7.75, 1.75, 7.5], "rotation": 90, "texture": "#4"}
			}
		},
		{
			"from": [7.7, 3, 14.75],
			"to": [8.3, 5, 15],
			"faces": {
				"north": {"uv": [0, 12, 0.5, 11.55], "texture": "#2"},
				"east": {"uv": [0, 12, 0.5, 11.55], "texture": "#2"},
				"west": {"uv": [0, 12, 0.5, 11.55], "texture": "#2"},
				"down": {"uv": [0, 12, 0.5, 11.55], "texture": "#2"}
			}
		},
		{
			"from": [7.7, 3.5, 14.5],
			"to": [8.3, 4.25, 14.75],
			"faces": {
				"north": {"uv": [0, 12, 0.5, 11.55], "texture": "#2"},
				"east": {"uv": [0, 12, 0.5, 11.55], "texture": "#2"},
				"west": {"uv": [0, 12, 0.5, 11.55], "texture": "#2"},
				"up": {"uv": [0, 12, 0.5, 11.55], "texture": "#2"},
				"down": {"uv": [0, 12, 0.5, 11.55], "texture": "#2"}
			}
		},
		{
			"from": [7.7, 4, 14.25],
			"to": [8.3, 4.5, 14.5],
			"faces": {
				"north": {"uv": [0, 12, 0.5, 11.55], "texture": "#2"},
				"east": {"uv": [0, 12, 0.5, 11.55], "texture": "#2"},
				"south": {"uv": [0, 12, 0.5, 11.55], "texture": "#2"},
				"west": {"uv": [0, 12, 0.5, 11.55], "texture": "#2"},
				"up": {"uv": [0, 12, 0.5, 11.55], "texture": "#2"},
				"down": {"uv": [0, 12, 0.5, 11.55], "texture": "#2"}
			}
		},
		{
			"from": [7.7, 4.25, 14],
			"to": [8.3, 4.75, 14.25],
			"faces": {
				"north": {"uv": [0, 12, 0.5, 11.55], "texture": "#2"},
				"east": {"uv": [0, 12, 0.5, 11.55], "texture": "#2"},
				"south": {"uv": [0, 12, 0.5, 11.55], "texture": "#2"},
				"west": {"uv": [0, 12, 0.5, 11.55], "texture": "#2"},
				"up": {"uv": [0, 12, 0.5, 11.55], "texture": "#2"},
				"down": {"uv": [0, 12, 0.5, 11.55], "texture": "#2"}
			}
		},
		{
			"from": [7.7, 4.5, 13.5],
			"to": [8.3, 4.75, 14],
			"faces": {
				"north": {"uv": [0, 12, 0.5, 11.55], "texture": "#2"},
				"east": {"uv": [0, 12, 0.5, 11.55], "texture": "#2"},
				"west": {"uv": [0, 12, 0.5, 11.55], "texture": "#2"},
				"up": {"uv": [0, 12, 0.5, 11.55], "texture": "#2"},
				"down": {"uv": [0, 12, 0.5, 11.55], "texture": "#2"}
			}
		},
		{
			"from": [7.7, 4.75, 13],
			"to": [8.3, 5, 13.75],
			"faces": {
				"north": {"uv": [0, 12, 0.5, 11.55], "texture": "#2"},
				"east": {"uv": [0, 12, 0.5, 11.55], "texture": "#2"},
				"south": {"uv": [0, 12, 0.5, 11.55], "texture": "#2"},
				"west": {"uv": [0, 12, 0.5, 11.55], "texture": "#2"},
				"down": {"uv": [0, 12, 0.5, 11.55], "texture": "#2"}
			}
		},
		{
			"from": [7.3, 2.25, 15.25],
			"to": [8.7, 5, 15.5],
			"faces": {
				"east": {"uv": [0, 7.25, 0.5, 7.8], "texture": "#2"},
				"south": {"uv": [0, 7.25, 0.5, 7.8], "texture": "#2"},
				"west": {"uv": [0, 7.25, 0.5, 7.8], "texture": "#2"},
				"up": {"uv": [0, 7.25, 0.5, 7.8], "texture": "#2"},
				"down": {"uv": [0, 7.25, 0.5, 7.8], "texture": "#2"}
			}
		},
		{
			"from": [7.3, 5, 15.125],
			"to": [8.7, 5.125, 15.375],
			"faces": {
				"north": {"uv": [0, 7.25, 0.5, 7.8], "texture": "#2"},
				"east": {"uv": [0, 7.25, 0.5, 7.8], "texture": "#2"},
				"south": {"uv": [0, 7.25, 0.5, 7.8], "texture": "#2"},
				"west": {"uv": [0, 7.25, 0.5, 7.8], "texture": "#2"},
				"up": {"uv": [0, 7.25, 0.5, 7.8], "texture": "#2"}
			}
		},
		{
			"from": [7.4, 5, 15],
			"to": [8.6, 5.5, 15.25],
			"faces": {
				"east": {"uv": [0, 7.25, 0.5, 7.8], "texture": "#2"},
				"south": {"uv": [0, 7.25, 0.5, 7.8], "texture": "#2"},
				"west": {"uv": [0, 7.25, 0.5, 7.8], "texture": "#2"},
				"up": {"uv": [0, 7.25, 0.5, 7.8], "texture": "#2"}
			}
		},
		{
			"from": [7.4, 5.5, 15],
			"to": [8.6, 5.75, 15.125],
			"faces": {
				"east": {"uv": [0, 7.25, 0.5, 7.8], "texture": "#2"},
				"south": {"uv": [0, 7.25, 0.5, 7.8], "texture": "#2"},
				"west": {"uv": [0, 7.25, 0.5, 7.8], "texture": "#2"},
				"up": {"uv": [0, 7.25, 0.5, 7.8], "texture": "#2"}
			}
		}
	],
	"display": {
		"thirdperson_righthand": {
			"translation": [0, 3.25, -3.25],
			"scale": [1, 1, 1.25]
		},
		"thirdperson_lefthand": {
			"translation": [0, 3.25, -3.25],
			"scale": [1, 1, 1.25]
		},
		"firstperson_righthand": {
			"translation": [-3.5, 8.25, -1.5],
			"scale": [1, 1, 1.25]
		},
		"firstperson_lefthand": {
			"translation": [-3.5, 8.25, -1.5],
			"scale": [1, 1, 1.25]
		},
		"ground": {
			"rotation": [0, 0, 90],
			"translation": [-2.75, -2.75, -4.75],
			"scale": [1, 1, 1.25]
		},
		"gui": {
			"rotation": [0, 90, 0],
			"translation": [-5.25, 4.75, 0],
			"scale": [1.01, 1.5, 1.75]
		},
		"head": {
			"translation": [0, 9, -10],
			"scale": [1, 1, 1.25]
		},
		"fixed": {
			"rotation": [0, 90, 0],
			"translation": [-4.25, 3.75, -1.5],
			"scale": [1, 1, 1.25]
		}
	}
}