{
	"credit": "Made with Blockbench",
	"textures": {
		"0": "item/cit/suta-rin",
		"1": "item/cit/ki2",
		"particle": "item/cit/suta-rin"
	},
	"elements": [
		{
			"from": [0, 0, 14.75],
			"to": [16, 16, 16],
			"faces": {
				"north": {"uv": [0.3871, 0.22298, 15.62097, 15.71401], "texture": "#0"},
				"east": {"uv": [0, 3.0375, 0.75, 13.91562], "texture": "#1"},
				"south": {"uv": [0, 3.0375, 0.75, 13.91562], "texture": "#1"},
				"west": {"uv": [0, 3.0375, 0.75, 13.91562], "texture": "#1"},
				"up": {"uv": [0, 3.0375, 0.75, 3.66562], "texture": "#1"},
				"down": {"uv": [0, 13.2875, 0.5, 13.91562], "texture": "#1"}
			}
		}
	],
	"display": {
		"gui": {
			"rotation": [0, 180, 0],
			"translation": [0, 2.75, 0]
		},
		"fixed": {
			"translation": [0, 0, -14],
			"scale": [4, 4, 2]
		}
	}
}