{
	"credit": "Made with Blockbench",
	"textures": {
		"0": "item/cit/stone3",
		"1": "item/cit/gold2",
		"2": "item/cit/cobalt",
		"4": "item/cit/titanium",
		"5": "item/cit/gold",
		"particle": "item/cit/stone3"
	},
	"elements": [
		{
			"from": [7.9, 0.75, 7.8],
			"to": [8.1, 4.25, 8.2],
			"faces": {
				"north": {"uv": [0, 0, 0.25, 16], "rotation": 90, "texture": "#0"},
				"east": {"uv": [0, 0, 0.25, 16], "rotation": 90, "texture": "#0"},
				"south": {"uv": [0, 0, 0.25, 16], "rotation": 90, "texture": "#0"},
				"west": {"uv": [0, 0, 0.25, 16], "rotation": 90, "texture": "#0"},
				"up": {"uv": [0, 0, 0.25, 16], "rotation": 90, "texture": "#0"},
				"down": {"uv": [0, 0, 0.25, 16], "rotation": 90, "texture": "#0"}
			}
		},
		{
			"from": [8.1, 0.75, 8.1],
			"to": [8.15, 4.25, 8.15],
			"faces": {
				"north": {"uv": [4, 0, 12, 16], "texture": "#5"},
				"east": {"uv": [4, 0, 12, 16], "texture": "#5"},
				"south": {"uv": [4, 0, 12, 16], "texture": "#5"},
				"west": {"uv": [4, 0, 12, 16], "texture": "#5"},
				"up": {"uv": [4, 0, 12, 16], "texture": "#5"},
				"down": {"uv": [4, 0, 12, 16], "texture": "#5"}
			}
		},
		{
			"from": [7.85, 0.75, 8.1],
			"to": [7.9, 4.25, 8.15],
			"faces": {
				"north": {"uv": [4, 0, 12, 16], "texture": "#5"},
				"east": {"uv": [4, 0, 12, 16], "texture": "#5"},
				"south": {"uv": [4, 0, 12, 16], "texture": "#5"},
				"west": {"uv": [4, 0, 12, 16], "texture": "#5"},
				"up": {"uv": [4, 0, 12, 16], "texture": "#5"},
				"down": {"uv": [4, 0, 12, 16], "texture": "#5"}
			}
		},
		{
			"from": [7.85, 4.5, 7.85],
			"to": [8.15, 4.75, 8.15],
			"faces": {
				"north": {"uv": [4, 0, 12, 16], "texture": "#5"},
				"east": {"uv": [4, 0, 12, 16], "texture": "#5"},
				"south": {"uv": [4, 0, 12, 16], "texture": "#5"},
				"west": {"uv": [4, 0, 12, 16], "texture": "#5"},
				"up": {"uv": [4, 0, 12, 16], "texture": "#5"},
				"down": {"uv": [4, 0, 12, 16], "texture": "#5"}
			}
		},
		{
			"from": [7.85, 0.25, 7.85],
			"to": [8.15, 0.5, 8.15],
			"faces": {
				"north": {"uv": [4, 0, 12, 16], "texture": "#5"},
				"east": {"uv": [4, 0, 12, 16], "texture": "#5"},
				"south": {"uv": [4, 0, 12, 16], "texture": "#5"},
				"west": {"uv": [4, 0, 12, 16], "texture": "#5"},
				"up": {"uv": [4, 0, 12, 16], "texture": "#5"},
				"down": {"uv": [4, 0, 12, 16], "texture": "#5"}
			}
		},
		{
			"from": [7.85, 0.75, 7.85],
			"to": [7.9, 4.25, 7.9],
			"faces": {
				"north": {"uv": [4, 0, 12, 16], "texture": "#5"},
				"east": {"uv": [4, 0, 12, 16], "texture": "#5"},
				"south": {"uv": [4, 0, 12, 16], "texture": "#5"},
				"west": {"uv": [4, 0, 12, 16], "texture": "#5"},
				"up": {"uv": [4, 0, 12, 16], "texture": "#5"},
				"down": {"uv": [4, 0, 12, 16], "texture": "#5"}
			}
		},
		{
			"from": [8.1, 0.75, 7.85],
			"to": [8.15, 4.25, 7.9],
			"faces": {
				"north": {"uv": [4, 0, 12, 16], "texture": "#5"},
				"east": {"uv": [4, 0, 12, 16], "texture": "#5"},
				"south": {"uv": [4, 0, 12, 16], "texture": "#5"},
				"west": {"uv": [4, 0, 12, 16], "texture": "#5"},
				"up": {"uv": [4, 0, 12, 16], "texture": "#5"},
				"down": {"uv": [4, 0, 12, 16], "texture": "#5"}
			}
		},
		{
			"from": [7.8, 0.75, 7.9],
			"to": [8.2, 4.25, 8.1],
			"faces": {
				"north": {"uv": [0, 0, 0.25, 16], "rotation": 90, "texture": "#0"},
				"east": {"uv": [0, 0, 0.25, 16], "rotation": 90, "texture": "#0"},
				"south": {"uv": [0, 0, 0.25, 16], "rotation": 90, "texture": "#0"},
				"west": {"uv": [0, 0, 0.25, 16], "rotation": 90, "texture": "#0"},
				"up": {"uv": [0, 0, 0.25, 16], "rotation": 90, "texture": "#0"},
				"down": {"uv": [0, 0, 0.25, 16], "rotation": 90, "texture": "#0"}
			}
		},
		{
			"from": [7.7, 13.5, 7.8],
			"to": [8.3, 14, 8.2],
			"faces": {
				"north": {"uv": [0, 0, 0.7, 9], "texture": "#0"},
				"east": {"uv": [0, 0, 0.7, 9], "texture": "#0"},
				"south": {"uv": [0, 0, 0.7, 9], "texture": "#0"},
				"west": {"uv": [0, 0, 0.7, 9], "texture": "#0"},
				"up": {"uv": [0, 0, 0.7, 9], "texture": "#0"},
				"down": {"uv": [0, 0, 0.7, 9], "texture": "#0"}
			}
		},
		{
			"from": [7.8, 13, 7.8],
			"to": [8.2, 13.5, 8.2],
			"faces": {
				"north": {"uv": [0, 0, 0.7, 9], "texture": "#0"},
				"east": {"uv": [0, 0, 0.7, 9], "texture": "#0"},
				"south": {"uv": [0, 0, 0.7, 9], "texture": "#0"},
				"west": {"uv": [0, 0, 0.7, 9], "texture": "#0"},
				"up": {"uv": [0, 0, 0.7, 9], "texture": "#0"},
				"down": {"uv": [0, 0, 0.7, 9], "texture": "#0"}
			}
		},
		{
			"from": [7.8, 10.25, 7.8],
			"to": [8.2, 10.75, 8.2],
			"faces": {
				"north": {"uv": [0, 0, 0.7, 9], "texture": "#0"},
				"east": {"uv": [0, 0, 0.7, 9], "texture": "#0"},
				"south": {"uv": [0, 0, 0.7, 9], "texture": "#0"},
				"west": {"uv": [0, 0, 0.7, 9], "texture": "#0"},
				"up": {"uv": [0, 0, 0.7, 9], "texture": "#0"},
				"down": {"uv": [0, 0, 0.7, 9], "texture": "#0"}
			}
		},
		{
			"from": [7.7, 5, 7.8],
			"to": [8.3, 10.25, 8.2],
			"faces": {
				"north": {"uv": [0, 0, 0.7, 9], "texture": "#0"},
				"east": {"uv": [0, 0, 0.7, 9], "texture": "#0"},
				"south": {"uv": [0, 0, 0.7, 9], "texture": "#0"},
				"west": {"uv": [0, 0, 0.7, 9], "texture": "#0"},
				"up": {"uv": [0, 0, 0.7, 9], "texture": "#0"},
				"down": {"uv": [0, 0, 0.7, 9], "texture": "#0"}
			}
		},
		{
			"from": [8.1, 5, 7.79],
			"to": [8.2, 10, 8.21],
			"faces": {
				"north": {"uv": [3, 0, 3.5, 16], "texture": "#1"},
				"east": {"uv": [3, 0, 3.5, 16], "texture": "#1"},
				"south": {"uv": [3, 0, 3.5, 16], "texture": "#1"},
				"west": {"uv": [3, 0, 3.5, 16], "texture": "#1"},
				"up": {"uv": [3, 0, 3.5, 16], "texture": "#1"},
				"down": {"uv": [3, 0, 3.5, 16], "texture": "#1"}
			}
		},
		{
			"from": [7.9, 7.25, 7.79],
			"to": [8.1, 7.5, 8.21],
			"faces": {
				"north": {"uv": [3, 0, 3.5, 16], "texture": "#1"},
				"east": {"uv": [3, 0, 3.5, 16], "texture": "#1"},
				"south": {"uv": [3, 0, 3.5, 16], "texture": "#1"},
				"west": {"uv": [3, 0, 3.5, 16], "texture": "#1"},
				"up": {"uv": [3, 0, 3.5, 16], "texture": "#1"},
				"down": {"uv": [3, 0, 3.5, 16], "texture": "#1"}
			}
		},
		{
			"from": [7.9, 6.5, 7.79],
			"to": [8.1, 6.75, 8.21],
			"faces": {
				"north": {"uv": [3, 0, 3.5, 16], "texture": "#1"},
				"east": {"uv": [3, 0, 3.5, 16], "texture": "#1"},
				"south": {"uv": [3, 0, 3.5, 16], "texture": "#1"},
				"west": {"uv": [3, 0, 3.5, 16], "texture": "#1"},
				"up": {"uv": [3, 0, 3.5, 16], "texture": "#1"},
				"down": {"uv": [3, 0, 3.5, 16], "texture": "#1"}
			}
		},
		{
			"from": [7.9, 5.75, 7.79],
			"to": [8.1, 6, 8.21],
			"faces": {
				"north": {"uv": [3.25, 2, 3.75, 12], "texture": "#1"},
				"east": {"uv": [3.25, 2, 3.75, 12], "texture": "#1"},
				"south": {"uv": [3.25, 2, 3.75, 12], "texture": "#1"},
				"west": {"uv": [3.25, 2, 3.75, 12], "texture": "#1"},
				"up": {"uv": [3.25, 2, 3.75, 12], "texture": "#1"},
				"down": {"uv": [3.25, 2, 3.75, 12], "texture": "#1"}
			}
		},
		{
			"from": [7.9, 5, 7.79],
			"to": [8.1, 5.25, 8.21],
			"faces": {
				"north": {"uv": [3, 0, 3.5, 16], "texture": "#1"},
				"east": {"uv": [3, 0, 3.5, 16], "texture": "#1"},
				"south": {"uv": [3, 0, 3.5, 16], "texture": "#1"},
				"west": {"uv": [3, 0, 3.5, 16], "texture": "#1"},
				"up": {"uv": [3, 0, 3.5, 16], "texture": "#1"},
				"down": {"uv": [3, 0, 3.5, 16], "texture": "#1"}
			}
		},
		{
			"from": [7.9, 8, 7.79],
			"to": [8.1, 8.25, 8.21],
			"faces": {
				"north": {"uv": [3, 0, 3.5, 16], "texture": "#1"},
				"east": {"uv": [3, 0, 3.5, 16], "texture": "#1"},
				"south": {"uv": [3, 0, 3.5, 16], "texture": "#1"},
				"west": {"uv": [3, 0, 3.5, 16], "texture": "#1"},
				"up": {"uv": [3, 0, 3.5, 16], "texture": "#1"},
				"down": {"uv": [3, 0, 3.5, 16], "texture": "#1"}
			}
		},
		{
			"from": [7.9, 8.75, 7.79],
			"to": [8.1, 9, 8.21],
			"faces": {
				"north": {"uv": [3, 0, 3.5, 16], "texture": "#1"},
				"east": {"uv": [3, 0, 3.5, 16], "texture": "#1"},
				"south": {"uv": [3, 0, 3.5, 16], "texture": "#1"},
				"west": {"uv": [3, 0, 3.5, 16], "texture": "#1"},
				"up": {"uv": [3, 0, 3.5, 16], "texture": "#1"},
				"down": {"uv": [3, 0, 3.5, 16], "texture": "#1"}
			}
		},
		{
			"from": [7.9, 9.5, 7.79],
			"to": [8.1, 9.75, 8.21],
			"faces": {
				"north": {"uv": [3, 0, 3.5, 16], "texture": "#1"},
				"east": {"uv": [3, 0, 3.5, 16], "texture": "#1"},
				"south": {"uv": [3, 0, 3.5, 16], "texture": "#1"},
				"west": {"uv": [3, 0, 3.5, 16], "texture": "#1"},
				"up": {"uv": [3, 0, 3.5, 16], "texture": "#1"},
				"down": {"uv": [3, 0, 3.5, 16], "texture": "#1"}
			}
		},
		{
			"from": [7.85, 10, 7.79],
			"to": [7.95, 10.25, 8.21],
			"faces": {
				"north": {"uv": [3, 0, 3.5, 16], "texture": "#1"},
				"east": {"uv": [3, 0, 3.5, 16], "texture": "#1"},
				"south": {"uv": [3, 0, 3.5, 16], "texture": "#1"},
				"west": {"uv": [3, 0, 3.5, 16], "texture": "#1"},
				"up": {"uv": [3, 0, 3.5, 16], "texture": "#1"},
				"down": {"uv": [3, 0, 3.5, 16], "texture": "#1"}
			}
		},
		{
			"from": [8.05, 10, 7.79],
			"to": [8.15, 10.25, 8.21],
			"faces": {
				"north": {"uv": [3, 0, 3.5, 16], "texture": "#1"},
				"east": {"uv": [3, 0, 3.5, 16], "texture": "#1"},
				"south": {"uv": [3, 0, 3.5, 16], "texture": "#1"},
				"west": {"uv": [3, 0, 3.5, 16], "texture": "#1"},
				"up": {"uv": [3, 0, 3.5, 16], "texture": "#1"},
				"down": {"uv": [3, 0, 3.5, 16], "texture": "#1"}
			}
		},
		{
			"from": [7.85, 13.4, 7.79],
			"to": [7.95, 13.55, 8.21],
			"faces": {
				"north": {"uv": [3, 0, 3.5, 16], "texture": "#1"},
				"east": {"uv": [3, 0, 3.5, 16], "texture": "#1"},
				"south": {"uv": [3, 0, 3.5, 16], "texture": "#1"},
				"west": {"uv": [3, 0, 3.5, 16], "texture": "#1"},
				"up": {"uv": [3, 0, 3.5, 16], "texture": "#1"},
				"down": {"uv": [3, 0, 3.5, 16], "texture": "#1"}
			}
		},
		{
			"from": [8.05, 13.4, 7.79],
			"to": [8.15, 13.55, 8.21],
			"faces": {
				"north": {"uv": [3, 0, 3.5, 16], "texture": "#1"},
				"east": {"uv": [3, 0, 3.5, 16], "texture": "#1"},
				"south": {"uv": [3, 0, 3.5, 16], "texture": "#1"},
				"west": {"uv": [3, 0, 3.5, 16], "texture": "#1"},
				"up": {"uv": [3, 0, 3.5, 16], "texture": "#1"},
				"down": {"uv": [3, 0, 3.5, 16], "texture": "#1"}
			}
		},
		{
			"from": [7.85, 13.8, 7.79],
			"to": [7.95, 13.95, 8.21],
			"faces": {
				"north": {"uv": [3, 0, 3.5, 16], "texture": "#1"},
				"east": {"uv": [3, 0, 3.5, 16], "texture": "#1"},
				"south": {"uv": [3, 0, 3.5, 16], "texture": "#1"},
				"west": {"uv": [3, 0, 3.5, 16], "texture": "#1"},
				"up": {"uv": [3, 0, 3.5, 16], "texture": "#1"},
				"down": {"uv": [3, 0, 3.5, 16], "texture": "#1"}
			}
		},
		{
			"from": [8.05, 13.8, 7.79],
			"to": [8.15, 13.95, 8.21],
			"faces": {
				"north": {"uv": [3, 0, 3.5, 16], "texture": "#1"},
				"east": {"uv": [3, 0, 3.5, 16], "texture": "#1"},
				"south": {"uv": [3, 0, 3.5, 16], "texture": "#1"},
				"west": {"uv": [3, 0, 3.5, 16], "texture": "#1"},
				"up": {"uv": [3, 0, 3.5, 16], "texture": "#1"},
				"down": {"uv": [3, 0, 3.5, 16], "texture": "#1"}
			}
		},
		{
			"from": [7.9, 10.25, 7.79],
			"to": [8.1, 10.35, 8.21],
			"faces": {
				"north": {"uv": [3, 0, 3.5, 16], "texture": "#1"},
				"east": {"uv": [3, 0, 3.5, 16], "texture": "#1"},
				"south": {"uv": [3, 0, 3.5, 16], "texture": "#1"},
				"west": {"uv": [3, 0, 3.5, 16], "texture": "#1"},
				"up": {"uv": [3, 0, 3.5, 16], "texture": "#1"},
				"down": {"uv": [3, 0, 3.5, 16], "texture": "#1"}
			}
		},
		{
			"from": [7.9, 13.3, 7.79],
			"to": [8.1, 13.4, 8.21],
			"faces": {
				"north": {"uv": [3, 0, 3.5, 16], "texture": "#1"},
				"east": {"uv": [3, 0, 3.5, 16], "texture": "#1"},
				"south": {"uv": [3, 0, 3.5, 16], "texture": "#1"},
				"west": {"uv": [3, 0, 3.5, 16], "texture": "#1"},
				"up": {"uv": [3, 0, 3.5, 16], "texture": "#1"},
				"down": {"uv": [3, 0, 3.5, 16], "texture": "#1"}
			}
		},
		{
			"from": [7.9, 13.95, 7.79],
			"to": [8.1, 14.05, 8.21],
			"faces": {
				"north": {"uv": [3, 0, 3.5, 16], "texture": "#1"},
				"east": {"uv": [3, 0, 3.5, 16], "texture": "#1"},
				"south": {"uv": [3, 0, 3.5, 16], "texture": "#1"},
				"west": {"uv": [3, 0, 3.5, 16], "texture": "#1"},
				"up": {"uv": [3, 0, 3.5, 16], "texture": "#1"},
				"down": {"uv": [3, 0, 3.5, 16], "texture": "#1"}
			}
		},
		{
			"from": [7.8, 12.325, 7.79],
			"to": [8.2, 12.425, 8.21],
			"faces": {
				"north": {"uv": [3, 0, 3.5, 16], "texture": "#4"},
				"east": {"uv": [3, 0, 3.5, 16], "texture": "#4"},
				"south": {"uv": [3, 0, 3.5, 16], "texture": "#4"},
				"west": {"uv": [3, 0, 3.5, 16], "texture": "#4"},
				"up": {"uv": [3, 0, 3.5, 16], "texture": "#4"},
				"down": {"uv": [3, 0, 3.5, 16], "texture": "#4"}
			}
		},
		{
			"from": [7.95, 10.35, 7.79],
			"to": [8.05, 10.45, 8.21],
			"faces": {
				"north": {"uv": [3, 0, 3.5, 16], "texture": "#1"},
				"east": {"uv": [3, 0, 3.5, 16], "texture": "#1"},
				"south": {"uv": [3, 0, 3.5, 16], "texture": "#1"},
				"west": {"uv": [3, 0, 3.5, 16], "texture": "#1"},
				"up": {"uv": [3, 0, 3.5, 16], "texture": "#1"},
				"down": {"uv": [3, 0, 3.5, 16], "texture": "#1"}
			}
		},
		{
			"from": [7.95, 11.6, 7.79],
			"to": [8.05, 12.7, 8.21],
			"faces": {
				"north": {"uv": [3, 0, 3.5, 16], "texture": "#4"},
				"east": {"uv": [3, 0, 3.5, 16], "texture": "#4"},
				"south": {"uv": [3, 0, 3.5, 16], "texture": "#4"},
				"west": {"uv": [3, 0, 3.5, 16], "texture": "#4"},
				"up": {"uv": [3, 0, 3.5, 16], "texture": "#4"},
				"down": {"uv": [3, 0, 3.5, 16], "texture": "#4"}
			}
		},
		{
			"from": [7.8, 5, 7.79],
			"to": [7.9, 10, 8.21],
			"faces": {
				"north": {"uv": [3, 0, 3.5, 16], "texture": "#1"},
				"east": {"uv": [3, 0, 3.5, 16], "texture": "#1"},
				"south": {"uv": [3, 0, 3.5, 16], "texture": "#1"},
				"west": {"uv": [3, 0, 3.5, 16], "texture": "#1"},
				"up": {"uv": [3, 0, 3.5, 16], "texture": "#1"},
				"down": {"uv": [3, 0, 3.5, 16], "texture": "#1"}
			}
		},
		{
			"from": [7.8, 13.55, 7.79],
			"to": [7.9, 13.8, 8.21],
			"faces": {
				"north": {"uv": [3, 0, 3.5, 16], "texture": "#1"},
				"east": {"uv": [3, 0, 3.5, 16], "texture": "#1"},
				"south": {"uv": [3, 0, 3.5, 16], "texture": "#1"},
				"west": {"uv": [3, 0, 3.5, 16], "texture": "#1"},
				"up": {"uv": [3, 0, 3.5, 16], "texture": "#1"},
				"down": {"uv": [3, 0, 3.5, 16], "texture": "#1"}
			}
		},
		{
			"from": [7.95, 13.55, 7.79],
			"to": [8.05, 13.8, 8.21],
			"faces": {
				"north": {"uv": [0, 0, 16, 16], "texture": "#2"},
				"east": {"uv": [0, 0, 16, 16], "texture": "#2"},
				"south": {"uv": [0, 0, 16, 16], "texture": "#2"},
				"west": {"uv": [0, 0, 16, 16], "texture": "#2"},
				"up": {"uv": [0, 0, 16, 16], "texture": "#2"},
				"down": {"uv": [0, 0, 16, 16], "texture": "#2"}
			}
		},
		{
			"from": [8.1, 13.55, 7.79],
			"to": [8.2, 13.8, 8.21],
			"faces": {
				"north": {"uv": [3, 0, 3.5, 16], "texture": "#1"},
				"east": {"uv": [3, 0, 3.5, 16], "texture": "#1"},
				"south": {"uv": [3, 0, 3.5, 16], "texture": "#1"},
				"west": {"uv": [3, 0, 3.5, 16], "texture": "#1"},
				"up": {"uv": [3, 0, 3.5, 16], "texture": "#1"},
				"down": {"uv": [3, 0, 3.5, 16], "texture": "#1"}
			}
		},
		{
			"from": [7.9, 10.75, 7.8],
			"to": [8.1, 12.25, 8.2],
			"faces": {
				"north": {"uv": [0, 0, 0.7, 9], "texture": "#0"},
				"east": {"uv": [0, 0, 0.7, 9], "texture": "#0"},
				"south": {"uv": [0, 0, 0.7, 9], "texture": "#0"},
				"west": {"uv": [0, 0, 0.7, 9], "texture": "#0"},
				"up": {"uv": [0, 0, 0.7, 9], "texture": "#0"},
				"down": {"uv": [0, 0, 0.7, 9], "texture": "#0"}
			}
		},
		{
			"from": [7.9, 12.5, 7.8],
			"to": [8.1, 13, 8.2],
			"faces": {
				"north": {"uv": [0, 0, 0.7, 9], "texture": "#0"},
				"east": {"uv": [0, 0, 0.7, 9], "texture": "#0"},
				"south": {"uv": [0, 0, 0.7, 9], "texture": "#0"},
				"west": {"uv": [0, 0, 0.7, 9], "texture": "#0"},
				"up": {"uv": [0, 0, 0.7, 9], "texture": "#0"},
				"down": {"uv": [0, 0, 0.7, 9], "texture": "#0"}
			}
		},
		{
			"from": [7.7, 12.25, 7.8],
			"to": [8.3, 12.5, 8.2],
			"faces": {
				"north": {"uv": [0, 0, 0.7, 9], "texture": "#0"},
				"east": {"uv": [0, 0, 0.7, 9], "texture": "#0"},
				"south": {"uv": [0, 0, 0.7, 9], "texture": "#0"},
				"west": {"uv": [0, 0, 0.7, 9], "texture": "#0"},
				"up": {"uv": [0, 0, 0.7, 9], "texture": "#0"},
				"down": {"uv": [0, 0, 0.7, 9], "texture": "#0"}
			}
		},
		{
			"from": [7.75, 14, 7.8],
			"to": [8.25, 14.125, 8.2],
			"faces": {
				"north": {"uv": [0, 0, 0.7, 9], "texture": "#0"},
				"east": {"uv": [0, 0, 0.7, 9], "texture": "#0"},
				"south": {"uv": [0, 0, 0.7, 9], "texture": "#0"},
				"west": {"uv": [0, 0, 0.7, 9], "texture": "#0"},
				"up": {"uv": [0, 0, 0.7, 9], "texture": "#0"},
				"down": {"uv": [0, 0, 0.7, 9], "texture": "#0"}
			}
		},
		{
			"from": [7.85, 14.25, 7.9],
			"to": [8.15, 14.375, 8.1],
			"faces": {
				"north": {"uv": [0, 0, 0.125, 9], "texture": "#0"},
				"east": {"uv": [0, 0, 0.125, 9], "texture": "#0"},
				"south": {"uv": [0, 0, 0.125, 9], "texture": "#0"},
				"west": {"uv": [0, 0, 0.125, 9], "texture": "#0"},
				"up": {"uv": [0, 0, 0.125, 9], "texture": "#0"},
				"down": {"uv": [0, 0, 0.125, 9], "texture": "#0"}
			}
		},
		{
			"from": [7.9, 14.375, 7.92],
			"to": [8.1, 14.425, 8.08],
			"faces": {
				"north": {"uv": [0, 0, 0.125, 9], "texture": "#0"},
				"east": {"uv": [0, 0, 0.125, 9], "texture": "#0"},
				"south": {"uv": [0, 0, 0.125, 9], "texture": "#0"},
				"west": {"uv": [0, 0, 0.125, 9], "texture": "#0"},
				"up": {"uv": [0, 0, 0.125, 9], "texture": "#0"},
				"down": {"uv": [0, 0, 0.125, 9], "texture": "#0"}
			}
		},
		{
			"from": [7.9, 14.35, 7.96],
			"to": [8.1, 17.85, 8.04],
			"faces": {
				"north": {"uv": [0.625, 0, 0, 2], "rotation": 180, "texture": "#0"},
				"east": {"uv": [0.625, 0, 0, 2], "texture": "#0"},
				"south": {"uv": [0.625, 0, 0, 2], "texture": "#0"},
				"west": {"uv": [0.625, 0, 0, 2], "texture": "#0"},
				"up": {"uv": [0.625, 0, 0, 2], "texture": "#0"},
				"down": {"uv": [0.625, 0, 0, 2], "texture": "#0"}
			}
		},
		{
			"from": [7.93, 17.85, 7.96],
			"to": [8.07, 19.35, 8.04],
			"faces": {
				"north": {"uv": [0.625, 2, 0, 4], "rotation": 180, "texture": "#0"},
				"east": {"uv": [0.625, 2, 0, 4], "texture": "#0"},
				"south": {"uv": [0.625, 2, 0, 4], "texture": "#0"},
				"west": {"uv": [0.625, 2, 0, 4], "texture": "#0"},
				"up": {"uv": [0.625, 2, 0, 4], "texture": "#0"},
				"down": {"uv": [0.625, 2, 0, 4], "texture": "#0"}
			}
		},
		{
			"from": [7.96, 19.35, 7.96],
			"to": [8.04, 20.35, 8.04],
			"faces": {
				"north": {"uv": [0.625, 4, 0, 6], "rotation": 180, "texture": "#0"},
				"east": {"uv": [0.625, 4, 0, 6], "rotation": 180, "texture": "#0"},
				"south": {"uv": [0.625, 4, 0, 6], "rotation": 180, "texture": "#0"},
				"west": {"uv": [0.625, 4, 0, 6], "rotation": 180, "texture": "#0"},
				"up": {"uv": [0.625, 4, 0, 6], "rotation": 180, "texture": "#0"},
				"down": {"uv": [0.625, 4, 0, 6], "rotation": 180, "texture": "#0"}
			}
		},
		{
			"from": [7.99, 20.35, 7.96],
			"to": [8.01, 20.85, 8.04],
			"faces": {
				"north": {"uv": [0.625, 6, 0, 8], "texture": "#0"},
				"east": {"uv": [0.625, 6, 0, 8], "texture": "#0"},
				"south": {"uv": [0.625, 6, 0, 8], "texture": "#0"},
				"west": {"uv": [0.625, 6, 0, 8], "texture": "#0"},
				"up": {"uv": [0.625, 6, 0, 8], "texture": "#0"},
				"down": {"uv": [0.625, 6, 0, 8], "texture": "#0"}
			}
		},
		{
			"from": [8.1, 14.35, 7.98],
			"to": [8.13, 17.85, 8.02],
			"faces": {
				"north": {"uv": [0.625, 0, 0, 2], "rotation": 180, "texture": "#0"},
				"east": {"uv": [0.625, 0, 0, 2], "rotation": 180, "texture": "#0"},
				"south": {"uv": [0.625, 0, 0, 2], "rotation": 180, "texture": "#0"},
				"west": {"uv": [0.625, 0, 0, 2], "rotation": 180, "texture": "#0"},
				"up": {"uv": [0.625, 0, 0, 2], "rotation": 180, "texture": "#0"},
				"down": {"uv": [0.625, 0, 0, 2], "rotation": 180, "texture": "#0"}
			}
		},
		{
			"from": [8.07, 17.85, 7.98],
			"to": [8.1, 19.35, 8.02],
			"faces": {
				"north": {"uv": [0.625, 2, 0, 4], "rotation": 180, "texture": "#0"},
				"east": {"uv": [0.625, 2, 0, 4], "rotation": 180, "texture": "#0"},
				"south": {"uv": [0.625, 2, 0, 4], "rotation": 180, "texture": "#0"},
				"west": {"uv": [0.625, 2, 0, 4], "rotation": 180, "texture": "#0"},
				"up": {"uv": [0.625, 2, 0, 4], "rotation": 180, "texture": "#0"},
				"down": {"uv": [0.625, 2, 0, 4], "rotation": 180, "texture": "#0"}
			}
		},
		{
			"from": [8.04, 19.35, 7.98],
			"to": [8.07, 20.35, 8.02],
			"faces": {
				"north": {"uv": [0.625, 4, 0, 6], "rotation": 180, "texture": "#0"},
				"east": {"uv": [0.625, 4, 0, 6], "rotation": 180, "texture": "#0"},
				"south": {"uv": [0.625, 4, 0, 6], "rotation": 180, "texture": "#0"},
				"west": {"uv": [0.625, 4, 0, 6], "rotation": 180, "texture": "#0"},
				"up": {"uv": [0.625, 4, 0, 6], "rotation": 180, "texture": "#0"},
				"down": {"uv": [0.625, 4, 0, 6], "rotation": 180, "texture": "#0"}
			}
		},
		{
			"from": [8.01, 20.35, 7.98],
			"to": [8.04, 20.85, 8.02],
			"faces": {
				"north": {"uv": [0.625, 6, 0, 8], "texture": "#0"},
				"east": {"uv": [0.625, 6, 0, 8], "texture": "#0"},
				"south": {"uv": [0.625, 6, 0, 8], "texture": "#0"},
				"west": {"uv": [0.625, 6, 0, 8], "texture": "#0"},
				"up": {"uv": [0.625, 6, 0, 8], "texture": "#0"},
				"down": {"uv": [0.625, 6, 0, 8], "texture": "#0"}
			}
		},
		{
			"from": [7.985, 20.85, 7.98],
			"to": [8.015, 21.35, 8.02],
			"faces": {
				"north": {"uv": [0.625, 8, 0, 10], "rotation": 180, "texture": "#0"},
				"east": {"uv": [0.625, 8, 0, 10], "rotation": 180, "texture": "#0"},
				"south": {"uv": [0.625, 8, 0, 10], "rotation": 180, "texture": "#0"},
				"west": {"uv": [0.625, 8, 0, 10], "rotation": 180, "texture": "#0"},
				"up": {"uv": [0.625, 8, 0, 10], "rotation": 180, "texture": "#0"},
				"down": {"uv": [0.625, 8, 0, 10], "rotation": 180, "texture": "#0"}
			}
		},
		{
			"from": [7.96, 20.35, 7.98],
			"to": [7.99, 20.85, 8.02],
			"faces": {
				"north": {"uv": [0.625, 6, 0, 8], "texture": "#0"},
				"east": {"uv": [0.625, 6, 0, 8], "texture": "#0"},
				"south": {"uv": [0.625, 6, 0, 8], "texture": "#0"},
				"west": {"uv": [0.625, 6, 0, 8], "texture": "#0"},
				"up": {"uv": [0.625, 6, 0, 8], "texture": "#0"},
				"down": {"uv": [0.625, 6, 0, 8], "texture": "#0"}
			}
		},
		{
			"from": [7.93, 19.35, 7.98],
			"to": [7.96, 20.35, 8.02],
			"faces": {
				"north": {"uv": [0.625, 4, 0, 6], "rotation": 180, "texture": "#0"},
				"east": {"uv": [0.625, 4, 0, 6], "rotation": 180, "texture": "#0"},
				"south": {"uv": [0.625, 4, 0, 6], "rotation": 180, "texture": "#0"},
				"west": {"uv": [0.625, 4, 0, 6], "rotation": 180, "texture": "#0"},
				"up": {"uv": [0.625, 4, 0, 6], "rotation": 180, "texture": "#0"},
				"down": {"uv": [0.625, 4, 0, 6], "rotation": 180, "texture": "#0"}
			}
		},
		{
			"from": [7.9, 17.85, 7.98],
			"to": [7.93, 19.35, 8.02],
			"faces": {
				"north": {"uv": [0.625, 2, 0, 4], "rotation": 180, "texture": "#0"},
				"east": {"uv": [0.625, 2, 0, 4], "rotation": 180, "texture": "#0"},
				"south": {"uv": [0.625, 2, 0, 4], "rotation": 180, "texture": "#0"},
				"west": {"uv": [0.625, 2, 0, 4], "rotation": 180, "texture": "#0"},
				"up": {"uv": [0.625, 2, 0, 4], "rotation": 180, "texture": "#0"},
				"down": {"uv": [0.625, 2, 0, 4], "rotation": 180, "texture": "#0"}
			}
		},
		{
			"from": [7.87, 14.35, 7.98],
			"to": [7.9, 17.85, 8.02],
			"faces": {
				"north": {"uv": [0.625, 0, 0, 2], "rotation": 180, "texture": "#0"},
				"east": {"uv": [0.625, 0, 0, 2], "rotation": 180, "texture": "#0"},
				"south": {"uv": [0.625, 0, 0, 2], "rotation": 180, "texture": "#0"},
				"west": {"uv": [0.625, 0, 0, 2], "rotation": 180, "texture": "#0"},
				"up": {"uv": [0.625, 0, 0, 2], "rotation": 180, "texture": "#0"},
				"down": {"uv": [0.625, 0, 0, 2], "rotation": 180, "texture": "#0"}
			}
		},
		{
			"from": [7.85, 14.375, 7.95],
			"to": [7.9, 14.425, 8.05],
			"faces": {
				"north": {"uv": [0, 0, 0.125, 9], "texture": "#0"},
				"east": {"uv": [0, 0, 0.125, 9], "texture": "#0"},
				"south": {"uv": [0, 0, 0.125, 9], "texture": "#0"},
				"west": {"uv": [0, 0, 0.125, 9], "texture": "#0"},
				"up": {"uv": [0, 0, 0.125, 9], "texture": "#0"},
				"down": {"uv": [0, 0, 0.125, 9], "texture": "#0"}
			}
		},
		{
			"from": [8.1, 14.375, 7.95],
			"to": [8.15, 14.425, 8.05],
			"faces": {
				"north": {"uv": [0, 0, 0.125, 9], "texture": "#0"},
				"east": {"uv": [0, 0, 0.125, 9], "texture": "#0"},
				"south": {"uv": [0, 0, 0.125, 9], "texture": "#0"},
				"west": {"uv": [0, 0, 0.125, 9], "texture": "#0"},
				"up": {"uv": [0, 0, 0.125, 9], "texture": "#0"},
				"down": {"uv": [0, 0, 0.125, 9], "texture": "#0"}
			}
		},
		{
			"from": [7.8, 14.125, 7.85],
			"to": [8.2, 14.25, 8.15],
			"faces": {
				"north": {"uv": [0, 0, 0.125, 9], "texture": "#0"},
				"east": {"uv": [0, 0, 0.125, 9], "texture": "#0"},
				"south": {"uv": [0, 0, 0.125, 9], "texture": "#0"},
				"west": {"uv": [0, 0, 0.125, 9], "texture": "#0"},
				"up": {"uv": [0, 0, 0.125, 9], "texture": "#0"},
				"down": {"uv": [0, 0, 0.125, 9], "texture": "#0"}
			}
		},
		{
			"from": [7.7, 4.75, 7.7],
			"to": [8.3, 5, 8.3],
			"faces": {
				"north": {"uv": [0, 0, 0.6, 0.5], "texture": "#0"},
				"east": {"uv": [0, 0, 0.6, 0.5], "texture": "#0"},
				"south": {"uv": [0, 0, 0.6, 0.5], "texture": "#0"},
				"west": {"uv": [0, 0, 0.6, 0.5], "texture": "#0"},
				"up": {"uv": [0, 0, 0.6, 0.5], "texture": "#0"},
				"down": {"uv": [0, 0, 0.6, 0.5], "texture": "#0"}
			}
		},
		{
			"from": [7.7, 4.25, 7.7],
			"to": [8.3, 4.5, 8.3],
			"faces": {
				"north": {"uv": [0, 0, 0.6, 0.5], "texture": "#0"},
				"east": {"uv": [0, 0, 0.6, 0.5], "texture": "#0"},
				"south": {"uv": [0, 0, 0.6, 0.5], "texture": "#0"},
				"west": {"uv": [0, 0, 0.6, 0.5], "texture": "#0"},
				"up": {"uv": [0, 0, 0.6, 0.5], "texture": "#0"},
				"down": {"uv": [0, 0, 0.6, 0.5], "texture": "#0"}
			}
		},
		{
			"from": [7.7, 0.5, 7.7],
			"to": [8.3, 0.75, 8.3],
			"faces": {
				"north": {"uv": [0, 0, 0.6, 0.5], "texture": "#0"},
				"east": {"uv": [0, 0, 0.6, 0.5], "texture": "#0"},
				"south": {"uv": [0, 0, 0.6, 0.5], "texture": "#0"},
				"west": {"uv": [0, 0, 0.6, 0.5], "texture": "#0"},
				"up": {"uv": [0, 0, 0.6, 0.5], "texture": "#0"},
				"down": {"uv": [0, 0, 0.6, 0.5], "texture": "#0"}
			}
		},
		{
			"from": [7.7, 0, 7.7],
			"to": [8.3, 0.25, 8.3],
			"faces": {
				"north": {"uv": [0, 0, 0.6, 0.5], "texture": "#0"},
				"east": {"uv": [0, 0, 0.6, 0.5], "texture": "#0"},
				"south": {"uv": [0, 0, 0.6, 0.5], "texture": "#0"},
				"west": {"uv": [0, 0, 0.6, 0.5], "texture": "#0"},
				"up": {"uv": [0, 0, 0.6, 0.5], "texture": "#0"},
				"down": {"uv": [0, 0, 0.6, 0.5], "texture": "#0"}
			}
		},
		{
			"from": [7.45, 4.75, 7.75],
			"to": [7.7, 5, 8.25],
			"faces": {
				"north": {"uv": [0, 0, 0.6, 0.5], "texture": "#0"},
				"east": {"uv": [0, 0, 0.6, 0.5], "texture": "#0"},
				"south": {"uv": [0, 0, 0.6, 0.5], "texture": "#0"},
				"west": {"uv": [0, 0, 0.6, 0.5], "texture": "#0"},
				"up": {"uv": [0, 0, 0.6, 0.5], "texture": "#0"},
				"down": {"uv": [0, 0, 0.6, 0.5], "texture": "#0"}
			}
		},
		{
			"from": [8.3, 4.75, 7.75],
			"to": [8.55, 5, 8.25],
			"faces": {
				"north": {"uv": [0, 0, 0.6, 0.5], "texture": "#0"},
				"east": {"uv": [0, 0, 0.6, 0.5], "texture": "#0"},
				"south": {"uv": [0, 0, 0.6, 0.5], "texture": "#0"},
				"west": {"uv": [0, 0, 0.6, 0.5], "texture": "#0"},
				"up": {"uv": [0, 0, 0.6, 0.5], "texture": "#0"},
				"down": {"uv": [0, 0, 0.6, 0.5], "texture": "#0"}
			}
		},
		{
			"from": [7.325, 4.75, 7.8],
			"to": [7.45, 5, 8.2],
			"faces": {
				"north": {"uv": [0, 0, 0.6, 0.5], "texture": "#0"},
				"east": {"uv": [0, 0, 0.6, 0.5], "texture": "#0"},
				"south": {"uv": [0, 0, 0.6, 0.5], "texture": "#0"},
				"west": {"uv": [0, 0, 0.6, 0.5], "texture": "#0"},
				"up": {"uv": [0, 0, 0.6, 0.5], "texture": "#0"},
				"down": {"uv": [0, 0, 0.6, 0.5], "texture": "#0"}
			}
		},
		{
			"from": [8.55, 4.75, 7.8],
			"to": [8.675, 5, 8.2],
			"faces": {
				"north": {"uv": [0, 0, 0.6, 0.5], "texture": "#0"},
				"east": {"uv": [0, 0, 0.6, 0.5], "texture": "#0"},
				"south": {"uv": [0, 0, 0.6, 0.5], "texture": "#0"},
				"west": {"uv": [0, 0, 0.6, 0.5], "texture": "#0"},
				"up": {"uv": [0, 0, 0.6, 0.5], "texture": "#0"},
				"down": {"uv": [0, 0, 0.6, 0.5], "texture": "#0"}
			}
		},
		{
			"from": [7.2, 4.75, 7.85],
			"to": [7.325, 5, 8.15],
			"faces": {
				"north": {"uv": [0, 0, 0.6, 0.5], "texture": "#0"},
				"east": {"uv": [0, 0, 0.6, 0.5], "texture": "#0"},
				"south": {"uv": [0, 0, 0.6, 0.5], "texture": "#0"},
				"west": {"uv": [0, 0, 0.6, 0.5], "texture": "#0"},
				"up": {"uv": [0, 0, 0.6, 0.5], "texture": "#0"},
				"down": {"uv": [0, 0, 0.6, 0.5], "texture": "#0"}
			}
		},
		{
			"from": [8.675, 4.75, 7.85],
			"to": [8.8, 5, 8.15],
			"faces": {
				"north": {"uv": [0, 0, 0.6, 0.5], "texture": "#0"},
				"east": {"uv": [0, 0, 0.6, 0.5], "texture": "#0"},
				"south": {"uv": [0, 0, 0.6, 0.5], "texture": "#0"},
				"west": {"uv": [0, 0, 0.6, 0.5], "texture": "#0"},
				"up": {"uv": [0, 0, 0.6, 0.5], "texture": "#0"},
				"down": {"uv": [0, 0, 0.6, 0.5], "texture": "#0"}
			}
		}
	],
	"display": {
		"thirdperson_righthand": {
			"rotation": [0, 90, 0],
			"translation": [0, 6.25, 0.75],
			"scale": [1.5, 1.5, 1.5]
		},
		"thirdperson_lefthand": {
			"rotation": [0, 90, 0],
			"translation": [0, 6.25, 0.75],
			"scale": [1.5, 1.5, 1.5]
		},
		"firstperson_righthand": {
			"rotation": [0, 90, 0],
			"translation": [0, 6.25, 0.75],
			"scale": [1.5, 1.5, 1.5]
		},
		"firstperson_lefthand": {
			"rotation": [0, 90, 0],
			"translation": [0, 6.25, 0.75],
			"scale": [1.5, 1.5, 1.5]
		},
		"ground": {
			"rotation": [90, 0, 0],
			"translation": [0, -1.75, -2.5],
			"scale": [1.5, 1.5, 1.5]
		},
		"gui": {
			"rotation": [0, 0, 45],
			"scale": [1.5, 1.5, 1.5]
		},
		"head": {
			"rotation": [0, 90, -72],
			"translation": [0, 3, -8.5],
			"scale": [1.5, 1.5, 1.5]
		},
		"fixed": {
			"translation": [0, -2, -0.25],
			"scale": [1.5, 1.5, 1.5]
		}
	}
}