{
	"credit": "Made with Blockbench",
	"textures": {
		"0": "item/cit/stone2",
		"1": "item/cit/ki1",
		"2": "item/cit/ki3",
		"particle": "item/cit/stone2"
	},
	"elements": [
		{
			"from": [7.5, 0, 1.25],
			"to": [8.5, 5, 2.25],
			"rotation": {"angle": 45, "axis": "x", "origin": [8, 0.5, 1.75]},
			"faces": {
				"north": {"uv": [0, 9, 5, 10], "texture": "#2"},
				"east": {"uv": [0, 9, 5, 10], "texture": "#2"},
				"south": {"uv": [0, 9, 5, 10], "texture": "#2"},
				"west": {"uv": [0, 9, 5, 10], "texture": "#2"},
				"up": {"uv": [0, 9, 5, 10], "texture": "#2"},
				"down": {"uv": [0, 9, 1, 10], "texture": "#2"}
			}
		},
		{
			"from": [7.25, 5, 0.75],
			"to": [8.75, 5.4, 2.75],
			"rotation": {"angle": 45, "axis": "x", "origin": [8, 0.5, 1.75]},
			"faces": {
				"north": {"uv": [0, 0, 1, 1], "texture": "#1"},
				"east": {"uv": [0, 0, 1, 1], "texture": "#1"},
				"south": {"uv": [0, 0, 1, 1], "texture": "#1"},
				"west": {"uv": [0, 0, 1, 1], "texture": "#1"},
				"up": {"uv": [0, 0, 1, 1], "texture": "#1"},
				"down": {"uv": [0, 0, 1, 1], "texture": "#1"}
			}
		},
		{
			"from": [7.5, 5.2, 2.75],
			"to": [8.5, 5.45, 3.25],
			"rotation": {"angle": 45, "axis": "x", "origin": [8, 0.5, 1.75]},
			"faces": {
				"north": {"uv": [0, 0, 1, 1], "texture": "#1"},
				"east": {"uv": [0, 0, 1, 1], "texture": "#1"},
				"south": {"uv": [0, 0, 1, 1], "texture": "#1"},
				"west": {"uv": [0, 0, 1, 1], "texture": "#1"},
				"up": {"uv": [0, 0, 1, 1], "texture": "#1"},
				"down": {"uv": [0, 0, 1, 1], "texture": "#1"}
			}
		},
		{
			"from": [8.5, 5.2, 2.75],
			"to": [8.625, 5.45, 3],
			"rotation": {"angle": 45, "axis": "x", "origin": [8, 0.5, 1.75]},
			"faces": {
				"north": {"uv": [0, 0, 1, 1], "texture": "#1"},
				"east": {"uv": [0, 0, 1, 1], "texture": "#1"},
				"south": {"uv": [0, 0, 1, 1], "texture": "#1"},
				"west": {"uv": [0, 0, 1, 1], "texture": "#1"},
				"up": {"uv": [0, 0, 1, 1], "texture": "#1"},
				"down": {"uv": [0, 0, 1, 1], "texture": "#1"}
			}
		},
		{
			"from": [7.375, 5.2, 2.75],
			"to": [7.5, 5.45, 3],
			"rotation": {"angle": 45, "axis": "x", "origin": [8, 0.5, 1.75]},
			"faces": {
				"north": {"uv": [0, 0, 1, 1], "texture": "#1"},
				"east": {"uv": [0, 0, 1, 1], "texture": "#1"},
				"south": {"uv": [0, 0, 1, 1], "texture": "#1"},
				"west": {"uv": [0, 0, 1, 1], "texture": "#1"},
				"up": {"uv": [0, 0, 1, 1], "texture": "#1"},
				"down": {"uv": [0, 0, 1, 1], "texture": "#1"}
			}
		},
		{
			"from": [7.5, 5.2, 0.25],
			"to": [8.5, 5.45, 0.75],
			"rotation": {"angle": 45, "axis": "x", "origin": [8, 0.5, 1.75]},
			"faces": {
				"north": {"uv": [0, 0, 1, 1], "texture": "#1"},
				"east": {"uv": [0, 0, 1, 1], "texture": "#1"},
				"south": {"uv": [0, 0, 1, 1], "texture": "#1"},
				"west": {"uv": [0, 0, 1, 1], "texture": "#1"},
				"up": {"uv": [0, 0, 1, 1], "texture": "#1"},
				"down": {"uv": [0, 0, 1, 1], "texture": "#1"}
			}
		},
		{
			"from": [8.5, 5.2, 0.5],
			"to": [8.625, 5.45, 0.75],
			"rotation": {"angle": 45, "axis": "x", "origin": [8, 0.5, 1.75]},
			"faces": {
				"north": {"uv": [0, 0, 1, 1], "texture": "#1"},
				"east": {"uv": [0, 0, 1, 1], "texture": "#1"},
				"south": {"uv": [0, 0, 1, 1], "texture": "#1"},
				"west": {"uv": [0, 0, 1, 1], "texture": "#1"},
				"up": {"uv": [0, 0, 1, 1], "texture": "#1"},
				"down": {"uv": [0, 0, 1, 1], "texture": "#1"}
			}
		},
		{
			"from": [7.375, 5.2, 0.5],
			"to": [7.5, 5.45, 0.75],
			"rotation": {"angle": 45, "axis": "x", "origin": [8, 0.5, 1.75]},
			"faces": {
				"north": {"uv": [0, 0, 1, 1], "texture": "#1"},
				"east": {"uv": [0, 0, 1, 1], "texture": "#1"},
				"south": {"uv": [0, 0, 1, 1], "texture": "#1"},
				"west": {"uv": [0, 0, 1, 1], "texture": "#1"},
				"up": {"uv": [0, 0, 1, 1], "texture": "#1"},
				"down": {"uv": [0, 0, 1, 1], "texture": "#1"}
			}
		},
		{
			"from": [7.7, 5, 1],
			"to": [8.3, 18, 2.6],
			"rotation": {"angle": 45, "axis": "x", "origin": [8, 0.5, 1.75]},
			"faces": {
				"north": {"uv": [0, 0, 0.6, 16], "texture": "#0"},
				"east": {"uv": [0, 0, 15.6, 16], "texture": "#0"},
				"south": {"uv": [0, 0, 0.6, 16], "texture": "#0"},
				"west": {"uv": [0, 0, 15.6, 16], "texture": "#0"},
				"up": {"uv": [-1, -1, 0, 0], "texture": "#0"},
				"down": {"uv": [0, 0, 0.6, 1.6], "texture": "#1"}
			}
		},
		{
			"from": [7.5, 5, 1.25],
			"to": [8.5, 18, 2.25],
			"rotation": {"angle": 45, "axis": "x", "origin": [8, 0.5, 1.75]},
			"faces": {
				"north": {"uv": [0, 0, 1, 16], "texture": "#0"},
				"east": {"uv": [6, 0, 10, 16], "texture": "#0"},
				"south": {"uv": [0, 0, 1, 16], "texture": "#0"},
				"west": {"uv": [6, 0, 10, 16], "texture": "#0"},
				"up": {"uv": [0, 0, 1, 1], "texture": "#missing"},
				"down": {"uv": [0, 0, 1, 1], "texture": "#1"}
			}
		},
		{
			"from": [7.7, 12.28, 13.6],
			"to": [8.3, 13.404, 14.724],
			"rotation": {"angle": 0, "axis": "y", "origin": [0, 0, 1.25]},
			"faces": {
				"north": {"uv": [0, 0, 0.6, 1.08], "texture": "#missing"},
				"east": {"uv": [0, 0, 1.1, 1.1], "texture": "#0"},
				"south": {"uv": [0, 0, 0.6, 1.1], "texture": "#0"},
				"west": {"uv": [0, 0, 1.1, 1.1], "texture": "#0"},
				"up": {"uv": [0, 0, 1, 1], "texture": "#0"},
				"down": {"uv": [0, 0, 0.6, 1.1], "texture": "#missing"}
			}
		},
		{
			"from": [7.5, 12.52, 13.77],
			"to": [8.5, 13.23, 14.48],
			"rotation": {"angle": 0, "axis": "y", "origin": [0, 0, 1.25]},
			"faces": {
				"north": {"uv": [9, 0, 9.8, 0.7], "rotation": 270, "texture": "#0"},
				"east": {"uv": [9, 0, 9.8, 0.7], "rotation": 270, "texture": "#0"},
				"south": {"uv": [9, 0, 9.8, 0.7], "rotation": 270, "texture": "#0"},
				"west": {"uv": [9, 0, 9.8, 0.7], "rotation": 270, "texture": "#0"},
				"up": {"uv": [9, 0, 9.8, 0.7], "rotation": 270, "texture": "#0"},
				"down": {"uv": [9, 0, 9.8, 0.7], "rotation": 270, "texture": "#0"}
			}
		}
	],
	"display": {
		"thirdperson_righthand": {
			"rotation": [-44, 0, 0],
			"translation": [0, 6, 1]
		},
		"thirdperson_lefthand": {
			"rotation": [-44, 0, 0],
			"translation": [0, 6, 1]
		},
		"firstperson_righthand": {
			"rotation": [-44, 0, 0],
			"translation": [0, 7, 1]
		},
		"firstperson_lefthand": {
			"rotation": [-44, 0, 0],
			"translation": [0, 7, 1]
		},
		"ground": {
			"rotation": [0, 0, -90],
			"translation": [1, -2.25, -0.5]
		},
		"gui": {
			"rotation": [0, 90, 0]
		},
		"head": {
			"rotation": [135, 0, 0],
			"translation": [0, 32, 3.5],
			"scale": [4, 4, 4]
		},
		"fixed": {
			"rotation": [-90, -45, -89],
			"translation": [0.25, 1, -1]
		}
	}
}