{
	"credit": "Made with Blockbench",
	"textures": {
		"0": "item/cit/ki1",
		"1": "item/cit/stone3",
		"2": "item/cit/ana",
		"particle": "item/cit/ki1"
	},
	"elements": [
		{
			"from": [7.65, 0.9, 10.625],
			"to": [8.35, 1.4, 12.125],
			"faces": {
				"east": {"uv": [0, 0, 0.75, 0.5], "texture": "#0"},
				"south": {"uv": [0, 0, 0.75, 0.5], "texture": "#0"},
				"west": {"uv": [0, 0, 0.75, 0.5], "texture": "#0"},
				"up": {"uv": [0, 0, 0.75, 0.5], "texture": "#0"},
				"down": {"uv": [1, 9.25, 1.375, 9.875], "texture": "#1"}
			}
		},
		{
			"from": [7.6, 1.25, 10.75],
			"to": [8.4, 1.75, 11.25],
			"faces": {
				"north": {"uv": [0, 0, 16, 16], "texture": "#1"},
				"east": {"uv": [0, 0, 16, 16], "texture": "#1"},
				"south": {"uv": [0, 0, 16, 16], "texture": "#1"},
				"west": {"uv": [0, 0, 16, 16], "texture": "#1"},
				"up": {"uv": [0, 0, 16, 16], "texture": "#1"},
				"down": {"uv": [0, 0, 16, 16], "texture": "#1"}
			}
		},
		{
			"from": [7.6, 3.75, 10.125],
			"to": [8.4, 4.25, 10.625],
			"faces": {
				"north": {"uv": [0, 0, 16, 16], "texture": "#1"},
				"east": {"uv": [0, 0, 16, 16], "texture": "#1"},
				"south": {"uv": [0, 0, 16, 16], "texture": "#1"},
				"west": {"uv": [0, 0, 16, 16], "texture": "#1"},
				"up": {"uv": [0, 0, 16, 16], "texture": "#1"},
				"down": {"uv": [0, 0, 16, 16], "texture": "#1"}
			}
		},
		{
			"from": [7.65, 1.9, 11.125],
			"to": [8.35, 2.4, 11.875],
			"faces": {
				"east": {"uv": [0, 0, 0.75, 0.5], "texture": "#0"},
				"south": {"uv": [0, 0, 0.75, 0.5], "texture": "#0"},
				"west": {"uv": [0, 0, 0.75, 0.5], "texture": "#0"},
				"up": {"uv": [0, 0, 0.75, 0.5], "texture": "#0"}
			}
		},
		{
			"from": [7.65, 1.4, 11.25],
			"to": [8.35, 1.9, 12],
			"faces": {
				"east": {"uv": [0, 0, 0.75, 0.5], "texture": "#0"},
				"south": {"uv": [0, 0, 0.75, 0.5], "texture": "#0"},
				"west": {"uv": [0, 0, 0.75, 0.5], "texture": "#0"},
				"up": {"uv": [0, 0, 0.75, 0.5], "texture": "#0"}
			}
		},
		{
			"from": [7.65, 3.9, 10.625],
			"to": [8.35, 4.4, 11.375],
			"faces": {
				"east": {"uv": [0, 0, 0.75, 0.5], "texture": "#0"},
				"south": {"uv": [0, 0, 0.75, 0.5], "texture": "#0"},
				"west": {"uv": [0, 0, 0.75, 0.5], "texture": "#0"},
				"up": {"uv": [0, 0, 0.75, 0.5], "texture": "#0"}
			}
		},
		{
			"from": [7.65, 4.4, 10.5],
			"to": [8.35, 4.75, 11.25],
			"faces": {
				"east": {"uv": [0, 0, 0.75, 0.5], "texture": "#0"},
				"south": {"uv": [0, 0, 0.75, 0.5], "texture": "#0"},
				"west": {"uv": [0, 0, 0.75, 0.5], "texture": "#0"},
				"up": {"uv": [0, 0, 0.75, 0.5], "texture": "#0"}
			}
		},
		{
			"from": [7.65, 3.4, 10.75],
			"to": [8.35, 3.9, 11.5],
			"faces": {
				"east": {"uv": [0, 0, 0.75, 0.5], "texture": "#0"},
				"south": {"uv": [0, 0, 0.75, 0.5], "texture": "#0"},
				"west": {"uv": [0, 0, 0.75, 0.5], "texture": "#0"},
				"up": {"uv": [0, 0, 0.75, 0.5], "texture": "#0"}
			}
		},
		{
			"from": [7.65, 2.9, 10.875],
			"to": [8.35, 3.4, 11.625],
			"faces": {
				"east": {"uv": [0, 0, 0.75, 0.5], "texture": "#0"},
				"south": {"uv": [0, 0, 0.75, 0.5], "texture": "#0"},
				"west": {"uv": [0, 0, 0.75, 0.5], "texture": "#0"},
				"up": {"uv": [0, 0, 0.75, 0.5], "texture": "#0"}
			}
		},
		{
			"from": [7.65, 2.4, 11],
			"to": [8.35, 2.9, 11.75],
			"faces": {
				"east": {"uv": [0, 0, 0.75, 0.5], "texture": "#0"},
				"south": {"uv": [0, 0, 0.75, 0.5], "texture": "#0"},
				"west": {"uv": [0, 0, 0.75, 0.5], "texture": "#0"},
				"up": {"uv": [0, 0, 0.75, 0.5], "texture": "#0"}
			}
		},
		{
			"from": [7.65, 0.85, 11.125],
			"to": [8.35, 1.1, 11.625],
			"faces": {
				"east": {"uv": [0, 0, 0.75, 0.5], "texture": "#0"},
				"south": {"uv": [1, 9.25, 1.375, 9.875], "texture": "#1"},
				"west": {"uv": [0, 0, 0.75, 0.5], "texture": "#0"},
				"down": {"uv": [1, 9.25, 1.375, 9.875], "texture": "#1"}
			}
		},
		{
			"from": [7.65, 0.8, 10.625],
			"to": [8.35, 1.05, 11.125],
			"faces": {
				"east": {"uv": [0, 0, 0.75, 0.5], "texture": "#0"},
				"south": {"uv": [1, 9.25, 1.375, 9.875], "texture": "#1"},
				"west": {"uv": [0, 0, 0.75, 0.5], "texture": "#0"},
				"down": {"uv": [1, 9.25, 1.375, 9.875], "texture": "#1"}
			}
		},
		{
			"from": [7.65, 0.75, 10.125],
			"to": [8.35, 1.25, 10.625],
			"faces": {
				"north": {"uv": [0, 0, 0.75, 0.5], "texture": "#0"},
				"east": {"uv": [0, 0, 0.75, 0.5], "texture": "#0"},
				"south": {"uv": [1, 9.25, 1.375, 9.875], "texture": "#1"},
				"west": {"uv": [0, 0, 0.75, 0.5], "texture": "#0"},
				"down": {"uv": [1, 9.25, 1.375, 9.875], "texture": "#1"}
			}
		},
		{
			"from": [7.7, 3.5, 9.25],
			"to": [8.3, 3.75, 9.5],
			"faces": {
				"north": {"uv": [1, 9.25, 1.375, 9.875], "texture": "#1"},
				"east": {"uv": [1, 9.25, 1.375, 9.875], "texture": "#1"},
				"west": {"uv": [1, 9.25, 1.375, 9.875], "texture": "#1"},
				"down": {"uv": [1, 9.25, 1.375, 9.875], "texture": "#1"}
			}
		},
		{
			"from": [7.7, 3.25, 9.375],
			"to": [8.3, 3.5, 9.5],
			"faces": {
				"north": {"uv": [1, 9.25, 1.375, 9.875], "texture": "#1"},
				"east": {"uv": [1, 9.25, 1.375, 9.875], "texture": "#1"},
				"west": {"uv": [1, 9.25, 1.375, 9.875], "texture": "#1"},
				"down": {"uv": [1, 9.25, 1.375, 9.875], "texture": "#1"}
			}
		},
		{
			"from": [7.7, 2.75, 9.5],
			"to": [8.3, 3.25, 9.625],
			"faces": {
				"north": {"uv": [1, 9.25, 1.375, 9.875], "texture": "#1"},
				"east": {"uv": [1, 9.25, 1.375, 9.875], "texture": "#1"},
				"west": {"uv": [1, 9.25, 1.375, 9.875], "texture": "#1"},
				"down": {"uv": [1, 9.25, 1.375, 9.875], "texture": "#1"}
			}
		},
		{
			"from": [7.7, 2.25, 9.625],
			"to": [8.3, 2.75, 9.75],
			"faces": {
				"north": {"uv": [1, 9.25, 1.375, 9.875], "texture": "#1"},
				"east": {"uv": [1, 9.25, 1.375, 9.875], "texture": "#1"},
				"west": {"uv": [1, 9.25, 1.375, 9.875], "texture": "#1"},
				"down": {"uv": [1, 9.25, 1.375, 9.875], "texture": "#1"}
			}
		},
		{
			"from": [7.7, 1.75, 9.75],
			"to": [8.3, 2.25, 9.875],
			"faces": {
				"north": {"uv": [1, 9.25, 1.375, 9.875], "texture": "#1"},
				"east": {"uv": [1, 9.25, 1.375, 9.875], "texture": "#1"},
				"west": {"uv": [1, 9.25, 1.375, 9.875], "texture": "#1"},
				"down": {"uv": [1, 9.25, 1.375, 9.875], "texture": "#1"}
			}
		},
		{
			"from": [7.7, 1.25, 9.875],
			"to": [8.3, 1.75, 10],
			"faces": {
				"north": {"uv": [1, 9.25, 1.375, 9.875], "texture": "#1"},
				"east": {"uv": [1, 9.25, 1.375, 9.875], "texture": "#1"},
				"west": {"uv": [1, 9.25, 1.375, 9.875], "texture": "#1"},
				"down": {"uv": [1, 9.25, 1.375, 9.875], "texture": "#1"}
			}
		},
		{
			"from": [7.7, 0.75, 10],
			"to": [8.3, 1.25, 10.125],
			"faces": {
				"north": {"uv": [1, 9.25, 1.375, 9.875], "texture": "#1"},
				"east": {"uv": [1, 9.25, 1.375, 9.875], "texture": "#1"},
				"west": {"uv": [1, 9.25, 1.375, 9.875], "texture": "#1"},
				"down": {"uv": [1, 9.25, 1.375, 9.875], "texture": "#1"}
			}
		},
		{
			"from": [7.7, 0.9, 12.125],
			"to": [8.3, 1.4, 12.25],
			"faces": {
				"east": {"uv": [1, 9.25, 1.375, 9.875], "texture": "#1"},
				"south": {"uv": [1, 9.25, 1.375, 9.875], "texture": "#1"},
				"west": {"uv": [1, 9.25, 1.375, 9.875], "texture": "#1"},
				"up": {"uv": [1, 9.25, 1.375, 9.875], "texture": "#1"},
				"down": {"uv": [1, 9.25, 1.375, 9.875], "texture": "#1"}
			}
		},
		{
			"from": [7.7, 1.9, 11.875],
			"to": [8.3, 2.4, 12],
			"faces": {
				"east": {"uv": [1, 9.25, 1.375, 9.875], "texture": "#1"},
				"south": {"uv": [1, 9.25, 1.375, 9.875], "texture": "#1"},
				"west": {"uv": [1, 9.25, 1.375, 9.875], "texture": "#1"},
				"up": {"uv": [1, 9.25, 1.375, 9.875], "texture": "#1"}
			}
		},
		{
			"from": [7.7, 1.4, 12],
			"to": [8.3, 1.9, 12.125],
			"faces": {
				"east": {"uv": [1, 9.25, 1.375, 9.875], "texture": "#1"},
				"south": {"uv": [1, 9.25, 1.375, 9.875], "texture": "#1"},
				"west": {"uv": [1, 9.25, 1.375, 9.875], "texture": "#1"},
				"up": {"uv": [1, 9.25, 1.375, 9.875], "texture": "#1"}
			}
		},
		{
			"from": [7.7, 3.9, 11.375],
			"to": [8.3, 4.4, 11.5],
			"faces": {
				"east": {"uv": [1, 9.25, 1.375, 9.875], "texture": "#1"},
				"south": {"uv": [1, 9.25, 1.375, 9.875], "texture": "#1"},
				"west": {"uv": [1, 9.25, 1.375, 9.875], "texture": "#1"}
			}
		},
		{
			"from": [7.7, 4.275, 11.5],
			"to": [8.3, 4.4, 11.625],
			"faces": {
				"east": {"uv": [1, 9.25, 1.375, 9.875], "texture": "#1"},
				"south": {"uv": [1, 9.25, 1.375, 9.875], "texture": "#1"},
				"west": {"uv": [1, 9.25, 1.375, 9.875], "texture": "#1"},
				"down": {"uv": [1, 9.25, 1.375, 9.875], "texture": "#1"}
			}
		},
		{
			"from": [7.7, 4.525, 11.625],
			"to": [8.3, 4.65, 11.75],
			"faces": {
				"east": {"uv": [1, 9.25, 1.375, 9.875], "texture": "#1"},
				"south": {"uv": [1, 9.25, 1.375, 9.875], "texture": "#1"},
				"west": {"uv": [1, 9.25, 1.375, 9.875], "texture": "#1"},
				"down": {"uv": [1, 9.25, 1.375, 9.875], "texture": "#1"}
			}
		},
		{
			"from": [7.7, 4.4, 11.25],
			"to": [8.3, 4.65, 11.625],
			"faces": {
				"east": {"uv": [1, 9.25, 1.375, 9.875], "texture": "#1"},
				"south": {"uv": [1, 9.25, 1.375, 9.875], "texture": "#1"},
				"west": {"uv": [1, 9.25, 1.375, 9.875], "texture": "#1"}
			}
		},
		{
			"from": [7.7, 3.4, 11.5],
			"to": [8.3, 3.9, 11.625],
			"faces": {
				"east": {"uv": [1, 9.25, 1.375, 9.875], "texture": "#1"},
				"south": {"uv": [1, 9.25, 1.375, 9.875], "texture": "#1"},
				"west": {"uv": [1, 9.25, 1.375, 9.875], "texture": "#1"},
				"up": {"uv": [1, 9.25, 1.375, 9.875], "texture": "#1"}
			}
		},
		{
			"from": [7.7, 4.65, 11.25],
			"to": [8.3, 4.775, 12],
			"faces": {
				"east": {"uv": [1, 9.25, 1.375, 9.875], "texture": "#1"},
				"south": {"uv": [1, 9.25, 1.375, 9.875], "texture": "#1"},
				"west": {"uv": [1, 9.25, 1.375, 9.875], "texture": "#1"},
				"down": {"uv": [1, 9.25, 1.375, 9.875], "texture": "#1"}
			}
		},
		{
			"from": [7.7, 4.775, 11.5],
			"to": [8.3, 4.9, 12.25],
			"faces": {
				"east": {"uv": [1, 9.25, 1.375, 9.875], "texture": "#1"},
				"south": {"uv": [1, 9.25, 1.375, 9.875], "texture": "#1"},
				"west": {"uv": [1, 9.25, 1.375, 9.875], "texture": "#1"},
				"up": {"uv": [1, 9.25, 1.375, 9.875], "texture": "#1"},
				"down": {"uv": [1, 9.25, 1.375, 9.875], "texture": "#1"}
			}
		},
		{
			"from": [7.7, 4.9, 11.5],
			"to": [8.3, 5.025, 12],
			"faces": {
				"east": {"uv": [1, 9.25, 1.375, 9.875], "texture": "#1"},
				"south": {"uv": [1, 9.25, 1.375, 9.875], "texture": "#1"},
				"west": {"uv": [1, 9.25, 1.375, 9.875], "texture": "#1"},
				"up": {"uv": [1, 9.25, 1.375, 9.875], "texture": "#1"}
			}
		},
		{
			"from": [7.7, 5.025, 11.5],
			"to": [8.3, 5.15, 11.75],
			"faces": {
				"east": {"uv": [1, 9.25, 1.375, 9.875], "texture": "#1"},
				"south": {"uv": [1, 9.25, 1.375, 9.875], "texture": "#1"},
				"west": {"uv": [1, 9.25, 1.375, 9.875], "texture": "#1"},
				"up": {"uv": [1, 9.25, 1.375, 9.875], "texture": "#1"}
			}
		},
		{
			"from": [7.7, 5.15, 11.5],
			"to": [8.3, 5.275, 11.625],
			"faces": {
				"east": {"uv": [1, 8, 1.375, 8.625], "texture": "#1"},
				"south": {"uv": [1, 8, 1.375, 8.625], "texture": "#1"},
				"west": {"uv": [1, 8, 1.375, 8.625], "texture": "#1"},
				"up": {"uv": [1, 8, 1.375, 8.625], "texture": "#1"}
			}
		},
		{
			"from": [7.7, 2.9, 11.625],
			"to": [8.3, 3.4, 11.75],
			"faces": {
				"east": {"uv": [1, 9.25, 1.375, 9.875], "texture": "#1"},
				"south": {"uv": [1, 9.25, 1.375, 9.875], "texture": "#1"},
				"west": {"uv": [1, 9.25, 1.375, 9.875], "texture": "#1"},
				"up": {"uv": [1, 9.25, 1.375, 9.875], "texture": "#1"}
			}
		},
		{
			"from": [7.7, 4.75, 11.125],
			"to": [8.3, 5.4, 11.5],
			"faces": {
				"east": {"uv": [1, 8.5, 1.375, 9.875], "texture": "#1"},
				"south": {"uv": [1, 8.5, 1.375, 9.875], "texture": "#1"},
				"west": {"uv": [1, 8.5, 1.375, 9.875], "texture": "#1"}
			}
		},
		{
			"from": [7.7, 2.4, 11.75],
			"to": [8.3, 2.9, 11.875],
			"faces": {
				"east": {"uv": [1, 9.25, 1.375, 9.875], "texture": "#1"},
				"south": {"uv": [1, 9.25, 1.375, 9.875], "texture": "#1"},
				"west": {"uv": [1, 9.25, 1.375, 9.875], "texture": "#1"},
				"up": {"uv": [1, 9.25, 1.375, 9.875], "texture": "#1"}
			}
		},
		{
			"from": [7.7, 3.625, 9],
			"to": [8.3, 4.375, 9.25],
			"faces": {
				"north": {"uv": [1, 9.25, 1.375, 9.875], "texture": "#1"},
				"east": {"uv": [1, 9.25, 1.375, 9.875], "texture": "#1"},
				"west": {"uv": [1, 9.25, 1.375, 9.875], "texture": "#1"},
				"up": {"uv": [1, 9.25, 1.375, 9.875], "texture": "#1"},
				"down": {"uv": [1, 9.25, 1.375, 9.875], "texture": "#1"}
			}
		},
		{
			"from": [7.7, 3.75, 8.875],
			"to": [8.3, 4.15, 9],
			"faces": {
				"north": {"uv": [1, 9.25, 1.375, 9.875], "texture": "#1"},
				"east": {"uv": [1, 9.25, 1.375, 9.875], "texture": "#1"},
				"west": {"uv": [1, 9.25, 1.375, 9.875], "texture": "#1"},
				"up": {"uv": [1, 9.25, 1.375, 9.875], "texture": "#1"},
				"down": {"uv": [1, 9.25, 1.375, 9.875], "texture": "#1"}
			}
		},
		{
			"from": [7.7, 3.75, 9.25],
			"to": [8.3, 4.25, 9.375],
			"faces": {
				"east": {"uv": [1, 9.25, 1.375, 9.875], "texture": "#1"},
				"west": {"uv": [1, 9.25, 1.375, 9.875], "texture": "#1"}
			}
		},
		{
			"from": [7.7, 4.375, 9.125],
			"to": [8.3, 4.75, 9.25],
			"faces": {
				"north": {"uv": [1, 9.25, 1.375, 9.875], "texture": "#1"},
				"east": {"uv": [1, 9.25, 1.375, 9.875], "texture": "#1"},
				"west": {"uv": [1, 9.25, 1.375, 9.875], "texture": "#1"}
			}
		},
		{
			"from": [7.7, 4.625, 9],
			"to": [8.3, 4.75, 9.125],
			"faces": {
				"north": {"uv": [1, 9.25, 1.375, 9.875], "texture": "#1"},
				"east": {"uv": [1, 9.25, 1.375, 9.875], "texture": "#1"},
				"west": {"uv": [1, 9.25, 1.375, 9.875], "texture": "#1"},
				"down": {"uv": [1, 9.25, 1.375, 9.875], "texture": "#1"}
			}
		},
		{
			"from": [7.9, 3.75, 7.5],
			"to": [8.1, 3.875, 8.875],
			"faces": {
				"north": {"uv": [4, 8.25, 4.375, 8.875], "texture": "#1"},
				"east": {"uv": [4, 8.25, 4.375, 8.875], "texture": "#1"},
				"west": {"uv": [4, 8.25, 4.375, 8.875], "texture": "#1"},
				"up": {"uv": [4, 8.25, 4.375, 8.875], "texture": "#1"},
				"down": {"uv": [4, 8.25, 4.375, 8.875], "texture": "#1"}
			}
		},
		{
			"from": [7.85, 0.75, 12.5],
			"to": [8.15, 1.05, 13.375],
			"rotation": {"angle": -22.5, "axis": "x", "origin": [0, 0, 0]},
			"faces": {
				"east": {"uv": [1, 12, 1.375, 13.875], "texture": "#1"},
				"south": {"uv": [1, 12, 1.375, 13.875], "texture": "#1"},
				"west": {"uv": [1, 12, 1.375, 13.875], "texture": "#1"},
				"up": {"uv": [1, 12, 1.375, 13.875], "texture": "#1"},
				"down": {"uv": [1, 12, 1.375, 13.875], "texture": "#1"}
			}
		},
		{
			"from": [7.95, 3.875, 8.25],
			"to": [8.05, 4, 8.875],
			"faces": {
				"north": {"uv": [4, 7.25, 4.375, 7.875], "texture": "#1"},
				"east": {"uv": [4, 7.25, 4.375, 7.875], "texture": "#1"},
				"west": {"uv": [4, 7.25, 4.375, 7.875], "texture": "#1"},
				"up": {"uv": [4, 7.25, 4.375, 7.875], "texture": "#1"}
			}
		},
		{
			"from": [7.95, 4, 8.475],
			"to": [8.05, 4.125, 8.875],
			"faces": {
				"north": {"uv": [4, 7.25, 4.375, 7.875], "texture": "#1"},
				"east": {"uv": [4, 7.25, 4.375, 7.875], "texture": "#1"},
				"west": {"uv": [4, 7.25, 4.375, 7.875], "texture": "#1"},
				"up": {"uv": [4, 7.25, 4.375, 7.875], "texture": "#1"}
			}
		},
		{
			"from": [7.95, 4.625, 8.475],
			"to": [8.05, 4.75, 8.6],
			"faces": {
				"north": {"uv": [4, 7.25, 4.375, 7.875], "texture": "#1"},
				"east": {"uv": [4, 7.25, 4.375, 7.875], "texture": "#1"},
				"west": {"uv": [4, 7.25, 4.375, 7.875], "texture": "#1"},
				"down": {"uv": [4, 7.25, 4.375, 7.875], "texture": "#1"}
			}
		},
		{
			"from": [7.95, 4.375, 9],
			"to": [8.05, 4.625, 9.125],
			"faces": {
				"east": {"uv": [4, 7.25, 4.375, 7.875], "texture": "#1"},
				"west": {"uv": [4, 7.25, 4.375, 7.875], "texture": "#1"}
			}
		},
		{
			"from": [7.95, 4.125, 8.6],
			"to": [8.05, 4.75, 9],
			"faces": {
				"north": {"uv": [4, 7.25, 4.375, 7.875], "texture": "#1"},
				"east": {"uv": [4, 7.25, 4.375, 7.875], "texture": "#1"},
				"west": {"uv": [4, 7.25, 4.375, 7.875], "texture": "#1"}
			}
		},
		{
			"from": [7.9, 3.875, 7.4375],
			"to": [8.1, 4.4675, 7.5625],
			"faces": {
				"north": {"uv": [4, 8.25, 4.375, 8.875], "texture": "#1"},
				"east": {"uv": [4, 8.25, 4.375, 8.875], "texture": "#1"},
				"south": {"uv": [4, 8.25, 4.375, 8.875], "texture": "#1"},
				"west": {"uv": [4, 8.25, 4.375, 8.875], "texture": "#1"},
				"down": {"uv": [4, 8.25, 4.375, 8.875], "texture": "#1"}
			}
		},
		{
			"from": [7.9, 4.545, 7.3],
			"to": [8.1, 4.625, 7.7],
			"faces": {
				"north": {"uv": [4, 8.25, 4.375, 8.875], "texture": "#1"},
				"east": {"uv": [4, 8.25, 4.375, 8.875], "texture": "#1"},
				"south": {"uv": [4, 8.25, 4.375, 8.875], "texture": "#1"},
				"west": {"uv": [4, 8.25, 4.375, 8.875], "texture": "#1"},
				"down": {"uv": [4, 8.25, 4.375, 8.875], "texture": "#1"}
			}
		},
		{
			"from": [7.9, 4.465, 7.4],
			"to": [8.1, 4.545, 7.6],
			"faces": {
				"north": {"uv": [4, 8.25, 4.375, 8.875], "texture": "#1"},
				"east": {"uv": [4, 8.25, 4.375, 8.875], "texture": "#1"},
				"south": {"uv": [4, 8.25, 4.375, 8.875], "texture": "#1"},
				"west": {"uv": [4, 8.25, 4.375, 8.875], "texture": "#1"},
				"down": {"uv": [4, 8.25, 4.375, 8.875], "texture": "#1"}
			}
		},
		{
			"from": [7.9, 4.625, 7.25],
			"to": [8.1, 4.75, 7.75],
			"faces": {
				"north": {"uv": [4, 8.25, 4.375, 8.875], "texture": "#1"},
				"east": {"uv": [4, 8.25, 4.375, 8.875], "texture": "#1"},
				"south": {"uv": [4, 8.25, 4.375, 8.875], "texture": "#1"},
				"west": {"uv": [4, 8.25, 4.375, 8.875], "texture": "#1"},
				"down": {"uv": [4, 8.25, 4.375, 8.875], "texture": "#1"}
			}
		},
		{
			"from": [7.7, 4.875, 7],
			"to": [8.3, 5, 7.25],
			"faces": {
				"north": {"uv": [1, 9, 1.375, 9.875], "texture": "#1"},
				"east": {"uv": [1, 9, 1.375, 9.875], "texture": "#1"},
				"west": {"uv": [1, 9, 1.375, 9.875], "texture": "#1"},
				"down": {"uv": [1, 9, 1.375, 9.875], "texture": "#1"}
			}
		},
		{
			"from": [7.7, 4.75, 7.25],
			"to": [8.3, 5.4, 9.125],
			"faces": {
				"north": {"uv": [1, 8.5, 1.375, 9.875], "texture": "#1"},
				"east": {"uv": [1, 8.5, 1.375, 9.875], "texture": "#1"},
				"west": {"uv": [1, 8.5, 1.375, 9.875], "texture": "#1"},
				"down": {"uv": [1, 9.25, 1.375, 9.875], "texture": "#1"}
			}
		},
		{
			"from": [7.7, 5, 4.875],
			"to": [8.3, 5.4, 7.25],
			"faces": {
				"north": {"uv": [1, 8, 1.625, 9.625], "texture": "#1"},
				"east": {"uv": [1, 8, 1.625, 9.625], "texture": "#1"},
				"west": {"uv": [1, 8, 1.625, 9.625], "texture": "#1"},
				"down": {"uv": [1, 9.25, 1.625, 9.625], "texture": "#1"}
			}
		},
		{
			"from": [7.6, 5.4, 4.875],
			"to": [8.4, 6.05, 11.5],
			"faces": {
				"north": {"uv": [2, 8, 2.375, 10.875], "texture": "#1"},
				"east": {"uv": [2, 8, 2.375, 10.875], "texture": "#1"},
				"south": {"uv": [2, 8, 2.375, 10.875], "texture": "#1"},
				"west": {"uv": [2, 8, 2.375, 10.875], "texture": "#1"},
				"up": {"uv": [2, 8, 2.375, 8.875], "texture": "#1"},
				"down": {"uv": [2, 10, 2.375, 10.875], "texture": "#1"}
			}
		},
		{
			"from": [7.6, 5.5, 3.5],
			"to": [8.4, 6.05, 4.875],
			"faces": {
				"north": {"uv": [2, 8, 2.375, 10.875], "texture": "#1"},
				"east": {"uv": [2, 8, 2.375, 10.875], "texture": "#1"},
				"west": {"uv": [2, 8, 2.375, 10.875], "texture": "#1"},
				"up": {"uv": [2, 8, 2.375, 10.875], "texture": "#1"},
				"down": {"uv": [2, 8, 2.375, 10.875], "texture": "#1"}
			}
		},
		{
			"from": [7.725, 5.5, 3.45],
			"to": [8.275, 6.05, 3.5],
			"faces": {
				"north": {"uv": [0, 0, 16, 16], "texture": "#2"},
				"east": {"uv": [0, 0, 1, 0.875], "texture": "#2"},
				"west": {"uv": [0, 0, 1, 0.875], "texture": "#2"},
				"up": {"uv": [0, 0, 1, 0.875], "texture": "#2"},
				"down": {"uv": [0, 0, 1, 0.875], "texture": "#2"}
			}
		},
		{
			"from": [7.8, 5.2, 3.45],
			"to": [8.2, 5.5, 3.5],
			"faces": {
				"north": {"uv": [0, 0, 1, 0.875], "texture": "#2"},
				"east": {"uv": [0, 0, 1, 0.875], "texture": "#2"},
				"west": {"uv": [0, 0, 1, 0.875], "texture": "#2"},
				"down": {"uv": [0, 0, 1, 0.875], "texture": "#2"}
			}
		},
		{
			"from": [7.6, 5.45, 4.825],
			"to": [8.4, 5.5, 4.875],
			"faces": {
				"north": {"uv": [2, 8, 2.375, 10.875], "texture": "#1"},
				"east": {"uv": [2, 8, 2.375, 10.875], "texture": "#1"},
				"west": {"uv": [2, 8, 2.375, 10.875], "texture": "#1"},
				"down": {"uv": [2, 8, 2.375, 10.875], "texture": "#1"}
			}
		},
		{
			"from": [7.75, 5.125, 3.5],
			"to": [8.25, 5.5, 4.875],
			"faces": {
				"north": {"uv": [1, 5.25, 1.375, 6.875], "texture": "#1"},
				"east": {"uv": [1, 5.25, 1.375, 6.875], "texture": "#1"},
				"west": {"uv": [1, 5.25, 1.375, 6.875], "texture": "#1"},
				"down": {"uv": [1, 6.25, 1.375, 6.875], "texture": "#1"}
			}
		},
		{
			"from": [7.9, 6.15, 3.625],
			"to": [8.1, 6.25, 4],
			"faces": {
				"north": {"uv": [2, 7.25, 2.375, 7.875], "texture": "#1"},
				"east": {"uv": [2, 7.25, 2.375, 7.875], "texture": "#1"},
				"south": {"uv": [2, 7.25, 2.375, 7.875], "texture": "#1"},
				"west": {"uv": [2, 7.25, 2.375, 7.875], "texture": "#1"},
				"up": {"uv": [2, 7.25, 2.375, 7.875], "texture": "#1"}
			}
		},
		{
			"from": [7.9, 6.15, 10.625],
			"to": [8.1, 6.25, 11],
			"faces": {
				"north": {"uv": [2, 7.25, 2.375, 7.875], "texture": "#1"},
				"east": {"uv": [2, 7.25, 2.375, 7.875], "texture": "#1"},
				"south": {"uv": [2, 7.25, 2.375, 7.875], "texture": "#1"},
				"west": {"uv": [2, 7.25, 2.375, 7.875], "texture": "#1"},
				"up": {"uv": [2, 7.25, 2.375, 7.875], "texture": "#1"}
			}
		},
		{
			"from": [7.7, 6.05, 3.5],
			"to": [8.3, 6.15, 11.5],
			"faces": {
				"north": {"uv": [2, 7.25, 2.375, 7.875], "texture": "#1"},
				"east": {"uv": [2, 7.25, 2.375, 7.875], "texture": "#1"},
				"south": {"uv": [2, 7.25, 2.375, 7.875], "texture": "#1"},
				"west": {"uv": [2, 7.25, 2.375, 7.875], "texture": "#1"},
				"up": {"uv": [2, 7.25, 2.375, 7.875], "texture": "#1"}
			}
		},
		{
			"from": [7.65, 6.05, 3.5],
			"to": [7.7, 6.1, 11.5],
			"faces": {
				"north": {"uv": [2, 7.25, 2.375, 7.875], "texture": "#1"},
				"south": {"uv": [2, 7.25, 2.375, 7.875], "texture": "#1"},
				"west": {"uv": [2, 7.25, 2.375, 7.875], "texture": "#1"},
				"up": {"uv": [2, 7.25, 2.375, 7.875], "texture": "#1"}
			}
		},
		{
			"from": [8.3, 6.05, 3.5],
			"to": [8.35, 6.1, 11.5],
			"faces": {
				"north": {"uv": [2, 7.25, 2.375, 7.875], "texture": "#1"},
				"east": {"uv": [2, 7.25, 2.375, 7.875], "texture": "#1"},
				"south": {"uv": [2, 7.25, 2.375, 7.875], "texture": "#1"},
				"up": {"uv": [2, 7.25, 2.375, 7.875], "texture": "#1"}
			}
		},
		{
			"from": [7.65, 1.25, 10],
			"to": [8.35, 1.75, 10.75],
			"faces": {
				"north": {"uv": [0, 0, 0.75, 0.5], "texture": "#0"},
				"east": {"uv": [0, 0, 0.75, 0.5], "texture": "#0"},
				"west": {"uv": [0, 0, 0.75, 0.5], "texture": "#0"},
				"down": {"uv": [0, 0, 0.75, 0.5], "texture": "#0"}
			}
		},
		{
			"from": [7.65, 2.25, 9.75],
			"to": [8.35, 2.75, 11.25],
			"faces": {
				"north": {"uv": [0, 0, 0.75, 0.5], "texture": "#0"},
				"east": {"uv": [0, 0, 0.75, 0.5], "texture": "#0"},
				"west": {"uv": [0, 0, 0.75, 0.5], "texture": "#0"},
				"down": {"uv": [0, 0, 0.75, 0.5], "texture": "#0"}
			}
		},
		{
			"from": [7.65, 1.75, 9.875],
			"to": [8.35, 2.25, 11.375],
			"faces": {
				"north": {"uv": [0, 0, 0.75, 0.5], "texture": "#0"},
				"east": {"uv": [0, 0, 0.75, 0.5], "texture": "#0"},
				"west": {"uv": [0, 0, 0.75, 0.5], "texture": "#0"},
				"down": {"uv": [0, 0, 0.75, 0.5], "texture": "#0"}
			}
		},
		{
			"from": [7.65, 2.75, 9.625],
			"to": [8.35, 3.25, 11.125],
			"faces": {
				"north": {"uv": [0, 0, 0.75, 0.5], "texture": "#0"},
				"east": {"uv": [0, 0, 0.75, 0.5], "texture": "#0"},
				"west": {"uv": [0, 0, 0.75, 0.5], "texture": "#0"},
				"down": {"uv": [0, 0, 0.75, 0.5], "texture": "#0"}
			}
		},
		{
			"from": [7.65, 3.25, 9.5],
			"to": [8.35, 3.75, 11],
			"faces": {
				"north": {"uv": [0, 0, 0.75, 0.5], "texture": "#0"},
				"east": {"uv": [0, 0, 0.75, 0.5], "texture": "#0"},
				"west": {"uv": [0, 0, 0.75, 0.5], "texture": "#0"},
				"down": {"uv": [0, 0, 0.75, 0.5], "texture": "#0"}
			}
		},
		{
			"from": [7.65, 3.75, 9.375],
			"to": [8.35, 4.25, 10.875],
			"faces": {
				"north": {"uv": [0, 0, 0.75, 0.5], "texture": "#0"},
				"east": {"uv": [0, 0, 0.75, 0.5], "texture": "#0"},
				"west": {"uv": [0, 0, 0.75, 0.5], "texture": "#0"},
				"down": {"uv": [0, 0, 0.75, 0.5], "texture": "#0"}
			}
		},
		{
			"from": [7.65, 4.25, 9.25],
			"to": [8.35, 4.75, 10.75],
			"faces": {
				"north": {"uv": [0, 0, 0.75, 0.5], "texture": "#0"},
				"east": {"uv": [0, 0, 0.75, 0.5], "texture": "#0"},
				"west": {"uv": [0, 0, 0.75, 0.5], "texture": "#0"},
				"down": {"uv": [0, 0, 0.75, 0.5], "texture": "#0"}
			}
		},
		{
			"from": [7.65, 4.75, 9.125],
			"to": [8.35, 5, 11.125],
			"faces": {
				"north": {"uv": [0, 0, 0.75, 0.5], "texture": "#0"},
				"east": {"uv": [0, 0, 0.75, 0.5], "texture": "#0"},
				"south": {"uv": [0, 0, 0.75, 0.5], "texture": "#0"},
				"west": {"uv": [0, 0, 0.75, 0.5], "texture": "#0"},
				"up": {"uv": [0, 0, 0.75, 0.5], "texture": "#0"},
				"down": {"uv": [0, 0, 0.75, 0.5], "texture": "#0"}
			}
		},
		{
			"from": [7.6, 5.15, 9.125],
			"to": [7.7, 5.3, 11.125],
			"faces": {
				"west": {"uv": [4, 11.5, 7.875, 11.375], "rotation": 90, "texture": "#1"},
				"up": {"uv": [7.625, 11.375, 4, 11.5], "texture": "#1"},
				"down": {"uv": [7.875, 11.375, 4, 11.5], "texture": "#1"}
			}
		},
		{
			"from": [7.6, 5.15, 8.875],
			"to": [7.7, 5.3, 9.125],
			"faces": {
				"north": {"uv": [0.625, 8, 0, 13.875], "texture": "#1"},
				"west": {"uv": [0.625, 8, 0, 13.875], "texture": "#1"},
				"up": {"uv": [0, 13.875, 0.625, 8], "rotation": 90, "texture": "#1"},
				"down": {"uv": [0, 13.875, 0.625, 8], "rotation": 90, "texture": "#1"}
			}
		},
		{
			"from": [7.6, 5.15, 11.125],
			"to": [7.7, 5.3, 11.375],
			"faces": {
				"south": {"uv": [0.625, 8, 0, 13.875], "texture": "#1"},
				"west": {"uv": [0.625, 8, 0, 13.875], "texture": "#1"},
				"up": {"uv": [0, 13.875, 0.625, 8], "rotation": 90, "texture": "#1"},
				"down": {"uv": [0, 13.875, 0.625, 8], "rotation": 90, "texture": "#1"}
			}
		},
		{
			"from": [8.3, 5.15, 8.875],
			"to": [8.4, 5.3, 9.125],
			"faces": {
				"north": {"uv": [0.625, 8, 0, 13.875], "texture": "#1"},
				"east": {"uv": [0.625, 8, 0, 13.875], "texture": "#1"},
				"up": {"uv": [0, 13.875, 0.625, 8], "rotation": 90, "texture": "#1"},
				"down": {"uv": [0, 13.875, 0.625, 8], "rotation": 90, "texture": "#1"}
			}
		},
		{
			"from": [8.3, 5.15, 11.125],
			"to": [8.4, 5.3, 11.375],
			"faces": {
				"east": {"uv": [0.625, 8, 0, 13.875], "texture": "#1"},
				"south": {"uv": [0.625, 8, 0, 13.875], "texture": "#1"},
				"up": {"uv": [0, 13.875, 0.625, 8], "rotation": 90, "texture": "#1"},
				"down": {"uv": [0, 13.875, 0.625, 8], "rotation": 90, "texture": "#1"}
			}
		},
		{
			"from": [8.3, 5.15, 9.125],
			"to": [8.4, 5.3, 11.125],
			"faces": {
				"east": {"uv": [4, 11.5, 7.875, 11.375], "rotation": 90, "texture": "#1"},
				"up": {"uv": [7.625, 11.375, 4, 11.5], "texture": "#1"},
				"down": {"uv": [7.875, 11.375, 4, 11.5], "texture": "#1"}
			}
		},
		{
			"from": [7.7, 5, 9.125],
			"to": [8.3, 5.4, 11.125],
			"faces": {
				"east": {"uv": [1, 8.25, 1.375, 9.375], "texture": "#1"},
				"west": {"uv": [1, 8.25, 1.375, 9.375], "texture": "#1"}
			}
		}
	],
	"display": {
		"thirdperson_righthand": {
			"translation": [0, 3.5, 0]
		},
		"thirdperson_lefthand": {
			"translation": [0, 3.5, 0]
		},
		"firstperson_righthand": {
			"translation": [-8.95, 9.5, 6.75]
		},
		"firstperson_lefthand": {
			"translation": [-8.95, 9.5, 6.75]
		},
		"ground": {
			"rotation": [0, 0, 90],
			"translation": [-3, -3.25, 0]
		},
		"gui": {
			"rotation": [0, 90, 0],
			"translation": [0, 4.75, 0],
			"scale": [1.58, 1.58, 1.58]
		},
		"head": {
			"rotation": [0, -85, 0],
			"translation": [-10, 3.5, -0.75]
		},
		"fixed": {
			"rotation": [0, 90, 0],
			"translation": [0, 3.5, 0]
		}
	}
}