{
	"credit": "Made with Blockbench",
	"textures": {
		"0": "item/cit/gold",
		"1": "item/cit/stone3",
		"particle": "item/cit/gold"
	},
	"elements": [
		{
			"from": [7.75, 0, 7.7],
			"to": [8.25, 14.75, 8.3],
			"faces": {
				"north": {"uv": [4, 12, 13, 12.75], "texture": "#1"},
				"east": {"uv": [4, 12, 13, 12.75], "rotation": 180, "texture": "#1"},
				"south": {"uv": [4, 12, 13, 12.75], "texture": "#1"},
				"west": {"uv": [4, 12, 13, 12.75], "rotation": 180, "texture": "#1"},
				"up": {"uv": [4, 12, 13, 12.75], "rotation": 180, "texture": "#1"},
				"down": {"uv": [4, 12, 13, 12.75], "rotation": 180, "texture": "#1"}
			}
		},
		{
			"from": [7.7, 0, 7.75],
			"to": [8.3, 14.75, 8.25],
			"faces": {
				"north": {"uv": [4, 12, 13, 12.75], "texture": "#1"},
				"east": {"uv": [4, 12, 13, 12.75], "rotation": 180, "texture": "#1"},
				"south": {"uv": [4, 12, 13, 12.75], "texture": "#1"},
				"west": {"uv": [4, 12, 13, 12.75], "rotation": 180, "texture": "#1"},
				"up": {"uv": [4, 12, 13, 12.75], "rotation": 180, "texture": "#1"},
				"down": {"uv": [4, 12, 13, 12.75], "rotation": 180, "texture": "#1"}
			}
		},
		{
			"from": [7.625, 13, 7.625],
			"to": [8.375, 13.5, 8.375],
			"faces": {
				"north": {"uv": [7.75, 11, 8.85, 11.85], "texture": "#0"},
				"east": {"uv": [7.25, 11, 7.6, 11.85], "rotation": 180, "texture": "#0"},
				"south": {"uv": [7.75, 11, 8.85, 11.85], "rotation": 180, "texture": "#0"},
				"west": {"uv": [8.5, 11, 8.85, 11.85], "texture": "#0"},
				"down": {"uv": [7.75, 11, 8.85, 11.85], "rotation": 180, "texture": "#0"}
			}
		},
		{
			"from": [7.125, 13.5, 7.625],
			"to": [10.375, 14.35, 8.375],
			"faces": {
				"north": {"uv": [6, 11, 9, 11.85], "texture": "#0"},
				"east": {"uv": [6, 11, 6.5, 11.85], "texture": "#0"},
				"south": {"uv": [6, 11, 9, 11.85], "rotation": 180, "texture": "#0"},
				"up": {"uv": [6, 11, 9, 11.85], "rotation": 180, "texture": "#0"},
				"down": {"uv": [6, 11, 9, 11.85], "rotation": 180, "texture": "#0"}
			}
		},
		{
			"from": [7.125, 14.35, 7.625],
			"to": [9.125, 14.45, 8.375],
			"faces": {
				"north": {"uv": [7.25, 11, 8.88, 11.85], "texture": "#0"},
				"east": {"uv": [7.25, 11, 7.88, 11.85], "texture": "#0"},
				"south": {"uv": [7.25, 11, 8.88, 11.85], "rotation": 180, "texture": "#0"},
				"west": {"uv": [8.25, 11, 8.88, 11.85], "texture": "#0"},
				"up": {"uv": [7.25, 11, 8.88, 11.85], "rotation": 180, "texture": "#0"}
			}
		},
		{
			"from": [10.375, 13.4, 7.7],
			"to": [10.725, 14.25, 8.3],
			"faces": {
				"north": {"uv": [5, 11, 6, 11.85], "texture": "#0"},
				"east": {"uv": [5, 11, 6, 11.85], "texture": "#0"},
				"south": {"uv": [5, 11, 6, 11.85], "texture": "#0"},
				"west": {"uv": [5, 11, 6, 11.85], "texture": "#0"},
				"up": {"uv": [5, 11, 6, 11.85], "texture": "#0"},
				"down": {"uv": [5, 11, 6, 11.85], "texture": "#0"}
			}
		},
		{
			"from": [10.725, 13.4, 7.7],
			"to": [11.075, 14.15, 8.3],
			"faces": {
				"north": {"uv": [4, 11, 5, 11.85], "texture": "#0"},
				"east": {"uv": [4, 11, 5, 11.85], "texture": "#0"},
				"south": {"uv": [4, 11, 5, 11.85], "texture": "#0"},
				"up": {"uv": [4, 11, 5, 11.85], "texture": "#0"},
				"down": {"uv": [4, 11, 5, 11.85], "texture": "#0"}
			}
		},
		{
			"from": [11.075, 13.35, 7.7],
			"to": [11.425, 14.05, 8.3],
			"faces": {
				"north": {"uv": [3, 11, 4, 11.85], "texture": "#0"},
				"east": {"uv": [3, 11, 4, 11.85], "texture": "#0"},
				"south": {"uv": [3, 11, 4, 11.85], "texture": "#0"},
				"west": {"uv": [3, 11, 4, 11.85], "texture": "#0"},
				"up": {"uv": [3, 11, 4, 11.85], "texture": "#0"},
				"down": {"uv": [3, 11, 4, 11.85], "texture": "#0"}
			}
		},
		{
			"from": [11.425, 13.35, 7.75],
			"to": [11.775, 13.95, 8.25],
			"faces": {
				"north": {"uv": [2, 11, 3, 11.85], "texture": "#0"},
				"east": {"uv": [2, 11, 3, 11.85], "texture": "#0"},
				"south": {"uv": [2, 11, 3, 11.85], "texture": "#0"},
				"up": {"uv": [2, 11, 3, 11.85], "texture": "#0"},
				"down": {"uv": [2, 11, 3, 11.85], "texture": "#0"}
			}
		},
		{
			"from": [11.775, 13.25, 7.75],
			"to": [12.125, 13.85, 8.25],
			"faces": {
				"north": {"uv": [1, 11, 2, 11.85], "texture": "#0"},
				"east": {"uv": [1, 11, 2, 11.85], "texture": "#0"},
				"south": {"uv": [1, 11, 2, 11.85], "texture": "#0"},
				"west": {"uv": [1, 11, 2, 11.85], "texture": "#0"},
				"up": {"uv": [1, 11, 2, 11.85], "texture": "#0"},
				"down": {"uv": [1, 11, 2, 11.85], "texture": "#0"}
			}
		},
		{
			"from": [12.825, 12.95, 7.85],
			"to": [13.175, 13.35, 8.15],
			"faces": {
				"north": {"uv": [0, 11, 1, 11.85], "texture": "#0"},
				"east": {"uv": [0, 11, 1, 11.85], "texture": "#0"},
				"south": {"uv": [0, 11, 1, 11.85], "texture": "#0"},
				"west": {"uv": [0, 11, 1, 11.85], "texture": "#0"},
				"up": {"uv": [0, 11, 1, 11.85], "texture": "#0"},
				"down": {"uv": [0, 11, 1, 11.85], "texture": "#0"}
			}
		},
		{
			"from": [13.175, 12.905, 7.9],
			"to": [13.375, 13.205, 8.1],
			"faces": {
				"north": {"uv": [0, 11, 1, 11.85], "texture": "#0"},
				"east": {"uv": [0, 11, 1, 11.85], "texture": "#0"},
				"south": {"uv": [0, 11, 1, 11.85], "texture": "#0"},
				"west": {"uv": [0, 11, 1, 11.85], "texture": "#0"},
				"up": {"uv": [0, 11, 1, 11.85], "texture": "#0"},
				"down": {"uv": [0, 11, 1, 11.85], "texture": "#0"}
			}
		},
		{
			"from": [12.475, 13.05, 7.8],
			"to": [12.825, 13.55, 8.2],
			"faces": {
				"north": {"uv": [0, 11, 1, 11.85], "texture": "#0"},
				"east": {"uv": [0, 11, 1, 11.85], "texture": "#0"},
				"south": {"uv": [0, 11, 1, 11.85], "texture": "#0"},
				"west": {"uv": [0, 11, 1, 11.85], "texture": "#0"},
				"up": {"uv": [0, 11, 1, 11.85], "texture": "#0"},
				"down": {"uv": [0, 11, 1, 11.85], "texture": "#0"}
			}
		},
		{
			"from": [12.125, 13.15, 7.8],
			"to": [12.475, 13.7, 8.2],
			"faces": {
				"north": {"uv": [1, 11, 2, 11.85], "texture": "#0"},
				"east": {"uv": [1, 11, 2, 11.85], "texture": "#0"},
				"south": {"uv": [1, 11, 2, 11.85], "texture": "#0"},
				"west": {"uv": [1, 11, 2, 11.85], "texture": "#0"},
				"up": {"uv": [1, 11, 2, 11.85], "texture": "#0"},
				"down": {"uv": [1, 11, 2, 11.85], "texture": "#0"}
			}
		},
		{
			"from": [5.875, 13.35, 7.55],
			"to": [7.125, 14.35, 8.45],
			"faces": {
				"north": {"uv": [9, 11, 12.5, 11.85], "texture": "#0"},
				"east": {"uv": [9, 11, 9.75, 11.85], "rotation": 180, "texture": "#0"},
				"south": {"uv": [9, 11, 12.5, 11.85], "rotation": 180, "texture": "#0"},
				"west": {"uv": [12, 11, 12.5, 11.85], "texture": "#0"},
				"up": {"uv": [9, 11, 12.5, 11.85], "rotation": 180, "texture": "#0"},
				"down": {"uv": [9, 11, 12.5, 11.85], "rotation": 180, "texture": "#0"}
			}
		},
		{
			"from": [4.625, 13.25, 7.5],
			"to": [5.875, 14.25, 8.5],
			"faces": {
				"north": {"uv": [12.5, 11, 16, 11.85], "texture": "#0"},
				"east": {"uv": [12.5, 11, 13, 11.85], "texture": "#0"},
				"south": {"uv": [12.5, 11, 16, 11.85], "rotation": 180, "texture": "#0"},
				"west": {"uv": [15.25, 11, 16, 11.85], "texture": "#0"},
				"up": {"uv": [12.5, 11, 16, 11.85], "rotation": 180, "texture": "#0"},
				"down": {"uv": [12.5, 11, 16, 11.85], "rotation": 180, "texture": "#0"}
			}
		}
	],
	"display": {
		"thirdperson_righthand": {
			"rotation": [0, 90, 0],
			"translation": [0, 4.75, 0],
			"scale": [1.5, 1.5, 1.5]
		},
		"thirdperson_lefthand": {
			"rotation": [0, -90, 0],
			"translation": [0, 4.75, 0],
			"scale": [1.5, 1.5, 1.5]
		},
		"firstperson_righthand": {
			"rotation": [0, 90, 0],
			"translation": [0, 4.75, 0],
			"scale": [1.5, 1.5, 1.5]
		},
		"firstperson_lefthand": {
			"rotation": [0, -90, 0],
			"translation": [0, 4.75, 0],
			"scale": [1.5, 1.5, 1.5]
		},
		"ground": {
			"rotation": [90, 0, 0],
			"translation": [0, -3.5, 0],
			"scale": [1.5, 1.5, 1.5]
		},
		"gui": {
			"rotation": [0, -180, 0]
		},
		"head": {
			"rotation": [0, 90, 0],
			"translation": [0, 4.75, 0],
			"scale": [1.5, 1.5, 1.5]
		}
	}
}