{
	"credit": "Made with Blockbench",
	"textures": {
		"0": "item/cit/stone3",
		"1": "item/cit/stone2",
		"2": "item/cit/gold2",
		"3": "item/cit/amethyst",
		"4": "item/cit/diamond",
		"5": "item/cit/ruby",
		"6": "item/cit/graygarasu",
		"7": "item/cit/ana",
		"particle": "item/cit/stone3"
	},
	"elements": [
		{
			"from": [-3, 0, 6],
			"to": [19, 2, 16],
			"faces": {
				"north": {"uv": [0, 0, 0.5, 0.5], "texture": "#0"},
				"east": {"uv": [0, 0, 0.5, 0.5], "texture": "#0"},
				"south": {"uv": [0, 0, 0.5, 0.5], "texture": "#0"},
				"west": {"uv": [0, 0, 0.5, 0.5], "texture": "#0"},
				"up": {"uv": [0, 0, 0.5, 0.5], "texture": "#0"},
				"down": {"uv": [0, 0, 0.5, 0.5], "texture": "#0"}
			}
		},
		{
			"from": [9.25, 2, 8.5],
			"to": [19, 11.25, 16],
			"faces": {
				"north": {"uv": [5.25, 6.25, 5.75, 6.75], "texture": "#1"},
				"east": {"uv": [5.25, 6.25, 5.75, 6.75], "texture": "#1"},
				"south": {"uv": [5.25, 6.25, 5.75, 6.75], "texture": "#1"},
				"west": {"uv": [5.25, 6.25, 5.75, 6.75], "texture": "#1"},
				"up": {"uv": [5.25, 6.25, 5.75, 6.75], "texture": "#1"}
			}
		},
		{
			"from": [6.75, 2, 15.5],
			"to": [9.25, 18.75, 16],
			"faces": {
				"north": {"uv": [5.25, 6.25, 5.75, 6.75], "texture": "#1"},
				"south": {"uv": [5.25, 6.25, 5.75, 6.75], "texture": "#1"}
			}
		},
		{
			"from": [9.25, 11.25, 8.75],
			"to": [19, 12, 16],
			"faces": {
				"north": {"uv": [5.25, 6.25, 5.75, 6.75], "texture": "#1"},
				"east": {"uv": [5.25, 6.25, 5.75, 6.75], "texture": "#1"},
				"south": {"uv": [5.25, 6.25, 5.75, 6.75], "texture": "#1"},
				"west": {"uv": [5.25, 6.25, 5.75, 6.75], "texture": "#1"},
				"up": {"uv": [5.25, 6.25, 5.75, 6.75], "texture": "#1"}
			}
		},
		{
			"from": [9.25, 12, 9.1],
			"to": [19, 12.75, 16],
			"faces": {
				"north": {"uv": [5.25, 6.25, 5.75, 6.75], "texture": "#1"},
				"east": {"uv": [5.25, 6.25, 5.75, 6.75], "texture": "#1"},
				"south": {"uv": [5.25, 6.25, 5.75, 6.75], "texture": "#1"},
				"west": {"uv": [5.25, 6.25, 5.75, 6.75], "texture": "#1"},
				"up": {"uv": [5.25, 6.25, 5.75, 6.75], "texture": "#1"}
			}
		},
		{
			"from": [9.25, 13.5, 9.75],
			"to": [19, 14.25, 16],
			"faces": {
				"north": {"uv": [5.25, 6.25, 5.75, 6.75], "texture": "#1"},
				"east": {"uv": [5.25, 6.25, 5.75, 6.75], "texture": "#1"},
				"south": {"uv": [5.25, 6.25, 5.75, 6.75], "texture": "#1"},
				"west": {"uv": [5.25, 6.25, 5.75, 6.75], "texture": "#1"},
				"up": {"uv": [5.25, 6.25, 5.75, 6.75], "texture": "#1"}
			}
		},
		{
			"from": [9.25, 12.75, 9.5],
			"to": [19, 13.5, 16],
			"faces": {
				"north": {"uv": [5.25, 6.25, 5.75, 6.75], "texture": "#1"},
				"east": {"uv": [5.25, 6.25, 5.75, 6.75], "texture": "#1"},
				"south": {"uv": [5.25, 6.25, 5.75, 6.75], "texture": "#1"},
				"west": {"uv": [5.25, 6.25, 5.75, 6.75], "texture": "#1"},
				"up": {"uv": [5.25, 6.25, 5.75, 6.75], "texture": "#1"}
			}
		},
		{
			"from": [9.25, 15, 10.25],
			"to": [19, 15.75, 16],
			"faces": {
				"east": {"uv": [5.25, 6.25, 5.75, 6.75], "texture": "#1"},
				"south": {"uv": [5.25, 6.25, 5.75, 6.75], "texture": "#1"},
				"west": {"uv": [5.25, 6.25, 5.75, 6.75], "texture": "#1"}
			}
		},
		{
			"from": [9.25, 15.75, 10.75],
			"to": [19, 16.5, 16],
			"faces": {
				"east": {"uv": [5.25, 6.25, 5.75, 6.75], "texture": "#1"},
				"south": {"uv": [5.25, 6.25, 5.75, 6.75], "texture": "#1"},
				"west": {"uv": [5.25, 6.25, 5.75, 6.75], "texture": "#1"}
			}
		},
		{
			"from": [9.25, 16.5, 11],
			"to": [19, 17.25, 16],
			"faces": {
				"east": {"uv": [5.25, 6.25, 5.75, 6.75], "texture": "#1"},
				"south": {"uv": [5.25, 6.25, 5.75, 6.75], "texture": "#1"},
				"west": {"uv": [5.25, 6.25, 5.75, 6.75], "texture": "#1"}
			}
		},
		{
			"from": [9.25, 17.25, 11.25],
			"to": [19, 18, 16],
			"faces": {
				"east": {"uv": [5.25, 6.25, 5.75, 6.75], "texture": "#1"},
				"south": {"uv": [5.25, 6.25, 5.75, 6.75], "texture": "#1"},
				"west": {"uv": [5.25, 6.25, 5.75, 6.75], "texture": "#1"}
			}
		},
		{
			"from": [9.25, 18, 11.5],
			"to": [19, 18.75, 16],
			"faces": {
				"east": {"uv": [5.25, 6.25, 5.75, 6.75], "texture": "#1"},
				"south": {"uv": [5.25, 6.25, 5.75, 6.75], "texture": "#1"},
				"west": {"uv": [5.25, 6.25, 5.75, 6.75], "texture": "#1"}
			}
		},
		{
			"from": [-3, 18.75, 12],
			"to": [19, 19.5, 16],
			"faces": {
				"east": {"uv": [5.25, 6.25, 5.75, 6.75], "texture": "#1"},
				"south": {"uv": [5.25, 6.25, 5.75, 6.75], "texture": "#1"},
				"west": {"uv": [5.25, 6.25, 5.75, 6.75], "texture": "#1"},
				"down": {"uv": [5.25, 6.25, 5.75, 6.75], "texture": "#1"}
			}
		},
		{
			"from": [-3, 19.25, 12],
			"to": [19, 20, 16],
			"faces": {
				"north": {"uv": [5.25, 6.25, 5.75, 6.75], "texture": "#1"},
				"east": {"uv": [5.25, 6.25, 5.75, 6.75], "texture": "#1"},
				"south": {"uv": [5.25, 6.25, 5.75, 6.75], "texture": "#1"},
				"west": {"uv": [5.25, 6.25, 5.75, 6.75], "texture": "#1"}
			}
		},
		{
			"from": [-3, 20, 12],
			"to": [19, 22.25, 16],
			"faces": {
				"north": {"uv": [0, 14.25, 0.5, 14.75], "texture": "#0"},
				"east": {"uv": [0, 14.25, 0.5, 14.75], "texture": "#0"},
				"south": {"uv": [0, 14.25, 0.5, 14.75], "texture": "#0"},
				"west": {"uv": [0, 14.25, 0.5, 14.75], "texture": "#0"},
				"up": {"uv": [0, 14.25, 0.5, 14.75], "texture": "#0"}
			}
		},
		{
			"from": [-3, 22.25, 12.5],
			"to": [19, 23, 16],
			"faces": {
				"north": {"uv": [0, 14.25, 0.5, 14.75], "texture": "#0"},
				"east": {"uv": [0, 14.25, 0.5, 14.75], "texture": "#0"},
				"south": {"uv": [0, 14.25, 0.5, 14.75], "texture": "#0"},
				"west": {"uv": [0, 14.25, 0.5, 14.75], "texture": "#0"},
				"up": {"uv": [0, 14.25, 0.5, 14.75], "texture": "#0"}
			}
		},
		{
			"from": [17.75, 20, 11.75],
			"to": [19, 23.5, 12],
			"faces": {
				"north": {"uv": [2, 5.25, 2.5, 5.75], "texture": "#3"},
				"east": {"uv": [2, 5.25, 2.5, 5.75], "texture": "#3"},
				"south": {"uv": [2, 5.25, 2.5, 5.75], "texture": "#3"},
				"west": {"uv": [2, 5.25, 2.5, 5.75], "texture": "#3"},
				"up": {"uv": [2, 5.25, 2.5, 5.75], "texture": "#3"},
				"down": {"uv": [2, 5.25, 2.5, 5.75], "texture": "#3"}
			}
		},
		{
			"from": [-1.75, 22.25, 11.75],
			"to": [17.75, 24, 12],
			"faces": {
				"north": {"uv": [2, 5.25, 2.5, 5.75], "texture": "#3"},
				"east": {"uv": [2, 5.25, 2.5, 5.75], "texture": "#3"},
				"south": {"uv": [2, 5.25, 2.5, 5.75], "texture": "#3"},
				"west": {"uv": [2, 5.25, 2.5, 5.75], "texture": "#3"},
				"up": {"uv": [2, 5.25, 2.5, 5.75], "texture": "#3"},
				"down": {"uv": [2, 5.25, 2.5, 5.75], "texture": "#3"}
			}
		},
		{
			"from": [-3, 20, 11.75],
			"to": [-1.75, 23.5, 12],
			"faces": {
				"north": {"uv": [2, 5.25, 2.5, 5.75], "texture": "#3"},
				"east": {"uv": [2, 5.25, 2.5, 5.75], "texture": "#3"},
				"south": {"uv": [2, 5.25, 2.5, 5.75], "texture": "#3"},
				"west": {"uv": [2, 5.25, 2.5, 5.75], "texture": "#3"},
				"up": {"uv": [2, 5.25, 2.5, 5.75], "texture": "#3"},
				"down": {"uv": [2, 5.25, 2.5, 5.75], "texture": "#3"}
			}
		},
		{
			"from": [9.25, 14.25, 10],
			"to": [19, 15, 16],
			"faces": {
				"north": {"uv": [5.25, 6.25, 5.75, 6.75], "texture": "#1"},
				"east": {"uv": [5.25, 6.25, 5.75, 6.75], "texture": "#1"},
				"south": {"uv": [5.25, 6.25, 5.75, 6.75], "texture": "#1"},
				"west": {"uv": [5.25, 6.25, 5.75, 6.75], "texture": "#1"}
			}
		},
		{
			"from": [-3, 18, 11.5],
			"to": [6.75, 18.75, 16],
			"faces": {
				"east": {"uv": [5.25, 6.25, 5.75, 6.75], "texture": "#1"},
				"south": {"uv": [5.25, 6.25, 5.75, 6.75], "texture": "#1"},
				"west": {"uv": [5.25, 6.25, 5.75, 6.75], "texture": "#1"}
			}
		},
		{
			"from": [-3, 17.25, 11.25],
			"to": [6.75, 18, 16],
			"faces": {
				"east": {"uv": [5.25, 6.25, 5.75, 6.75], "texture": "#1"},
				"south": {"uv": [5.25, 6.25, 5.75, 6.75], "texture": "#1"},
				"west": {"uv": [5.25, 6.25, 5.75, 6.75], "texture": "#1"}
			}
		},
		{
			"from": [-3, 16.5, 11],
			"to": [6.75, 17.25, 16],
			"faces": {
				"east": {"uv": [5.25, 6.25, 5.75, 6.75], "texture": "#1"},
				"south": {"uv": [5.25, 6.25, 5.75, 6.75], "texture": "#1"},
				"west": {"uv": [5.25, 6.25, 5.75, 6.75], "texture": "#1"}
			}
		},
		{
			"from": [-3, 15.75, 10.75],
			"to": [6.75, 16.5, 16],
			"faces": {
				"east": {"uv": [5.25, 6.25, 5.75, 6.75], "texture": "#1"},
				"south": {"uv": [5.25, 6.25, 5.75, 6.75], "texture": "#1"},
				"west": {"uv": [5.25, 6.25, 5.75, 6.75], "texture": "#1"}
			}
		},
		{
			"from": [-3, 15, 10.25],
			"to": [6.75, 15.75, 16],
			"faces": {
				"east": {"uv": [5.25, 6.25, 5.75, 6.75], "texture": "#1"},
				"south": {"uv": [5.25, 6.25, 5.75, 6.75], "texture": "#1"},
				"west": {"uv": [5.25, 6.25, 5.75, 6.75], "texture": "#1"}
			}
		},
		{
			"from": [-3, 13.5, 9.75],
			"to": [6.75, 14.25, 16],
			"faces": {
				"north": {"uv": [5.25, 6.25, 5.75, 6.75], "texture": "#1"},
				"east": {"uv": [5.25, 6.25, 5.75, 6.75], "texture": "#1"},
				"south": {"uv": [5.25, 6.25, 5.75, 6.75], "texture": "#1"},
				"west": {"uv": [5.25, 6.25, 5.75, 6.75], "texture": "#1"},
				"up": {"uv": [5.25, 6.25, 5.75, 6.75], "texture": "#1"}
			}
		},
		{
			"from": [-3, 14.25, 10],
			"to": [6.75, 15, 16],
			"faces": {
				"north": {"uv": [5.25, 6.25, 5.75, 6.75], "texture": "#1"},
				"east": {"uv": [5.25, 6.25, 5.75, 6.75], "texture": "#1"},
				"south": {"uv": [5.25, 6.25, 5.75, 6.75], "texture": "#1"},
				"west": {"uv": [5.25, 6.25, 5.75, 6.75], "texture": "#1"}
			}
		},
		{
			"from": [-3, 12.75, 9.5],
			"to": [6.75, 13.5, 16],
			"faces": {
				"north": {"uv": [5.25, 6.25, 5.75, 6.75], "texture": "#1"},
				"east": {"uv": [5.25, 6.25, 5.75, 6.75], "texture": "#1"},
				"south": {"uv": [5.25, 6.25, 5.75, 6.75], "texture": "#1"},
				"west": {"uv": [5.25, 6.25, 5.75, 6.75], "texture": "#1"},
				"up": {"uv": [5.25, 6.25, 5.75, 6.75], "texture": "#1"}
			}
		},
		{
			"from": [-3, 12, 9.1],
			"to": [6.75, 12.75, 16],
			"faces": {
				"north": {"uv": [5.25, 6.25, 5.75, 6.75], "texture": "#1"},
				"east": {"uv": [5.25, 6.25, 5.75, 6.75], "texture": "#1"},
				"south": {"uv": [5.25, 6.25, 5.75, 6.75], "texture": "#1"},
				"west": {"uv": [5.25, 6.25, 5.75, 6.75], "texture": "#1"},
				"up": {"uv": [5.25, 6.25, 5.75, 6.75], "texture": "#1"}
			}
		},
		{
			"from": [-3, 11.25, 8.75],
			"to": [6.75, 12, 16],
			"faces": {
				"north": {"uv": [5.25, 6.25, 5.75, 6.75], "texture": "#1"},
				"east": {"uv": [5.25, 6.25, 5.75, 6.75], "texture": "#1"},
				"south": {"uv": [5.25, 6.25, 5.75, 6.75], "texture": "#1"},
				"west": {"uv": [5.25, 6.25, 5.75, 6.75], "texture": "#1"},
				"up": {"uv": [5.25, 6.25, 5.75, 6.75], "texture": "#1"}
			}
		},
		{
			"from": [9.25, 4, 6.5],
			"to": [19, 6.7, 7],
			"faces": {
				"north": {"uv": [5.25, 6.25, 5.75, 6.75], "texture": "#1"},
				"east": {"uv": [5.25, 6.25, 5.75, 6.75], "texture": "#1"},
				"west": {"uv": [5.25, 6.25, 5.75, 6.75], "texture": "#1"},
				"down": {"uv": [5.25, 6.25, 5.75, 6.75], "texture": "#1"}
			}
		},
		{
			"from": [9.25, 3.5, 7],
			"to": [19, 7.9, 7.5],
			"faces": {
				"north": {"uv": [5.25, 6.25, 5.75, 6.75], "texture": "#1"},
				"east": {"uv": [5.25, 6.25, 5.75, 6.75], "texture": "#1"},
				"west": {"uv": [5.25, 6.25, 5.75, 6.75], "texture": "#1"},
				"down": {"uv": [5.25, 6.25, 5.75, 6.75], "texture": "#1"}
			}
		},
		{
			"from": [9.25, 4.5, 6],
			"to": [19, 5.5, 6.5],
			"faces": {
				"north": {"uv": [5.25, 6.25, 5.75, 6.75], "texture": "#1"},
				"east": {"uv": [5.25, 6.25, 5.75, 6.75], "texture": "#1"},
				"west": {"uv": [5.25, 6.25, 5.75, 6.75], "texture": "#1"},
				"up": {"uv": [5.25, 6.25, 5.75, 6.75], "texture": "#1"},
				"down": {"uv": [5.25, 6.25, 5.75, 6.75], "texture": "#1"}
			}
		},
		{
			"from": [6.75, 7.5, 7.47],
			"to": [9.25, 8.5, 9.22],
			"rotation": {"angle": 0, "axis": "y", "origin": [0, 0, 0.5]},
			"faces": {
				"north": {"uv": [5.25, 6.25, 5.75, 6.75], "texture": "#1"},
				"east": {"uv": [5.25, 6.25, 5.75, 6.75], "texture": "#1"},
				"south": {"uv": [5.25, 6.25, 5.75, 6.75], "texture": "#1"},
				"west": {"uv": [5.25, 6.25, 5.75, 6.75], "texture": "#1"},
				"up": {"uv": [5.25, 6.25, 5.75, 6.75], "texture": "#1"},
				"down": {"uv": [5.25, 6.25, 5.75, 6.75], "texture": "#1"}
			}
		},
		{
			"from": [6.75, 8.5, 8.7],
			"to": [9.25, 10.5, 9.2],
			"faces": {
				"north": {"uv": [5.25, 6.25, 5.75, 6.75], "texture": "#1"},
				"south": {"uv": [5.25, 6.25, 5.75, 6.75], "texture": "#1"},
				"up": {"uv": [5.25, 6.25, 5.75, 6.75], "texture": "#1"}
			}
		},
		{
			"from": [7, 8.75, 8.1],
			"to": [9, 9, 8.2],
			"faces": {
				"north": {"uv": [5.25, 4.25, 5.75, 4.75], "texture": "#0"},
				"east": {"uv": [5.25, 4.25, 5.75, 4.75], "texture": "#0"},
				"south": {"uv": [5.25, 4.25, 5.75, 4.75], "texture": "#0"},
				"west": {"uv": [5.25, 4.25, 5.75, 4.75], "texture": "#0"},
				"up": {"uv": [5.25, 4.25, 5.75, 4.75], "texture": "#0"}
			}
		},
		{
			"from": [7, 8.75, 8],
			"to": [9, 8.85, 8.6],
			"rotation": {"angle": 0, "axis": "y", "origin": [0, 0, 0.5]},
			"faces": {
				"north": {"uv": [5.25, 4.25, 5.75, 4.75], "texture": "#0"},
				"east": {"uv": [5.25, 4.25, 5.75, 4.75], "texture": "#0"},
				"south": {"uv": [5.25, 4.25, 5.75, 4.75], "texture": "#0"},
				"west": {"uv": [5.25, 4.25, 5.75, 4.75], "texture": "#0"},
				"up": {"uv": [5.25, 4.25, 5.75, 4.75], "texture": "#0"},
				"down": {"uv": [5.25, 4.25, 5.75, 4.75], "texture": "#0"}
			}
		},
		{
			"from": [8.9, 8.85, 8],
			"to": [9, 8.95, 8.6],
			"rotation": {"angle": 0, "axis": "y", "origin": [0, 0, 0.5]},
			"faces": {
				"north": {"uv": [5.25, 4.25, 5.75, 4.75], "texture": "#0"},
				"east": {"uv": [5.25, 4.25, 5.75, 4.75], "texture": "#0"},
				"south": {"uv": [5.25, 4.25, 5.75, 4.75], "texture": "#0"},
				"west": {"uv": [5.25, 4.25, 5.75, 4.75], "texture": "#0"},
				"up": {"uv": [5.25, 4.25, 5.75, 4.75], "texture": "#0"}
			}
		},
		{
			"from": [7.95, 8.85, 8],
			"to": [8.05, 8.95, 8.6],
			"rotation": {"angle": 0, "axis": "y", "origin": [0, 0, 0.5]},
			"faces": {
				"north": {"uv": [5.25, 4.25, 5.75, 4.75], "texture": "#0"},
				"east": {"uv": [5.25, 4.25, 5.75, 4.75], "texture": "#0"},
				"south": {"uv": [5.25, 4.25, 5.75, 4.75], "texture": "#0"},
				"west": {"uv": [5.25, 4.25, 5.75, 4.75], "texture": "#0"},
				"up": {"uv": [5.25, 4.25, 5.75, 4.75], "texture": "#0"}
			}
		},
		{
			"from": [7, 8.85, 8],
			"to": [7.1, 8.95, 8.6],
			"rotation": {"angle": 0, "axis": "y", "origin": [0, 0, 0.5]},
			"faces": {
				"north": {"uv": [5.25, 4.25, 5.75, 4.75], "texture": "#0"},
				"east": {"uv": [5.25, 4.25, 5.75, 4.75], "texture": "#0"},
				"south": {"uv": [5.25, 4.25, 5.75, 4.75], "texture": "#0"},
				"west": {"uv": [5.25, 4.25, 5.75, 4.75], "texture": "#0"},
				"up": {"uv": [5.25, 4.25, 5.75, 4.75], "texture": "#0"}
			}
		},
		{
			"from": [9.25, 5.425, 6.115],
			"to": [19, 9.425, 6.615],
			"rotation": {"angle": 22.5, "axis": "x", "origin": [8, 5.75, 6.25]},
			"faces": {
				"north": {"uv": [5.25, 6.25, 5.75, 6.75], "texture": "#1"},
				"east": {"uv": [5.25, 6.25, 5.75, 6.75], "texture": "#1"},
				"south": {"uv": [5.25, 6.25, 5.75, 6.75], "texture": "#1"},
				"west": {"uv": [5.25, 6.25, 5.75, 6.75], "texture": "#1"},
				"up": {"uv": [5.25, 6.25, 5.75, 6.75], "texture": "#1"},
				"down": {"uv": [5.25, 6.25, 5.75, 6.75], "texture": "#1"}
			}
		},
		{
			"from": [9.25, 15.425, 6.115],
			"to": [19, 17.425, 6.615],
			"rotation": {"angle": 22.5, "axis": "x", "origin": [8, 5.75, 6.25]},
			"faces": {
				"north": {"uv": [5.25, 6.25, 5.75, 6.75], "texture": "#1"},
				"east": {"uv": [5.25, 6.25, 5.75, 6.75], "texture": "#1"},
				"west": {"uv": [5.25, 6.25, 5.75, 6.75], "texture": "#1"},
				"down": {"uv": [5.25, 6.25, 5.75, 6.75], "texture": "#1"}
			}
		},
		{
			"from": [9.25, 17.425, 6.115],
			"to": [19, 17.925, 6.615],
			"rotation": {"angle": 22.5, "axis": "x", "origin": [8, 5.75, 6.25]},
			"faces": {
				"north": {"uv": [2, 6.25, 2.5, 6.75], "texture": "#3"},
				"east": {"uv": [5.25, 6.25, 5.75, 6.75], "texture": "#1"},
				"west": {"uv": [2, 6.25, 2.5, 6.75], "texture": "#3"}
			}
		},
		{
			"from": [9.25, 20.675, 6.115],
			"to": [19, 21.175, 6.615],
			"rotation": {"angle": 22.5, "axis": "x", "origin": [8, 5.75, 6.25]},
			"faces": {
				"north": {"uv": [2, 6.25, 2.5, 6.75], "texture": "#3"},
				"east": {"uv": [5.25, 6.25, 5.75, 6.75], "texture": "#1"},
				"west": {"uv": [2, 6.25, 2.5, 6.75], "texture": "#3"}
			}
		},
		{
			"from": [17, 17.925, 6.115],
			"to": [19, 20.675, 6.615],
			"rotation": {"angle": 22.5, "axis": "x", "origin": [8, 5.75, 6.25]},
			"faces": {
				"north": {"uv": [2, 6.25, 2.5, 6.75], "texture": "#3"},
				"east": {"uv": [5.25, 6.25, 5.75, 6.75], "texture": "#1"}
			}
		},
		{
			"from": [16.75, 17.925, 6.115],
			"to": [17, 20.675, 6.615],
			"rotation": {"angle": 22.5, "axis": "x", "origin": [8, 5.75, 6.25]},
			"faces": {
				"north": {"uv": [0, 14.25, 0.5, 14.75], "texture": "#0"}
			}
		},
		{
			"from": [11.5, 17.925, 6.115],
			"to": [16.75, 18.175, 6.615],
			"rotation": {"angle": 22.5, "axis": "x", "origin": [8, 5.75, 6.25]},
			"faces": {
				"north": {"uv": [0, 14.25, 0.5, 14.75], "texture": "#0"}
			}
		},
		{
			"from": [11.5, 20.425, 6.115],
			"to": [16.75, 20.675, 6.615],
			"rotation": {"angle": 22.5, "axis": "x", "origin": [8, 5.75, 6.25]},
			"faces": {
				"north": {"uv": [0, 14.25, 0.5, 14.75], "texture": "#0"}
			}
		},
		{
			"from": [11.5, 18.175, 6.12],
			"to": [16.75, 20.425, 6.62],
			"rotation": {"angle": 22.5, "axis": "x", "origin": [8, 5.75, 6.25]},
			"faces": {
				"east": {"uv": [11, 1.25, 11.5, 1.75], "texture": "#3"},
				"west": {"uv": [11, 1.25, 11.5, 1.75], "texture": "#3"}
			}
		},
		{
			"from": [11.5, 18.175, 6.112],
			"to": [16.75, 20.425, 6.612],
			"rotation": {"angle": 22.5, "axis": "x", "origin": [8, 5.75, 6.25]},
			"faces": {
				"north": {"uv": [11, 1.25, 11.5, 1.75], "texture": "#3"},
				"east": {"uv": [11, 1.25, 11.5, 1.75], "texture": "#3"},
				"west": {"uv": [11, 1.25, 11.5, 1.75], "texture": "#3"},
				"up": {"uv": [11, 1.25, 11.5, 1.75], "texture": "#3"},
				"down": {"uv": [11, 1.25, 11.5, 1.75], "texture": "#3"}
			}
		},
		{
			"from": [11.25, 17.925, 6.115],
			"to": [11.5, 20.675, 6.615],
			"rotation": {"angle": 22.5, "axis": "x", "origin": [8, 5.75, 6.25]},
			"faces": {
				"north": {"uv": [0, 14.25, 0.5, 14.75], "texture": "#0"}
			}
		},
		{
			"from": [9.25, 17.925, 6.115],
			"to": [11.25, 20.675, 6.615],
			"rotation": {"angle": 22.5, "axis": "x", "origin": [8, 5.75, 6.25]},
			"faces": {
				"north": {"uv": [2, 6.25, 2.5, 6.75], "texture": "#3"},
				"west": {"uv": [2, 6.25, 2.5, 6.75], "texture": "#3"}
			}
		},
		{
			"from": [-3, 17.925, 6.115],
			"to": [-1, 20.675, 6.615],
			"rotation": {"angle": 22.5, "axis": "x", "origin": [8, 5.75, 6.25]},
			"faces": {
				"north": {"uv": [2, 6.25, 2.5, 6.75], "texture": "#3"},
				"west": {"uv": [5.25, 6.25, 5.75, 6.75], "texture": "#1"}
			}
		},
		{
			"from": [-3, 17.425, 6.115],
			"to": [6.75, 17.925, 6.615],
			"rotation": {"angle": 22.5, "axis": "x", "origin": [8, 5.75, 6.25]},
			"faces": {
				"north": {"uv": [2, 6.25, 2.5, 6.75], "texture": "#3"},
				"east": {"uv": [5.25, 6.25, 5.75, 6.75], "texture": "#1"},
				"west": {"uv": [5.25, 6.25, 5.75, 6.75], "texture": "#1"}
			}
		},
		{
			"from": [4.75, 17.925, 6.115],
			"to": [6.75, 20.675, 6.615],
			"rotation": {"angle": 22.5, "axis": "x", "origin": [8, 5.75, 6.25]},
			"faces": {
				"north": {"uv": [2, 6.25, 2.5, 6.75], "texture": "#3"},
				"east": {"uv": [5.25, 6.25, 5.75, 6.75], "texture": "#1"}
			}
		},
		{
			"from": [-3, 20.675, 6.115],
			"to": [6.75, 21.175, 6.615],
			"rotation": {"angle": 22.5, "axis": "x", "origin": [8, 5.75, 6.25]},
			"faces": {
				"north": {"uv": [2, 6.25, 2.5, 6.75], "texture": "#3"},
				"east": {"uv": [5.25, 6.25, 5.75, 6.75], "texture": "#1"},
				"west": {"uv": [5.25, 6.25, 5.75, 6.75], "texture": "#1"}
			}
		},
		{
			"from": [-0.75, 18.175, 6.115],
			"to": [4.5, 20.425, 6.615],
			"rotation": {"angle": 22.5, "axis": "x", "origin": [8, 5.75, 6.25]},
			"faces": {
				"north": {"uv": [11, 1.25, 11.5, 1.75], "texture": "#3"}
			}
		},
		{
			"from": [-0.75, 20.425, 6.115],
			"to": [4.5, 20.675, 6.615],
			"rotation": {"angle": 22.5, "axis": "x", "origin": [8, 5.75, 6.25]},
			"faces": {
				"north": {"uv": [0, 14.25, 0.5, 14.75], "texture": "#0"}
			}
		},
		{
			"from": [4.5, 17.925, 6.115],
			"to": [4.75, 20.675, 6.615],
			"rotation": {"angle": 22.5, "axis": "x", "origin": [8, 5.75, 6.25]},
			"faces": {
				"north": {"uv": [0, 14.25, 0.5, 14.75], "texture": "#0"}
			}
		},
		{
			"from": [-1, 17.925, 6.115],
			"to": [-0.75, 20.675, 6.615],
			"rotation": {"angle": 22.5, "axis": "x", "origin": [8, 5.75, 6.25]},
			"faces": {
				"north": {"uv": [0, 14.25, 0.5, 14.75], "texture": "#0"}
			}
		},
		{
			"from": [-0.75, 17.925, 6.115],
			"to": [4.5, 18.175, 6.615],
			"rotation": {"angle": 22.5, "axis": "x", "origin": [8, 5.75, 6.25]},
			"faces": {
				"north": {"uv": [0, 14.25, 0.5, 14.75], "texture": "#0"}
			}
		},
		{
			"from": [17.25, 9.425, 6.115],
			"to": [19, 15.425, 6.615],
			"rotation": {"angle": 22.5, "axis": "x", "origin": [8, 5.75, 6.25]},
			"faces": {
				"north": {"uv": [5.25, 6.25, 5.75, 6.75], "texture": "#1"},
				"east": {"uv": [5.25, 6.25, 5.75, 6.75], "texture": "#1"},
				"south": {"uv": [5.25, 6.25, 5.75, 6.75], "texture": "#1"}
			}
		},
		{
			"from": [11.25, 9.425, 6.115],
			"to": [17.25, 15.425, 6.615],
			"rotation": {"angle": 22.5, "axis": "x", "origin": [8, 5.75, 6.25]},
			"faces": {
				"north": {"uv": [14.25, 15.25, 15, 15.75], "texture": "#0"},
				"south": {"uv": [14.25, 15.25, 15, 15.75], "texture": "#0"},
				"west": {"uv": [14.25, 15.25, 15, 15.75], "texture": "#0"}
			}
		},
		{
			"from": [9.25, 9.425, 6.115],
			"to": [11, 15.425, 6.615],
			"rotation": {"angle": 22.5, "axis": "x", "origin": [8, 5.75, 6.25]},
			"faces": {
				"north": {"uv": [5.25, 6.25, 5.75, 6.75], "texture": "#1"},
				"east": {"uv": [5.25, 6.25, 5.75, 6.75], "texture": "#1"},
				"south": {"uv": [5.25, 6.25, 5.75, 6.75], "texture": "#1"},
				"west": {"uv": [5.25, 6.25, 5.75, 6.75], "texture": "#1"}
			}
		},
		{
			"from": [-3, 15.425, 6.115],
			"to": [6.75, 17.425, 6.615],
			"rotation": {"angle": 22.5, "axis": "x", "origin": [8, 5.75, 6.25]},
			"faces": {
				"north": {"uv": [5.25, 6.25, 5.75, 6.75], "texture": "#1"},
				"east": {"uv": [5.25, 6.25, 5.75, 6.75], "texture": "#1"},
				"west": {"uv": [5.25, 6.25, 5.75, 6.75], "texture": "#1"},
				"down": {"uv": [5.25, 6.25, 5.75, 6.75], "texture": "#1"}
			}
		},
		{
			"from": [5, 9.425, 6.115],
			"to": [6.75, 15.425, 6.615],
			"rotation": {"angle": 22.5, "axis": "x", "origin": [8, 5.75, 6.25]},
			"faces": {
				"north": {"uv": [5.25, 6.25, 5.75, 6.75], "texture": "#1"},
				"east": {"uv": [5.25, 6.25, 5.75, 6.75], "texture": "#1"},
				"south": {"uv": [5.25, 6.25, 5.75, 6.75], "texture": "#1"}
			}
		},
		{
			"from": [-3, 5.425, 6.115],
			"to": [6.75, 9.425, 6.615],
			"rotation": {"angle": 22.5, "axis": "x", "origin": [8, 5.75, 6.25]},
			"faces": {
				"north": {"uv": [5.25, 6.25, 5.75, 6.75], "texture": "#1"},
				"east": {"uv": [5.25, 6.25, 5.75, 6.75], "texture": "#1"},
				"south": {"uv": [5.25, 6.25, 5.75, 6.75], "texture": "#1"},
				"west": {"uv": [5.25, 6.25, 5.75, 6.75], "texture": "#1"},
				"up": {"uv": [5.25, 6.25, 5.75, 6.75], "texture": "#1"},
				"down": {"uv": [5.25, 6.25, 5.75, 6.75], "texture": "#1"}
			}
		},
		{
			"from": [-3, 9.425, 6.115],
			"to": [-1.25, 15.425, 6.615],
			"rotation": {"angle": 22.5, "axis": "x", "origin": [8, 5.75, 6.25]},
			"faces": {
				"north": {"uv": [5.25, 6.25, 5.75, 6.75], "texture": "#1"},
				"east": {"uv": [5.25, 6.25, 5.75, 6.75], "texture": "#1"},
				"south": {"uv": [5.25, 6.25, 5.75, 6.75], "texture": "#1"},
				"west": {"uv": [5.25, 6.25, 5.75, 6.75], "texture": "#1"}
			}
		},
		{
			"from": [-1, 9.425, 6.115],
			"to": [5, 15.425, 6.615],
			"rotation": {"angle": 22.5, "axis": "x", "origin": [8, 5.75, 6.25]},
			"faces": {
				"north": {"uv": [14.25, 15.25, 15, 15.75], "texture": "#0"},
				"south": {"uv": [14.25, 15.25, 15, 15.75], "texture": "#0"},
				"west": {"uv": [14.25, 15.25, 15, 15.75], "texture": "#0"}
			}
		},
		{
			"from": [13.5, 15.175, 5.75],
			"to": [14.75, 16.425, 6.25],
			"rotation": {"angle": 22.5, "axis": "x", "origin": [8, 5.75, 6.25]},
			"faces": {
				"north": {"uv": [0, 0, 16, 16], "texture": "#1"},
				"east": {"uv": [0, 0, 16, 16], "texture": "#1"},
				"west": {"uv": [0, 0, 16, 16], "texture": "#1"},
				"up": {"uv": [0, 0, 16, 16], "texture": "#1"},
				"down": {"uv": [0, 0, 16, 16], "texture": "#1"}
			}
		},
		{
			"from": [1.25, 15.175, 5.75],
			"to": [2.5, 16.425, 6.25],
			"rotation": {"angle": 22.5, "axis": "x", "origin": [8, 5.75, 6.25]},
			"faces": {
				"north": {"uv": [0, 0, 16, 16], "texture": "#1"},
				"east": {"uv": [0, 0, 16, 16], "texture": "#1"},
				"west": {"uv": [0, 0, 16, 16], "texture": "#1"},
				"up": {"uv": [0, 0, 16, 16], "texture": "#1"},
				"down": {"uv": [0, 0, 16, 16], "texture": "#1"}
			}
		},
		{
			"from": [13.5, 8.175, 5.75],
			"to": [14.75, 9.425, 6.25],
			"rotation": {"angle": 22.5, "axis": "x", "origin": [8, 5.75, 6.25]},
			"faces": {
				"north": {"uv": [0, 0, 16, 16], "texture": "#1"},
				"east": {"uv": [0, 0, 16, 16], "texture": "#1"},
				"west": {"uv": [0, 0, 16, 16], "texture": "#1"},
				"up": {"uv": [0, 0, 16, 16], "texture": "#1"},
				"down": {"uv": [0, 0, 16, 16], "texture": "#1"}
			}
		},
		{
			"from": [13.75, 7.675, 5.75],
			"to": [14.5, 8.175, 6.25],
			"rotation": {"angle": 22.5, "axis": "x", "origin": [8, 5.75, 6.25]},
			"faces": {
				"north": {"uv": [0, 0, 1, 1], "texture": "#7"},
				"east": {"uv": [0, 0, 1, 1], "texture": "#7"},
				"west": {"uv": [0, 0, 1, 1], "texture": "#7"},
				"down": {"uv": [0, 0, 1, 1], "texture": "#7"}
			}
		},
		{
			"from": [13.925, 7.575, 5.75],
			"to": [14.325, 7.675, 6.15],
			"rotation": {"angle": 22.5, "axis": "x", "origin": [8, 5.75, 6.25]},
			"faces": {
				"north": {"uv": [0, 0, 0.75, 0.5], "texture": "#7"},
				"east": {"uv": [0, 0, 0.75, 0.5], "texture": "#7"},
				"west": {"uv": [0, 0, 0.75, 0.5], "texture": "#7"},
				"down": {"uv": [0, 0, 16, 16], "texture": "#7"}
			}
		},
		{
			"from": [1.5, 7.675, 5.75],
			"to": [2.25, 8.175, 6.25],
			"rotation": {"angle": 22.5, "axis": "x", "origin": [8, 5.75, 6.25]},
			"faces": {
				"north": {"uv": [0, 0, 1, 1], "texture": "#7"},
				"east": {"uv": [0, 0, 1, 1], "texture": "#7"},
				"west": {"uv": [0, 0, 1, 1], "texture": "#7"},
				"down": {"uv": [0, 0, 1, 1], "texture": "#7"}
			}
		},
		{
			"from": [1.675, 7.575, 5.75],
			"to": [2.075, 7.675, 6.15],
			"rotation": {"angle": 22.5, "axis": "x", "origin": [8, 5.75, 6.25]},
			"faces": {
				"north": {"uv": [0, 0, 0.75, 0.5], "texture": "#7"},
				"east": {"uv": [0, 0, 0.75, 0.5], "texture": "#7"},
				"west": {"uv": [0, 0, 0.75, 0.5], "texture": "#7"},
				"down": {"uv": [0, 0, 16, 16], "texture": "#7"}
			}
		},
		{
			"from": [11, 14.175, 5.75],
			"to": [12.25, 15.425, 6.25],
			"rotation": {"angle": 22.5, "axis": "x", "origin": [8, 5.75, 6.25]},
			"faces": {
				"north": {"uv": [0, 0, 16, 16], "texture": "#1"},
				"east": {"uv": [0, 0, 16, 16], "texture": "#1"},
				"south": {"uv": [0, 0, 16, 16], "texture": "#1"},
				"west": {"uv": [0, 0, 16, 16], "texture": "#1"},
				"up": {"uv": [0, 0, 16, 16], "texture": "#1"},
				"down": {"uv": [0, 0, 16, 16], "texture": "#1"}
			}
		},
		{
			"from": [10, 11.675, 5.75],
			"to": [11.25, 12.925, 6.25],
			"rotation": {"angle": 22.5, "axis": "x", "origin": [8, 5.75, 6.25]},
			"faces": {
				"north": {"uv": [0, 0, 16, 16], "texture": "#1"},
				"east": {"uv": [0, 0, 16, 16], "texture": "#1"},
				"south": {"uv": [0, 0, 16, 16], "texture": "#1"},
				"west": {"uv": [0, 0, 16, 16], "texture": "#1"},
				"up": {"uv": [0, 0, 16, 16], "texture": "#1"},
				"down": {"uv": [0, 0, 16, 16], "texture": "#1"}
			}
		},
		{
			"from": [17, 11.675, 5.75],
			"to": [18.25, 12.925, 6.25],
			"rotation": {"angle": 22.5, "axis": "x", "origin": [8, 5.75, 6.25]},
			"faces": {
				"north": {"uv": [0, 0, 16, 16], "texture": "#1"},
				"east": {"uv": [0, 0, 16, 16], "texture": "#1"},
				"west": {"uv": [0, 0, 16, 16], "texture": "#1"},
				"up": {"uv": [0, 0, 16, 16], "texture": "#1"},
				"down": {"uv": [0, 0, 16, 16], "texture": "#1"}
			}
		},
		{
			"from": [12.25, 14.675, 5.75],
			"to": [13.5, 15.925, 6.25],
			"rotation": {"angle": 22.5, "axis": "x", "origin": [8, 5.75, 6.25]},
			"faces": {
				"north": {"uv": [0, 0, 16, 16], "texture": "#2"},
				"east": {"uv": [0, 0, 16, 16], "texture": "#2"},
				"west": {"uv": [0, 0, 16, 16], "texture": "#2"},
				"up": {"uv": [0, 0, 16, 16], "texture": "#2"},
				"down": {"uv": [0, 0, 16, 16], "texture": "#2"}
			}
		},
		{
			"from": [10.5, 12.925, 5.75],
			"to": [11.75, 14.175, 6.25],
			"rotation": {"angle": 22.5, "axis": "x", "origin": [8, 5.75, 6.25]},
			"faces": {
				"north": {"uv": [0, 0, 16, 16], "texture": "#2"},
				"east": {"uv": [0, 0, 16, 16], "texture": "#2"},
				"south": {"uv": [0, 0, 16, 16], "texture": "#2"},
				"west": {"uv": [0, 0, 16, 16], "texture": "#2"},
				"up": {"uv": [0, 0, 16, 16], "texture": "#2"},
				"down": {"uv": [0, 0, 16, 16], "texture": "#2"}
			}
		},
		{
			"from": [14.75, 14.675, 5.75],
			"to": [16, 15.925, 6.25],
			"rotation": {"angle": 22.5, "axis": "x", "origin": [8, 5.75, 6.25]},
			"faces": {
				"north": {"uv": [0, 0, 16, 16], "texture": "#2"},
				"east": {"uv": [0, 0, 16, 16], "texture": "#2"},
				"west": {"uv": [0, 0, 16, 16], "texture": "#2"},
				"up": {"uv": [0, 0, 16, 16], "texture": "#2"},
				"down": {"uv": [0, 0, 16, 16], "texture": "#2"}
			}
		},
		{
			"from": [16, 14.175, 5.75],
			"to": [17.25, 15.425, 6.25],
			"rotation": {"angle": 22.5, "axis": "x", "origin": [8, 5.75, 6.25]},
			"faces": {
				"north": {"uv": [0, 0, 16, 16], "texture": "#1"},
				"east": {"uv": [0, 0, 16, 16], "texture": "#1"},
				"west": {"uv": [0, 0, 16, 16], "texture": "#1"},
				"up": {"uv": [0, 0, 16, 16], "texture": "#1"},
				"down": {"uv": [0, 0, 16, 16], "texture": "#1"}
			}
		},
		{
			"from": [16, 9.175, 5.75],
			"to": [17.25, 10.425, 6.25],
			"rotation": {"angle": 22.5, "axis": "x", "origin": [8, 5.75, 6.25]},
			"faces": {
				"north": {"uv": [0, 0, 16, 16], "texture": "#1"},
				"east": {"uv": [0, 0, 16, 16], "texture": "#1"},
				"west": {"uv": [0, 0, 16, 16], "texture": "#1"},
				"up": {"uv": [0, 0, 16, 16], "texture": "#1"},
				"down": {"uv": [0, 0, 16, 16], "texture": "#1"}
			}
		},
		{
			"from": [11, 9.175, 5.75],
			"to": [12.25, 10.425, 6.25],
			"rotation": {"angle": 22.5, "axis": "x", "origin": [8, 5.75, 6.25]},
			"faces": {
				"north": {"uv": [0, 0, 16, 16], "texture": "#1"},
				"east": {"uv": [0, 0, 16, 16], "texture": "#1"},
				"south": {"uv": [0, 0, 16, 16], "texture": "#1"},
				"west": {"uv": [0, 0, 16, 16], "texture": "#1"},
				"up": {"uv": [0, 0, 16, 16], "texture": "#1"},
				"down": {"uv": [0, 0, 16, 16], "texture": "#1"}
			}
		},
		{
			"from": [16.5, 12.925, 5.75],
			"to": [17.75, 14.175, 6.25],
			"rotation": {"angle": 22.5, "axis": "x", "origin": [8, 5.75, 6.25]},
			"faces": {
				"north": {"uv": [0, 0, 16, 16], "texture": "#2"},
				"east": {"uv": [0, 0, 16, 16], "texture": "#2"},
				"west": {"uv": [0, 0, 16, 16], "texture": "#2"},
				"up": {"uv": [0, 0, 16, 16], "texture": "#2"},
				"down": {"uv": [0, 0, 16, 16], "texture": "#2"}
			}
		},
		{
			"from": [14.75, 8.675, 5.75],
			"to": [16, 9.925, 6.25],
			"rotation": {"angle": 22.5, "axis": "x", "origin": [8, 5.75, 6.25]},
			"faces": {
				"north": {"uv": [0, 0, 16, 16], "texture": "#2"},
				"east": {"uv": [0, 0, 16, 16], "texture": "#2"},
				"west": {"uv": [0, 0, 16, 16], "texture": "#2"},
				"up": {"uv": [0, 0, 16, 16], "texture": "#2"},
				"down": {"uv": [0, 0, 16, 16], "texture": "#2"}
			}
		},
		{
			"from": [16.5, 10.425, 5.75],
			"to": [17.75, 11.675, 6.25],
			"rotation": {"angle": 22.5, "axis": "x", "origin": [8, 5.75, 6.25]},
			"faces": {
				"north": {"uv": [0, 0, 16, 16], "texture": "#2"},
				"east": {"uv": [0, 0, 16, 16], "texture": "#2"},
				"west": {"uv": [0, 0, 16, 16], "texture": "#2"},
				"up": {"uv": [0, 0, 16, 16], "texture": "#2"},
				"down": {"uv": [0, 0, 16, 16], "texture": "#2"}
			}
		},
		{
			"from": [12.25, 8.675, 5.75],
			"to": [13.5, 9.925, 6.25],
			"rotation": {"angle": 22.5, "axis": "x", "origin": [8, 5.75, 6.25]},
			"faces": {
				"north": {"uv": [0, 0, 16, 16], "texture": "#2"},
				"east": {"uv": [0, 0, 16, 16], "texture": "#2"},
				"west": {"uv": [0, 0, 16, 16], "texture": "#2"},
				"up": {"uv": [0, 0, 16, 16], "texture": "#2"},
				"down": {"uv": [0, 0, 16, 16], "texture": "#2"}
			}
		},
		{
			"from": [10.5, 10.425, 5.75],
			"to": [11.75, 11.675, 6.25],
			"rotation": {"angle": 22.5, "axis": "x", "origin": [8, 5.75, 6.25]},
			"faces": {
				"north": {"uv": [0, 0, 16, 16], "texture": "#2"},
				"east": {"uv": [0, 0, 16, 16], "texture": "#2"},
				"south": {"uv": [0, 0, 16, 16], "texture": "#2"},
				"west": {"uv": [0, 0, 16, 16], "texture": "#2"},
				"up": {"uv": [0, 0, 16, 16], "texture": "#2"},
				"down": {"uv": [0, 0, 16, 16], "texture": "#2"}
			}
		},
		{
			"from": [0, 14.675, 5.75],
			"to": [1.25, 15.925, 6.25],
			"rotation": {"angle": 22.5, "axis": "x", "origin": [8, 5.75, 6.25]},
			"faces": {
				"north": {"uv": [0, 0, 16, 16], "texture": "#2"},
				"east": {"uv": [0, 0, 16, 16], "texture": "#2"},
				"west": {"uv": [0, 0, 16, 16], "texture": "#2"},
				"up": {"uv": [0, 0, 16, 16], "texture": "#2"},
				"down": {"uv": [0, 0, 16, 16], "texture": "#2"}
			}
		},
		{
			"from": [-1.25, 14.175, 5.75],
			"to": [0, 15.425, 6.25],
			"rotation": {"angle": 22.5, "axis": "x", "origin": [8, 5.75, 6.25]},
			"faces": {
				"north": {"uv": [0, 0, 16, 16], "texture": "#1"},
				"east": {"uv": [0, 0, 16, 16], "texture": "#1"},
				"south": {"uv": [0, 0, 16, 16], "texture": "#1"},
				"west": {"uv": [0, 0, 16, 16], "texture": "#1"},
				"up": {"uv": [0, 0, 16, 16], "texture": "#1"},
				"down": {"uv": [0, 0, 16, 16], "texture": "#1"}
			}
		},
		{
			"from": [-1.75, 12.925, 5.75],
			"to": [-0.5, 14.175, 6.25],
			"rotation": {"angle": 22.5, "axis": "x", "origin": [8, 5.75, 6.25]},
			"faces": {
				"north": {"uv": [0, 0, 16, 16], "texture": "#2"},
				"east": {"uv": [0, 0, 16, 16], "texture": "#2"},
				"south": {"uv": [0, 0, 16, 16], "texture": "#2"},
				"west": {"uv": [0, 0, 16, 16], "texture": "#2"},
				"up": {"uv": [0, 0, 16, 16], "texture": "#2"},
				"down": {"uv": [0, 0, 16, 16], "texture": "#2"}
			}
		},
		{
			"from": [-2.25, 11.675, 5.75],
			"to": [-1, 12.925, 6.25],
			"rotation": {"angle": 22.5, "axis": "x", "origin": [8, 5.75, 6.25]},
			"faces": {
				"north": {"uv": [0, 0, 16, 16], "texture": "#1"},
				"east": {"uv": [0, 0, 16, 16], "texture": "#1"},
				"south": {"uv": [0, 0, 16, 16], "texture": "#1"},
				"west": {"uv": [0, 0, 16, 16], "texture": "#1"},
				"up": {"uv": [0, 0, 16, 16], "texture": "#1"},
				"down": {"uv": [0, 0, 16, 16], "texture": "#1"}
			}
		},
		{
			"from": [-1.75, 10.425, 5.75],
			"to": [-0.5, 11.675, 6.25],
			"rotation": {"angle": 22.5, "axis": "x", "origin": [8, 5.75, 6.25]},
			"faces": {
				"north": {"uv": [0, 0, 16, 16], "texture": "#2"},
				"east": {"uv": [0, 0, 16, 16], "texture": "#2"},
				"south": {"uv": [0, 0, 16, 16], "texture": "#2"},
				"west": {"uv": [0, 0, 16, 16], "texture": "#2"},
				"up": {"uv": [0, 0, 16, 16], "texture": "#2"},
				"down": {"uv": [0, 0, 16, 16], "texture": "#2"}
			}
		},
		{
			"from": [-1.25, 9.175, 5.75],
			"to": [0, 10.425, 6.25],
			"rotation": {"angle": 22.5, "axis": "x", "origin": [8, 5.75, 6.25]},
			"faces": {
				"north": {"uv": [0, 0, 16, 16], "texture": "#1"},
				"east": {"uv": [0, 0, 16, 16], "texture": "#1"},
				"south": {"uv": [0, 0, 16, 16], "texture": "#1"},
				"west": {"uv": [0, 0, 16, 16], "texture": "#1"},
				"up": {"uv": [0, 0, 16, 16], "texture": "#1"},
				"down": {"uv": [0, 0, 16, 16], "texture": "#1"}
			}
		},
		{
			"from": [0, 8.675, 5.75],
			"to": [1.25, 9.925, 6.25],
			"rotation": {"angle": 22.5, "axis": "x", "origin": [8, 5.75, 6.25]},
			"faces": {
				"north": {"uv": [0, 0, 16, 16], "texture": "#2"},
				"east": {"uv": [0, 0, 16, 16], "texture": "#2"},
				"west": {"uv": [0, 0, 16, 16], "texture": "#2"},
				"up": {"uv": [0, 0, 16, 16], "texture": "#2"},
				"down": {"uv": [0, 0, 16, 16], "texture": "#2"}
			}
		},
		{
			"from": [1.25, 8.175, 5.75],
			"to": [2.5, 9.425, 6.25],
			"rotation": {"angle": 22.5, "axis": "x", "origin": [8, 5.75, 6.25]},
			"faces": {
				"north": {"uv": [0, 0, 16, 16], "texture": "#1"},
				"east": {"uv": [0, 0, 16, 16], "texture": "#1"},
				"west": {"uv": [0, 0, 16, 16], "texture": "#1"},
				"up": {"uv": [0, 0, 16, 16], "texture": "#1"},
				"down": {"uv": [0, 0, 16, 16], "texture": "#1"}
			}
		},
		{
			"from": [2.5, 8.675, 5.75],
			"to": [3.75, 9.925, 6.25],
			"rotation": {"angle": 22.5, "axis": "x", "origin": [8, 5.75, 6.25]},
			"faces": {
				"north": {"uv": [0, 0, 16, 16], "texture": "#2"},
				"east": {"uv": [0, 0, 16, 16], "texture": "#2"},
				"west": {"uv": [0, 0, 16, 16], "texture": "#2"},
				"up": {"uv": [0, 0, 16, 16], "texture": "#2"},
				"down": {"uv": [0, 0, 16, 16], "texture": "#2"}
			}
		},
		{
			"from": [3.75, 9.175, 5.75],
			"to": [5, 10.425, 6.25],
			"rotation": {"angle": 22.5, "axis": "x", "origin": [8, 5.75, 6.25]},
			"faces": {
				"north": {"uv": [0, 0, 16, 16], "texture": "#1"},
				"east": {"uv": [0, 0, 16, 16], "texture": "#1"},
				"west": {"uv": [0, 0, 16, 16], "texture": "#1"},
				"up": {"uv": [0, 0, 16, 16], "texture": "#1"},
				"down": {"uv": [0, 0, 16, 16], "texture": "#1"}
			}
		},
		{
			"from": [4.25, 10.425, 5.75],
			"to": [5.5, 11.675, 6.25],
			"rotation": {"angle": 22.5, "axis": "x", "origin": [8, 5.75, 6.25]},
			"faces": {
				"north": {"uv": [0, 0, 16, 16], "texture": "#2"},
				"east": {"uv": [0, 0, 16, 16], "texture": "#2"},
				"west": {"uv": [0, 0, 16, 16], "texture": "#2"},
				"up": {"uv": [0, 0, 16, 16], "texture": "#2"},
				"down": {"uv": [0, 0, 16, 16], "texture": "#2"}
			}
		},
		{
			"from": [4.75, 11.675, 5.75],
			"to": [6, 12.925, 6.25],
			"rotation": {"angle": 22.5, "axis": "x", "origin": [8, 5.75, 6.25]},
			"faces": {
				"north": {"uv": [0, 0, 16, 16], "texture": "#1"},
				"east": {"uv": [0, 0, 16, 16], "texture": "#1"},
				"west": {"uv": [0, 0, 16, 16], "texture": "#1"},
				"up": {"uv": [0, 0, 16, 16], "texture": "#1"},
				"down": {"uv": [0, 0, 16, 16], "texture": "#1"}
			}
		},
		{
			"from": [4.25, 12.925, 5.75],
			"to": [5.5, 14.175, 6.25],
			"rotation": {"angle": 22.5, "axis": "x", "origin": [8, 5.75, 6.25]},
			"faces": {
				"north": {"uv": [0, 0, 16, 16], "texture": "#2"},
				"east": {"uv": [0, 0, 16, 16], "texture": "#2"},
				"west": {"uv": [0, 0, 16, 16], "texture": "#2"},
				"up": {"uv": [0, 0, 16, 16], "texture": "#2"},
				"down": {"uv": [0, 0, 16, 16], "texture": "#2"}
			}
		},
		{
			"from": [3.75, 14.175, 5.75],
			"to": [5, 15.425, 6.25],
			"rotation": {"angle": 22.5, "axis": "x", "origin": [8, 5.75, 6.25]},
			"faces": {
				"north": {"uv": [0, 0, 16, 16], "texture": "#1"},
				"east": {"uv": [0, 0, 16, 16], "texture": "#1"},
				"west": {"uv": [0, 0, 16, 16], "texture": "#1"},
				"up": {"uv": [0, 0, 16, 16], "texture": "#1"},
				"down": {"uv": [0, 0, 16, 16], "texture": "#1"}
			}
		},
		{
			"from": [2.5, 14.675, 5.75],
			"to": [3.75, 15.925, 6.25],
			"rotation": {"angle": 22.5, "axis": "x", "origin": [8, 5.75, 6.25]},
			"faces": {
				"north": {"uv": [0, 0, 16, 16], "texture": "#2"},
				"east": {"uv": [0, 0, 16, 16], "texture": "#2"},
				"west": {"uv": [0, 0, 16, 16], "texture": "#2"},
				"up": {"uv": [0, 0, 16, 16], "texture": "#2"},
				"down": {"uv": [0, 0, 16, 16], "texture": "#2"}
			}
		},
		{
			"from": [6.75, 10.675, 6.365],
			"to": [7.25, 14.925, 7.115],
			"rotation": {"angle": 22.5, "axis": "x", "origin": [8, 5.75, 6.75]},
			"faces": {
				"north": {"uv": [5.25, 6.25, 5.75, 6.75], "texture": "#1"},
				"east": {"uv": [5.25, 6.25, 5.75, 6.75], "texture": "#1"},
				"south": {"uv": [5.25, 6.25, 5.75, 6.75], "texture": "#1"},
				"west": {"uv": [5.25, 6.25, 5.75, 6.75], "texture": "#1"},
				"up": {"uv": [5.25, 6.25, 5.75, 6.75], "texture": "#1"},
				"down": {"uv": [5.25, 6.25, 5.75, 6.75], "texture": "#1"}
			}
		},
		{
			"from": [8.75, 10.675, 6.365],
			"to": [9.25, 14.925, 7.115],
			"rotation": {"angle": 22.5, "axis": "x", "origin": [8, 5.75, 6.75]},
			"faces": {
				"north": {"uv": [5.25, 6.25, 5.75, 6.75], "texture": "#1"},
				"east": {"uv": [5.25, 6.25, 5.75, 6.75], "texture": "#1"},
				"south": {"uv": [5.25, 6.25, 5.75, 6.75], "texture": "#1"},
				"west": {"uv": [5.25, 6.25, 5.75, 6.75], "texture": "#1"},
				"up": {"uv": [5.25, 6.25, 5.75, 6.75], "texture": "#1"},
				"down": {"uv": [5.25, 6.25, 5.75, 6.75], "texture": "#1"}
			}
		},
		{
			"from": [6.75, 5.175, 6.365],
			"to": [9.25, 8.565, 6.865],
			"rotation": {"angle": 22.5, "axis": "x", "origin": [8, 5.75, 6.75]},
			"faces": {
				"north": {"uv": [5.25, 6.25, 5.75, 6.75], "texture": "#1"},
				"east": {"uv": [5.25, 6.25, 5.75, 6.75], "texture": "#1"},
				"south": {"uv": [5.25, 6.25, 5.75, 6.75], "texture": "#1"},
				"west": {"uv": [5.25, 6.25, 5.75, 6.75], "texture": "#1"},
				"down": {"uv": [5.25, 6.25, 5.75, 6.75], "texture": "#1"}
			}
		},
		{
			"from": [8.5, 11.175, 6.365],
			"to": [8.75, 13.675, 6.865],
			"rotation": {"angle": 22.5, "axis": "x", "origin": [8, 5.75, 6.75]},
			"faces": {
				"north": {"uv": [5.25, 4.25, 5.75, 4.75], "texture": "#0"},
				"south": {"uv": [5.25, 4.25, 5.75, 4.75], "texture": "#0"},
				"west": {"uv": [5.25, 4.25, 5.75, 4.75], "texture": "#0"}
			}
		},
		{
			"from": [7.5, 13.175, 6.365],
			"to": [8.5, 13.675, 6.865],
			"rotation": {"angle": 22.5, "axis": "x", "origin": [8, 5.75, 6.75]},
			"faces": {
				"north": {"uv": [5.25, 4.25, 5.75, 4.75], "texture": "#0"},
				"south": {"uv": [5.25, 4.25, 5.75, 4.75], "texture": "#0"},
				"down": {"uv": [5.25, 4.25, 5.75, 4.75], "texture": "#0"}
			}
		},
		{
			"from": [7.5, 11.675, 6.4],
			"to": [8.5, 13.425, 6.9],
			"rotation": {"angle": 22.5, "axis": "x", "origin": [8, 5.75, 6.25]},
			"faces": {
				"north": {"uv": [2, 2, 14, 14], "texture": "#1"},
				"east": {"uv": [2, 2, 14, 14], "texture": "#1"},
				"south": {"uv": [2, 2, 14, 14], "texture": "#1"},
				"west": {"uv": [2, 2, 14, 14], "texture": "#1"},
				"up": {"uv": [2, 2, 14, 14], "texture": "#1"},
				"down": {"uv": [2, 2, 14, 14], "texture": "#1"}
			}
		},
		{
			"from": [7.5, 11.675, 6.365],
			"to": [8.5, 13.425, 6.4],
			"rotation": {"angle": 22.5, "axis": "x", "origin": [8, 5.75, 6.25]},
			"faces": {
				"north": {"uv": [2, 2, 14, 14], "texture": "#6"},
				"east": {"uv": [2, 2, 14, 14], "texture": "#6"},
				"south": {"uv": [2, 2, 14, 14], "texture": "#6"},
				"west": {"uv": [2, 2, 14, 14], "texture": "#6"},
				"up": {"uv": [2, 2, 14, 14], "texture": "#6"},
				"down": {"uv": [2, 2, 14, 14], "texture": "#6"}
			}
		},
		{
			"from": [7.25, 13.675, 6.365],
			"to": [8.75, 14.925, 6.865],
			"rotation": {"angle": 22.5, "axis": "x", "origin": [8, 5.75, 6.75]},
			"faces": {
				"north": {"uv": [5.25, 6.25, 5.75, 6.75], "texture": "#1"},
				"south": {"uv": [5.25, 6.25, 5.75, 6.75], "texture": "#1"}
			}
		},
		{
			"from": [6.75, 15.175, 6.365],
			"to": [9.25, 21.175, 6.865],
			"rotation": {"angle": 22.5, "axis": "x", "origin": [8, 5.75, 6.75]},
			"faces": {
				"north": {"uv": [5.25, 6.25, 5.75, 6.75], "texture": "#1"},
				"east": {"uv": [5.25, 6.25, 5.75, 6.75], "texture": "#1"},
				"south": {"uv": [5.25, 6.25, 5.75, 6.75], "texture": "#1"},
				"west": {"uv": [5.25, 6.25, 5.75, 6.75], "texture": "#1"}
			}
		},
		{
			"from": [7.25, 17.39765, 11.29981],
			"to": [7.75, 19.64765, 11.79981],
			"rotation": {"angle": -22.5, "axis": "x", "origin": [8, 18.89765, 12.04981]},
			"faces": {
				"north": {"uv": [5.25, 6.25, 5.75, 6.75], "texture": "#1"},
				"south": {"uv": [5.25, 6.25, 5.75, 6.75], "texture": "#1"},
				"west": {"uv": [5.25, 6.25, 5.75, 6.75], "texture": "#1"},
				"up": {"uv": [5.25, 6.25, 5.75, 6.75], "texture": "#1"},
				"down": {"uv": [5.25, 6.25, 5.75, 6.75], "texture": "#1"}
			}
		},
		{
			"from": [7.75, 17.39765, 11.29981],
			"to": [8.25, 18.89765, 11.79981],
			"rotation": {"angle": -22.5, "axis": "x", "origin": [8, 18.89765, 12.04981]},
			"faces": {
				"north": {"uv": [5.25, 6.25, 5.75, 6.75], "texture": "#1"},
				"south": {"uv": [5.25, 6.25, 5.75, 6.75], "texture": "#1"},
				"down": {"uv": [5.25, 6.25, 5.75, 6.75], "texture": "#1"}
			}
		},
		{
			"from": [7.75, 19.39765, 11.29981],
			"to": [8.25, 19.64765, 11.79981],
			"rotation": {"angle": -22.5, "axis": "x", "origin": [8, 18.89765, 12.04981]},
			"faces": {
				"north": {"uv": [5.25, 6.25, 5.75, 6.75], "texture": "#1"},
				"south": {"uv": [5.25, 6.25, 5.75, 6.75], "texture": "#1"},
				"up": {"uv": [5.25, 6.25, 5.75, 6.75], "texture": "#1"}
			}
		},
		{
			"from": [7.75, 18.89765, 11.29981],
			"to": [8.25, 19.39765, 11.79981],
			"rotation": {"angle": -22.5, "axis": "x", "origin": [8, 18.89765, 12.04981]},
			"faces": {
				"north": {"uv": [14.25, 15.25, 15, 15.75], "texture": "#0"},
				"south": {"uv": [14.25, 15.25, 15, 15.75], "texture": "#0"}
			}
		},
		{
			"from": [8.25, 17.39765, 11.29981],
			"to": [8.75, 19.64765, 11.79981],
			"rotation": {"angle": -22.5, "axis": "x", "origin": [8, 18.89765, 12.04981]},
			"faces": {
				"north": {"uv": [5.25, 6.25, 5.75, 6.75], "texture": "#1"},
				"east": {"uv": [5.25, 6.25, 5.75, 6.75], "texture": "#1"},
				"south": {"uv": [5.25, 6.25, 5.75, 6.75], "texture": "#1"},
				"up": {"uv": [5.25, 6.25, 5.75, 6.75], "texture": "#1"},
				"down": {"uv": [5.25, 6.25, 5.75, 6.75], "texture": "#1"}
			}
		},
		{
			"from": [8.25, 13.925, 6.265],
			"to": [8.375, 14.55, 6.365],
			"rotation": {"angle": 22.5, "axis": "x", "origin": [8, 5.75, 6.75]},
			"faces": {
				"north": {"uv": [9.25, 3.25, 9.75, 3.75], "texture": "#4"},
				"east": {"uv": [11.25, 8.25, 11.75, 8.75], "texture": "#4"},
				"west": {"uv": [11.25, 8.25, 11.75, 8.75], "texture": "#4"},
				"up": {"uv": [11.25, 8.25, 11.75, 8.75], "texture": "#4"},
				"down": {"uv": [11.25, 8.25, 11.75, 8.75], "texture": "#4"}
			}
		},
		{
			"from": [8.5, 14.175, 6.265],
			"to": [8.625, 14.3, 6.365],
			"rotation": {"angle": 22.5, "axis": "x", "origin": [8, 5.75, 6.75]},
			"faces": {
				"north": {"uv": [9.25, 3.25, 9.75, 3.75], "texture": "#4"},
				"east": {"uv": [11.25, 8.25, 11.75, 8.75], "texture": "#4"},
				"up": {"uv": [11.25, 8.25, 11.75, 8.75], "texture": "#4"},
				"down": {"uv": [11.25, 8.25, 11.75, 8.75], "texture": "#4"}
			}
		},
		{
			"from": [8.375, 14.05, 6.265],
			"to": [8.5, 14.425, 6.365],
			"rotation": {"angle": 22.5, "axis": "x", "origin": [8, 5.75, 6.75]},
			"faces": {
				"north": {"uv": [9.25, 3.25, 9.75, 3.75], "texture": "#4"},
				"east": {"uv": [11.25, 8.25, 11.75, 8.75], "texture": "#4"},
				"up": {"uv": [11.25, 8.25, 11.75, 8.75], "texture": "#4"},
				"down": {"uv": [11.25, 8.25, 11.75, 8.75], "texture": "#4"}
			}
		},
		{
			"from": [7.625, 13.925, 6.265],
			"to": [7.75, 14.55, 6.365],
			"rotation": {"angle": 22.5, "axis": "x", "origin": [8, 5.75, 6.75]},
			"faces": {
				"north": {"uv": [9.25, 3.25, 9.75, 3.75], "texture": "#5"},
				"east": {"uv": [9.25, 3.25, 9.75, 3.75], "texture": "#5"},
				"west": {"uv": [9.25, 3.25, 9.75, 3.75], "texture": "#5"},
				"up": {"uv": [9.25, 3.25, 9.75, 3.75], "texture": "#5"},
				"down": {"uv": [9.25, 3.25, 9.75, 3.75], "texture": "#5"}
			}
		},
		{
			"from": [7.5, 14.05, 6.265],
			"to": [7.625, 14.425, 6.365],
			"rotation": {"angle": 22.5, "axis": "x", "origin": [8, 5.75, 6.75]},
			"faces": {
				"north": {"uv": [9.25, 3.25, 9.75, 3.75], "texture": "#5"},
				"west": {"uv": [9.25, 3.25, 9.75, 3.75], "texture": "#5"},
				"up": {"uv": [9.25, 3.25, 9.75, 3.75], "texture": "#5"},
				"down": {"uv": [9.25, 3.25, 9.75, 3.75], "texture": "#5"}
			}
		},
		{
			"from": [7.375, 14.175, 6.265],
			"to": [7.5, 14.3, 6.365],
			"rotation": {"angle": 22.5, "axis": "x", "origin": [8, 5.75, 6.75]},
			"faces": {
				"north": {"uv": [9.25, 3.25, 9.75, 3.75], "texture": "#5"},
				"west": {"uv": [9.25, 3.25, 9.75, 3.75], "texture": "#5"},
				"up": {"uv": [9.25, 3.25, 9.75, 3.75], "texture": "#5"},
				"down": {"uv": [9.25, 3.25, 9.75, 3.75], "texture": "#5"}
			}
		},
		{
			"from": [7.25, 10.675, 6.365],
			"to": [8.75, 11.175, 7.115],
			"rotation": {"angle": 22.5, "axis": "x", "origin": [8, 5.75, 6.75]},
			"faces": {
				"north": {"uv": [5.25, 6.25, 5.75, 6.75], "texture": "#1"},
				"south": {"uv": [5.25, 6.25, 5.75, 6.75], "texture": "#1"},
				"up": {"uv": [5.25, 6.25, 5.75, 6.75], "texture": "#1"},
				"down": {"uv": [5.25, 6.25, 5.75, 6.75], "texture": "#1"}
			}
		},
		{
			"from": [6.75, 14.925, 6.365],
			"to": [9.25, 15.175, 6.865],
			"rotation": {"angle": 22.5, "axis": "x", "origin": [8, 5.75, 6.75]},
			"faces": {
				"north": {"uv": [0, 0, 0.5, 0.5], "texture": "#1"},
				"east": {"uv": [0, 0, 0.5, 0.5], "texture": "#1"},
				"south": {"uv": [0, 0, 0.5, 0.5], "texture": "#1"},
				"west": {"uv": [0, 0, 0.5, 0.5], "texture": "#1"}
			}
		},
		{
			"from": [7.5, 11.175, 6.365],
			"to": [8.5, 11.675, 6.865],
			"rotation": {"angle": 22.5, "axis": "x", "origin": [8, 5.75, 6.75]},
			"faces": {
				"north": {"uv": [5.25, 4.25, 5.75, 4.75], "texture": "#0"},
				"south": {"uv": [5.25, 4.25, 5.75, 4.75], "texture": "#0"},
				"up": {"uv": [5.25, 4.25, 5.75, 4.75], "texture": "#0"}
			}
		},
		{
			"from": [7.25, 11.175, 6.365],
			"to": [7.5, 13.675, 6.865],
			"rotation": {"angle": 22.5, "axis": "x", "origin": [8, 5.75, 6.75]},
			"faces": {
				"north": {"uv": [5.25, 4.25, 5.75, 4.75], "texture": "#0"},
				"east": {"uv": [5.25, 4.25, 5.75, 4.75], "texture": "#0"},
				"south": {"uv": [5.25, 4.25, 5.75, 4.75], "texture": "#0"}
			}
		},
		{
			"from": [9.25, 3, 7.5],
			"to": [19, 9, 8],
			"faces": {
				"north": {"uv": [5.25, 6.25, 5.75, 6.75], "texture": "#1"},
				"east": {"uv": [5.25, 6.25, 5.75, 6.75], "texture": "#1"},
				"west": {"uv": [5.25, 6.25, 5.75, 6.75], "texture": "#1"},
				"up": {"uv": [5.25, 6.25, 5.75, 6.75], "texture": "#1"},
				"down": {"uv": [5.25, 6.25, 5.75, 6.75], "texture": "#1"}
			}
		},
		{
			"from": [6.75, 3, 7.5],
			"to": [9.25, 3.5, 8],
			"faces": {
				"north": {"uv": [5.25, 6.25, 5.75, 6.75], "texture": "#1"},
				"south": {"uv": [5.25, 6.25, 5.75, 6.75], "texture": "#1"},
				"up": {"uv": [5.25, 6.25, 5.75, 6.75], "texture": "#1"},
				"down": {"uv": [5.25, 6.25, 5.75, 6.75], "texture": "#1"}
			}
		},
		{
			"from": [6.75, 2.5, 8],
			"to": [9.25, 3, 8.5],
			"faces": {
				"north": {"uv": [5.25, 6.25, 5.75, 6.75], "texture": "#1"},
				"south": {"uv": [5.25, 6.25, 5.75, 6.75], "texture": "#1"},
				"up": {"uv": [5.25, 6.25, 5.75, 6.75], "texture": "#1"},
				"down": {"uv": [5.25, 6.25, 5.75, 6.75], "texture": "#1"}
			}
		},
		{
			"from": [6.75, 2, 8.5],
			"to": [9.25, 2.5, 9],
			"faces": {
				"north": {"uv": [5.25, 6.25, 5.75, 6.75], "texture": "#1"},
				"south": {"uv": [5.25, 6.25, 5.75, 6.75], "texture": "#1"},
				"up": {"uv": [5.25, 6.25, 5.75, 6.75], "texture": "#1"}
			}
		},
		{
			"from": [6.75, 4, 6.5],
			"to": [9.25, 4.5, 7],
			"faces": {
				"north": {"uv": [5.25, 6.25, 5.75, 6.75], "texture": "#1"},
				"south": {"uv": [5.25, 6.25, 5.75, 6.75], "texture": "#1"},
				"up": {"uv": [5.25, 6.25, 5.75, 6.75], "texture": "#1"},
				"down": {"uv": [5.25, 6.25, 5.75, 6.75], "texture": "#1"}
			}
		},
		{
			"from": [6.75, 4.5, 6.175],
			"to": [9.25, 5.365, 6.675],
			"faces": {
				"north": {"uv": [5.25, 6.25, 5.75, 6.75], "texture": "#1"},
				"south": {"uv": [5.25, 6.25, 5.75, 6.75], "texture": "#1"},
				"up": {"uv": [5.25, 6.25, 5.75, 6.75], "texture": "#1"},
				"down": {"uv": [5.25, 6.25, 5.75, 6.75], "texture": "#1"}
			}
		},
		{
			"from": [6.75, 3.5, 7],
			"to": [9.25, 4, 7.5],
			"faces": {
				"north": {"uv": [5.25, 6.25, 5.75, 6.75], "texture": "#1"},
				"south": {"uv": [5.25, 6.25, 5.75, 6.75], "texture": "#1"},
				"up": {"uv": [5.25, 6.25, 5.75, 6.75], "texture": "#1"},
				"down": {"uv": [5.25, 6.25, 5.75, 6.75], "texture": "#1"}
			}
		},
		{
			"from": [9.25, 2.5, 8],
			"to": [19, 10.25, 8.5],
			"rotation": {"angle": 0, "axis": "y", "origin": [0, 0, 0.5]},
			"faces": {
				"north": {"uv": [5.25, 6.25, 5.75, 6.75], "texture": "#1"},
				"east": {"uv": [5.25, 6.25, 5.75, 6.75], "texture": "#1"},
				"west": {"uv": [5.25, 6.25, 5.75, 6.75], "texture": "#1"},
				"up": {"uv": [5.25, 6.25, 5.75, 6.75], "texture": "#1"},
				"down": {"uv": [5.25, 6.25, 5.75, 6.75], "texture": "#1"}
			}
		},
		{
			"from": [-3, 4.5, 6],
			"to": [6.75, 5.5, 6.5],
			"faces": {
				"north": {"uv": [5.25, 6.25, 5.75, 6.75], "texture": "#1"},
				"east": {"uv": [5.25, 6.25, 5.75, 6.75], "texture": "#1"},
				"west": {"uv": [5.25, 6.25, 5.75, 6.75], "texture": "#1"},
				"up": {"uv": [5.25, 6.25, 5.75, 6.75], "texture": "#1"},
				"down": {"uv": [5.25, 6.25, 5.75, 6.75], "texture": "#1"}
			}
		},
		{
			"from": [-3, 4, 6.5],
			"to": [6.75, 6.7, 7],
			"faces": {
				"north": {"uv": [5.25, 6.25, 5.75, 6.75], "texture": "#1"},
				"east": {"uv": [5.25, 6.25, 5.75, 6.75], "texture": "#1"},
				"west": {"uv": [5.25, 6.25, 5.75, 6.75], "texture": "#1"},
				"down": {"uv": [5.25, 6.25, 5.75, 6.75], "texture": "#1"}
			}
		},
		{
			"from": [-3, 3.5, 7],
			"to": [6.75, 7.9, 7.5],
			"faces": {
				"north": {"uv": [5.25, 6.25, 5.75, 6.75], "texture": "#1"},
				"east": {"uv": [5.25, 6.25, 5.75, 6.75], "texture": "#1"},
				"west": {"uv": [5.25, 6.25, 5.75, 6.75], "texture": "#1"},
				"down": {"uv": [5.25, 6.25, 5.75, 6.75], "texture": "#1"}
			}
		},
		{
			"from": [-3, 3, 7.5],
			"to": [6.75, 9, 8],
			"faces": {
				"north": {"uv": [5.25, 6.25, 5.75, 6.75], "texture": "#1"},
				"east": {"uv": [5.25, 6.25, 5.75, 6.75], "texture": "#1"},
				"west": {"uv": [5.25, 6.25, 5.75, 6.75], "texture": "#1"},
				"up": {"uv": [5.25, 6.25, 5.75, 6.75], "texture": "#1"},
				"down": {"uv": [5.25, 6.25, 5.75, 6.75], "texture": "#1"}
			}
		},
		{
			"from": [-3, 2.5, 8],
			"to": [6.75, 10.25, 8.5],
			"rotation": {"angle": 0, "axis": "y", "origin": [0, 0, 0.5]},
			"faces": {
				"north": {"uv": [5.25, 6.25, 5.75, 6.75], "texture": "#1"},
				"east": {"uv": [5.25, 6.25, 5.75, 6.75], "texture": "#1"},
				"west": {"uv": [5.25, 6.25, 5.75, 6.75], "texture": "#1"},
				"up": {"uv": [5.25, 6.25, 5.75, 6.75], "texture": "#1"},
				"down": {"uv": [5.25, 6.25, 5.75, 6.75], "texture": "#1"}
			}
		},
		{
			"from": [-3, 2, 8.5],
			"to": [6.75, 11.25, 16],
			"faces": {
				"north": {"uv": [5.25, 6.25, 5.75, 6.75], "texture": "#1"},
				"east": {"uv": [5.25, 6.25, 5.75, 6.75], "texture": "#1"},
				"south": {"uv": [5.25, 6.25, 5.75, 6.75], "texture": "#1"},
				"west": {"uv": [5.25, 6.25, 5.75, 6.75], "texture": "#1"},
				"up": {"uv": [5.25, 6.25, 5.75, 6.75], "texture": "#1"}
			}
		}
	],
	"display": {
		"gui": {
			"rotation": [45, -135, 0],
			"translation": [2.25, -1.75, 0]
		},
		"head": {
			"translation": [0, -21, 0],
			"scale": [2.75, 2.75, 2.75]
		},
		"fixed": {
			"translation": [0, 16, -30],
			"scale": [4, 4, 4]
		}
	}
}