{
	"credit": "Made with Blockbench",
	"textures": {
		"0": "item/cit/stone3",
		"1": "item/cit/emerald2",
		"2": "item/cit/amethyst",
		"3": "item/cit/graygarasu",
		"5": "item/cit/aquamarine",
		"6": "item/cit/ongekigamen",
		"7": "item/cit/pinkdia",
		"8": "item/cit/ongekiue",
		"9": "item/cit/ongekigarasu",
		"10": "item/cit/ana",
		"11": "item/cit/ruby",
		"12": "item/cit/gold",
		"13": "item/cit/lapis",
		"particle": "item/cit/stone3"
	},
	"elements": [
		{
			"from": [2, 0, 7],
			"to": [14, 0.5, 16],
			"faces": {
				"north": {"uv": [11.5, 3.25, 11.75, 3.5], "texture": "#0"},
				"east": {"uv": [0, 0, 0, 0], "texture": "#0"},
				"south": {"uv": [11.5, 3.25, 11.75, 3.5], "texture": "#0"},
				"west": {"uv": [0, 0, 0, 0], "texture": "#0"},
				"up": {"uv": [11.5, 3.25, 11.75, 3.5], "texture": "#0"},
				"down": {"uv": [0, 0, 0, 0], "texture": "#0"}
			}
		},
		{
			"from": [2, 0.5, 7.25],
			"to": [14, 0.75, 15.75],
			"faces": {
				"north": {"uv": [11.5, 3.25, 11.75, 3.5], "texture": "#0"},
				"east": {"uv": [0, 0, 0, 0], "texture": "#0"},
				"south": {"uv": [11.5, 3.25, 11.75, 3.5], "texture": "#0"},
				"west": {"uv": [0, 0, 0, 0], "texture": "#0"},
				"up": {"uv": [11.5, 3.25, 11.75, 3.5], "texture": "#0"}
			}
		},
		{
			"from": [2, 0.75, 7.5],
			"to": [14, 1, 15.5],
			"faces": {
				"north": {"uv": [11.5, 3.25, 11.75, 3.5], "texture": "#0"},
				"east": {"uv": [0, 0, 0, 0], "texture": "#0"},
				"south": {"uv": [11.5, 3.25, 11.75, 3.5], "texture": "#0"},
				"west": {"uv": [0, 0, 0, 0], "texture": "#0"},
				"up": {"uv": [11.5, 3.25, 11.75, 3.5], "texture": "#0"}
			}
		},
		{
			"from": [12.5, 9.25, 13.75],
			"to": [13, 23.75, 14.5],
			"faces": {
				"north": {"uv": [0, 0, 0, 0], "texture": "#0"},
				"south": {"uv": [0, 0, 0, 0], "texture": "#0"},
				"up": {"uv": [0, 0, 0, 0], "texture": "#0"}
			}
		},
		{
			"from": [13, 9.25, 13.75],
			"to": [13.5, 15.5, 14.5],
			"faces": {
				"north": {"uv": [0, 0, 0, 0], "texture": "#0"},
				"south": {"uv": [0, 0, 0, 0], "texture": "#0"}
			}
		},
		{
			"from": [13, 18, 13.75],
			"to": [13.5, 23.75, 14.5],
			"faces": {
				"north": {"uv": [0, 0, 0, 0], "texture": "#0"},
				"south": {"uv": [0, 0, 0, 0], "texture": "#0"},
				"up": {"uv": [0, 0, 0, 0], "texture": "#0"}
			}
		},
		{
			"from": [13, 15.5, 13.75],
			"to": [13.5, 18, 14.5],
			"faces": {
				"north": {"uv": [12, 9, 16, 16], "texture": "#0"},
				"south": {"uv": [0, 0, 0, 0], "texture": "#0"}
			}
		},
		{
			"from": [13.5, 9.25, 13.75],
			"to": [14, 23.75, 14.5],
			"faces": {
				"north": {"uv": [0, 0, 0, 0], "texture": "#0"},
				"east": {"uv": [0, 0, 0, 0], "texture": "#0"},
				"south": {"uv": [0, 0, 0, 0], "texture": "#0"},
				"up": {"uv": [0, 0, 0, 0], "texture": "#0"}
			}
		},
		{
			"from": [2.5, 18, 13.75],
			"to": [3, 23.75, 14.5],
			"faces": {
				"north": {"uv": [0, 0, 0, 0], "texture": "#0"},
				"south": {"uv": [0, 0, 0, 0], "texture": "#0"},
				"up": {"uv": [0, 0, 0, 0], "texture": "#0"}
			}
		},
		{
			"from": [2, 9.25, 13.75],
			"to": [2.5, 23.75, 14.5],
			"faces": {
				"north": {"uv": [0, 0, 0, 0], "texture": "#0"},
				"south": {"uv": [0, 0, 0, 0], "texture": "#0"},
				"west": {"uv": [0, 0, 0, 0], "texture": "#0"},
				"up": {"uv": [0, 0, 0, 0], "texture": "#0"}
			}
		},
		{
			"from": [2.5, 15.5, 13.75],
			"to": [3, 18, 14.5],
			"faces": {
				"north": {"uv": [12, 9, 16, 16], "texture": "#0"},
				"south": {"uv": [0, 0, 0, 0], "texture": "#0"}
			}
		},
		{
			"from": [2.5, 9.25, 13.75],
			"to": [3, 15.5, 14.5],
			"faces": {
				"north": {"uv": [0, 0, 0, 0], "texture": "#0"},
				"south": {"uv": [0, 0, 0, 0], "texture": "#0"}
			}
		},
		{
			"from": [3, 9.25, 13.75],
			"to": [3.5, 23.75, 14.5],
			"faces": {
				"north": {"uv": [0, 0, 0, 0], "texture": "#0"},
				"south": {"uv": [0, 0, 0, 0], "texture": "#0"},
				"up": {"uv": [0, 0, 0, 0], "texture": "#0"}
			}
		},
		{
			"from": [14, 11.25, 13.75],
			"to": [14.1, 20.25, 14.25],
			"faces": {
				"north": {"uv": [0, 0, 0.5, 0.5], "texture": "#0"},
				"east": {"uv": [0, 0, 0.5, 0.5], "texture": "#0"},
				"south": {"uv": [0, 0, 0.5, 0.5], "texture": "#0"},
				"up": {"uv": [0, 0, 0.5, 0.5], "texture": "#0"},
				"down": {"uv": [0, 0, 0.5, 0.5], "texture": "#0"}
			}
		},
		{
			"from": [14, 19.75, 12.75],
			"to": [14.1, 20.25, 13.75],
			"faces": {
				"north": {"uv": [0, 0, 0.5, 0.5], "texture": "#0"},
				"east": {"uv": [0, 0, 0.5, 0.5], "texture": "#0"},
				"west": {"uv": [0, 0, 0.5, 0.5], "texture": "#0"},
				"up": {"uv": [0, 0, 0.5, 0.5], "texture": "#0"}
			}
		},
		{
			"from": [14, 13.25, 12.75],
			"to": [14.1, 19.75, 13.75],
			"faces": {
				"east": {"uv": [0, 0, 0.5, 0.5], "texture": "#3"},
				"west": {"uv": [0, 0, 0.5, 0.5], "texture": "#3"}
			}
		},
		{
			"from": [14, 13.25, 11.75],
			"to": [14.1, 19.5, 12.75],
			"faces": {
				"east": {"uv": [0, 0, 0.5, 0.5], "texture": "#3"},
				"west": {"uv": [0, 0, 0.5, 0.5], "texture": "#3"}
			}
		},
		{
			"from": [14, 13.25, 10.75],
			"to": [14.1, 19.25, 11.75],
			"faces": {
				"east": {"uv": [0, 0, 0.5, 0.5], "texture": "#3"},
				"west": {"uv": [0, 0, 0.5, 0.5], "texture": "#3"}
			}
		},
		{
			"from": [14, 13.25, 9.75],
			"to": [14.1, 19, 10.75],
			"faces": {
				"east": {"uv": [0, 0, 0.5, 0.5], "texture": "#3"},
				"west": {"uv": [0, 0, 0.5, 0.5], "texture": "#3"}
			}
		},
		{
			"from": [14, 13.25, 9.5],
			"to": [14.1, 18.75, 9.75],
			"faces": {
				"east": {"uv": [0, 0, 0.5, 0.5], "texture": "#3"},
				"west": {"uv": [0, 0, 0.5, 0.5], "texture": "#3"}
			}
		},
		{
			"from": [14, 15.25, 9.25],
			"to": [14.1, 18.75, 9.5],
			"faces": {
				"east": {"uv": [0, 0, 0.5, 0.5], "texture": "#3"},
				"west": {"uv": [0, 0, 0.5, 0.5], "texture": "#3"}
			}
		},
		{
			"from": [14, 17.75, 9],
			"to": [14.1, 18.75, 9.25],
			"faces": {
				"east": {"uv": [0, 0, 0.5, 0.5], "texture": "#3"},
				"west": {"uv": [0, 0, 0.5, 0.5], "texture": "#3"}
			}
		},
		{
			"from": [14, 12.25, 13.5],
			"to": [14.1, 13.25, 13.75],
			"faces": {
				"east": {"uv": [0, 0, 0.5, 0.5], "texture": "#3"},
				"west": {"uv": [0, 0, 0.5, 0.5], "texture": "#3"}
			}
		},
		{
			"from": [14, 12.5, 13.25],
			"to": [14.1, 13.25, 13.5],
			"faces": {
				"east": {"uv": [0, 0, 0.5, 0.5], "texture": "#3"},
				"west": {"uv": [0, 0, 0.5, 0.5], "texture": "#3"}
			}
		},
		{
			"from": [14, 12.75, 13],
			"to": [14.1, 13.25, 13.25],
			"faces": {
				"east": {"uv": [0, 0, 0.5, 0.5], "texture": "#3"},
				"west": {"uv": [0, 0, 0.5, 0.5], "texture": "#3"}
			}
		},
		{
			"from": [14, 13, 12.75],
			"to": [14.1, 13.25, 13],
			"faces": {
				"east": {"uv": [0, 0, 0.5, 0.5], "texture": "#3"},
				"west": {"uv": [0, 0, 0.5, 0.5], "texture": "#3"}
			}
		},
		{
			"from": [14, 11.75, 13.5],
			"to": [14.1, 12.25, 13.75],
			"faces": {
				"north": {"uv": [0, 0, 0.5, 0.5], "texture": "#0"},
				"east": {"uv": [0, 0, 0.5, 0.5], "texture": "#0"},
				"west": {"uv": [0, 0, 0.5, 0.5], "texture": "#0"},
				"down": {"uv": [0, 0, 0.5, 0.5], "texture": "#0"}
			}
		},
		{
			"from": [14, 12, 13.25],
			"to": [14.1, 12.5, 13.5],
			"faces": {
				"north": {"uv": [0, 0, 0.5, 0.5], "texture": "#0"},
				"east": {"uv": [0, 0, 0.5, 0.5], "texture": "#0"},
				"west": {"uv": [0, 0, 0.5, 0.5], "texture": "#0"},
				"down": {"uv": [0, 0, 0.5, 0.5], "texture": "#0"}
			}
		},
		{
			"from": [14, 12.5, 12.75],
			"to": [14.1, 13, 13],
			"faces": {
				"north": {"uv": [0, 0, 0.5, 0.5], "texture": "#0"},
				"east": {"uv": [0, 0, 0.5, 0.5], "texture": "#0"},
				"west": {"uv": [0, 0, 0.5, 0.5], "texture": "#0"},
				"down": {"uv": [0, 0, 0.5, 0.5], "texture": "#0"}
			}
		},
		{
			"from": [14, 12.75, 12.5],
			"to": [14.1, 13.25, 12.75],
			"faces": {
				"east": {"uv": [0, 0, 0.5, 0.5], "texture": "#0"},
				"west": {"uv": [0, 0, 0.5, 0.5], "texture": "#0"},
				"down": {"uv": [0, 0, 0.5, 0.5], "texture": "#0"}
			}
		},
		{
			"from": [14, 12.25, 13],
			"to": [14.1, 12.75, 13.25],
			"faces": {
				"north": {"uv": [0, 0, 0.5, 0.5], "texture": "#0"},
				"east": {"uv": [0, 0, 0.5, 0.5], "texture": "#0"},
				"west": {"uv": [0, 0, 0.5, 0.5], "texture": "#0"},
				"down": {"uv": [0, 0, 0.5, 0.5], "texture": "#0"}
			}
		},
		{
			"from": [14, 19.5, 11.75],
			"to": [14.1, 20, 12.75],
			"faces": {
				"north": {"uv": [0, 0, 0.5, 0.5], "texture": "#0"},
				"east": {"uv": [0, 0, 0.5, 0.5], "texture": "#0"},
				"west": {"uv": [0, 0, 0.5, 0.5], "texture": "#0"},
				"up": {"uv": [0, 0, 0.5, 0.5], "texture": "#0"}
			}
		},
		{
			"from": [14, 19.25, 10.75],
			"to": [14.1, 19.75, 11.75],
			"faces": {
				"north": {"uv": [0, 0, 0.5, 0.5], "texture": "#0"},
				"east": {"uv": [0, 0, 0.5, 0.5], "texture": "#0"},
				"west": {"uv": [0, 0, 0.5, 0.5], "texture": "#0"},
				"up": {"uv": [0, 0, 0.5, 0.5], "texture": "#0"}
			}
		},
		{
			"from": [14, 18.75, 9],
			"to": [14.1, 19.25, 9.75],
			"faces": {
				"east": {"uv": [0, 0, 0.5, 0.5], "texture": "#0"},
				"west": {"uv": [0, 0, 0.5, 0.5], "texture": "#0"},
				"up": {"uv": [0, 0, 0.5, 0.5], "texture": "#0"}
			}
		},
		{
			"from": [14, 12.75, 9.5],
			"to": [14.1, 13.25, 12.5],
			"faces": {
				"east": {"uv": [0, 0, 0.5, 0.5], "texture": "#0"},
				"west": {"uv": [0, 0, 0.5, 0.5], "texture": "#0"},
				"down": {"uv": [0, 0, 0.5, 0.5], "texture": "#0"}
			}
		},
		{
			"from": [14, 19, 9.75],
			"to": [14.1, 19.5, 10.75],
			"faces": {
				"north": {"uv": [0, 0, 0.5, 0.5], "texture": "#0"},
				"east": {"uv": [0, 0, 0.5, 0.5], "texture": "#0"},
				"west": {"uv": [0, 0, 0.5, 0.5], "texture": "#0"},
				"up": {"uv": [0, 0, 0.5, 0.5], "texture": "#0"}
			}
		},
		{
			"from": [1.9, 18.75, 9],
			"to": [2, 19.25, 9.75],
			"faces": {
				"east": {"uv": [0, 0, 0.5, 0.5], "texture": "#0"},
				"west": {"uv": [0, 0, 0.5, 0.5], "texture": "#0"},
				"up": {"uv": [0, 0, 0.5, 0.5], "texture": "#0"}
			}
		},
		{
			"from": [1.9, 19, 9.75],
			"to": [2, 19.5, 10.75],
			"faces": {
				"north": {"uv": [0, 0, 0.5, 0.5], "texture": "#0"},
				"east": {"uv": [0, 0, 0.5, 0.5], "texture": "#0"},
				"west": {"uv": [0, 0, 0.5, 0.5], "texture": "#0"},
				"up": {"uv": [0, 0, 0.5, 0.5], "texture": "#0"}
			}
		},
		{
			"from": [1.9, 19.25, 10.75],
			"to": [2, 19.75, 11.75],
			"faces": {
				"north": {"uv": [0, 0, 0.5, 0.5], "texture": "#0"},
				"east": {"uv": [0, 0, 0.5, 0.5], "texture": "#0"},
				"west": {"uv": [0, 0, 0.5, 0.5], "texture": "#0"},
				"up": {"uv": [0, 0, 0.5, 0.5], "texture": "#0"}
			}
		},
		{
			"from": [1.9, 19.5, 11.75],
			"to": [2, 20, 12.75],
			"faces": {
				"north": {"uv": [0, 0, 0.5, 0.5], "texture": "#0"},
				"east": {"uv": [0, 0, 0.5, 0.5], "texture": "#0"},
				"west": {"uv": [0, 0, 0.5, 0.5], "texture": "#0"},
				"up": {"uv": [0, 0, 0.5, 0.5], "texture": "#0"}
			}
		},
		{
			"from": [1.9, 19.75, 12.75],
			"to": [2, 20.25, 13.75],
			"faces": {
				"north": {"uv": [0, 0, 0.5, 0.5], "texture": "#0"},
				"east": {"uv": [0, 0, 0.5, 0.5], "texture": "#0"},
				"west": {"uv": [0, 0, 0.5, 0.5], "texture": "#0"},
				"up": {"uv": [0, 0, 0.5, 0.5], "texture": "#0"}
			}
		},
		{
			"from": [1.9, 11.25, 13.75],
			"to": [2, 20.25, 14.25],
			"faces": {
				"north": {"uv": [0, 0, 0.5, 0.5], "texture": "#0"},
				"south": {"uv": [0, 0, 0.5, 0.5], "texture": "#0"},
				"west": {"uv": [0, 0, 0.5, 0.5], "texture": "#0"},
				"up": {"uv": [0, 0, 0.5, 0.5], "texture": "#0"},
				"down": {"uv": [0, 0, 0.5, 0.5], "texture": "#0"}
			}
		},
		{
			"from": [1.9, 11.75, 13.5],
			"to": [2, 12.25, 13.75],
			"faces": {
				"north": {"uv": [0, 0, 0.5, 0.5], "texture": "#0"},
				"east": {"uv": [0, 0, 0.5, 0.5], "texture": "#0"},
				"west": {"uv": [0, 0, 0.5, 0.5], "texture": "#0"},
				"down": {"uv": [0, 0, 0.5, 0.5], "texture": "#0"}
			}
		},
		{
			"from": [1.9, 12, 13.25],
			"to": [2, 12.5, 13.5],
			"faces": {
				"north": {"uv": [0, 0, 0.5, 0.5], "texture": "#0"},
				"east": {"uv": [0, 0, 0.5, 0.5], "texture": "#0"},
				"west": {"uv": [0, 0, 0.5, 0.5], "texture": "#0"},
				"down": {"uv": [0, 0, 0.5, 0.5], "texture": "#0"}
			}
		},
		{
			"from": [1.9, 12.25, 13],
			"to": [2, 12.75, 13.25],
			"faces": {
				"north": {"uv": [0, 0, 0.5, 0.5], "texture": "#0"},
				"east": {"uv": [0, 0, 0.5, 0.5], "texture": "#0"},
				"west": {"uv": [0, 0, 0.5, 0.5], "texture": "#0"},
				"down": {"uv": [0, 0, 0.5, 0.5], "texture": "#0"}
			}
		},
		{
			"from": [1.9, 12.5, 12.75],
			"to": [2, 13, 13],
			"faces": {
				"north": {"uv": [0, 0, 0.5, 0.5], "texture": "#0"},
				"east": {"uv": [0, 0, 0.5, 0.5], "texture": "#0"},
				"west": {"uv": [0, 0, 0.5, 0.5], "texture": "#0"},
				"down": {"uv": [0, 0, 0.5, 0.5], "texture": "#0"}
			}
		},
		{
			"from": [1.9, 12.75, 12.5],
			"to": [2, 13.25, 12.75],
			"faces": {
				"east": {"uv": [0, 0, 0.5, 0.5], "texture": "#0"},
				"west": {"uv": [0, 0, 0.5, 0.5], "texture": "#0"},
				"down": {"uv": [0, 0, 0.5, 0.5], "texture": "#0"}
			}
		},
		{
			"from": [1.9, 12.75, 9.5],
			"to": [2, 13.25, 12.5],
			"faces": {
				"east": {"uv": [0, 0, 0.5, 0.5], "texture": "#0"},
				"west": {"uv": [0, 0, 0.5, 0.5], "texture": "#0"},
				"down": {"uv": [0, 0, 0.5, 0.5], "texture": "#0"}
			}
		},
		{
			"from": [1.9, 13.25, 12.75],
			"to": [2, 19.75, 13.75],
			"faces": {
				"east": {"uv": [0, 0, 0.5, 0.5], "texture": "#3"},
				"west": {"uv": [0, 0, 0.5, 0.5], "texture": "#3"}
			}
		},
		{
			"from": [1.9, 12.25, 13.5],
			"to": [2, 13.25, 13.75],
			"faces": {
				"east": {"uv": [0, 0, 0.5, 0.5], "texture": "#3"},
				"west": {"uv": [0, 0, 0.5, 0.5], "texture": "#3"}
			}
		},
		{
			"from": [1.9, 12.5, 13.25],
			"to": [2, 13.25, 13.5],
			"faces": {
				"east": {"uv": [0, 0, 0.5, 0.5], "texture": "#3"},
				"west": {"uv": [0, 0, 0.5, 0.5], "texture": "#3"}
			}
		},
		{
			"from": [1.9, 12.75, 13],
			"to": [2, 13.25, 13.25],
			"faces": {
				"east": {"uv": [0, 0, 0.5, 0.5], "texture": "#3"},
				"west": {"uv": [0, 0, 0.5, 0.5], "texture": "#3"}
			}
		},
		{
			"from": [1.9, 13, 12.75],
			"to": [2, 13.25, 13],
			"faces": {
				"east": {"uv": [0, 0, 0.5, 0.5], "texture": "#3"},
				"west": {"uv": [0, 0, 0.5, 0.5], "texture": "#3"}
			}
		},
		{
			"from": [1.9, 13.25, 11.75],
			"to": [2, 19.5, 12.75],
			"faces": {
				"east": {"uv": [0, 0, 0.5, 0.5], "texture": "#3"},
				"west": {"uv": [0, 0, 0.5, 0.5], "texture": "#3"}
			}
		},
		{
			"from": [1.9, 13.25, 10.75],
			"to": [2, 19.25, 11.75],
			"faces": {
				"east": {"uv": [0, 0, 0.5, 0.5], "texture": "#3"},
				"west": {"uv": [0, 0, 0.5, 0.5], "texture": "#3"}
			}
		},
		{
			"from": [1.9, 13.25, 9.75],
			"to": [2, 19, 10.75],
			"faces": {
				"east": {"uv": [0, 0, 0.5, 0.5], "texture": "#3"},
				"west": {"uv": [0, 0, 0.5, 0.5], "texture": "#3"}
			}
		},
		{
			"from": [1.9, 13.25, 9.5],
			"to": [2, 18.75, 9.75],
			"faces": {
				"east": {"uv": [0, 0, 0.5, 0.5], "texture": "#3"},
				"west": {"uv": [0, 0, 0.5, 0.5], "texture": "#3"}
			}
		},
		{
			"from": [1.9, 15.25, 9.25],
			"to": [2, 18.75, 9.5],
			"faces": {
				"east": {"uv": [0, 0, 0.5, 0.5], "texture": "#3"},
				"west": {"uv": [0, 0, 0.5, 0.5], "texture": "#3"}
			}
		},
		{
			"from": [1.9, 17.75, 9],
			"to": [2, 18.75, 9.25],
			"faces": {
				"east": {"uv": [0, 0, 0.5, 0.5], "texture": "#3"},
				"west": {"uv": [0, 0, 0.5, 0.5], "texture": "#3"}
			}
		},
		{
			"from": [3.5, 22.75, 13.75],
			"to": [12.5, 23.75, 14.5],
			"faces": {
				"north": {"uv": [0, 0, 0, 0], "texture": "#0"},
				"south": {"uv": [0, 0, 0, 0], "texture": "#0"},
				"up": {"uv": [0, 0, 0, 0], "texture": "#0"}
			}
		},
		{
			"from": [3.5, 9.25, 13.75],
			"to": [12.5, 22.75, 14.5],
			"faces": {
				"north": {"uv": [2, 0, 14, 16], "texture": "#6"},
				"south": {"uv": [0, 0, 0, 0], "texture": "#0"}
			}
		},
		{
			"from": [2, 1, 10.25],
			"to": [14, 9.25, 14.5],
			"faces": {
				"north": {"uv": [0, 0, 0, 0], "texture": "#0"},
				"east": {"uv": [0, 0, 0, 0], "texture": "#0"},
				"south": {"uv": [0, 0, 0, 0], "texture": "#0"},
				"west": {"uv": [0, 0, 0, 0], "texture": "#0"},
				"up": {"uv": [0, 0, 0, 0], "texture": "#0"}
			}
		},
		{
			"from": [2, 3, 10],
			"to": [14, 9.25, 10.25],
			"rotation": {"angle": 0, "axis": "y", "origin": [0, 0, 1.25]},
			"faces": {
				"north": {"uv": [0, 0, 0, 0], "texture": "#0"},
				"east": {"uv": [0, 0, 0, 0], "texture": "#0"},
				"west": {"uv": [0, 0, 0, 0], "texture": "#0"},
				"down": {"uv": [0, 0, 0, 0], "texture": "#0"}
			}
		},
		{
			"from": [2, 9.75, 6.75],
			"to": [14, 10.5, 9.5],
			"rotation": {"angle": 0, "axis": "y", "origin": [0, 0, -0.5]},
			"faces": {
				"north": {"uv": [0, 0, 0, 0], "texture": "#0"},
				"south": {"uv": [0, 0, 0, 0], "texture": "#0"},
				"up": {"uv": [6.25, 12.25, 6.75, 12.75], "texture": "#0"},
				"down": {"uv": [0, 0, 0, 0], "texture": "#0"}
			}
		},
		{
			"from": [2, 9.75, 9.75],
			"to": [14, 10.5, 10.5],
			"rotation": {"angle": 0, "axis": "y", "origin": [0, 0, -0.5]},
			"faces": {
				"north": {"uv": [0, 0, 0, 0], "texture": "#0"},
				"east": {"uv": [0, 0, 0, 0], "texture": "#0"},
				"west": {"uv": [0, 0, 0, 0], "texture": "#0"},
				"up": {"uv": [6.25, 12.25, 6.75, 12.75], "texture": "#0"}
			}
		},
		{
			"from": [8.75, 9.75, 9.5],
			"to": [14, 10.5, 9.75],
			"rotation": {"angle": 0, "axis": "y", "origin": [0, 0, -0.5]},
			"faces": {
				"west": {"uv": [0, 0, 0, 0], "texture": "#0"},
				"up": {"uv": [6.25, 12.25, 6.75, 12.75], "texture": "#0"}
			}
		},
		{
			"from": [2.25, 9.75, 9.5],
			"to": [7.25, 10.5, 9.75],
			"rotation": {"angle": 0, "axis": "y", "origin": [0, 0, -0.5]},
			"faces": {
				"east": {"uv": [0, 0, 0, 0], "texture": "#0"},
				"west": {"uv": [0, 0, 0, 0], "texture": "#0"},
				"up": {"uv": [6.25, 12.25, 6.75, 12.75], "texture": "#0"}
			}
		},
		{
			"from": [7.25, 9.5, 9.5],
			"to": [8.75, 10.25, 9.75],
			"rotation": {"angle": 0, "axis": "y", "origin": [0, 0, -0.5]},
			"faces": {
				"up": {"uv": [0, 0, 0, 0], "texture": "#0"}
			}
		},
		{
			"from": [7.875, 10, 9.5],
			"to": [8.125, 11.25, 9.75],
			"rotation": {"angle": 0, "axis": "y", "origin": [0, 0, -0.5]},
			"faces": {
				"north": {"uv": [1, 8, 4, 11], "texture": "#0"},
				"east": {"uv": [1, 8, 4, 11], "texture": "#0"},
				"south": {"uv": [1, 8, 4, 11], "texture": "#0"},
				"west": {"uv": [1, 8, 4, 11], "texture": "#0"}
			}
		},
		{
			"from": [7.75, 11.25, 9.4],
			"to": [8.25, 12.5, 9.9],
			"rotation": {"angle": 0, "axis": "y", "origin": [0, 0, -0.5]},
			"faces": {
				"north": {"uv": [0, 0, 3, 3], "texture": "#0"},
				"east": {"uv": [0, 0, 3, 3], "texture": "#0"},
				"south": {"uv": [0, 0, 3, 3], "texture": "#0"},
				"west": {"uv": [0, 0, 3, 3], "texture": "#0"},
				"up": {"uv": [0, 0, 3, 3], "texture": "#0"},
				"down": {"uv": [0, 0, 3, 3], "texture": "#0"}
			}
		},
		{
			"from": [7.75, 12.25, 9.9],
			"to": [8.25, 12.5, 10],
			"rotation": {"angle": 0, "axis": "y", "origin": [0, 0, -0.5]},
			"faces": {
				"east": {"uv": [0, 0, 3, 3], "texture": "#0"},
				"south": {"uv": [0, 0, 3, 3], "texture": "#0"},
				"west": {"uv": [0, 0, 3, 3], "texture": "#0"},
				"up": {"uv": [0, 0, 3, 3], "texture": "#0"},
				"down": {"uv": [0, 0, 3, 3], "texture": "#0"}
			}
		},
		{
			"from": [7.75, 11.75, 9.9],
			"to": [8.25, 12, 10],
			"rotation": {"angle": 0, "axis": "y", "origin": [0, 0, -0.5]},
			"faces": {
				"east": {"uv": [0, 0, 3, 3], "texture": "#0"},
				"south": {"uv": [0, 0, 3, 3], "texture": "#0"},
				"west": {"uv": [0, 0, 3, 3], "texture": "#0"},
				"up": {"uv": [0, 0, 3, 3], "texture": "#0"},
				"down": {"uv": [0, 0, 3, 3], "texture": "#0"}
			}
		},
		{
			"from": [7.75, 11.25, 9.9],
			"to": [8.25, 11.5, 10],
			"rotation": {"angle": 0, "axis": "y", "origin": [0, 0, -0.5]},
			"faces": {
				"east": {"uv": [0, 0, 3, 3], "texture": "#0"},
				"south": {"uv": [0, 0, 3, 3], "texture": "#0"},
				"west": {"uv": [0, 0, 3, 3], "texture": "#0"},
				"up": {"uv": [0, 0, 3, 3], "texture": "#0"},
				"down": {"uv": [0, 0, 3, 3], "texture": "#0"}
			}
		},
		{
			"from": [11.5, 10.5, 8],
			"to": [12.5, 10.6, 9],
			"rotation": {"angle": 0, "axis": "y", "origin": [0, 0, -0.5]},
			"faces": {
				"north": {"uv": [6, 14.25, 6.5, 14.75], "texture": "#0"},
				"east": {"uv": [6, 14.25, 6.5, 14.75], "texture": "#0"},
				"south": {"uv": [6, 14.25, 6.5, 14.75], "texture": "#0"},
				"west": {"uv": [6, 14.25, 6.5, 14.75], "texture": "#0"},
				"up": {"uv": [6, 14.25, 6.5, 14.75], "texture": "#0"}
			}
		},
		{
			"from": [11.5, 10.5, 9.75],
			"to": [12, 10.6, 10.25],
			"rotation": {"angle": 0, "axis": "y", "origin": [0, 0, -0.5]},
			"faces": {
				"north": {"uv": [6, 7, 9, 10], "texture": "#11"},
				"east": {"uv": [6, 7, 9, 10], "texture": "#11"},
				"south": {"uv": [6, 7, 9, 10], "texture": "#11"},
				"west": {"uv": [6, 7, 9, 10], "texture": "#11"},
				"up": {"uv": [6, 7, 9, 10], "texture": "#11"}
			}
		},
		{
			"from": [4, 10.5, 9.75],
			"to": [4.5, 10.6, 10.25],
			"rotation": {"angle": 0, "axis": "y", "origin": [0, 0, -0.5]},
			"faces": {
				"north": {"uv": [6, 7, 9, 10], "texture": "#12"},
				"east": {"uv": [6, 7, 9, 10], "texture": "#12"},
				"south": {"uv": [6, 7, 9, 10], "texture": "#12"},
				"west": {"uv": [6, 7, 9, 10], "texture": "#12"},
				"up": {"uv": [6, 7, 9, 10], "texture": "#12"}
			}
		},
		{
			"from": [11.6, 10.6, 8.1],
			"to": [12.4, 10.7, 8.9],
			"rotation": {"angle": 0, "axis": "y", "origin": [0, 0, -0.5]},
			"faces": {
				"north": {"uv": [2, 2, 5, 5], "texture": "#11"},
				"east": {"uv": [2, 2, 5, 5], "texture": "#11"},
				"south": {"uv": [2, 2, 5, 5], "texture": "#11"},
				"west": {"uv": [2, 2, 5, 5], "texture": "#11"},
				"up": {"uv": [2, 2, 5, 5], "texture": "#11"}
			}
		},
		{
			"from": [10.35, 10.6, 8.1],
			"to": [11.15, 10.7, 8.9],
			"rotation": {"angle": 0, "axis": "y", "origin": [0, 0, -0.5]},
			"faces": {
				"north": {"uv": [2, 2, 5, 5], "texture": "#1"},
				"east": {"uv": [2, 2, 5, 5], "texture": "#1"},
				"south": {"uv": [2, 2, 5, 5], "texture": "#1"},
				"west": {"uv": [2, 2, 5, 5], "texture": "#1"},
				"up": {"uv": [2, 2, 5, 5], "texture": "#1"}
			}
		},
		{
			"from": [9.1, 10.6, 8.1],
			"to": [9.9, 10.7, 8.9],
			"rotation": {"angle": 0, "axis": "y", "origin": [0, 0, -0.5]},
			"faces": {
				"north": {"uv": [2, 2, 5, 5], "texture": "#13"},
				"east": {"uv": [2, 2, 5, 5], "texture": "#13"},
				"south": {"uv": [2, 2, 5, 5], "texture": "#13"},
				"west": {"uv": [2, 2, 5, 5], "texture": "#13"},
				"up": {"uv": [2, 2, 5, 5], "texture": "#13"}
			}
		},
		{
			"from": [9, 10.5, 8],
			"to": [10, 10.6, 9],
			"rotation": {"angle": 0, "axis": "y", "origin": [0, 0, -0.5]},
			"faces": {
				"north": {"uv": [6, 14.25, 6.5, 14.75], "texture": "#0"},
				"east": {"uv": [6, 14.25, 6.5, 14.75], "texture": "#0"},
				"south": {"uv": [6, 14.25, 6.5, 14.75], "texture": "#0"},
				"west": {"uv": [6, 14.25, 6.5, 14.75], "texture": "#0"},
				"up": {"uv": [6, 14.25, 6.5, 14.75], "texture": "#0"}
			}
		},
		{
			"from": [10.25, 10.5, 8],
			"to": [11.25, 10.6, 9],
			"rotation": {"angle": 0, "axis": "y", "origin": [0, 0, -0.5]},
			"faces": {
				"north": {"uv": [6, 14.25, 6.5, 14.75], "texture": "#0"},
				"east": {"uv": [6, 14.25, 6.5, 14.75], "texture": "#0"},
				"south": {"uv": [6, 14.25, 6.5, 14.75], "texture": "#0"},
				"west": {"uv": [6, 14.25, 6.5, 14.75], "texture": "#0"},
				"up": {"uv": [6, 14.25, 6.5, 14.75], "texture": "#0"}
			}
		},
		{
			"from": [6.1, 10.6, 8.1],
			"to": [6.9, 10.7, 8.9],
			"rotation": {"angle": 0, "axis": "y", "origin": [0, 0, -0.5]},
			"faces": {
				"north": {"uv": [2, 2, 5, 5], "texture": "#11"},
				"east": {"uv": [2, 2, 5, 5], "texture": "#11"},
				"south": {"uv": [2, 2, 5, 5], "texture": "#11"},
				"west": {"uv": [2, 2, 5, 5], "texture": "#11"},
				"up": {"uv": [2, 2, 5, 5], "texture": "#11"}
			}
		},
		{
			"from": [6, 10.5, 8],
			"to": [7, 10.6, 9],
			"rotation": {"angle": 0, "axis": "y", "origin": [0, 0, -0.5]},
			"faces": {
				"north": {"uv": [6, 14.25, 6.5, 14.75], "texture": "#0"},
				"east": {"uv": [6, 14.25, 6.5, 14.75], "texture": "#0"},
				"south": {"uv": [6, 14.25, 6.5, 14.75], "texture": "#0"},
				"west": {"uv": [6, 14.25, 6.5, 14.75], "texture": "#0"},
				"up": {"uv": [6, 14.25, 6.5, 14.75], "texture": "#0"}
			}
		},
		{
			"from": [4.85, 10.6, 8.1],
			"to": [5.65, 10.7, 8.9],
			"rotation": {"angle": 0, "axis": "y", "origin": [0, 0, -0.5]},
			"faces": {
				"north": {"uv": [2, 2, 5, 5], "texture": "#1"},
				"east": {"uv": [2, 2, 5, 5], "texture": "#1"},
				"south": {"uv": [2, 2, 5, 5], "texture": "#1"},
				"west": {"uv": [2, 2, 5, 5], "texture": "#1"},
				"up": {"uv": [2, 2, 5, 5], "texture": "#1"}
			}
		},
		{
			"from": [4.75, 10.5, 8],
			"to": [5.75, 10.6, 9],
			"rotation": {"angle": 0, "axis": "y", "origin": [0, 0, -0.5]},
			"faces": {
				"north": {"uv": [6, 14.25, 6.5, 14.75], "texture": "#0"},
				"east": {"uv": [6, 14.25, 6.5, 14.75], "texture": "#0"},
				"south": {"uv": [6, 14.25, 6.5, 14.75], "texture": "#0"},
				"west": {"uv": [6, 14.25, 6.5, 14.75], "texture": "#0"},
				"up": {"uv": [6, 14.25, 6.5, 14.75], "texture": "#0"}
			}
		},
		{
			"from": [3.6, 10.6, 8.1],
			"to": [4.4, 10.7, 8.9],
			"rotation": {"angle": 0, "axis": "y", "origin": [0, 0, -0.5]},
			"faces": {
				"north": {"uv": [2, 2, 5, 5], "texture": "#13"},
				"east": {"uv": [2, 2, 5, 5], "texture": "#13"},
				"south": {"uv": [2, 2, 5, 5], "texture": "#13"},
				"west": {"uv": [2, 2, 5, 5], "texture": "#13"},
				"up": {"uv": [2, 2, 5, 5], "texture": "#13"}
			}
		},
		{
			"from": [3.5, 10.5, 8],
			"to": [4.5, 10.6, 9],
			"rotation": {"angle": 0, "axis": "y", "origin": [0, 0, -0.5]},
			"faces": {
				"north": {"uv": [6, 14.25, 6.5, 14.75], "texture": "#0"},
				"east": {"uv": [6, 14.25, 6.5, 14.75], "texture": "#0"},
				"south": {"uv": [6, 14.25, 6.5, 14.75], "texture": "#0"},
				"west": {"uv": [6, 14.25, 6.5, 14.75], "texture": "#0"},
				"up": {"uv": [6, 14.25, 6.5, 14.75], "texture": "#0"}
			}
		},
		{
			"from": [7.8, 9.75, 6.7],
			"to": [8.2, 10.15, 6.75],
			"rotation": {"angle": 0, "axis": "y", "origin": [0, 0, -0.5]},
			"faces": {
				"north": {"uv": [0, 0, 16, 16], "texture": "#10"},
				"up": {"uv": [6.25, 12.25, 6.75, 12.75], "texture": "#0"},
				"down": {"uv": [6.25, 12.25, 6.75, 12.75], "texture": "#0"}
			}
		},
		{
			"from": [8.2, 9.75, 6.7],
			"to": [8.35, 10.15, 6.75],
			"rotation": {"angle": 0, "axis": "y", "origin": [0, 0, -0.5]},
			"faces": {
				"north": {"uv": [6.25, 12.25, 6.75, 12.75], "texture": "#0"},
				"east": {"uv": [6.25, 12.25, 6.75, 12.75], "texture": "#0"},
				"up": {"uv": [6.25, 12.25, 6.75, 12.75], "texture": "#0"},
				"down": {"uv": [6.25, 12.25, 6.75, 12.75], "texture": "#0"}
			}
		},
		{
			"from": [7.65, 9.75, 6.7],
			"to": [7.8, 10.15, 6.75],
			"rotation": {"angle": 0, "axis": "y", "origin": [0, 0, -0.5]},
			"faces": {
				"north": {"uv": [6.25, 12.25, 6.75, 12.75], "texture": "#0"},
				"west": {"uv": [6.25, 12.25, 6.75, 12.75], "texture": "#0"},
				"up": {"uv": [6.25, 12.25, 6.75, 12.75], "texture": "#0"},
				"down": {"uv": [6.25, 12.25, 6.75, 12.75], "texture": "#0"}
			}
		},
		{
			"from": [14, 9.75, 6.75],
			"to": [14.5, 12.75, 7.5],
			"rotation": {"angle": 0, "axis": "y", "origin": [0, 0, 1.25]},
			"faces": {
				"north": {"uv": [6.25, 12.25, 6.75, 12.75], "texture": "#0"},
				"east": {"uv": [6.25, 12.25, 6.75, 12.75], "texture": "#0"},
				"down": {"uv": [6.25, 12.25, 6.75, 12.75], "texture": "#0"}
			}
		},
		{
			"from": [14, 12.75, 6.75],
			"to": [14.5, 15.25, 7.25],
			"rotation": {"angle": 0, "axis": "y", "origin": [0, 0, 1.25]},
			"faces": {
				"north": {"uv": [6.25, 12.25, 6.75, 12.75], "texture": "#0"},
				"east": {"uv": [6.25, 12.25, 6.75, 12.75], "texture": "#0"},
				"west": {"uv": [6.25, 12.25, 6.75, 12.75], "texture": "#0"}
			}
		},
		{
			"from": [14, 12.75, 7.25],
			"to": [14.5, 15.25, 9.5],
			"rotation": {"angle": 0, "axis": "y", "origin": [0, 0, 1.25]},
			"faces": {
				"east": {"uv": [6.25, 12.25, 6.75, 12.75], "texture": "#0"},
				"south": {"uv": [6.25, 12.25, 6.75, 12.75], "texture": "#0"},
				"west": {"uv": [0, 0, 0, 0], "texture": "#0"},
				"up": {"uv": [6.25, 12.25, 6.75, 12.75], "texture": "#0"}
			}
		},
		{
			"from": [14, 9.75, 7.5],
			"to": [14.5, 12.75, 9.75],
			"rotation": {"angle": 0, "axis": "y", "origin": [0, 0, 1.25]},
			"faces": {
				"east": {"uv": [6.25, 12.25, 6.75, 12.75], "texture": "#0"},
				"south": {"uv": [6.25, 12.25, 6.75, 12.75], "texture": "#0"},
				"west": {"uv": [0, 0, 0, 0], "texture": "#0"},
				"up": {"uv": [6.25, 12.25, 6.75, 12.75], "texture": "#0"}
			}
		},
		{
			"from": [14, 17.75, 8.75],
			"to": [14.5, 20.25, 9],
			"rotation": {"angle": 0, "axis": "y", "origin": [0, 0, 1.25]},
			"faces": {
				"east": {"uv": [6.25, 12.25, 6.75, 12.75], "texture": "#0"},
				"south": {"uv": [6.25, 12.25, 6.75, 12.75], "texture": "#0"},
				"west": {"uv": [0, 0, 0, 0], "texture": "#0"},
				"up": {"uv": [6.25, 12.25, 6.75, 12.75], "texture": "#0"}
			}
		},
		{
			"from": [14, 17.75, 8.25],
			"to": [14.5, 18.25, 8.5],
			"rotation": {"angle": 0, "axis": "y", "origin": [0, 0, 1.25]},
			"faces": {
				"east": {"uv": [6.25, 12.25, 6.75, 12.75], "texture": "#0"},
				"west": {"uv": [0, 0, 0, 0], "texture": "#0"}
			}
		},
		{
			"from": [14, 20.75, 8.25],
			"to": [14.5, 21.25, 8.5],
			"rotation": {"angle": 0, "axis": "y", "origin": [0, 0, 1.25]},
			"faces": {
				"east": {"uv": [6.25, 12.25, 6.75, 12.75], "texture": "#0"},
				"south": {"uv": [6.25, 12.25, 6.75, 12.75], "texture": "#0"},
				"west": {"uv": [0, 0, 0, 0], "texture": "#0"}
			}
		},
		{
			"from": [14, 17.75, 6],
			"to": [14.5, 18, 6.25],
			"rotation": {"angle": 0, "axis": "y", "origin": [0, 0, 1.25]},
			"faces": {
				"north": {"uv": [6.25, 12.25, 6.75, 12.75], "texture": "#0"},
				"east": {"uv": [6.25, 12.25, 6.75, 12.75], "texture": "#0"},
				"west": {"uv": [6.25, 12.25, 6.75, 12.75], "texture": "#0"},
				"down": {"uv": [6.25, 12.25, 6.75, 12.75], "texture": "#0"}
			}
		},
		{
			"from": [14, 18.5, 6.25],
			"to": [14.5, 20.5, 8],
			"rotation": {"angle": 0, "axis": "y", "origin": [0, 0, 1.25]},
			"faces": {
				"east": {"uv": [6.25, 12.25, 6.75, 12.75], "texture": "#0"}
			}
		},
		{
			"from": [14, 18.75, 5.75],
			"to": [14.5, 20.25, 6],
			"rotation": {"angle": 0, "axis": "y", "origin": [0, 0, 1.25]},
			"faces": {
				"east": {"uv": [6.25, 12.25, 6.75, 12.75], "texture": "#0"}
			}
		},
		{
			"from": [14, 18.5, 6],
			"to": [14.5, 20.5, 6.25],
			"rotation": {"angle": 0, "axis": "y", "origin": [0, 0, 1.25]},
			"faces": {
				"east": {"uv": [6.25, 12.25, 6.75, 12.75], "texture": "#0"}
			}
		},
		{
			"from": [14, 18.75, 8],
			"to": [14.5, 20.25, 8.25],
			"rotation": {"angle": 0, "axis": "y", "origin": [0, 0, 1.25]},
			"faces": {
				"east": {"uv": [6.25, 12.25, 6.75, 12.75], "texture": "#0"}
			}
		},
		{
			"from": [14, 20.5, 6.25],
			"to": [14.5, 20.75, 7.75],
			"rotation": {"angle": 0, "axis": "y", "origin": [0, 0, 1.25]},
			"faces": {
				"east": {"uv": [6.25, 12.25, 6.75, 12.75], "texture": "#0"}
			}
		},
		{
			"from": [13.75, 20.5, 6.25],
			"to": [14.25, 20.75, 7.75],
			"rotation": {"angle": 0, "axis": "y", "origin": [0, 0, 1.25]},
			"faces": {
				"west": {"uv": [12.25, 10.25, 12.75, 10.75], "texture": "#1"}
			}
		},
		{
			"from": [13.75, 18.25, 6.25],
			"to": [14.25, 18.5, 7.75],
			"rotation": {"angle": 0, "axis": "y", "origin": [0, 0, 1.25]},
			"faces": {
				"west": {"uv": [12.25, 10.25, 12.75, 10.75], "texture": "#1"}
			}
		},
		{
			"from": [13.75, 18.5, 7.5],
			"to": [14.25, 18.75, 8],
			"rotation": {"angle": 0, "axis": "y", "origin": [0, 0, 1.25]},
			"faces": {
				"west": {"uv": [12.25, 10.25, 12.75, 10.75], "texture": "#1"}
			}
		},
		{
			"from": [13.75, 18.75, 7.75],
			"to": [14.25, 19, 8.25],
			"rotation": {"angle": 0, "axis": "y", "origin": [0, 0, 1.25]},
			"faces": {
				"west": {"uv": [12.25, 10.25, 12.75, 10.75], "texture": "#1"}
			}
		},
		{
			"from": [13.75, 20, 7.75],
			"to": [14.25, 20.25, 8.25],
			"rotation": {"angle": 0, "axis": "y", "origin": [0, 0, 1.25]},
			"faces": {
				"west": {"uv": [12.25, 10.25, 12.75, 10.75], "texture": "#1"}
			}
		},
		{
			"from": [13.75, 19, 8],
			"to": [14.25, 20, 8.25],
			"rotation": {"angle": 0, "axis": "y", "origin": [0, 0, 1.25]},
			"faces": {
				"west": {"uv": [12.25, 10.25, 12.75, 10.75], "texture": "#1"}
			}
		},
		{
			"from": [13.75, 18.75, 5.75],
			"to": [14.25, 20.25, 7.75],
			"rotation": {"angle": 0, "axis": "y", "origin": [0, 0, 1.25]},
			"faces": {
				"west": {"uv": [6.25, 12.25, 6.75, 12.75], "texture": "#0"}
			}
		},
		{
			"from": [13.75, 20.25, 6],
			"to": [14.25, 20.5, 7.5],
			"rotation": {"angle": 0, "axis": "y", "origin": [0, 0, 1.25]},
			"faces": {
				"west": {"uv": [6.25, 12.25, 6.75, 12.75], "texture": "#0"}
			}
		},
		{
			"from": [13.75, 19, 7.75],
			"to": [14.25, 20, 8],
			"rotation": {"angle": 0, "axis": "y", "origin": [0, 0, 1.25]},
			"faces": {
				"west": {"uv": [6.25, 12.25, 6.75, 12.75], "texture": "#0"}
			}
		},
		{
			"from": [13.75, 18.5, 6],
			"to": [14.25, 18.75, 7.5],
			"rotation": {"angle": 0, "axis": "y", "origin": [0, 0, 1.25]},
			"faces": {
				"west": {"uv": [6.25, 12.25, 6.75, 12.75], "texture": "#0"}
			}
		},
		{
			"from": [13.75, 20.25, 7.5],
			"to": [14.25, 20.5, 8],
			"rotation": {"angle": 0, "axis": "y", "origin": [0, 0, 1.25]},
			"faces": {
				"west": {"uv": [12.25, 10.25, 12.75, 10.75], "texture": "#1"}
			}
		},
		{
			"from": [1.75, 20.5, 6.25],
			"to": [2.25, 20.75, 7.75],
			"rotation": {"angle": 0, "axis": "y", "origin": [0, 0, 1.25]},
			"faces": {
				"east": {"uv": [12.25, 10.25, 12.75, 10.75], "texture": "#5"}
			}
		},
		{
			"from": [1.75, 20.25, 6],
			"to": [2.25, 20.5, 7.5],
			"rotation": {"angle": 0, "axis": "y", "origin": [0, 0, 1.25]},
			"faces": {
				"east": {"uv": [6.25, 12.25, 6.75, 12.75], "texture": "#0"}
			}
		},
		{
			"from": [1.75, 18.75, 5.75],
			"to": [2.25, 20.25, 7.75],
			"rotation": {"angle": 0, "axis": "y", "origin": [0, 0, 1.25]},
			"faces": {
				"east": {"uv": [6.25, 12.25, 6.75, 12.75], "texture": "#0"}
			}
		},
		{
			"from": [1.75, 18.5, 6],
			"to": [2.25, 18.75, 7.5],
			"rotation": {"angle": 0, "axis": "y", "origin": [0, 0, 1.25]},
			"faces": {
				"east": {"uv": [6.25, 12.25, 6.75, 12.75], "texture": "#0"}
			}
		},
		{
			"from": [1.75, 18.25, 6.25],
			"to": [2.25, 18.5, 7.75],
			"rotation": {"angle": 0, "axis": "y", "origin": [0, 0, 1.25]},
			"faces": {
				"east": {"uv": [12.25, 10.25, 12.75, 10.75], "texture": "#5"}
			}
		},
		{
			"from": [1.75, 18.5, 7.5],
			"to": [2.25, 18.75, 8],
			"rotation": {"angle": 0, "axis": "y", "origin": [0, 0, 1.25]},
			"faces": {
				"east": {"uv": [12.25, 10.25, 12.75, 10.75], "texture": "#5"}
			}
		},
		{
			"from": [1.75, 18.75, 7.75],
			"to": [2.25, 19, 8.25],
			"rotation": {"angle": 0, "axis": "y", "origin": [0, 0, 1.25]},
			"faces": {
				"east": {"uv": [12.25, 10.25, 12.75, 10.75], "texture": "#5"}
			}
		},
		{
			"from": [1.75, 19, 7.75],
			"to": [2.25, 20, 8],
			"rotation": {"angle": 0, "axis": "y", "origin": [0, 0, 1.25]},
			"faces": {
				"east": {"uv": [6.25, 12.25, 6.75, 12.75], "texture": "#0"}
			}
		},
		{
			"from": [1.75, 19, 8],
			"to": [2.25, 20, 8.25],
			"rotation": {"angle": 0, "axis": "y", "origin": [0, 0, 1.25]},
			"faces": {
				"east": {"uv": [12.25, 10.25, 12.75, 10.75], "texture": "#5"}
			}
		},
		{
			"from": [1.75, 20, 7.75],
			"to": [2.25, 20.25, 8.25],
			"rotation": {"angle": 0, "axis": "y", "origin": [0, 0, 1.25]},
			"faces": {
				"east": {"uv": [12.25, 10.25, 12.75, 10.75], "texture": "#5"}
			}
		},
		{
			"from": [1.75, 20.25, 7.5],
			"to": [2.25, 20.5, 8],
			"rotation": {"angle": 0, "axis": "y", "origin": [0, 0, 1.25]},
			"faces": {
				"east": {"uv": [12.25, 10.25, 12.75, 10.75], "texture": "#5"}
			}
		},
		{
			"from": [14, 18.25, 6.25],
			"to": [14.5, 18.5, 7.75],
			"rotation": {"angle": 0, "axis": "y", "origin": [0, 0, 1.25]},
			"faces": {
				"east": {"uv": [6.25, 12.25, 6.75, 12.75], "texture": "#0"}
			}
		},
		{
			"from": [14, 21, 7.75],
			"to": [14.5, 21.25, 8.25],
			"rotation": {"angle": 0, "axis": "y", "origin": [0, 0, 1.25]},
			"faces": {
				"east": {"uv": [6.25, 12.25, 6.75, 12.75], "texture": "#0"},
				"west": {"uv": [0, 0, 0, 0], "texture": "#0"}
			}
		},
		{
			"from": [14, 17.75, 7.75],
			"to": [14.5, 18, 8.25],
			"rotation": {"angle": 0, "axis": "y", "origin": [0, 0, 1.25]},
			"faces": {
				"east": {"uv": [6.25, 12.25, 6.75, 12.75], "texture": "#0"},
				"west": {"uv": [0, 0, 0, 0], "texture": "#0"}
			}
		},
		{
			"from": [14, 21, 5.75],
			"to": [14.5, 21.25, 6.25],
			"rotation": {"angle": 0, "axis": "y", "origin": [0, 0, 1.25]},
			"faces": {
				"north": {"uv": [6.25, 12.25, 6.75, 12.75], "texture": "#0"},
				"east": {"uv": [6.25, 12.25, 6.75, 12.75], "texture": "#0"},
				"west": {"uv": [6.25, 12.25, 6.75, 12.75], "texture": "#0"}
			}
		},
		{
			"from": [14, 17.75, 8.5],
			"to": [14.5, 18.75, 8.75],
			"rotation": {"angle": 0, "axis": "y", "origin": [0, 0, 1.25]},
			"faces": {
				"east": {"uv": [6.25, 12.25, 6.75, 12.75], "texture": "#0"},
				"west": {"uv": [0, 0, 0, 0], "texture": "#0"}
			}
		},
		{
			"from": [13.75, 20.75, 6.25],
			"to": [14.5, 21.25, 7.75],
			"rotation": {"angle": 0, "axis": "y", "origin": [0, 0, 1.25]},
			"faces": {
				"north": {"uv": [7.25, 11.25, 7.75, 11.75], "texture": "#0"},
				"east": {"uv": [7.25, 11.25, 7.75, 11.75], "texture": "#0"},
				"south": {"uv": [7.25, 11.25, 7.75, 11.75], "texture": "#0"},
				"west": {"uv": [7.25, 11.25, 7.75, 11.75], "texture": "#0"},
				"up": {"uv": [7.25, 11.25, 7.75, 11.75], "texture": "#0"}
			}
		},
		{
			"from": [13.75, 17.75, 6.25],
			"to": [14.5, 18.25, 7.75],
			"rotation": {"angle": 0, "axis": "y", "origin": [0, 0, 1.25]},
			"faces": {
				"north": {"uv": [7.25, 11.25, 7.75, 11.75], "texture": "#0"},
				"east": {"uv": [7.25, 11.25, 7.75, 11.75], "texture": "#0"},
				"south": {"uv": [7.25, 11.25, 7.75, 11.75], "texture": "#0"},
				"west": {"uv": [7.25, 11.25, 7.75, 11.75], "texture": "#0"},
				"down": {"uv": [7.25, 11.25, 7.75, 11.75], "texture": "#0"}
			}
		},
		{
			"from": [13.75, 20.75, 5.75],
			"to": [14.5, 21, 6.25],
			"rotation": {"angle": 0, "axis": "y", "origin": [0, 0, 1.25]},
			"faces": {
				"north": {"uv": [7.25, 11.25, 7.75, 11.75], "texture": "#0"},
				"east": {"uv": [7.25, 11.25, 7.75, 11.75], "texture": "#0"},
				"west": {"uv": [7.25, 11.25, 7.75, 11.75], "texture": "#0"},
				"up": {"uv": [7.25, 11.25, 7.75, 11.75], "texture": "#0"}
			}
		},
		{
			"from": [13.75, 20.25, 5.5],
			"to": [14.5, 20.75, 5.75],
			"rotation": {"angle": 0, "axis": "y", "origin": [0, 0, 1.25]},
			"faces": {
				"north": {"uv": [7.25, 11.25, 7.75, 11.75], "texture": "#0"},
				"east": {"uv": [7.25, 11.25, 7.75, 11.75], "texture": "#0"},
				"west": {"uv": [7.25, 11.25, 7.75, 11.75], "texture": "#0"},
				"up": {"uv": [7.25, 11.25, 7.75, 11.75], "texture": "#0"}
			}
		},
		{
			"from": [13.75, 20.5, 6],
			"to": [14.5, 20.75, 6.25],
			"rotation": {"angle": 0, "axis": "y", "origin": [0, 0, 1.25]},
			"faces": {
				"east": {"uv": [7.25, 11.25, 7.75, 11.75], "texture": "#0"},
				"west": {"uv": [7.25, 11.25, 7.75, 11.75], "texture": "#0"}
			}
		},
		{
			"from": [13.75, 20.25, 5.75],
			"to": [14.5, 20.75, 6],
			"rotation": {"angle": 0, "axis": "y", "origin": [0, 0, 1.25]},
			"faces": {
				"east": {"uv": [7.25, 11.25, 7.75, 11.75], "texture": "#0"},
				"west": {"uv": [7.25, 11.25, 7.75, 11.75], "texture": "#0"}
			}
		},
		{
			"from": [13.75, 18.25, 5.75],
			"to": [14.5, 18.75, 6],
			"rotation": {"angle": 0, "axis": "y", "origin": [0, 0, 1.25]},
			"faces": {
				"east": {"uv": [7.25, 11.25, 7.75, 11.75], "texture": "#0"},
				"west": {"uv": [7.25, 11.25, 7.75, 11.75], "texture": "#0"}
			}
		},
		{
			"from": [13.75, 18.25, 5.5],
			"to": [14.5, 18.75, 5.75],
			"rotation": {"angle": 0, "axis": "y", "origin": [0, 0, 1.25]},
			"faces": {
				"north": {"uv": [7.25, 11.25, 7.75, 11.75], "texture": "#0"},
				"east": {"uv": [7.25, 11.25, 7.75, 11.75], "texture": "#0"},
				"west": {"uv": [7.25, 11.25, 7.75, 11.75], "texture": "#0"},
				"down": {"uv": [7.25, 11.25, 7.75, 11.75], "texture": "#0"}
			}
		},
		{
			"from": [13.75, 18, 5.75],
			"to": [14.5, 18.25, 6.25],
			"rotation": {"angle": 0, "axis": "y", "origin": [0, 0, 1.25]},
			"faces": {
				"north": {"uv": [7.25, 11.25, 7.75, 11.75], "texture": "#0"},
				"east": {"uv": [7.25, 11.25, 7.75, 11.75], "texture": "#0"},
				"west": {"uv": [7.25, 11.25, 7.75, 11.75], "texture": "#0"},
				"down": {"uv": [7.25, 11.25, 7.75, 11.75], "texture": "#0"}
			}
		},
		{
			"from": [13.75, 18.25, 6],
			"to": [14.5, 18.5, 6.25],
			"rotation": {"angle": 0, "axis": "y", "origin": [0, 0, 1.25]},
			"faces": {
				"east": {"uv": [7.25, 11.25, 7.75, 11.75], "texture": "#0"},
				"west": {"uv": [7.25, 11.25, 7.75, 11.75], "texture": "#0"}
			}
		},
		{
			"from": [13.75, 20.5, 7.75],
			"to": [14.5, 20.75, 8],
			"rotation": {"angle": 0, "axis": "y", "origin": [0, 0, 1.25]},
			"faces": {
				"east": {"uv": [7.25, 11.25, 7.75, 11.75], "texture": "#0"},
				"west": {"uv": [7.25, 11.25, 7.75, 11.75], "texture": "#0"}
			}
		},
		{
			"from": [13.75, 20.25, 8.25],
			"to": [14.5, 20.75, 8.5],
			"rotation": {"angle": 0, "axis": "y", "origin": [0, 0, 1.25]},
			"faces": {
				"east": {"uv": [7.25, 11.25, 7.75, 11.75], "texture": "#0"},
				"south": {"uv": [7.25, 11.25, 7.75, 11.75], "texture": "#0"},
				"west": {"uv": [7.25, 11.25, 7.75, 11.75], "texture": "#0"},
				"up": {"uv": [7.25, 11.25, 7.75, 11.75], "texture": "#0"}
			}
		},
		{
			"from": [13.75, 20.25, 8],
			"to": [14.5, 20.75, 8.25],
			"rotation": {"angle": 0, "axis": "y", "origin": [0, 0, 1.25]},
			"faces": {
				"east": {"uv": [7.25, 11.25, 7.75, 11.75], "texture": "#0"},
				"west": {"uv": [7.25, 11.25, 7.75, 11.75], "texture": "#0"}
			}
		},
		{
			"from": [13.75, 20.75, 7.75],
			"to": [14.5, 21, 8.25],
			"rotation": {"angle": 0, "axis": "y", "origin": [0, 0, 1.25]},
			"faces": {
				"east": {"uv": [7.25, 11.25, 7.75, 11.75], "texture": "#0"},
				"south": {"uv": [7.25, 11.25, 7.75, 11.75], "texture": "#0"},
				"west": {"uv": [7.25, 11.25, 7.75, 11.75], "texture": "#0"},
				"up": {"uv": [7.25, 11.25, 7.75, 11.75], "texture": "#0"}
			}
		},
		{
			"from": [13.75, 18.25, 8],
			"to": [14.5, 18.75, 8.25],
			"rotation": {"angle": 0, "axis": "y", "origin": [0, 0, 1.25]},
			"faces": {
				"east": {"uv": [7.25, 11.25, 7.75, 11.75], "texture": "#0"},
				"west": {"uv": [7.25, 11.25, 7.75, 11.75], "texture": "#0"}
			}
		},
		{
			"from": [13.75, 18.25, 8.25],
			"to": [14.5, 18.75, 8.5],
			"rotation": {"angle": 0, "axis": "y", "origin": [0, 0, 1.25]},
			"faces": {
				"east": {"uv": [7.25, 11.25, 7.75, 11.75], "texture": "#0"},
				"south": {"uv": [7.25, 11.25, 7.75, 11.75], "texture": "#0"},
				"west": {"uv": [7.25, 11.25, 7.75, 11.75], "texture": "#0"},
				"down": {"uv": [7.25, 11.25, 7.75, 11.75], "texture": "#0"}
			}
		},
		{
			"from": [13.75, 18.25, 7.75],
			"to": [14.5, 18.5, 8],
			"rotation": {"angle": 0, "axis": "y", "origin": [0, 0, 1.25]},
			"faces": {
				"east": {"uv": [7.25, 11.25, 7.75, 11.75], "texture": "#0"},
				"west": {"uv": [7.25, 11.25, 7.75, 11.75], "texture": "#0"}
			}
		},
		{
			"from": [13.75, 18, 7.75],
			"to": [14.5, 18.25, 8.25],
			"rotation": {"angle": 0, "axis": "y", "origin": [0, 0, 1.25]},
			"faces": {
				"east": {"uv": [7.25, 11.25, 7.75, 11.75], "texture": "#0"},
				"south": {"uv": [7.25, 11.25, 7.75, 11.75], "texture": "#0"},
				"west": {"uv": [7.25, 11.25, 7.75, 11.75], "texture": "#0"},
				"down": {"uv": [7.25, 11.25, 7.75, 11.75], "texture": "#0"}
			}
		},
		{
			"from": [13.75, 18.75, 5.25],
			"to": [14.5, 20.25, 5.75],
			"rotation": {"angle": 0, "axis": "y", "origin": [0, 0, 1.25]},
			"faces": {
				"north": {"uv": [7.25, 11.25, 7.75, 11.75], "texture": "#0"},
				"east": {"uv": [7.25, 11.25, 7.75, 11.75], "texture": "#0"},
				"west": {"uv": [7.25, 11.25, 7.75, 11.75], "texture": "#0"},
				"up": {"uv": [7.25, 11.25, 7.75, 11.75], "texture": "#0"},
				"down": {"uv": [7.25, 11.25, 7.75, 11.75], "texture": "#0"}
			}
		},
		{
			"from": [13.75, 18.75, 8.25],
			"to": [14.5, 20.25, 8.75],
			"rotation": {"angle": 0, "axis": "y", "origin": [0, 0, 1.25]},
			"faces": {
				"east": {"uv": [7.25, 11.25, 7.75, 11.75], "texture": "#0"},
				"south": {"uv": [7.25, 11.25, 7.75, 11.75], "texture": "#0"},
				"west": {"uv": [7.25, 11.25, 7.75, 11.75], "texture": "#0"},
				"up": {"uv": [7.25, 11.25, 7.75, 11.75], "texture": "#0"},
				"down": {"uv": [7.25, 11.25, 7.75, 11.75], "texture": "#0"}
			}
		},
		{
			"from": [14, 15.25, 6.5],
			"to": [14.5, 17.75, 7],
			"rotation": {"angle": 0, "axis": "y", "origin": [0, 0, 1.25]},
			"faces": {
				"north": {"uv": [6.25, 12.25, 6.75, 12.75], "texture": "#0"},
				"east": {"uv": [6.25, 12.25, 6.75, 12.75], "texture": "#0"},
				"west": {"uv": [6.25, 12.25, 6.75, 12.75], "texture": "#0"},
				"down": {"uv": [6.25, 12.25, 6.75, 12.75], "texture": "#0"}
			}
		},
		{
			"from": [14, 15.25, 7],
			"to": [14.5, 17.75, 9.25],
			"rotation": {"angle": 0, "axis": "y", "origin": [0, 0, 1.25]},
			"faces": {
				"east": {"uv": [6.25, 12.25, 6.75, 12.75], "texture": "#0"},
				"south": {"uv": [6.25, 12.25, 6.75, 12.75], "texture": "#0"},
				"west": {"uv": [0, 0, 0, 0], "texture": "#0"},
				"up": {"uv": [6.25, 12.25, 6.75, 12.75], "texture": "#0"}
			}
		},
		{
			"from": [14, 22.75, 5.5],
			"to": [14.5, 25.25, 6],
			"rotation": {"angle": 0, "axis": "y", "origin": [0, 0, 1.25]},
			"faces": {
				"north": {"uv": [6.25, 12.25, 6.75, 12.75], "texture": "#0"},
				"east": {"uv": [6.25, 12.25, 6.75, 12.75], "texture": "#0"},
				"west": {"uv": [6.25, 12.25, 6.75, 12.75], "texture": "#0"},
				"up": {"uv": [6.25, 12.25, 6.75, 12.75], "texture": "#0"},
				"down": {"uv": [6.25, 12.25, 6.75, 12.75], "texture": "#0"}
			}
		},
		{
			"from": [14, 22.75, 6],
			"to": [14.5, 24.75, 8.25],
			"rotation": {"angle": 0, "axis": "y", "origin": [0, 0, 1.25]},
			"faces": {
				"east": {"uv": [6.25, 12.25, 6.75, 12.75], "texture": "#0"},
				"south": {"uv": [6.25, 12.25, 6.75, 12.75], "texture": "#0"},
				"west": {"uv": [0, 0, 0, 0], "texture": "#0"},
				"up": {"uv": [6.25, 12.25, 6.75, 12.75], "texture": "#0"}
			}
		},
		{
			"from": [14, 24.75, 6.5],
			"to": [14.5, 25, 8],
			"rotation": {"angle": 0, "axis": "y", "origin": [0, 0, 1.25]},
			"faces": {
				"east": {"uv": [6.25, 12.25, 6.75, 12.75], "texture": "#0"},
				"south": {"uv": [6.25, 12.25, 6.75, 12.75], "texture": "#0"},
				"west": {"uv": [0, 0, 0, 0], "texture": "#0"},
				"up": {"uv": [6.25, 12.25, 6.75, 12.75], "texture": "#0"}
			}
		},
		{
			"from": [14, 25, 7],
			"to": [14.5, 25.25, 7.75],
			"rotation": {"angle": 0, "axis": "y", "origin": [0, 0, 1.25]},
			"faces": {
				"east": {"uv": [6.25, 12.25, 6.75, 12.75], "texture": "#0"},
				"south": {"uv": [6.25, 12.25, 6.75, 12.75], "texture": "#0"},
				"west": {"uv": [0, 0, 0, 0], "texture": "#0"},
				"up": {"uv": [6.25, 12.25, 6.75, 12.75], "texture": "#0"}
			}
		},
		{
			"from": [14, 25, 6],
			"to": [14.5, 25.25, 7],
			"rotation": {"angle": 0, "axis": "y", "origin": [0, 0, 1.25]},
			"faces": {
				"east": {"uv": [6.25, 12.25, 6.75, 12.75], "texture": "#0"},
				"up": {"uv": [6.25, 12.25, 6.75, 12.75], "texture": "#0"}
			}
		},
		{
			"from": [13.75, 25, 5],
			"to": [14.25, 25.5, 7.5],
			"rotation": {"angle": 0, "axis": "y", "origin": [0, 0, 1.25]},
			"faces": {
				"north": {"uv": [6.25, 12.25, 6.75, 12.75], "texture": "#0"},
				"east": {"uv": [6.25, 12.25, 6.75, 12.75], "texture": "#0"},
				"south": {"uv": [6.25, 12.25, 6.75, 12.75], "texture": "#0"},
				"west": {"uv": [6.25, 12.25, 6.75, 12.75], "texture": "#0"},
				"up": {"uv": [6.25, 12.25, 6.75, 12.75], "texture": "#0"},
				"down": {"uv": [6.25, 12.25, 6.75, 12.75], "texture": "#0"}
			}
		},
		{
			"from": [13.5, 25.25, 4.75],
			"to": [14, 25.75, 7.25],
			"rotation": {"angle": 0, "axis": "y", "origin": [0, 0, 1.25]},
			"faces": {
				"north": {"uv": [6.25, 12.25, 6.75, 12.75], "texture": "#0"},
				"east": {"uv": [6.25, 12.25, 6.75, 12.75], "texture": "#0"},
				"south": {"uv": [6.25, 12.25, 6.75, 12.75], "texture": "#0"},
				"west": {"uv": [6.25, 12.25, 6.75, 12.75], "texture": "#0"},
				"up": {"uv": [6.25, 12.25, 6.75, 12.75], "texture": "#0"},
				"down": {"uv": [6.25, 12.25, 6.75, 12.75], "texture": "#0"}
			}
		},
		{
			"from": [2.5, 25.5, 4.75],
			"to": [13.5, 26, 7.25],
			"rotation": {"angle": 0, "axis": "y", "origin": [0, 0, 1.25]},
			"faces": {
				"north": {"uv": [6.25, 12.25, 6.75, 12.75], "texture": "#0"},
				"east": {"uv": [6.25, 12.25, 6.75, 12.75], "texture": "#0"},
				"south": {"uv": [6.25, 12.25, 6.75, 12.75], "texture": "#0"},
				"west": {"uv": [6.25, 12.25, 6.75, 12.75], "texture": "#0"},
				"up": {"uv": [6.25, 12.25, 6.75, 12.75], "texture": "#0"},
				"down": {"uv": [6.25, 12.25, 6.75, 12.75], "texture": "#0"}
			}
		},
		{
			"from": [11.5, 25, 7],
			"to": [13.25, 25.5, 7.25],
			"rotation": {"angle": 0, "axis": "y", "origin": [0, 0, 1.25]},
			"faces": {
				"north": {"uv": [9.75, 1.75, 10.25, 2.25], "texture": "#9"},
				"south": {"uv": [9.75, 1.75, 10.25, 2.25], "texture": "#9"}
			}
		},
		{
			"from": [11.5, 24.5, 7],
			"to": [13, 25, 7.25],
			"rotation": {"angle": 0, "axis": "y", "origin": [0, 0, 1.25]},
			"faces": {
				"north": {"uv": [9.75, 1.75, 10.25, 2.25], "texture": "#9"},
				"south": {"uv": [9.75, 1.75, 10.25, 2.25], "texture": "#9"}
			}
		},
		{
			"from": [4.5, 23.5, 7],
			"to": [11.5, 25.5, 7.25],
			"rotation": {"angle": 0, "axis": "y", "origin": [0, 0, 1.25]},
			"faces": {
				"north": {"uv": [0, 0, 12.75, 7.5], "texture": "#8"},
				"south": {"uv": [0, 0, 12.75, 7.5], "texture": "#9"},
				"down": {"uv": [6.25, 12.25, 6.75, 12.75], "texture": "#0"}
			}
		},
		{
			"from": [11.5, 24, 7],
			"to": [12.75, 24.5, 7.25],
			"rotation": {"angle": 0, "axis": "y", "origin": [0, 0, 1.25]},
			"faces": {
				"north": {"uv": [9.75, 1.75, 10.25, 2.25], "texture": "#9"},
				"south": {"uv": [9.75, 1.75, 10.25, 2.25], "texture": "#9"}
			}
		},
		{
			"from": [2.75, 25, 7],
			"to": [4.5, 25.5, 7.25],
			"rotation": {"angle": 0, "axis": "y", "origin": [0, 0, 1.25]},
			"faces": {
				"north": {"uv": [9.75, 1.75, 10.25, 2.25], "texture": "#9"},
				"south": {"uv": [9.75, 1.75, 10.25, 2.25], "texture": "#9"}
			}
		},
		{
			"from": [3, 24.5, 7],
			"to": [4.5, 25, 7.25],
			"rotation": {"angle": 0, "axis": "y", "origin": [0, 0, 1.25]},
			"faces": {
				"north": {"uv": [9.75, 1.75, 10.25, 2.25], "texture": "#9"},
				"south": {"uv": [9.75, 1.75, 10.25, 2.25], "texture": "#9"}
			}
		},
		{
			"from": [3.25, 24, 7],
			"to": [4.5, 24.5, 7.25],
			"rotation": {"angle": 0, "axis": "y", "origin": [0, 0, 1.25]},
			"faces": {
				"north": {"uv": [9.75, 1.75, 10.25, 2.25], "texture": "#9"},
				"south": {"uv": [9.75, 1.75, 10.25, 2.25], "texture": "#9"}
			}
		},
		{
			"from": [12.75, 24, 7],
			"to": [13, 24.5, 7.25],
			"rotation": {"angle": 0, "axis": "y", "origin": [0, 0, 1.25]},
			"faces": {
				"north": {"uv": [9.75, 1.75, 10.25, 2.25], "texture": "#9"},
				"east": {"uv": [6.25, 12.25, 6.75, 12.75], "texture": "#0"},
				"south": {"uv": [9.75, 1.75, 10.25, 2.25], "texture": "#9"},
				"down": {"uv": [6.25, 12.25, 6.75, 12.75], "texture": "#0"}
			}
		},
		{
			"from": [13, 24.5, 7],
			"to": [13.25, 25, 7.25],
			"rotation": {"angle": 0, "axis": "y", "origin": [0, 0, 1.25]},
			"faces": {
				"north": {"uv": [9.75, 1.75, 10.25, 2.25], "texture": "#9"},
				"east": {"uv": [6.25, 12.25, 6.75, 12.75], "texture": "#0"},
				"south": {"uv": [9.75, 1.75, 10.25, 2.25], "texture": "#9"},
				"down": {"uv": [6.25, 12.25, 6.75, 12.75], "texture": "#0"}
			}
		},
		{
			"from": [13.25, 25, 7],
			"to": [13.5, 25.5, 7.25],
			"rotation": {"angle": 0, "axis": "y", "origin": [0, 0, 1.25]},
			"faces": {
				"north": {"uv": [9.75, 1.75, 10.25, 2.25], "texture": "#9"},
				"east": {"uv": [6.25, 12.25, 6.75, 12.75], "texture": "#0"},
				"south": {"uv": [9.75, 1.75, 10.25, 2.25], "texture": "#9"},
				"down": {"uv": [6.25, 12.25, 6.75, 12.75], "texture": "#0"}
			}
		},
		{
			"from": [2.5, 25, 7],
			"to": [2.75, 25.5, 7.25],
			"rotation": {"angle": 0, "axis": "y", "origin": [0, 0, 1.25]},
			"faces": {
				"north": {"uv": [9.75, 1.75, 10.25, 2.25], "texture": "#9"},
				"south": {"uv": [9.75, 1.75, 10.25, 2.25], "texture": "#9"},
				"west": {"uv": [6.25, 12.25, 6.75, 12.75], "texture": "#0"},
				"down": {"uv": [6.25, 12.25, 6.75, 12.75], "texture": "#0"}
			}
		},
		{
			"from": [2.75, 24.5, 7],
			"to": [3, 25, 7.25],
			"rotation": {"angle": 0, "axis": "y", "origin": [0, 0, 1.25]},
			"faces": {
				"north": {"uv": [9.75, 1.75, 10.25, 2.25], "texture": "#9"},
				"south": {"uv": [9.75, 1.75, 10.25, 2.25], "texture": "#9"},
				"west": {"uv": [6.25, 12.25, 6.75, 12.75], "texture": "#0"},
				"down": {"uv": [6.25, 12.25, 6.75, 12.75], "texture": "#0"}
			}
		},
		{
			"from": [3, 24, 7],
			"to": [3.25, 24.5, 7.25],
			"rotation": {"angle": 0, "axis": "y", "origin": [0, 0, 1.25]},
			"faces": {
				"north": {"uv": [9.75, 1.75, 10.25, 2.25], "texture": "#9"},
				"south": {"uv": [9.75, 1.75, 10.25, 2.25], "texture": "#9"},
				"west": {"uv": [6.25, 12.25, 6.75, 12.75], "texture": "#0"},
				"down": {"uv": [6.25, 12.25, 6.75, 12.75], "texture": "#0"}
			}
		},
		{
			"from": [11.5, 23.5, 7],
			"to": [12.75, 24, 7.25],
			"rotation": {"angle": 0, "axis": "y", "origin": [0, 0, 1.25]},
			"faces": {
				"north": {"uv": [9.75, 1.75, 10.25, 2.25], "texture": "#9"},
				"east": {"uv": [6.25, 12.25, 6.75, 12.75], "texture": "#0"},
				"south": {"uv": [9.75, 1.75, 10.25, 2.25], "texture": "#9"},
				"down": {"uv": [6.25, 12.25, 6.75, 12.75], "texture": "#0"}
			}
		},
		{
			"from": [3.25, 23.5, 7],
			"to": [4.5, 24, 7.25],
			"rotation": {"angle": 0, "axis": "y", "origin": [0, 0, 1.25]},
			"faces": {
				"north": {"uv": [9.75, 1.75, 10.25, 2.25], "texture": "#9"},
				"south": {"uv": [9.75, 1.75, 10.25, 2.25], "texture": "#9"},
				"west": {"uv": [6.25, 12.25, 6.75, 12.75], "texture": "#0"},
				"down": {"uv": [6.25, 12.25, 6.75, 12.75], "texture": "#0"}
			}
		},
		{
			"from": [3.25, 26, 4.75],
			"to": [12.75, 26.25, 7.25],
			"rotation": {"angle": 0, "axis": "y", "origin": [0, 0, 1.25]},
			"faces": {
				"north": {"uv": [6.25, 12.25, 6.75, 12.75], "texture": "#0"},
				"east": {"uv": [6.25, 12.25, 6.75, 12.75], "texture": "#0"},
				"south": {"uv": [6.25, 12.25, 6.75, 12.75], "texture": "#0"},
				"west": {"uv": [6.25, 12.25, 6.75, 12.75], "texture": "#0"},
				"up": {"uv": [6.25, 12.25, 6.75, 12.75], "texture": "#0"}
			}
		},
		{
			"from": [1.75, 25, 5],
			"to": [2.25, 25.5, 7.5],
			"rotation": {"angle": 0, "axis": "y", "origin": [0, 0, 1.25]},
			"faces": {
				"north": {"uv": [6.25, 12.25, 6.75, 12.75], "texture": "#0"},
				"east": {"uv": [6.25, 12.25, 6.75, 12.75], "texture": "#0"},
				"south": {"uv": [6.25, 12.25, 6.75, 12.75], "texture": "#0"},
				"west": {"uv": [6.25, 12.25, 6.75, 12.75], "texture": "#0"},
				"up": {"uv": [6.25, 12.25, 6.75, 12.75], "texture": "#0"},
				"down": {"uv": [6.25, 12.25, 6.75, 12.75], "texture": "#0"}
			}
		},
		{
			"from": [2, 25.25, 4.75],
			"to": [2.5, 25.75, 7.25],
			"rotation": {"angle": 0, "axis": "y", "origin": [0, 0, 1.25]},
			"faces": {
				"north": {"uv": [6.25, 12.25, 6.75, 12.75], "texture": "#0"},
				"east": {"uv": [6.25, 12.25, 6.75, 12.75], "texture": "#0"},
				"south": {"uv": [6.25, 12.25, 6.75, 12.75], "texture": "#0"},
				"west": {"uv": [6.25, 12.25, 6.75, 12.75], "texture": "#0"},
				"up": {"uv": [6.25, 12.25, 6.75, 12.75], "texture": "#0"},
				"down": {"uv": [6.25, 12.25, 6.75, 12.75], "texture": "#0"}
			}
		},
		{
			"from": [4.5, 26.25, 4.75],
			"to": [11.5, 26.5, 7.25],
			"rotation": {"angle": 0, "axis": "y", "origin": [0, 0, 1.25]},
			"faces": {
				"north": {"uv": [6.25, 12.25, 6.75, 12.75], "texture": "#0"},
				"east": {"uv": [6.25, 12.25, 6.75, 12.75], "texture": "#0"},
				"south": {"uv": [6.25, 12.25, 6.75, 12.75], "texture": "#0"},
				"west": {"uv": [6.25, 12.25, 6.75, 12.75], "texture": "#0"},
				"up": {"uv": [6.25, 12.25, 6.75, 12.75], "texture": "#0"}
			}
		},
		{
			"from": [14, 24.75, 6],
			"to": [14.5, 25, 6.5],
			"rotation": {"angle": 0, "axis": "y", "origin": [0, 0, 1.25]},
			"faces": {
				"east": {"uv": [6.25, 12.25, 6.75, 12.75], "texture": "#0"},
				"west": {"uv": [6.25, 12.25, 6.75, 12.75], "texture": "#0"}
			}
		},
		{
			"from": [14, 21.25, 6.25],
			"to": [14.5, 22.75, 8.5],
			"rotation": {"angle": 0, "axis": "y", "origin": [0, 0, 1.25]},
			"faces": {
				"east": {"uv": [6.25, 12.25, 6.75, 12.75], "texture": "#0"},
				"south": {"uv": [6.25, 12.25, 6.75, 12.75], "texture": "#0"},
				"west": {"uv": [0, 0, 0, 0], "texture": "#0"},
				"up": {"uv": [6.25, 12.25, 6.75, 12.75], "texture": "#0"}
			}
		},
		{
			"from": [14, 24.75, 5.25],
			"to": [14.5, 25.25, 5.5],
			"rotation": {"angle": 0, "axis": "y", "origin": [0, 0, 1.25]},
			"faces": {
				"north": {"uv": [6.25, 12.25, 6.75, 12.75], "texture": "#0"},
				"east": {"uv": [6.25, 12.25, 6.75, 12.75], "texture": "#0"},
				"west": {"uv": [6.25, 12.25, 6.75, 12.75], "texture": "#0"},
				"up": {"uv": [6.25, 12.25, 6.75, 12.75], "texture": "#0"},
				"down": {"uv": [6.25, 12.25, 6.75, 12.75], "texture": "#0"}
			}
		},
		{
			"from": [14, 12.75, 6.5],
			"to": [14.5, 13.25, 6.75],
			"rotation": {"angle": 0, "axis": "y", "origin": [0, 0, 1.25]},
			"faces": {
				"north": {"uv": [6.25, 12.25, 6.75, 12.75], "texture": "#0"},
				"east": {"uv": [6.25, 12.25, 6.75, 12.75], "texture": "#0"},
				"west": {"uv": [6.25, 12.25, 6.75, 12.75], "texture": "#0"},
				"up": {"uv": [6.25, 12.25, 6.75, 12.75], "texture": "#0"},
				"down": {"uv": [6.25, 12.25, 6.75, 12.75], "texture": "#0"}
			}
		},
		{
			"from": [14.125, 22.75, 5.25],
			"to": [14.375, 24.75, 5.5],
			"rotation": {"angle": 0, "axis": "y", "origin": [0, 0, 1.25]},
			"faces": {
				"north": {"uv": [12.25, 10.25, 12.75, 10.75], "texture": "#1"},
				"east": {"uv": [12.25, 10.25, 12.75, 10.75], "texture": "#1"},
				"west": {"uv": [12.25, 10.25, 12.75, 10.75], "texture": "#1"},
				"down": {"uv": [12.25, 10.25, 12.75, 10.75], "texture": "#1"}
			}
		},
		{
			"from": [14.125, 20.75, 5.5],
			"to": [14.375, 22.75, 5.75],
			"rotation": {"angle": 0, "axis": "y", "origin": [0, 0, 1.25]},
			"faces": {
				"north": {"uv": [12.25, 10.25, 12.75, 10.75], "texture": "#1"},
				"east": {"uv": [12.25, 10.25, 12.75, 10.75], "texture": "#1"},
				"west": {"uv": [12.25, 10.25, 12.75, 10.75], "texture": "#1"}
			}
		},
		{
			"from": [14.125, 13.25, 6.5],
			"to": [14.375, 15.25, 6.75],
			"rotation": {"angle": 0, "axis": "y", "origin": [0, 0, 1.25]},
			"faces": {
				"north": {"uv": [2.25, 3.5, 2.75, 4], "texture": "#2"},
				"east": {"uv": [2.25, 3.5, 2.75, 4], "texture": "#2"},
				"west": {"uv": [2.25, 3.5, 2.75, 4], "texture": "#2"}
			}
		},
		{
			"from": [14.125, 15.25, 6.25],
			"to": [14.375, 17.75, 6.5],
			"rotation": {"angle": 0, "axis": "y", "origin": [0, 0, 1.25]},
			"faces": {
				"north": {"uv": [2.25, 3.5, 2.75, 4], "texture": "#2"},
				"east": {"uv": [2.25, 3.5, 2.75, 4], "texture": "#2"},
				"west": {"uv": [2.25, 3.5, 2.75, 4], "texture": "#2"},
				"down": {"uv": [2.25, 3.5, 2.75, 4], "texture": "#2"}
			}
		},
		{
			"from": [14, 21.25, 5.75],
			"to": [14.5, 22.75, 6.25],
			"rotation": {"angle": 0, "axis": "y", "origin": [0, 0, 1.25]},
			"faces": {
				"north": {"uv": [6.25, 12.25, 6.75, 12.75], "texture": "#0"},
				"east": {"uv": [6.25, 12.25, 6.75, 12.75], "texture": "#0"},
				"west": {"uv": [6.25, 12.25, 6.75, 12.75], "texture": "#0"}
			}
		},
		{
			"from": [13.5, 11, 6.75],
			"to": [14, 12.75, 9],
			"rotation": {"angle": 0, "axis": "y", "origin": [0, 0, -0.5]},
			"faces": {
				"north": {"uv": [0, 0, 0, 0], "texture": "#0"},
				"south": {"uv": [0, 0, 0, 0], "texture": "#0"},
				"west": {"uv": [0, 0, 0, 0], "texture": "#0"},
				"up": {"uv": [0, 0, 0, 0], "texture": "#0"}
			}
		},
		{
			"from": [13.4, 11.25, 7],
			"to": [13.5, 12.5, 8.75],
			"rotation": {"angle": 0, "axis": "y", "origin": [0, 0, -0.5]},
			"faces": {
				"north": {"uv": [0, 0, 16, 16], "texture": "#7"},
				"south": {"uv": [0, 0, 16, 16], "texture": "#7"},
				"west": {"uv": [0, 0, 16, 16], "texture": "#7"},
				"up": {"uv": [0, 0, 16, 16], "texture": "#7"},
				"down": {"uv": [0, 0, 16, 16], "texture": "#7"}
			}
		},
		{
			"from": [13.75, 12.75, 6.75],
			"to": [14, 12.85, 9],
			"rotation": {"angle": 0, "axis": "y", "origin": [0, 0, -0.5]},
			"faces": {
				"north": {"uv": [0, 0, 0, 0], "texture": "#0"},
				"south": {"uv": [0, 0, 0, 0], "texture": "#0"},
				"west": {"uv": [0, 0, 0, 0], "texture": "#0"},
				"up": {"uv": [0, 0, 0, 0], "texture": "#0"}
			}
		},
		{
			"from": [13.5, 10.5, 9],
			"to": [14, 10.75, 10.75],
			"rotation": {"angle": 0, "axis": "y", "origin": [0, 0, -0.5]},
			"faces": {
				"east": {"uv": [0, 0, 0, 0], "texture": "#0"},
				"south": {"uv": [0, 0, 0, 0], "texture": "#0"},
				"west": {"uv": [0, 0, 0, 0], "texture": "#0"},
				"up": {"uv": [0, 0, 0, 0], "texture": "#0"}
			}
		},
		{
			"from": [13.5, 10.5, 7],
			"to": [14, 11, 8.75],
			"rotation": {"angle": 0, "axis": "y", "origin": [0, 0, -0.5]},
			"faces": {
				"west": {"uv": [6.25, 12.25, 6.75, 12.75], "texture": "#0"}
			}
		},
		{
			"from": [13.5, 10.5, 6.75],
			"to": [14, 11, 7],
			"rotation": {"angle": 0, "axis": "y", "origin": [0, 0, -0.5]},
			"faces": {
				"north": {"uv": [0, 0, 0, 0], "texture": "#0"},
				"west": {"uv": [0, 0, 0, 0], "texture": "#0"}
			}
		},
		{
			"from": [13.5, 10.5, 8.75],
			"to": [14, 11, 9],
			"rotation": {"angle": 0, "axis": "y", "origin": [0, 0, -0.5]},
			"faces": {
				"south": {"uv": [0, 0, 0, 0], "texture": "#0"},
				"west": {"uv": [0, 0, 0, 0], "texture": "#0"}
			}
		},
		{
			"from": [13.75, 10.75, 9],
			"to": [14, 11, 10.75],
			"rotation": {"angle": 0, "axis": "y", "origin": [0, 0, -0.5]},
			"faces": {
				"east": {"uv": [0, 0, 0, 0], "texture": "#0"},
				"south": {"uv": [0, 0, 0, 0], "texture": "#0"},
				"west": {"uv": [0, 0, 0, 0], "texture": "#0"},
				"up": {"uv": [0, 0, 0, 0], "texture": "#0"}
			}
		},
		{
			"from": [2, 12.75, 6.75],
			"to": [2.25, 12.85, 9],
			"rotation": {"angle": 0, "axis": "y", "origin": [0, 0, -0.5]},
			"faces": {
				"north": {"uv": [0, 0, 0, 0], "texture": "#0"},
				"east": {"uv": [0, 0, 0, 0], "texture": "#0"},
				"south": {"uv": [0, 0, 0, 0], "texture": "#0"},
				"up": {"uv": [0, 0, 0, 0], "texture": "#0"}
			}
		},
		{
			"from": [2.5, 11.25, 7],
			"to": [2.6, 12.5, 8.75],
			"rotation": {"angle": 0, "axis": "y", "origin": [0, 0, -0.5]},
			"faces": {
				"north": {"uv": [0, 0, 16, 16], "texture": "#7"},
				"east": {"uv": [0, 0, 16, 16], "texture": "#7"},
				"south": {"uv": [0, 0, 16, 16], "texture": "#7"},
				"up": {"uv": [0, 0, 16, 16], "texture": "#7"},
				"down": {"uv": [0, 0, 16, 16], "texture": "#7"}
			}
		},
		{
			"from": [2, 10.5, 6.75],
			"to": [2.5, 11, 7],
			"rotation": {"angle": 0, "axis": "y", "origin": [0, 0, -0.5]},
			"faces": {
				"north": {"uv": [0, 0, 0, 0], "texture": "#0"},
				"east": {"uv": [0, 0, 0, 0], "texture": "#0"}
			}
		},
		{
			"from": [2, 11, 6.75],
			"to": [2.5, 12.75, 9],
			"rotation": {"angle": 0, "axis": "y", "origin": [0, 0, -0.5]},
			"faces": {
				"north": {"uv": [0, 0, 0, 0], "texture": "#0"},
				"east": {"uv": [0, 0, 0, 0], "texture": "#0"},
				"south": {"uv": [0, 0, 0, 0], "texture": "#0"},
				"up": {"uv": [0, 0, 0, 0], "texture": "#0"}
			}
		},
		{
			"from": [2, 10.5, 7],
			"to": [2.5, 11, 8.75],
			"rotation": {"angle": 0, "axis": "y", "origin": [0, 0, -0.5]},
			"faces": {
				"east": {"uv": [6.25, 12.25, 6.75, 12.75], "texture": "#0"}
			}
		},
		{
			"from": [2, 10.5, 9],
			"to": [2.5, 10.75, 10.75],
			"rotation": {"angle": 0, "axis": "y", "origin": [0, 0, -0.5]},
			"faces": {
				"east": {"uv": [0, 0, 0, 0], "texture": "#0"},
				"south": {"uv": [0, 0, 0, 0], "texture": "#0"},
				"west": {"uv": [0, 0, 0, 0], "texture": "#0"},
				"up": {"uv": [0, 0, 0, 0], "texture": "#0"},
				"down": {"uv": [0, 0, 0, 0], "texture": "#0"}
			}
		},
		{
			"from": [2, 10.75, 9],
			"to": [2.25, 11, 10.75],
			"rotation": {"angle": 0, "axis": "y", "origin": [0, 0, -0.5]},
			"faces": {
				"east": {"uv": [0, 0, 0, 0], "texture": "#0"},
				"south": {"uv": [0, 0, 0, 0], "texture": "#0"},
				"west": {"uv": [0, 0, 0, 0], "texture": "#0"},
				"up": {"uv": [0, 0, 0, 0], "texture": "#0"}
			}
		},
		{
			"from": [2, 10.5, 8.75],
			"to": [2.5, 11, 9],
			"rotation": {"angle": 0, "axis": "y", "origin": [0, 0, -0.5]},
			"faces": {
				"east": {"uv": [0, 0, 0, 0], "texture": "#0"},
				"south": {"uv": [0, 0, 0, 0], "texture": "#0"}
			}
		},
		{
			"from": [2, 9.75, 10.5],
			"to": [14, 10.5, 11],
			"rotation": {"angle": 0, "axis": "y", "origin": [0, 0, -0.5]},
			"faces": {
				"east": {"uv": [0, 0, 0, 0], "texture": "#0"},
				"south": {"uv": [0, 0, 0, 0], "texture": "#0"},
				"west": {"uv": [0, 0, 0, 0], "texture": "#0"},
				"up": {"uv": [0, 0, 0, 0], "texture": "#0"}
			}
		},
		{
			"from": [2, 9.75, 12],
			"to": [14, 10.5, 12.25],
			"rotation": {"angle": 0, "axis": "y", "origin": [0, 0, -0.5]},
			"faces": {
				"north": {"uv": [0, 0, 0, 0], "texture": "#0"},
				"east": {"uv": [0, 0, 0, 0], "texture": "#0"},
				"west": {"uv": [0, 0, 0, 0], "texture": "#0"},
				"up": {"uv": [0, 0, 0, 0], "texture": "#0"}
			}
		},
		{
			"from": [7.25, 9.75, 11.75],
			"to": [8.75, 10.5, 12],
			"rotation": {"angle": 0, "axis": "y", "origin": [0, 0, -0.5]},
			"faces": {
				"north": {"uv": [6.25, 12.25, 6.75, 12.75], "texture": "#0"},
				"up": {"uv": [6.25, 12.25, 6.75, 12.75], "texture": "#0"}
			}
		},
		{
			"from": [8.625, 9.75, 11.5],
			"to": [8.75, 10.5, 11.75],
			"rotation": {"angle": 0, "axis": "y", "origin": [0, 0, -0.5]},
			"faces": {
				"west": {"uv": [6.25, 12.25, 6.75, 12.75], "texture": "#0"},
				"up": {"uv": [6.25, 12.25, 6.75, 12.75], "texture": "#0"}
			}
		},
		{
			"from": [7.25, 9.75, 11.5],
			"to": [7.375, 10.5, 11.75],
			"rotation": {"angle": 0, "axis": "y", "origin": [0, 0, -0.5]},
			"faces": {
				"east": {"uv": [6.25, 12.25, 6.75, 12.75], "texture": "#0"},
				"up": {"uv": [6.25, 12.25, 6.75, 12.75], "texture": "#0"}
			}
		},
		{
			"from": [7.375, 9.25, 11.5],
			"to": [8.625, 10, 11.75],
			"rotation": {"angle": 0, "axis": "y", "origin": [0, 0, -0.5]},
			"faces": {
				"up": {"uv": [0, 0, 0, 0], "texture": "#0"}
			}
		},
		{
			"from": [7.25, 9.75, 11],
			"to": [8.75, 10.5, 11.5],
			"rotation": {"angle": 0, "axis": "y", "origin": [0, 0, -0.5]},
			"faces": {
				"south": {"uv": [6.25, 12.25, 6.75, 12.75], "texture": "#0"},
				"up": {"uv": [6.25, 12.25, 6.75, 12.75], "texture": "#0"}
			}
		},
		{
			"from": [9, 9.75, 11.75],
			"to": [10.5, 10.5, 12],
			"rotation": {"angle": 0, "axis": "y", "origin": [0, 0, -0.5]},
			"faces": {
				"north": {"uv": [6.25, 12.25, 6.75, 12.75], "texture": "#0"},
				"up": {"uv": [6.25, 12.25, 6.75, 12.75], "texture": "#0"}
			}
		},
		{
			"from": [8.75, 9.75, 11],
			"to": [9, 10.5, 12],
			"rotation": {"angle": 0, "axis": "y", "origin": [0, 0, -0.5]},
			"faces": {
				"up": {"uv": [0, 0, 0, 0], "texture": "#0"}
			}
		},
		{
			"from": [7, 9.75, 11],
			"to": [7.25, 10.5, 12],
			"rotation": {"angle": 0, "axis": "y", "origin": [0, 0, -0.5]},
			"faces": {
				"up": {"uv": [0, 0, 0, 0], "texture": "#0"}
			}
		},
		{
			"from": [2, 9.75, 11],
			"to": [5.5, 10.5, 12],
			"rotation": {"angle": 0, "axis": "y", "origin": [0, 0, -0.5]},
			"faces": {
				"west": {"uv": [0, 0, 0, 0], "texture": "#0"},
				"up": {"uv": [0, 0, 0, 0], "texture": "#0"}
			}
		},
		{
			"from": [3.5, 10.5, 10.85],
			"to": [3.6, 10.55, 11.25],
			"rotation": {"angle": 0, "axis": "y", "origin": [0, 0, -0.5]},
			"faces": {
				"east": {"uv": [0, 0, 0, 0], "texture": "#0"},
				"west": {"uv": [0, 0, 0, 0], "texture": "#0"},
				"up": {"uv": [6.25, 12.25, 6.75, 12.75], "texture": "#0"}
			}
		},
		{
			"from": [3.5, 10.5, 11.25],
			"to": [3.775, 10.55, 11.35],
			"rotation": {"angle": 0, "axis": "y", "origin": [0, 0, -0.5]},
			"faces": {
				"north": {"uv": [0, 0, 0, 0], "texture": "#0"},
				"east": {"uv": [0, 0, 0, 0], "texture": "#0"},
				"south": {"uv": [0, 0, 0, 0], "texture": "#0"},
				"west": {"uv": [0, 0, 0, 0], "texture": "#0"},
				"up": {"uv": [6.25, 12.25, 6.75, 12.75], "texture": "#0"}
			}
		},
		{
			"from": [3.5, 10.5, 10.75],
			"to": [3.775, 10.55, 10.85],
			"rotation": {"angle": 0, "axis": "y", "origin": [0, 0, -0.5]},
			"faces": {
				"north": {"uv": [0, 0, 0, 0], "texture": "#0"},
				"east": {"uv": [0, 0, 0, 0], "texture": "#0"},
				"south": {"uv": [0, 0, 0, 0], "texture": "#0"},
				"west": {"uv": [0, 0, 0, 0], "texture": "#0"},
				"up": {"uv": [6.25, 12.25, 6.75, 12.75], "texture": "#0"}
			}
		},
		{
			"from": [3.675, 10.5, 10.85],
			"to": [3.775, 10.55, 11.25],
			"rotation": {"angle": 0, "axis": "y", "origin": [0, 0, -0.5]},
			"faces": {
				"east": {"uv": [0, 0, 0, 0], "texture": "#0"},
				"west": {"uv": [0, 0, 0, 0], "texture": "#0"},
				"up": {"uv": [6.25, 12.25, 6.75, 12.75], "texture": "#0"}
			}
		},
		{
			"from": [9, 9.75, 11],
			"to": [10.5, 10.5, 11.5],
			"rotation": {"angle": 0, "axis": "y", "origin": [0, 0, -0.5]},
			"faces": {
				"south": {"uv": [6.25, 12.25, 6.75, 12.75], "texture": "#0"},
				"up": {"uv": [6.25, 12.25, 6.75, 12.75], "texture": "#0"}
			}
		},
		{
			"from": [9, 9.75, 11.5],
			"to": [9.125, 10.5, 11.75],
			"rotation": {"angle": 0, "axis": "y", "origin": [0, 0, -0.5]},
			"faces": {
				"east": {"uv": [6.25, 12.25, 6.75, 12.75], "texture": "#0"},
				"up": {"uv": [6.25, 12.25, 6.75, 12.75], "texture": "#0"}
			}
		},
		{
			"from": [10.375, 9.75, 11.5],
			"to": [10.5, 10.5, 11.75],
			"rotation": {"angle": 0, "axis": "y", "origin": [0, 0, -0.5]},
			"faces": {
				"west": {"uv": [6.25, 12.25, 6.75, 12.75], "texture": "#0"},
				"up": {"uv": [6.25, 12.25, 6.75, 12.75], "texture": "#0"}
			}
		},
		{
			"from": [5.5, 9.75, 11.75],
			"to": [7, 10.5, 12],
			"rotation": {"angle": 0, "axis": "y", "origin": [0, 0, -0.5]},
			"faces": {
				"north": {"uv": [6.25, 12.25, 6.75, 12.75], "texture": "#0"},
				"up": {"uv": [6.25, 12.25, 6.75, 12.75], "texture": "#0"}
			}
		},
		{
			"from": [5.5, 9.75, 11],
			"to": [7, 10.5, 11.5],
			"rotation": {"angle": 0, "axis": "y", "origin": [0, 0, -0.5]},
			"faces": {
				"south": {"uv": [6.25, 12.25, 6.75, 12.75], "texture": "#0"},
				"up": {"uv": [6.25, 12.25, 6.75, 12.75], "texture": "#0"}
			}
		},
		{
			"from": [5.5, 9.75, 11.5],
			"to": [5.625, 10.5, 11.75],
			"rotation": {"angle": 0, "axis": "y", "origin": [0, 0, -0.5]},
			"faces": {
				"east": {"uv": [6.25, 12.25, 6.75, 12.75], "texture": "#0"},
				"up": {"uv": [6.25, 12.25, 6.75, 12.75], "texture": "#0"}
			}
		},
		{
			"from": [6.875, 9.75, 11.5],
			"to": [7, 10.5, 11.75],
			"rotation": {"angle": 0, "axis": "y", "origin": [0, 0, -0.5]},
			"faces": {
				"west": {"uv": [6.25, 12.25, 6.75, 12.75], "texture": "#0"},
				"up": {"uv": [6.25, 12.25, 6.75, 12.75], "texture": "#0"}
			}
		},
		{
			"from": [13, 9.75, 11],
			"to": [14, 10.5, 12],
			"rotation": {"angle": 0, "axis": "y", "origin": [0, 0, -0.5]},
			"faces": {
				"east": {"uv": [0, 0, 0, 0], "texture": "#0"},
				"west": {"uv": [0, 0, 0, 0], "texture": "#0"},
				"up": {"uv": [0, 0, 0, 0], "texture": "#0"}
			}
		},
		{
			"from": [11.5, 9.65, 11],
			"to": [13, 10.4, 12],
			"rotation": {"angle": 0, "axis": "y", "origin": [0, 0, -0.5]},
			"faces": {
				"up": {"uv": [6.25, 12.25, 6.75, 12.75], "texture": "#0"}
			}
		},
		{
			"from": [11.5, 10.4, 11],
			"to": [13, 10.5, 12],
			"rotation": {"angle": 0, "axis": "y", "origin": [0, 0, -0.5]},
			"faces": {
				"north": {"uv": [6.25, 12.25, 6.75, 12.75], "texture": "#3"},
				"east": {"uv": [6.25, 12.25, 6.75, 12.75], "texture": "#3"},
				"south": {"uv": [6.25, 12.25, 6.75, 12.75], "texture": "#3"},
				"west": {"uv": [6.25, 12.25, 6.75, 12.75], "texture": "#3"},
				"up": {"uv": [6.25, 12.25, 6.75, 12.75], "texture": "#3"},
				"down": {"uv": [6.25, 12.25, 6.75, 12.75], "texture": "#3"}
			}
		},
		{
			"from": [10.5, 9.75, 11],
			"to": [11.5, 10.5, 12],
			"rotation": {"angle": 0, "axis": "y", "origin": [0, 0, -0.5]},
			"faces": {
				"east": {"uv": [0, 0, 0, 0], "texture": "#0"},
				"up": {"uv": [0, 0, 0, 0], "texture": "#0"}
			}
		},
		{
			"from": [2, 9.23, 11.74],
			"to": [14, 9.98, 13.74],
			"rotation": {"angle": 45, "axis": "x", "origin": [8, 9.625, 12.625]},
			"faces": {
				"north": {"uv": [0, 0, 0, 0], "texture": "#0"},
				"east": {"uv": [0, 0, 0, 0], "texture": "#0"},
				"west": {"uv": [0, 0, 0, 0], "texture": "#0"},
				"up": {"uv": [0, 0, 0, 0], "texture": "#0"},
				"down": {"uv": [0, 0, 0, 0], "texture": "#0"}
			}
		},
		{
			"from": [2, 9.25, 9.75],
			"to": [14, 9.75, 12.25],
			"rotation": {"angle": 0, "axis": "y", "origin": [0, 0, -0.5]},
			"faces": {
				"east": {"uv": [0, 0, 0, 0], "texture": "#0"},
				"south": {"uv": [0, 0, 0, 0], "texture": "#0"},
				"west": {"uv": [0, 0, 0, 0], "texture": "#0"},
				"up": {"uv": [0, 0, 0, 0], "texture": "#0"}
			}
		},
		{
			"from": [2, 9.25, 9],
			"to": [14, 9.75, 9.75],
			"rotation": {"angle": 0, "axis": "y", "origin": [0, 0, -0.5]},
			"faces": {
				"north": {"uv": [0, 0, 0, 0], "texture": "#0"},
				"east": {"uv": [0, 0, 0, 0], "texture": "#0"},
				"west": {"uv": [0, 0, 0, 0], "texture": "#0"},
				"up": {"uv": [0, 0, 0, 0], "texture": "#0"}
			}
		},
		{
			"from": [2, 9.28, 6.895],
			"to": [14, 10.03, 9.895],
			"rotation": {"angle": 22.5, "axis": "x", "origin": [11.5, 9.875, 8]},
			"faces": {
				"north": {"uv": [0, 0, 0, 0], "texture": "#0"},
				"east": {"uv": [0, 0, 0, 0], "texture": "#0"},
				"west": {"uv": [0, 0, 0, 0], "texture": "#0"},
				"up": {"uv": [0, 0, 0, 0], "texture": "#0"},
				"down": {"uv": [0, 0, 0, 0], "texture": "#0"}
			}
		},
		{
			"from": [14, 9.28, 6.895],
			"to": [14.5, 10.43, 9.665],
			"rotation": {"angle": 22.5, "axis": "x", "origin": [11.5, 9.875, 8]},
			"faces": {
				"north": {"uv": [6.25, 12.25, 6.75, 12.75], "texture": "#0"},
				"east": {"uv": [6.25, 12.25, 6.75, 12.75], "texture": "#0"},
				"south": {"uv": [6.25, 12.25, 6.75, 12.75], "texture": "#0"},
				"west": {"uv": [6.25, 12.25, 6.75, 12.75], "texture": "#0"},
				"up": {"uv": [6.25, 12.25, 6.75, 12.75], "texture": "#0"},
				"down": {"uv": [6.25, 12.25, 6.75, 12.75], "texture": "#0"}
			}
		},
		{
			"from": [1.5, 9.28, 6.895],
			"to": [2, 10.43, 9.665],
			"rotation": {"angle": 22.5, "axis": "x", "origin": [-1, 9.875, 8]},
			"faces": {
				"north": {"uv": [6.25, 12.25, 6.75, 12.75], "texture": "#0"},
				"east": {"uv": [6.25, 12.25, 6.75, 12.75], "texture": "#0"},
				"south": {"uv": [6.25, 12.25, 6.75, 12.75], "texture": "#0"},
				"west": {"uv": [6.25, 12.25, 6.75, 12.75], "texture": "#0"},
				"up": {"uv": [6.25, 12.25, 6.75, 12.75], "texture": "#0"},
				"down": {"uv": [6.25, 12.25, 6.75, 12.75], "texture": "#0"}
			}
		},
		{
			"from": [1.5, 9.75, 6.75],
			"to": [2, 12.75, 7.5],
			"rotation": {"angle": 0, "axis": "y", "origin": [-12.5, 0, 1.25]},
			"faces": {
				"north": {"uv": [6.25, 12.25, 6.75, 12.75], "texture": "#0"},
				"west": {"uv": [6.25, 12.25, 6.75, 12.75], "texture": "#0"},
				"down": {"uv": [6.25, 12.25, 6.75, 12.75], "texture": "#0"}
			}
		},
		{
			"from": [1.5, 9.75, 7.5],
			"to": [2, 12.75, 9.75],
			"rotation": {"angle": 0, "axis": "y", "origin": [-12.5, 0, 1.25]},
			"faces": {
				"east": {"uv": [0, 0, 0, 0], "texture": "#0"},
				"south": {"uv": [6.25, 12.25, 6.75, 12.75], "texture": "#0"},
				"west": {"uv": [6.25, 12.25, 6.75, 12.75], "texture": "#0"},
				"up": {"uv": [6.25, 12.25, 6.75, 12.75], "texture": "#0"}
			}
		},
		{
			"from": [1.5, 12.75, 7.25],
			"to": [2, 15.25, 9.5],
			"rotation": {"angle": 0, "axis": "y", "origin": [-12.5, 0, 1.25]},
			"faces": {
				"east": {"uv": [0, 0, 0, 0], "texture": "#0"},
				"south": {"uv": [6.25, 12.25, 6.75, 12.75], "texture": "#0"},
				"west": {"uv": [6.25, 12.25, 6.75, 12.75], "texture": "#0"},
				"up": {"uv": [6.25, 12.25, 6.75, 12.75], "texture": "#0"}
			}
		},
		{
			"from": [1.5, 12.75, 6.75],
			"to": [2, 15.25, 7.25],
			"rotation": {"angle": 0, "axis": "y", "origin": [-12.5, 0, 1.25]},
			"faces": {
				"north": {"uv": [6.25, 12.25, 6.75, 12.75], "texture": "#0"},
				"east": {"uv": [6.25, 12.25, 6.75, 12.75], "texture": "#0"},
				"west": {"uv": [6.25, 12.25, 6.75, 12.75], "texture": "#0"}
			}
		},
		{
			"from": [1.5, 15.25, 7],
			"to": [2, 17.75, 9.25],
			"rotation": {"angle": 0, "axis": "y", "origin": [-12.5, 0, 1.25]},
			"faces": {
				"east": {"uv": [0, 0, 0, 0], "texture": "#0"},
				"south": {"uv": [6.25, 12.25, 6.75, 12.75], "texture": "#0"},
				"west": {"uv": [6.25, 12.25, 6.75, 12.75], "texture": "#0"},
				"up": {"uv": [6.25, 12.25, 6.75, 12.75], "texture": "#0"}
			}
		},
		{
			"from": [1.5, 15.25, 6.5],
			"to": [2, 17.75, 7],
			"rotation": {"angle": 0, "axis": "y", "origin": [-12.5, 0, 1.25]},
			"faces": {
				"north": {"uv": [6.25, 12.25, 6.75, 12.75], "texture": "#0"},
				"east": {"uv": [6.25, 12.25, 6.75, 12.75], "texture": "#0"},
				"west": {"uv": [6.25, 12.25, 6.75, 12.75], "texture": "#0"},
				"down": {"uv": [6.25, 12.25, 6.75, 12.75], "texture": "#0"}
			}
		},
		{
			"from": [1.625, 15.25, 6.25],
			"to": [1.875, 17.75, 6.5],
			"rotation": {"angle": 0, "axis": "y", "origin": [-12.5, 0, 1.25]},
			"faces": {
				"north": {"uv": [11.25, 14.5, 11.75, 15], "texture": "#5"},
				"east": {"uv": [11.25, 14.5, 11.75, 15], "texture": "#5"},
				"west": {"uv": [11.25, 14.5, 11.75, 15], "texture": "#5"},
				"down": {"uv": [11.25, 14.5, 11.75, 15], "texture": "#5"}
			}
		},
		{
			"from": [1.625, 13.25, 6.5],
			"to": [1.875, 15.25, 6.75],
			"rotation": {"angle": 0, "axis": "y", "origin": [-12.5, 0, 1.25]},
			"faces": {
				"north": {"uv": [11.25, 14.5, 11.75, 15], "texture": "#5"},
				"east": {"uv": [11.25, 14.5, 11.75, 15], "texture": "#5"},
				"west": {"uv": [11.25, 14.5, 11.75, 15], "texture": "#5"}
			}
		},
		{
			"from": [1.5, 12.75, 6.5],
			"to": [2, 13.25, 6.75],
			"rotation": {"angle": 0, "axis": "y", "origin": [-12.5, 0, 1.25]},
			"faces": {
				"north": {"uv": [6.25, 12.25, 6.75, 12.75], "texture": "#0"},
				"east": {"uv": [6.25, 12.25, 6.75, 12.75], "texture": "#0"},
				"west": {"uv": [6.25, 12.25, 6.75, 12.75], "texture": "#0"},
				"up": {"uv": [6.25, 12.25, 6.75, 12.75], "texture": "#0"},
				"down": {"uv": [6.25, 12.25, 6.75, 12.75], "texture": "#0"}
			}
		},
		{
			"from": [1.5, 21.25, 6.25],
			"to": [2, 22.75, 8.5],
			"rotation": {"angle": 0, "axis": "y", "origin": [-12.5, 0, 1.25]},
			"faces": {
				"east": {"uv": [0, 0, 0, 0], "texture": "#0"},
				"south": {"uv": [6.25, 12.25, 6.75, 12.75], "texture": "#0"},
				"west": {"uv": [6.25, 12.25, 6.75, 12.75], "texture": "#0"},
				"up": {"uv": [6.25, 12.25, 6.75, 12.75], "texture": "#0"}
			}
		},
		{
			"from": [1.5, 20.75, 5.75],
			"to": [2.25, 21, 6.25],
			"rotation": {"angle": 0, "axis": "y", "origin": [-12.5, 0, 1.25]},
			"faces": {
				"north": {"uv": [7.25, 11.25, 7.75, 11.75], "texture": "#0"},
				"east": {"uv": [7.25, 11.25, 7.75, 11.75], "texture": "#0"},
				"west": {"uv": [7.25, 11.25, 7.75, 11.75], "texture": "#0"},
				"up": {"uv": [7.25, 11.25, 7.75, 11.75], "texture": "#0"}
			}
		},
		{
			"from": [1.5, 20.75, 6.25],
			"to": [2.25, 21.25, 7.75],
			"rotation": {"angle": 0, "axis": "y", "origin": [-12.5, 0, 1.25]},
			"faces": {
				"north": {"uv": [7.25, 11.25, 7.75, 11.75], "texture": "#0"},
				"east": {"uv": [7.25, 11.25, 7.75, 11.75], "texture": "#0"},
				"south": {"uv": [7.25, 11.25, 7.75, 11.75], "texture": "#0"},
				"west": {"uv": [7.25, 11.25, 7.75, 11.75], "texture": "#0"},
				"up": {"uv": [7.25, 11.25, 7.75, 11.75], "texture": "#0"}
			}
		},
		{
			"from": [1.5, 20.5, 6.25],
			"to": [2, 20.75, 7.75],
			"rotation": {"angle": 0, "axis": "y", "origin": [-12.5, 0, 1.25]},
			"faces": {
				"west": {"uv": [6.25, 12.25, 6.75, 12.75], "texture": "#0"}
			}
		},
		{
			"from": [1.5, 21, 7.75],
			"to": [2, 21.25, 8.25],
			"rotation": {"angle": 0, "axis": "y", "origin": [-12.5, 0, 1.25]},
			"faces": {
				"east": {"uv": [0, 0, 0, 0], "texture": "#0"},
				"west": {"uv": [6.25, 12.25, 6.75, 12.75], "texture": "#0"}
			}
		},
		{
			"from": [1.5, 20.25, 8],
			"to": [2.25, 20.75, 8.25],
			"rotation": {"angle": 0, "axis": "y", "origin": [-12.5, 0, 1.25]},
			"faces": {
				"east": {"uv": [7.25, 11.25, 7.75, 11.75], "texture": "#0"},
				"west": {"uv": [7.25, 11.25, 7.75, 11.75], "texture": "#0"}
			}
		},
		{
			"from": [1.5, 20.75, 7.75],
			"to": [2.25, 21, 8.25],
			"rotation": {"angle": 0, "axis": "y", "origin": [-12.5, 0, 1.25]},
			"faces": {
				"east": {"uv": [7.25, 11.25, 7.75, 11.75], "texture": "#0"},
				"south": {"uv": [7.25, 11.25, 7.75, 11.75], "texture": "#0"},
				"west": {"uv": [7.25, 11.25, 7.75, 11.75], "texture": "#0"},
				"up": {"uv": [7.25, 11.25, 7.75, 11.75], "texture": "#0"}
			}
		},
		{
			"from": [1.5, 20.5, 7.75],
			"to": [2.25, 20.75, 8],
			"rotation": {"angle": 0, "axis": "y", "origin": [-12.5, 0, 1.25]},
			"faces": {
				"east": {"uv": [7.25, 11.25, 7.75, 11.75], "texture": "#0"},
				"west": {"uv": [7.25, 11.25, 7.75, 11.75], "texture": "#0"}
			}
		},
		{
			"from": [1.5, 20.75, 8.25],
			"to": [2, 21.25, 8.5],
			"rotation": {"angle": 0, "axis": "y", "origin": [-12.5, 0, 1.25]},
			"faces": {
				"east": {"uv": [0, 0, 0, 0], "texture": "#0"},
				"south": {"uv": [6.25, 12.25, 6.75, 12.75], "texture": "#0"},
				"west": {"uv": [6.25, 12.25, 6.75, 12.75], "texture": "#0"}
			}
		},
		{
			"from": [1.5, 20.25, 8.25],
			"to": [2.25, 20.75, 8.5],
			"rotation": {"angle": 0, "axis": "y", "origin": [-12.5, 0, 1.25]},
			"faces": {
				"east": {"uv": [7.25, 11.25, 7.75, 11.75], "texture": "#0"},
				"south": {"uv": [7.25, 11.25, 7.75, 11.75], "texture": "#0"},
				"west": {"uv": [7.25, 11.25, 7.75, 11.75], "texture": "#0"},
				"up": {"uv": [7.25, 11.25, 7.75, 11.75], "texture": "#0"}
			}
		},
		{
			"from": [1.5, 18.75, 8.25],
			"to": [2.25, 20.25, 8.75],
			"rotation": {"angle": 0, "axis": "y", "origin": [-12.5, 0, 1.25]},
			"faces": {
				"east": {"uv": [7.25, 11.25, 7.75, 11.75], "texture": "#0"},
				"south": {"uv": [7.25, 11.25, 7.75, 11.75], "texture": "#0"},
				"west": {"uv": [7.25, 11.25, 7.75, 11.75], "texture": "#0"},
				"up": {"uv": [7.25, 11.25, 7.75, 11.75], "texture": "#0"},
				"down": {"uv": [7.25, 11.25, 7.75, 11.75], "texture": "#0"}
			}
		},
		{
			"from": [1.5, 17.75, 8.75],
			"to": [2, 20.25, 9],
			"rotation": {"angle": 0, "axis": "y", "origin": [-12.5, 0, 1.25]},
			"faces": {
				"east": {"uv": [0, 0, 0, 0], "texture": "#0"},
				"south": {"uv": [6.25, 12.25, 6.75, 12.75], "texture": "#0"},
				"west": {"uv": [6.25, 12.25, 6.75, 12.75], "texture": "#0"},
				"up": {"uv": [6.25, 12.25, 6.75, 12.75], "texture": "#0"}
			}
		},
		{
			"from": [1.5, 17.75, 8.5],
			"to": [2, 18.75, 8.75],
			"rotation": {"angle": 0, "axis": "y", "origin": [-12.5, 0, 1.25]},
			"faces": {
				"east": {"uv": [0, 0, 0, 0], "texture": "#0"},
				"west": {"uv": [6.25, 12.25, 6.75, 12.75], "texture": "#0"}
			}
		},
		{
			"from": [1.5, 18.25, 8.25],
			"to": [2.25, 18.75, 8.5],
			"rotation": {"angle": 0, "axis": "y", "origin": [-12.5, 0, 1.25]},
			"faces": {
				"east": {"uv": [7.25, 11.25, 7.75, 11.75], "texture": "#0"},
				"south": {"uv": [7.25, 11.25, 7.75, 11.75], "texture": "#0"},
				"west": {"uv": [7.25, 11.25, 7.75, 11.75], "texture": "#0"},
				"down": {"uv": [7.25, 11.25, 7.75, 11.75], "texture": "#0"}
			}
		},
		{
			"from": [1.5, 17.75, 8.25],
			"to": [2, 18.25, 8.5],
			"rotation": {"angle": 0, "axis": "y", "origin": [-12.5, 0, 1.25]},
			"faces": {
				"east": {"uv": [0, 0, 0, 0], "texture": "#0"},
				"west": {"uv": [6.25, 12.25, 6.75, 12.75], "texture": "#0"}
			}
		},
		{
			"from": [1.5, 18.25, 8],
			"to": [2.25, 18.75, 8.25],
			"rotation": {"angle": 0, "axis": "y", "origin": [-12.5, 0, 1.25]},
			"faces": {
				"east": {"uv": [7.25, 11.25, 7.75, 11.75], "texture": "#0"},
				"west": {"uv": [7.25, 11.25, 7.75, 11.75], "texture": "#0"}
			}
		},
		{
			"from": [1.5, 18, 7.75],
			"to": [2.25, 18.25, 8.25],
			"rotation": {"angle": 0, "axis": "y", "origin": [-12.5, 0, 1.25]},
			"faces": {
				"east": {"uv": [7.25, 11.25, 7.75, 11.75], "texture": "#0"},
				"south": {"uv": [7.25, 11.25, 7.75, 11.75], "texture": "#0"},
				"west": {"uv": [7.25, 11.25, 7.75, 11.75], "texture": "#0"},
				"down": {"uv": [7.25, 11.25, 7.75, 11.75], "texture": "#0"}
			}
		},
		{
			"from": [1.5, 17.75, 7.75],
			"to": [2, 18, 8.25],
			"rotation": {"angle": 0, "axis": "y", "origin": [-12.5, 0, 1.25]},
			"faces": {
				"east": {"uv": [0, 0, 0, 0], "texture": "#0"},
				"west": {"uv": [6.25, 12.25, 6.75, 12.75], "texture": "#0"}
			}
		},
		{
			"from": [1.5, 18.25, 7.75],
			"to": [2.25, 18.5, 8],
			"rotation": {"angle": 0, "axis": "y", "origin": [-12.5, 0, 1.25]},
			"faces": {
				"east": {"uv": [7.25, 11.25, 7.75, 11.75], "texture": "#0"},
				"west": {"uv": [7.25, 11.25, 7.75, 11.75], "texture": "#0"}
			}
		},
		{
			"from": [1.5, 18.75, 8],
			"to": [2, 20.25, 8.25],
			"rotation": {"angle": 0, "axis": "y", "origin": [-12.5, 0, 1.25]},
			"faces": {
				"west": {"uv": [6.25, 12.25, 6.75, 12.75], "texture": "#0"}
			}
		},
		{
			"from": [1.5, 18.5, 6],
			"to": [2, 20.5, 6.25],
			"rotation": {"angle": 0, "axis": "y", "origin": [-12.5, 0, 1.25]},
			"faces": {
				"west": {"uv": [6.25, 12.25, 6.75, 12.75], "texture": "#0"}
			}
		},
		{
			"from": [1.5, 18.5, 6.25],
			"to": [2, 20.5, 8],
			"rotation": {"angle": 0, "axis": "y", "origin": [-12.5, 0, 1.25]},
			"faces": {
				"west": {"uv": [6.25, 12.25, 6.75, 12.75], "texture": "#0"}
			}
		},
		{
			"from": [1.5, 18.25, 6.25],
			"to": [2, 18.5, 7.75],
			"rotation": {"angle": 0, "axis": "y", "origin": [-12.5, 0, 1.25]},
			"faces": {
				"west": {"uv": [6.25, 12.25, 6.75, 12.75], "texture": "#0"}
			}
		},
		{
			"from": [1.5, 18.75, 5.75],
			"to": [2, 20.25, 6],
			"rotation": {"angle": 0, "axis": "y", "origin": [-12.5, 0, 1.25]},
			"faces": {
				"west": {"uv": [6.25, 12.25, 6.75, 12.75], "texture": "#0"}
			}
		},
		{
			"from": [1.5, 18.25, 5.75],
			"to": [2.25, 18.75, 6],
			"rotation": {"angle": 0, "axis": "y", "origin": [-12.5, 0, 1.25]},
			"faces": {
				"east": {"uv": [7.25, 11.25, 7.75, 11.75], "texture": "#0"},
				"west": {"uv": [7.25, 11.25, 7.75, 11.75], "texture": "#0"}
			}
		},
		{
			"from": [1.5, 18.25, 6],
			"to": [2.25, 18.5, 6.25],
			"rotation": {"angle": 0, "axis": "y", "origin": [-12.5, 0, 1.25]},
			"faces": {
				"east": {"uv": [7.25, 11.25, 7.75, 11.75], "texture": "#0"},
				"west": {"uv": [7.25, 11.25, 7.75, 11.75], "texture": "#0"}
			}
		},
		{
			"from": [1.5, 18, 5.75],
			"to": [2.25, 18.25, 6.25],
			"rotation": {"angle": 0, "axis": "y", "origin": [-12.5, 0, 1.25]},
			"faces": {
				"north": {"uv": [7.25, 11.25, 7.75, 11.75], "texture": "#0"},
				"east": {"uv": [7.25, 11.25, 7.75, 11.75], "texture": "#0"},
				"west": {"uv": [7.25, 11.25, 7.75, 11.75], "texture": "#0"},
				"down": {"uv": [7.25, 11.25, 7.75, 11.75], "texture": "#0"}
			}
		},
		{
			"from": [1.5, 17.75, 6],
			"to": [2, 18, 6.25],
			"rotation": {"angle": 0, "axis": "y", "origin": [-12.5, 0, 1.25]},
			"faces": {
				"north": {"uv": [6.25, 12.25, 6.75, 12.75], "texture": "#0"},
				"east": {"uv": [6.25, 12.25, 6.75, 12.75], "texture": "#0"},
				"west": {"uv": [6.25, 12.25, 6.75, 12.75], "texture": "#0"},
				"down": {"uv": [6.25, 12.25, 6.75, 12.75], "texture": "#0"}
			}
		},
		{
			"from": [1.5, 17.75, 6.25],
			"to": [2.25, 18.25, 7.75],
			"rotation": {"angle": 0, "axis": "y", "origin": [-12.5, 0, 1.25]},
			"faces": {
				"north": {"uv": [7.25, 11.25, 7.75, 11.75], "texture": "#0"},
				"east": {"uv": [7.25, 11.25, 7.75, 11.75], "texture": "#0"},
				"south": {"uv": [7.25, 11.25, 7.75, 11.75], "texture": "#0"},
				"west": {"uv": [7.25, 11.25, 7.75, 11.75], "texture": "#0"},
				"down": {"uv": [7.25, 11.25, 7.75, 11.75], "texture": "#0"}
			}
		},
		{
			"from": [1.5, 18.25, 5.5],
			"to": [2.25, 18.75, 5.75],
			"rotation": {"angle": 0, "axis": "y", "origin": [-12.5, 0, 1.25]},
			"faces": {
				"north": {"uv": [7.25, 11.25, 7.75, 11.75], "texture": "#0"},
				"east": {"uv": [7.25, 11.25, 7.75, 11.75], "texture": "#0"},
				"west": {"uv": [7.25, 11.25, 7.75, 11.75], "texture": "#0"},
				"down": {"uv": [7.25, 11.25, 7.75, 11.75], "texture": "#0"}
			}
		},
		{
			"from": [1.5, 18.75, 5.25],
			"to": [2.25, 20.25, 5.75],
			"rotation": {"angle": 0, "axis": "y", "origin": [-12.5, 0, 1.25]},
			"faces": {
				"north": {"uv": [7.25, 11.25, 7.75, 11.75], "texture": "#0"},
				"east": {"uv": [7.25, 11.25, 7.75, 11.75], "texture": "#0"},
				"west": {"uv": [7.25, 11.25, 7.75, 11.75], "texture": "#0"},
				"up": {"uv": [7.25, 11.25, 7.75, 11.75], "texture": "#0"},
				"down": {"uv": [7.25, 11.25, 7.75, 11.75], "texture": "#0"}
			}
		},
		{
			"from": [1.5, 20.25, 5.5],
			"to": [2.25, 20.75, 5.75],
			"rotation": {"angle": 0, "axis": "y", "origin": [-12.5, 0, 1.25]},
			"faces": {
				"north": {"uv": [7.25, 11.25, 7.75, 11.75], "texture": "#0"},
				"east": {"uv": [7.25, 11.25, 7.75, 11.75], "texture": "#0"},
				"west": {"uv": [7.25, 11.25, 7.75, 11.75], "texture": "#0"},
				"up": {"uv": [7.25, 11.25, 7.75, 11.75], "texture": "#0"}
			}
		},
		{
			"from": [1.5, 20.25, 5.75],
			"to": [2.25, 20.75, 6],
			"rotation": {"angle": 0, "axis": "y", "origin": [-12.5, 0, 1.25]},
			"faces": {
				"east": {"uv": [7.25, 11.25, 7.75, 11.75], "texture": "#0"},
				"west": {"uv": [7.25, 11.25, 7.75, 11.75], "texture": "#0"}
			}
		},
		{
			"from": [1.5, 20.5, 6],
			"to": [2.25, 20.75, 6.25],
			"rotation": {"angle": 0, "axis": "y", "origin": [-12.5, 0, 1.25]},
			"faces": {
				"east": {"uv": [7.25, 11.25, 7.75, 11.75], "texture": "#0"},
				"west": {"uv": [7.25, 11.25, 7.75, 11.75], "texture": "#0"}
			}
		},
		{
			"from": [1.5, 22.75, 6],
			"to": [2, 24.75, 8.25],
			"rotation": {"angle": 0, "axis": "y", "origin": [-12.5, 0, 1.25]},
			"faces": {
				"east": {"uv": [0, 0, 0, 0], "texture": "#0"},
				"south": {"uv": [6.25, 12.25, 6.75, 12.75], "texture": "#0"},
				"west": {"uv": [6.25, 12.25, 6.75, 12.75], "texture": "#0"},
				"up": {"uv": [6.25, 12.25, 6.75, 12.75], "texture": "#0"}
			}
		},
		{
			"from": [1.5, 21.25, 5.75],
			"to": [2, 22.75, 6.25],
			"rotation": {"angle": 0, "axis": "y", "origin": [-12.5, 0, 1.25]},
			"faces": {
				"north": {"uv": [6.25, 12.25, 6.75, 12.75], "texture": "#0"},
				"east": {"uv": [6.25, 12.25, 6.75, 12.75], "texture": "#0"},
				"west": {"uv": [6.25, 12.25, 6.75, 12.75], "texture": "#0"}
			}
		},
		{
			"from": [1.5, 22.75, 5.5],
			"to": [2, 25.25, 6],
			"rotation": {"angle": 0, "axis": "y", "origin": [-12.5, 0, 1.25]},
			"faces": {
				"north": {"uv": [6.25, 12.25, 6.75, 12.75], "texture": "#0"},
				"east": {"uv": [6.25, 12.25, 6.75, 12.75], "texture": "#0"},
				"west": {"uv": [6.25, 12.25, 6.75, 12.75], "texture": "#0"},
				"up": {"uv": [6.25, 12.25, 6.75, 12.75], "texture": "#0"},
				"down": {"uv": [6.25, 12.25, 6.75, 12.75], "texture": "#0"}
			}
		},
		{
			"from": [1.625, 20.75, 5.5],
			"to": [1.875, 22.75, 5.75],
			"rotation": {"angle": 0, "axis": "y", "origin": [-12.5, 0, 1.25]},
			"faces": {
				"north": {"uv": [12.25, 10.25, 12.75, 10.75], "texture": "#5"},
				"east": {"uv": [12.25, 10.25, 12.75, 10.75], "texture": "#5"},
				"west": {"uv": [12.25, 10.25, 12.75, 10.75], "texture": "#5"}
			}
		},
		{
			"from": [1.625, 22.75, 5.25],
			"to": [1.875, 24.75, 5.5],
			"rotation": {"angle": 0, "axis": "y", "origin": [-12.5, 0, 1.25]},
			"faces": {
				"north": {"uv": [12.25, 10.25, 12.75, 10.75], "texture": "#5"},
				"east": {"uv": [12.25, 10.25, 12.75, 10.75], "texture": "#5"},
				"west": {"uv": [12.25, 10.25, 12.75, 10.75], "texture": "#5"},
				"down": {"uv": [12.25, 10.25, 12.75, 10.75], "texture": "#5"}
			}
		},
		{
			"from": [1.5, 21, 5.75],
			"to": [2, 21.25, 6.25],
			"rotation": {"angle": 0, "axis": "y", "origin": [-12.5, 0, 1.25]},
			"faces": {
				"north": {"uv": [6.25, 12.25, 6.75, 12.75], "texture": "#0"},
				"east": {"uv": [6.25, 12.25, 6.75, 12.75], "texture": "#0"},
				"west": {"uv": [6.25, 12.25, 6.75, 12.75], "texture": "#0"}
			}
		},
		{
			"from": [1.5, 24.75, 5.25],
			"to": [2, 25.25, 5.5],
			"rotation": {"angle": 0, "axis": "y", "origin": [-12.5, 0, 1.25]},
			"faces": {
				"north": {"uv": [6.25, 12.25, 6.75, 12.75], "texture": "#0"},
				"east": {"uv": [6.25, 12.25, 6.75, 12.75], "texture": "#0"},
				"west": {"uv": [6.25, 12.25, 6.75, 12.75], "texture": "#0"},
				"up": {"uv": [6.25, 12.25, 6.75, 12.75], "texture": "#0"},
				"down": {"uv": [6.25, 12.25, 6.75, 12.75], "texture": "#0"}
			}
		},
		{
			"from": [1.5, 24.75, 6],
			"to": [2, 25, 6.5],
			"rotation": {"angle": 0, "axis": "y", "origin": [-12.5, 0, 1.25]},
			"faces": {
				"east": {"uv": [6.25, 12.25, 6.75, 12.75], "texture": "#0"},
				"west": {"uv": [6.25, 12.25, 6.75, 12.75], "texture": "#0"}
			}
		},
		{
			"from": [1.5, 24.75, 6.5],
			"to": [2, 25, 8],
			"rotation": {"angle": 0, "axis": "y", "origin": [-12.5, 0, 1.25]},
			"faces": {
				"east": {"uv": [0, 0, 0, 0], "texture": "#0"},
				"south": {"uv": [6.25, 12.25, 6.75, 12.75], "texture": "#0"},
				"west": {"uv": [6.25, 12.25, 6.75, 12.75], "texture": "#0"},
				"up": {"uv": [6.25, 12.25, 6.75, 12.75], "texture": "#0"}
			}
		},
		{
			"from": [1.5, 25, 6],
			"to": [2, 25.25, 7],
			"rotation": {"angle": 0, "axis": "y", "origin": [-12.5, 0, 1.25]},
			"faces": {
				"west": {"uv": [6.25, 12.25, 6.75, 12.75], "texture": "#0"},
				"up": {"uv": [6.25, 12.25, 6.75, 12.75], "texture": "#0"}
			}
		},
		{
			"from": [1.5, 25, 7],
			"to": [2, 25.25, 7.75],
			"rotation": {"angle": 0, "axis": "y", "origin": [-12.5, 0, 1.25]},
			"faces": {
				"east": {"uv": [0, 0, 0, 0], "texture": "#0"},
				"south": {"uv": [6.25, 12.25, 6.75, 12.75], "texture": "#0"},
				"west": {"uv": [6.25, 12.25, 6.75, 12.75], "texture": "#0"},
				"up": {"uv": [6.25, 12.25, 6.75, 12.75], "texture": "#0"}
			}
		},
		{
			"from": [2, 5, 9.75],
			"to": [14, 9.25, 10],
			"rotation": {"angle": 0, "axis": "y", "origin": [0, 0, 1.25]},
			"faces": {
				"north": {"uv": [0, 0, 0, 0], "texture": "#0"},
				"east": {"uv": [0, 0, 0, 0], "texture": "#0"},
				"west": {"uv": [0, 0, 0, 0], "texture": "#0"},
				"down": {"uv": [0, 0, 0, 0], "texture": "#0"}
			}
		},
		{
			"from": [2, 7, 9.5],
			"to": [14, 9.25, 9.75],
			"rotation": {"angle": 0, "axis": "y", "origin": [0, 0, 1.25]},
			"faces": {
				"north": {"uv": [0, 0, 0, 0], "texture": "#0"},
				"east": {"uv": [0, 0, 0, 0], "texture": "#0"},
				"west": {"uv": [0, 0, 0, 0], "texture": "#0"},
				"down": {"uv": [0, 0, 0, 0], "texture": "#0"}
			}
		}
	],
	"display": {
		"gui": {
			"rotation": [45, -135, 0]
		},
		"head": {
			"translation": [0, -25, 0],
			"scale": [2.25, 2.25, 2.25]
		},
		"fixed": {
			"translation": [0, 8, -22],
			"scale": [3, 3, 3]
		}
	}
}