{
	"credit": "Made with Blockbench",
	"textures": {
		"0": "item/cit/ruby",
		"1": "item/cit/stone2",
		"particle": "item/cit/ruby"
	},
	"elements": [
		{
			"from": [0, 4.5, 0],
			"to": [10.75, 5.5, 1],
			"faces": {
				"north": {"uv": [2.25, 4.25, 2.75, 4.75], "texture": "#1"},
				"east": {"uv": [2.25, 4.25, 2.75, 4.75], "texture": "#1"},
				"south": {"uv": [2.25, 4.25, 2.75, 4.75], "texture": "#1"},
				"west": {"uv": [2.25, 4.25, 2.75, 4.75], "texture": "#1"},
				"up": {"uv": [2.25, 4.25, 2.75, 4.75], "texture": "#1"},
				"down": {"uv": [2.25, 4.25, 2.75, 4.75], "texture": "#1"}
			}
		},
		{
			"from": [0, 8.5, 0],
			"to": [10.75, 9.5, 1],
			"faces": {
				"north": {"uv": [2.25, 4.25, 2.75, 4.75], "texture": "#1"},
				"east": {"uv": [2.25, 4.25, 2.75, 4.75], "texture": "#1"},
				"south": {"uv": [2.25, 4.25, 2.75, 4.75], "texture": "#1"},
				"west": {"uv": [2.25, 4.25, 2.75, 4.75], "texture": "#1"},
				"up": {"uv": [2.25, 4.25, 2.75, 4.75], "texture": "#1"},
				"down": {"uv": [2.25, 4.25, 2.75, 4.75], "texture": "#1"}
			}
		},
		{
			"from": [0.5, 5.5, 0.1],
			"to": [10.75, 8.5, 0.9],
			"faces": {
				"north": {"uv": [3.25, 11, 3.75, 14], "texture": "#0"},
				"south": {"uv": [3.25, 11, 3.75, 14], "texture": "#0"}
			}
		},
		{
			"from": [10.75, 6.5, 0.1],
			"to": [14.25, 7.5, 0.9],
			"faces": {
				"north": {"uv": [3.25, 12.25, 3.75, 12.5], "texture": "#0"},
				"south": {"uv": [3.25, 12.25, 3.75, 12.5], "texture": "#0"}
			}
		},
		{
			"from": [10.75, 7.5, 0.1],
			"to": [13.75, 8.5, 0.9],
			"faces": {
				"north": {"uv": [3.25, 11.25, 3.75, 11.5], "texture": "#0"},
				"south": {"uv": [3.25, 11.25, 3.75, 11.5], "texture": "#0"}
			}
		},
		{
			"from": [10.75, 5.5, 0.1],
			"to": [13.75, 6.5, 0.9],
			"faces": {
				"north": {"uv": [3.25, 13.5, 3.75, 13.75], "texture": "#0"},
				"south": {"uv": [3.25, 13.5, 3.75, 13.75], "texture": "#0"}
			}
		},
		{
			"from": [10.75, 8.5, 0.1],
			"to": [12.75, 9.5, 0.9],
			"faces": {
				"north": {"uv": [3.25, 11.25, 3.75, 11.5], "texture": "#0"},
				"south": {"uv": [3.25, 11.25, 3.75, 11.5], "texture": "#0"}
			}
		},
		{
			"from": [10.75, 4.5, 0.1],
			"to": [12.75, 5.5, 0.9],
			"faces": {
				"north": {"uv": [3.25, 13.5, 3.75, 13.75], "texture": "#0"},
				"south": {"uv": [3.25, 13.5, 3.75, 13.75], "texture": "#0"}
			}
		},
		{
			"from": [10.75, 9.5, 0.1],
			"to": [11.75, 10.5, 0.9],
			"faces": {
				"north": {"uv": [3.25, 11.25, 3.75, 11.5], "texture": "#0"},
				"south": {"uv": [3.25, 11.25, 3.75, 11.5], "texture": "#0"}
			}
		},
		{
			"from": [10.75, 3.5, 0.1],
			"to": [11.75, 4.5, 0.9],
			"faces": {
				"north": {"uv": [3.25, 13.5, 3.75, 13.75], "texture": "#0"},
				"south": {"uv": [3.25, 13.5, 3.75, 13.75], "texture": "#0"}
			}
		},
		{
			"from": [0, 5.5, 0],
			"to": [1, 8.5, 1],
			"faces": {
				"north": {"uv": [2.25, 4.25, 2.75, 4.75], "texture": "#1"},
				"east": {"uv": [2.25, 4.25, 2.75, 4.75], "texture": "#1"},
				"south": {"uv": [2.25, 4.25, 2.75, 4.75], "texture": "#1"},
				"west": {"uv": [2.25, 4.25, 2.75, 4.75], "texture": "#1"}
			}
		},
		{
			"from": [9.75, 1.5, 0],
			"to": [10.75, 4.5, 1],
			"faces": {
				"north": {"uv": [2.25, 4.25, 2.75, 4.75], "texture": "#1"},
				"east": {"uv": [2.25, 4.25, 2.75, 4.75], "texture": "#1"},
				"south": {"uv": [2.25, 4.25, 2.75, 4.75], "texture": "#1"},
				"west": {"uv": [2.25, 4.25, 2.75, 4.75], "texture": "#1"},
				"down": {"uv": [2.25, 4.25, 2.75, 4.75], "texture": "#1"}
			}
		},
		{
			"from": [9.75, 9.5, 0],
			"to": [10.75, 12.5, 1],
			"faces": {
				"north": {"uv": [2.25, 4.25, 2.75, 4.75], "texture": "#1"},
				"east": {"uv": [2.25, 4.25, 2.75, 4.75], "texture": "#1"},
				"south": {"uv": [2.25, 4.25, 2.75, 4.75], "texture": "#1"},
				"west": {"uv": [2.25, 4.25, 2.75, 4.75], "texture": "#1"},
				"up": {"uv": [2.25, 4.25, 2.75, 4.75], "texture": "#1"}
			}
		},
		{
			"from": [10.75, 10.5, 0],
			"to": [11.25, 12, 1],
			"faces": {
				"north": {"uv": [2.25, 4.25, 2.75, 4.75], "texture": "#1"},
				"east": {"uv": [2.25, 4.25, 2.75, 4.75], "texture": "#1"},
				"south": {"uv": [2.25, 4.25, 2.75, 4.75], "texture": "#1"},
				"up": {"uv": [2.25, 4.25, 2.75, 4.75], "texture": "#1"},
				"down": {"uv": [2.25, 4.25, 2.75, 4.75], "texture": "#1"}
			}
		},
		{
			"from": [11.25, 2.5, 0],
			"to": [11.75, 4, 1],
			"faces": {
				"north": {"uv": [2.25, 4.25, 2.75, 4.75], "texture": "#1"},
				"east": {"uv": [2.25, 4.25, 2.75, 4.75], "texture": "#1"},
				"south": {"uv": [2.25, 4.25, 2.75, 4.75], "texture": "#1"},
				"west": {"uv": [2.25, 4.25, 2.75, 4.75], "texture": "#1"},
				"up": {"uv": [2.25, 4.25, 2.75, 4.75], "texture": "#1"},
				"down": {"uv": [2.25, 4.25, 2.75, 4.75], "texture": "#1"}
			}
		},
		{
			"from": [12.25, 3.5, 0],
			"to": [12.75, 5, 1],
			"faces": {
				"north": {"uv": [2.25, 4.25, 2.75, 4.75], "texture": "#1"},
				"east": {"uv": [2.25, 4.25, 2.75, 4.75], "texture": "#1"},
				"south": {"uv": [2.25, 4.25, 2.75, 4.75], "texture": "#1"},
				"west": {"uv": [2.25, 4.25, 2.75, 4.75], "texture": "#1"},
				"up": {"uv": [2.25, 4.25, 2.75, 4.75], "texture": "#1"},
				"down": {"uv": [2.25, 4.25, 2.75, 4.75], "texture": "#1"}
			}
		},
		{
			"from": [11.75, 3, 0],
			"to": [12.25, 4.5, 1],
			"faces": {
				"north": {"uv": [2.25, 4.25, 2.75, 4.75], "texture": "#1"},
				"east": {"uv": [2.25, 4.25, 2.75, 4.75], "texture": "#1"},
				"south": {"uv": [2.25, 4.25, 2.75, 4.75], "texture": "#1"},
				"west": {"uv": [2.25, 4.25, 2.75, 4.75], "texture": "#1"},
				"up": {"uv": [2.25, 4.25, 2.75, 4.75], "texture": "#1"},
				"down": {"uv": [2.25, 4.25, 2.75, 4.75], "texture": "#1"}
			}
		},
		{
			"from": [14.25, 5.5, 0],
			"to": [14.75, 8.5, 1],
			"faces": {
				"north": {"uv": [2.25, 4.25, 2.75, 4.75], "texture": "#1"},
				"east": {"uv": [2.25, 4.25, 2.75, 4.75], "texture": "#1"},
				"south": {"uv": [2.25, 4.25, 2.75, 4.75], "texture": "#1"},
				"west": {"uv": [2.25, 4.25, 2.75, 4.75], "texture": "#1"},
				"up": {"uv": [2.25, 4.25, 2.75, 4.75], "texture": "#1"},
				"down": {"uv": [2.25, 4.25, 2.75, 4.75], "texture": "#1"}
			}
		},
		{
			"from": [13.75, 5, 0],
			"to": [14.25, 6.5, 1],
			"faces": {
				"north": {"uv": [2.25, 4.25, 2.75, 4.75], "texture": "#1"},
				"east": {"uv": [2.25, 4.25, 2.75, 4.75], "texture": "#1"},
				"south": {"uv": [2.25, 4.25, 2.75, 4.75], "texture": "#1"},
				"west": {"uv": [2.25, 4.25, 2.75, 4.75], "texture": "#1"},
				"up": {"uv": [2.25, 4.25, 2.75, 4.75], "texture": "#1"},
				"down": {"uv": [2.25, 4.25, 2.75, 4.75], "texture": "#1"}
			}
		},
		{
			"from": [13.25, 4.5, 0],
			"to": [13.75, 6, 1],
			"faces": {
				"north": {"uv": [2.25, 4.25, 2.75, 4.75], "texture": "#1"},
				"east": {"uv": [2.25, 4.25, 2.75, 4.75], "texture": "#1"},
				"south": {"uv": [2.25, 4.25, 2.75, 4.75], "texture": "#1"},
				"west": {"uv": [2.25, 4.25, 2.75, 4.75], "texture": "#1"},
				"up": {"uv": [2.25, 4.25, 2.75, 4.75], "texture": "#1"},
				"down": {"uv": [2.25, 4.25, 2.75, 4.75], "texture": "#1"}
			}
		},
		{
			"from": [12.75, 4, 0],
			"to": [13.25, 5.5, 1],
			"faces": {
				"north": {"uv": [2.25, 4.25, 2.75, 4.75], "texture": "#1"},
				"east": {"uv": [2.25, 4.25, 2.75, 4.75], "texture": "#1"},
				"south": {"uv": [2.25, 4.25, 2.75, 4.75], "texture": "#1"},
				"west": {"uv": [2.25, 4.25, 2.75, 4.75], "texture": "#1"},
				"up": {"uv": [2.25, 4.25, 2.75, 4.75], "texture": "#1"},
				"down": {"uv": [2.25, 4.25, 2.75, 4.75], "texture": "#1"}
			}
		},
		{
			"from": [10.75, 2, 0],
			"to": [11.25, 3.5, 1],
			"faces": {
				"north": {"uv": [2.25, 4.25, 2.75, 4.75], "texture": "#1"},
				"east": {"uv": [2.25, 4.25, 2.75, 4.75], "texture": "#1"},
				"south": {"uv": [2.25, 4.25, 2.75, 4.75], "texture": "#1"},
				"up": {"uv": [2.25, 4.25, 2.75, 4.75], "texture": "#1"},
				"down": {"uv": [2.25, 4.25, 2.75, 4.75], "texture": "#1"}
			}
		},
		{
			"from": [11.25, 10, 0],
			"to": [11.75, 11.5, 1],
			"faces": {
				"north": {"uv": [2.25, 4.25, 2.75, 4.75], "texture": "#1"},
				"east": {"uv": [2.25, 4.25, 2.75, 4.75], "texture": "#1"},
				"south": {"uv": [2.25, 4.25, 2.75, 4.75], "texture": "#1"},
				"west": {"uv": [2.25, 4.25, 2.75, 4.75], "texture": "#1"},
				"up": {"uv": [2.25, 4.25, 2.75, 4.75], "texture": "#1"},
				"down": {"uv": [2.25, 4.25, 2.75, 4.75], "texture": "#1"}
			}
		},
		{
			"from": [12.25, 9, 0],
			"to": [12.75, 10.5, 1],
			"faces": {
				"north": {"uv": [2.25, 4.25, 2.75, 4.75], "texture": "#1"},
				"east": {"uv": [2.25, 4.25, 2.75, 4.75], "texture": "#1"},
				"south": {"uv": [2.25, 4.25, 2.75, 4.75], "texture": "#1"},
				"west": {"uv": [2.25, 4.25, 2.75, 4.75], "texture": "#1"},
				"up": {"uv": [2.25, 4.25, 2.75, 4.75], "texture": "#1"},
				"down": {"uv": [2.25, 4.25, 2.75, 4.75], "texture": "#1"}
			}
		},
		{
			"from": [11.75, 9.5, 0],
			"to": [12.25, 11, 1],
			"faces": {
				"north": {"uv": [2.25, 4.25, 2.75, 4.75], "texture": "#1"},
				"east": {"uv": [2.25, 4.25, 2.75, 4.75], "texture": "#1"},
				"south": {"uv": [2.25, 4.25, 2.75, 4.75], "texture": "#1"},
				"west": {"uv": [2.25, 4.25, 2.75, 4.75], "texture": "#1"},
				"up": {"uv": [2.25, 4.25, 2.75, 4.75], "texture": "#1"},
				"down": {"uv": [2.25, 4.25, 2.75, 4.75], "texture": "#1"}
			}
		},
		{
			"from": [13.75, 7.5, 0],
			"to": [14.25, 9, 1],
			"faces": {
				"north": {"uv": [2.25, 4.25, 2.75, 4.75], "texture": "#1"},
				"east": {"uv": [2.25, 4.25, 2.75, 4.75], "texture": "#1"},
				"south": {"uv": [2.25, 4.25, 2.75, 4.75], "texture": "#1"},
				"west": {"uv": [2.25, 4.25, 2.75, 4.75], "texture": "#1"},
				"up": {"uv": [2.25, 4.25, 2.75, 4.75], "texture": "#1"},
				"down": {"uv": [2.25, 4.25, 2.75, 4.75], "texture": "#1"}
			}
		},
		{
			"from": [15.25, 6.5, 0],
			"to": [15.75, 7.5, 1],
			"faces": {
				"north": {"uv": [2.25, 4.25, 2.75, 4.75], "texture": "#1"},
				"east": {"uv": [2.25, 4.25, 2.75, 4.75], "texture": "#1"},
				"south": {"uv": [2.25, 4.25, 2.75, 4.75], "texture": "#1"},
				"up": {"uv": [2.25, 4.25, 2.75, 4.75], "texture": "#1"},
				"down": {"uv": [2.25, 4.25, 2.75, 4.75], "texture": "#1"}
			}
		},
		{
			"from": [14.75, 6, 0],
			"to": [15.25, 8, 1],
			"faces": {
				"north": {"uv": [2.25, 4.25, 2.75, 4.75], "texture": "#1"},
				"east": {"uv": [2.25, 4.25, 2.75, 4.75], "texture": "#1"},
				"south": {"uv": [2.25, 4.25, 2.75, 4.75], "texture": "#1"},
				"up": {"uv": [2.25, 4.25, 2.75, 4.75], "texture": "#1"},
				"down": {"uv": [2.25, 4.25, 2.75, 4.75], "texture": "#1"}
			}
		},
		{
			"from": [12.75, 8.5, 0],
			"to": [13.25, 10, 1],
			"faces": {
				"north": {"uv": [2.25, 4.25, 2.75, 4.75], "texture": "#1"},
				"east": {"uv": [2.25, 4.25, 2.75, 4.75], "texture": "#1"},
				"south": {"uv": [2.25, 4.25, 2.75, 4.75], "texture": "#1"},
				"west": {"uv": [2.25, 4.25, 2.75, 4.75], "texture": "#1"},
				"up": {"uv": [2.25, 4.25, 2.75, 4.75], "texture": "#1"},
				"down": {"uv": [2.25, 4.25, 2.75, 4.75], "texture": "#1"}
			}
		},
		{
			"from": [13.25, 8, 0],
			"to": [13.75, 9.5, 1],
			"faces": {
				"north": {"uv": [2.25, 4.25, 2.75, 4.75], "texture": "#1"},
				"east": {"uv": [2.25, 4.25, 2.75, 4.75], "texture": "#1"},
				"south": {"uv": [2.25, 4.25, 2.75, 4.75], "texture": "#1"},
				"west": {"uv": [2.25, 4.25, 2.75, 4.75], "texture": "#1"},
				"up": {"uv": [2.25, 4.25, 2.75, 4.75], "texture": "#1"},
				"down": {"uv": [2.25, 4.25, 2.75, 4.75], "texture": "#1"}
			}
		},
		{
			"from": [9.75, 12.5, 0],
			"to": [10.25, 13, 1],
			"faces": {
				"north": {"uv": [2.25, 4.25, 2.75, 4.75], "texture": "#1"},
				"east": {"uv": [2.25, 4.25, 2.75, 4.75], "texture": "#1"},
				"south": {"uv": [2.25, 4.25, 2.75, 4.75], "texture": "#1"},
				"west": {"uv": [2.25, 4.25, 2.75, 4.75], "texture": "#1"},
				"up": {"uv": [2.25, 4.25, 2.75, 4.75], "texture": "#1"}
			}
		},
		{
			"from": [9.75, 1, 0],
			"to": [10.25, 1.5, 1],
			"faces": {
				"north": {"uv": [2.25, 4.25, 2.75, 4.75], "texture": "#1"},
				"east": {"uv": [2.25, 4.25, 2.75, 4.75], "texture": "#1"},
				"south": {"uv": [2.25, 4.25, 2.75, 4.75], "texture": "#1"},
				"west": {"uv": [2.25, 4.25, 2.75, 4.75], "texture": "#1"},
				"down": {"uv": [2.25, 4.25, 2.75, 4.75], "texture": "#1"}
			}
		}
	],
	"display": {
		"thirdperson_righthand": {
			"rotation": [0, 0, 45],
			"translation": [0, 0, 9],
			"scale": [1.25, 1.25, 1.25]
		},
		"thirdperson_lefthand": {
			"rotation": [0, 0, -45],
			"translation": [0, 0, 9],
			"scale": [1.25, 1.25, 1.25]
		},
		"firstperson_righthand": {
			"rotation": [0, 0, 45],
			"translation": [0, 0, 9],
			"scale": [1.25, 1.25, 1.25]
		},
		"firstperson_lefthand": {
			"rotation": [0, 0, -45],
			"translation": [0, 0, 9],
			"scale": [1.25, 1.25, 1.25]
		},
		"gui": {
			"translation": [0, 0, 9],
			"scale": [1.25, 1.25, 1.25]
		},
		"head": {
			"rotation": [0, 0, -90],
			"translation": [1, 16, 7.5]
		},
		"fixed": {
			"rotation": [0, 0, 45],
			"translation": [0, 4, 23],
			"scale": [3, 3, 3]
		}
	}
}