{
	"credit": "Made with Blockbench",
	"textures": {
		"0": "item/cit/ruby",
		"particle": "item/cit/ruby"
	},
	"elements": [
		{
			"from": [7.75, 3, 7.75],
			"to": [8.25, 19.5, 8.25],
			"faces": {
				"north": {"uv": [2, 1, 2.5, 14], "texture": "#0"},
				"east": {"uv": [2, 1, 2.5, 14], "texture": "#0"},
				"south": {"uv": [2, 1, 2.5, 14], "texture": "#0"},
				"west": {"uv": [2, 1, 2.5, 14], "texture": "#0"},
				"up": {"uv": [2, 1, 2.5, 14], "texture": "#0"},
				"down": {"uv": [2, 1, 2.5, 14], "texture": "#0"}
			}
		},
		{
			"from": [7.75, 20, 7.5],
			"to": [8.25, 21.25, 8.5],
			"faces": {
				"north": {"uv": [10, 12, 10.5, 12.75], "texture": "#0"},
				"east": {"uv": [10, 12, 10.5, 12.75], "texture": "#0"},
				"south": {"uv": [10, 12, 10.5, 12.75], "texture": "#0"},
				"west": {"uv": [10, 12, 10.5, 12.75], "texture": "#0"},
				"up": {"uv": [10, 12, 10.5, 12.75], "texture": "#0"},
				"down": {"uv": [10, 12, 10.5, 12.75], "texture": "#0"}
			}
		},
		{
			"from": [7.75, 19.5, 7.5],
			"to": [8.25, 20, 8.5],
			"faces": {
				"north": {"uv": [2.25, 1.25, 2.75, 1.75], "texture": "#0"},
				"east": {"uv": [2.25, 1.25, 2.75, 1.75], "texture": "#0"},
				"south": {"uv": [2.25, 1.25, 2.75, 1.75], "texture": "#0"},
				"west": {"uv": [2.25, 1.25, 2.75, 1.75], "texture": "#0"},
				"up": {"uv": [2.25, 1.25, 2.75, 1.75], "texture": "#0"},
				"down": {"uv": [2.25, 1.25, 2.75, 1.75], "texture": "#0"}
			}
		},
		{
			"from": [7.65, 2, 7.65],
			"to": [8.35, 2.5, 8.35],
			"faces": {
				"north": {"uv": [2, 4, 2.6, 4.5], "texture": "#0"},
				"east": {"uv": [2, 4, 2.6, 4.5], "texture": "#0"},
				"south": {"uv": [2, 4, 2.6, 4.5], "texture": "#0"},
				"west": {"uv": [2, 4, 2.6, 4.5], "texture": "#0"},
				"up": {"uv": [2, 4, 2.6, 4.5], "texture": "#0"},
				"down": {"uv": [2, 4, 2.6, 4.5], "texture": "#0"}
			}
		},
		{
			"from": [7.7, 1.5, 7.7],
			"to": [8.3, 2, 8.3],
			"faces": {
				"north": {"uv": [2, 6, 2.6, 6.5], "texture": "#0"},
				"east": {"uv": [2, 6, 2.6, 6.5], "texture": "#0"},
				"south": {"uv": [2, 6, 2.6, 6.5], "texture": "#0"},
				"west": {"uv": [2, 6, 2.6, 6.5], "texture": "#0"},
				"up": {"uv": [2, 6, 2.6, 6.5], "texture": "#0"},
				"down": {"uv": [2, 6, 2.6, 6.5], "texture": "#0"}
			}
		},
		{
			"from": [7.7, 2.5, 7.7],
			"to": [8.3, 3, 8.3],
			"faces": {
				"north": {"uv": [2, 6, 2.6, 6.5], "texture": "#0"},
				"east": {"uv": [2, 6, 2.6, 6.5], "texture": "#0"},
				"south": {"uv": [2, 6, 2.6, 6.5], "texture": "#0"},
				"west": {"uv": [2, 6, 2.6, 6.5], "texture": "#0"},
				"up": {"uv": [2, 6, 2.6, 6.5], "texture": "#0"},
				"down": {"uv": [2, 6, 2.6, 6.5], "texture": "#0"}
			}
		},
		{
			"from": [7.8, 1, 7.8],
			"to": [8.2, 1.5, 8.2],
			"faces": {
				"north": {"uv": [1, 7, 1.6, 7.5], "texture": "#0"},
				"east": {"uv": [1, 7, 1.6, 7.5], "texture": "#0"},
				"south": {"uv": [1, 7, 1.6, 7.5], "texture": "#0"},
				"west": {"uv": [1, 7, 1.6, 7.5], "texture": "#0"},
				"up": {"uv": [1, 7, 1.6, 7.5], "texture": "#0"},
				"down": {"uv": [1, 7, 1.6, 7.5], "texture": "#0"}
			}
		},
		{
			"from": [7.9, 0.5, 7.9],
			"to": [8.1, 1, 8.1],
			"faces": {
				"north": {"uv": [0, 7, 0.6, 7.5], "texture": "#0"},
				"east": {"uv": [0, 7, 0.6, 7.5], "texture": "#0"},
				"south": {"uv": [0, 7, 0.6, 7.5], "texture": "#0"},
				"west": {"uv": [0, 7, 0.6, 7.5], "texture": "#0"},
				"up": {"uv": [0, 7, 0.6, 7.5], "texture": "#0"},
				"down": {"uv": [0, 7, 0.6, 7.5], "texture": "#0"}
			}
		},
		{
			"from": [7.75, 20.25, 8.5],
			"to": [8.25, 21.5, 8.75],
			"faces": {
				"north": {"uv": [2, 13, 2.5, 15], "texture": "#0"},
				"east": {"uv": [2, 13, 2.5, 15], "texture": "#0"},
				"south": {"uv": [2, 13, 2.5, 15], "texture": "#0"},
				"west": {"uv": [10, 12, 10.5, 12.75], "texture": "#0"},
				"up": {"uv": [2, 13, 2.5, 12.75], "texture": "#0"},
				"down": {"uv": [2, 13, 2.5, 15], "texture": "#0"}
			}
		},
		{
			"from": [7.75, 21.25, 9],
			"to": [8.25, 22.5, 9.25],
			"faces": {
				"north": {"uv": [2, 13, 2.5, 13.75], "texture": "#0"},
				"east": {"uv": [2, 13, 2.5, 13.75], "texture": "#0"},
				"south": {"uv": [2, 13, 2.5, 13.75], "texture": "#0"},
				"west": {"uv": [10, 12, 10.5, 12.75], "texture": "#0"},
				"up": {"uv": [2, 13, 2.5, 13.75], "texture": "#0"},
				"down": {"uv": [2, 13, 2.5, 13.75], "texture": "#0"}
			}
		},
		{
			"from": [7.75, 23, 8.5],
			"to": [8.25, 24, 8.75],
			"faces": {
				"north": {"uv": [3, 12, 3.5, 12.75], "texture": "#0"},
				"east": {"uv": [3, 12, 3.5, 12.75], "texture": "#0"},
				"south": {"uv": [3, 12, 3.5, 12.75], "texture": "#0"},
				"west": {"uv": [3, 12, 3.5, 12.75], "texture": "#0"},
				"up": {"uv": [3, 12, 3.5, 12.75], "texture": "#0"},
				"down": {"uv": [3, 12, 3.5, 12.75], "texture": "#0"}
			}
		},
		{
			"from": [7.75, 22.25, 8.5],
			"to": [8.25, 23, 8.75],
			"faces": {
				"north": {"uv": [8, 13, 8.5, 13.75], "texture": "#0"},
				"east": {"uv": [8, 13, 8.5, 13.75], "texture": "#0"},
				"south": {"uv": [8, 13, 8.5, 13.75], "texture": "#0"},
				"west": {"uv": [8, 13, 8.5, 13.75], "texture": "#0"},
				"up": {"uv": [8, 13, 8.5, 13.75], "texture": "#0"},
				"down": {"uv": [8, 13, 8.5, 13.75], "texture": "#0"}
			}
		},
		{
			"from": [7.75, 22.25, 7.25],
			"to": [8.25, 23, 7.5],
			"faces": {
				"north": {"uv": [10, 12, 10.5, 12.75], "texture": "#0"},
				"east": {"uv": [10, 12, 10.5, 12.75], "texture": "#0"},
				"south": {"uv": [10, 12, 10.5, 12.75], "texture": "#0"},
				"west": {"uv": [10, 12, 10.5, 12.75], "texture": "#0"},
				"up": {"uv": [10, 12, 10.5, 12.75], "texture": "#0"},
				"down": {"uv": [10, 12, 10.5, 12.75], "texture": "#0"}
			}
		},
		{
			"from": [7.75, 22.75, 8.25],
			"to": [8.25, 23.75, 8.5],
			"faces": {
				"north": {"uv": [3, 12, 3.5, 12.75], "texture": "#0"},
				"east": {"uv": [3, 12, 3.5, 12.75], "texture": "#0"},
				"south": {"uv": [3, 12, 3.5, 12.75], "texture": "#0"},
				"west": {"uv": [3, 12, 3.5, 12.75], "texture": "#0"},
				"up": {"uv": [3, 12, 3.5, 12.75], "texture": "#0"},
				"down": {"uv": [3, 12, 3.5, 12.75], "texture": "#0"}
			}
		},
		{
			"from": [7.75, 23.25, 8.75],
			"to": [8.25, 24.25, 9],
			"faces": {
				"north": {"uv": [3, 12, 3.5, 12.75], "texture": "#0"},
				"east": {"uv": [3, 12, 3.5, 12.75], "texture": "#0"},
				"south": {"uv": [3, 12, 3.5, 12.75], "texture": "#0"},
				"west": {"uv": [3, 12, 3.5, 12.75], "texture": "#0"},
				"up": {"uv": [3, 12, 3.5, 12.75], "texture": "#0"},
				"down": {"uv": [3, 12, 3.5, 12.75], "texture": "#0"}
			}
		},
		{
			"from": [7.75, 22.75, 9.75],
			"to": [8.25, 23.75, 10],
			"faces": {
				"north": {"uv": [11, 13.25, 11.5, 13.75], "texture": "#0"},
				"east": {"uv": [11, 13.25, 11.5, 13.75], "texture": "#0"},
				"south": {"uv": [11, 13.25, 11.5, 13.75], "texture": "#0"},
				"west": {"uv": [11, 13.25, 11.5, 13.75], "texture": "#0"},
				"up": {"uv": [11, 13.25, 11.5, 13.75], "texture": "#0"},
				"down": {"uv": [11, 13.25, 11.5, 13.75], "texture": "#0"}
			}
		},
		{
			"from": [7.75, 22.5, 10],
			"to": [8.25, 23.5, 10.25],
			"faces": {
				"north": {"uv": [11, 13.25, 11.5, 13.75], "texture": "#0"},
				"east": {"uv": [11, 13.25, 11.5, 13.75], "texture": "#0"},
				"south": {"uv": [11, 13.25, 11.5, 13.75], "texture": "#0"},
				"west": {"uv": [11, 13.25, 11.5, 13.75], "texture": "#0"},
				"up": {"uv": [11, 13.25, 11.5, 13.75], "texture": "#0"},
				"down": {"uv": [11, 13.25, 11.5, 13.75], "texture": "#0"}
			}
		},
		{
			"from": [7.75, 22.25, 10.25],
			"to": [8.25, 23.25, 10.5],
			"faces": {
				"north": {"uv": [11, 13.25, 11.5, 13.75], "texture": "#0"},
				"east": {"uv": [11, 13.25, 11.5, 13.75], "texture": "#0"},
				"south": {"uv": [11, 13.25, 11.5, 13.75], "texture": "#0"},
				"west": {"uv": [11, 13.25, 11.5, 13.75], "texture": "#0"},
				"up": {"uv": [11, 13.25, 11.5, 13.75], "texture": "#0"},
				"down": {"uv": [11, 13.25, 11.5, 13.75], "texture": "#0"}
			}
		},
		{
			"from": [7.75, 22, 10.5],
			"to": [8.25, 23, 10.75],
			"faces": {
				"north": {"uv": [11, 13.25, 11.5, 13.75], "texture": "#0"},
				"east": {"uv": [11, 13.25, 11.5, 13.75], "texture": "#0"},
				"south": {"uv": [11, 13.25, 11.5, 13.75], "texture": "#0"},
				"west": {"uv": [11, 13.25, 11.5, 13.75], "texture": "#0"},
				"up": {"uv": [11, 13.25, 11.5, 13.75], "texture": "#0"},
				"down": {"uv": [11, 13.25, 11.5, 13.75], "texture": "#0"}
			}
		},
		{
			"from": [7.75, 21.75, 10.75],
			"to": [8.25, 22.75, 11],
			"faces": {
				"north": {"uv": [11, 13.25, 11.5, 13.75], "texture": "#0"},
				"east": {"uv": [11, 13.25, 11.5, 13.75], "texture": "#0"},
				"south": {"uv": [11, 13.25, 11.5, 13.75], "texture": "#0"},
				"west": {"uv": [11, 13.25, 11.5, 13.75], "texture": "#0"},
				"up": {"uv": [11, 13.25, 11.5, 13.75], "texture": "#0"},
				"down": {"uv": [11, 13.25, 11.5, 13.75], "texture": "#0"}
			}
		},
		{
			"from": [7.75, 21.5, 11],
			"to": [8.25, 22.5, 11.25],
			"faces": {
				"north": {"uv": [11, 13.25, 11.5, 13.75], "texture": "#0"},
				"east": {"uv": [11, 13.25, 11.5, 13.75], "texture": "#0"},
				"south": {"uv": [11, 13.25, 11.5, 13.75], "texture": "#0"},
				"west": {"uv": [11, 13.25, 11.5, 13.75], "texture": "#0"},
				"up": {"uv": [11, 13.25, 11.5, 13.75], "texture": "#0"},
				"down": {"uv": [11, 13.25, 11.5, 13.75], "texture": "#0"}
			}
		},
		{
			"from": [7.75, 21.25, 11.25],
			"to": [8.25, 22.25, 11.5],
			"faces": {
				"north": {"uv": [11, 13.25, 11.5, 13.75], "texture": "#0"},
				"east": {"uv": [11, 13.25, 11.5, 13.75], "texture": "#0"},
				"south": {"uv": [11, 13.25, 11.5, 13.75], "texture": "#0"},
				"west": {"uv": [11, 13.25, 11.5, 13.75], "texture": "#0"},
				"up": {"uv": [11, 13.25, 11.5, 13.75], "texture": "#0"},
				"down": {"uv": [11, 13.25, 11.5, 13.75], "texture": "#0"}
			}
		},
		{
			"from": [7.75, 21, 11.5],
			"to": [8.25, 22, 11.75],
			"faces": {
				"north": {"uv": [11, 13.25, 11.5, 13.75], "texture": "#0"},
				"east": {"uv": [11, 13.25, 11.5, 13.75], "texture": "#0"},
				"south": {"uv": [11, 13.25, 11.5, 13.75], "texture": "#0"},
				"west": {"uv": [11, 13.25, 11.5, 13.75], "texture": "#0"},
				"up": {"uv": [11, 13.25, 11.5, 13.75], "texture": "#0"},
				"down": {"uv": [11, 13.25, 11.5, 13.75], "texture": "#0"}
			}
		},
		{
			"from": [7.75, 23, 9.5],
			"to": [8.25, 23.5, 9.75],
			"faces": {
				"north": {"uv": [11, 13.25, 11.5, 13.75], "texture": "#0"},
				"east": {"uv": [11, 13.25, 11.5, 13.75], "texture": "#0"},
				"south": {"uv": [11, 13.25, 11.5, 13.75], "texture": "#0"},
				"west": {"uv": [11, 13.25, 11.5, 13.75], "texture": "#0"},
				"up": {"uv": [11, 13.25, 11.5, 13.75], "texture": "#0"},
				"down": {"uv": [11, 13.25, 11.5, 13.75], "texture": "#0"}
			}
		},
		{
			"from": [7.75, 23.5, 9],
			"to": [8.25, 24.5, 9.75],
			"faces": {
				"north": {"uv": [11, 13.25, 11.5, 13.75], "texture": "#0"},
				"east": {"uv": [11, 13.25, 11.5, 13.75], "texture": "#0"},
				"south": {"uv": [11, 13.25, 11.5, 13.75], "texture": "#0"},
				"west": {"uv": [11, 13.25, 11.5, 13.75], "texture": "#0"},
				"up": {"uv": [11, 13.25, 11.5, 13.75], "texture": "#0"},
				"down": {"uv": [11, 13.25, 11.5, 13.75], "texture": "#0"}
			}
		},
		{
			"from": [7.75, 23.25, 9.25],
			"to": [8.25, 23.5, 9.5],
			"faces": {
				"north": {"uv": [11, 13.25, 11.5, 13.75], "texture": "#0"},
				"east": {"uv": [11, 13.25, 11.5, 13.75], "texture": "#0"},
				"south": {"uv": [11, 13.25, 11.5, 13.75], "texture": "#0"},
				"west": {"uv": [11, 13.25, 11.5, 13.75], "texture": "#0"},
				"up": {"uv": [11, 13.25, 11.5, 13.75], "texture": "#0"},
				"down": {"uv": [11, 13.25, 11.5, 13.75], "texture": "#0"}
			}
		},
		{
			"from": [7.75, 23.25, 6.5],
			"to": [8.25, 23.5, 6.75],
			"faces": {
				"north": {"uv": [11, 13.25, 11.5, 13.75], "texture": "#0"},
				"east": {"uv": [11, 13.25, 11.5, 13.75], "texture": "#0"},
				"south": {"uv": [11, 13.25, 11.5, 13.75], "texture": "#0"},
				"west": {"uv": [11, 13.25, 11.5, 13.75], "texture": "#0"},
				"up": {"uv": [11, 13.25, 11.5, 13.75], "texture": "#0"},
				"down": {"uv": [11, 13.25, 11.5, 13.75], "texture": "#0"}
			}
		},
		{
			"from": [7.75, 23, 6.25],
			"to": [8.25, 23.5, 6.5],
			"faces": {
				"north": {"uv": [11, 13.25, 11.5, 13.75], "texture": "#0"},
				"east": {"uv": [11, 13.25, 11.5, 13.75], "texture": "#0"},
				"south": {"uv": [11, 13.25, 11.5, 13.75], "texture": "#0"},
				"west": {"uv": [11, 13.25, 11.5, 13.75], "texture": "#0"},
				"up": {"uv": [11, 13.25, 11.5, 13.75], "texture": "#0"},
				"down": {"uv": [11, 13.25, 11.5, 13.75], "texture": "#0"}
			}
		},
		{
			"from": [7.75, 22.75, 6],
			"to": [8.25, 23.75, 6.25],
			"faces": {
				"north": {"uv": [11, 13.25, 11.5, 13.75], "texture": "#0"},
				"east": {"uv": [11, 13.25, 11.5, 13.75], "texture": "#0"},
				"south": {"uv": [11, 13.25, 11.5, 13.75], "texture": "#0"},
				"west": {"uv": [11, 13.25, 11.5, 13.75], "texture": "#0"},
				"up": {"uv": [11, 13.25, 11.5, 13.75], "texture": "#0"},
				"down": {"uv": [11, 13.25, 11.5, 13.75], "texture": "#0"}
			}
		},
		{
			"from": [7.75, 22.5, 5.75],
			"to": [8.25, 23.5, 6],
			"faces": {
				"north": {"uv": [11, 13.25, 11.5, 13.75], "texture": "#0"},
				"east": {"uv": [11, 13.25, 11.5, 13.75], "texture": "#0"},
				"south": {"uv": [11, 13.25, 11.5, 13.75], "texture": "#0"},
				"west": {"uv": [11, 13.25, 11.5, 13.75], "texture": "#0"},
				"up": {"uv": [11, 13.25, 11.5, 13.75], "texture": "#0"},
				"down": {"uv": [11, 13.25, 11.5, 13.75], "texture": "#0"}
			}
		},
		{
			"from": [7.75, 22.25, 5.5],
			"to": [8.25, 23.25, 5.75],
			"faces": {
				"north": {"uv": [11, 13.25, 11.5, 13.75], "texture": "#0"},
				"east": {"uv": [11, 13.25, 11.5, 13.75], "texture": "#0"},
				"south": {"uv": [11, 13.25, 11.5, 13.75], "texture": "#0"},
				"west": {"uv": [11, 13.25, 11.5, 13.75], "texture": "#0"},
				"up": {"uv": [11, 13.25, 11.5, 13.75], "texture": "#0"},
				"down": {"uv": [11, 13.25, 11.5, 13.75], "texture": "#0"}
			}
		},
		{
			"from": [7.75, 22, 5.25],
			"to": [8.25, 23, 5.5],
			"faces": {
				"north": {"uv": [11, 13.25, 11.5, 13.75], "texture": "#0"},
				"east": {"uv": [11, 13.25, 11.5, 13.75], "texture": "#0"},
				"south": {"uv": [11, 13.25, 11.5, 13.75], "texture": "#0"},
				"west": {"uv": [11, 13.25, 11.5, 13.75], "texture": "#0"},
				"up": {"uv": [11, 13.25, 11.5, 13.75], "texture": "#0"},
				"down": {"uv": [11, 13.25, 11.5, 13.75], "texture": "#0"}
			}
		},
		{
			"from": [7.75, 21.75, 5],
			"to": [8.25, 22.75, 5.25],
			"faces": {
				"north": {"uv": [11, 13.25, 11.5, 13.75], "texture": "#0"},
				"east": {"uv": [11, 13.25, 11.5, 13.75], "texture": "#0"},
				"south": {"uv": [11, 13.25, 11.5, 13.75], "texture": "#0"},
				"west": {"uv": [11, 13.25, 11.5, 13.75], "texture": "#0"},
				"up": {"uv": [11, 13.25, 11.5, 13.75], "texture": "#0"},
				"down": {"uv": [11, 13.25, 11.5, 13.75], "texture": "#0"}
			}
		},
		{
			"from": [7.75, 21.5, 4.75],
			"to": [8.25, 22.5, 5],
			"faces": {
				"north": {"uv": [11, 13.25, 11.5, 13.75], "texture": "#0"},
				"east": {"uv": [11, 13.25, 11.5, 13.75], "texture": "#0"},
				"south": {"uv": [11, 13.25, 11.5, 13.75], "texture": "#0"},
				"west": {"uv": [11, 13.25, 11.5, 13.75], "texture": "#0"},
				"up": {"uv": [11, 13.25, 11.5, 13.75], "texture": "#0"},
				"down": {"uv": [11, 13.25, 11.5, 13.75], "texture": "#0"}
			}
		},
		{
			"from": [7.75, 21.25, 4.5],
			"to": [8.25, 22.25, 4.75],
			"faces": {
				"north": {"uv": [11, 13.25, 11.5, 13.75], "texture": "#0"},
				"east": {"uv": [11, 13.25, 11.5, 13.75], "texture": "#0"},
				"south": {"uv": [11, 13.25, 11.5, 13.75], "texture": "#0"},
				"west": {"uv": [11, 13.25, 11.5, 13.75], "texture": "#0"},
				"up": {"uv": [11, 13.25, 11.5, 13.75], "texture": "#0"},
				"down": {"uv": [11, 13.25, 11.5, 13.75], "texture": "#0"}
			}
		},
		{
			"from": [7.75, 21, 4.25],
			"to": [8.25, 22, 4.5],
			"faces": {
				"north": {"uv": [11, 13.25, 11.5, 13.75], "texture": "#0"},
				"east": {"uv": [11, 13.25, 11.5, 13.75], "texture": "#0"},
				"south": {"uv": [11, 13.25, 11.5, 13.75], "texture": "#0"},
				"west": {"uv": [11, 13.25, 11.5, 13.75], "texture": "#0"},
				"up": {"uv": [11, 13.25, 11.5, 13.75], "texture": "#0"},
				"down": {"uv": [11, 13.25, 11.5, 13.75], "texture": "#0"}
			}
		},
		{
			"from": [7.85, 29.5, 8.125],
			"to": [8.15, 30.5, 8.375],
			"faces": {
				"north": {"uv": [12, 13, 12.5, 13.75], "texture": "#0"},
				"east": {"uv": [12, 13, 12.5, 13.75], "texture": "#0"},
				"south": {"uv": [12, 13, 12.5, 13.75], "texture": "#0"},
				"west": {"uv": [12, 13, 12.5, 13.75], "texture": "#0"},
				"up": {"uv": [12, 13, 12.5, 13.75], "texture": "#0"},
				"down": {"uv": [12, 13, 12.5, 13.75], "texture": "#0"}
			}
		},
		{
			"from": [7.85, 28.5, 8.375],
			"to": [8.15, 29.5, 8.625],
			"faces": {
				"north": {"uv": [12, 13, 12.5, 13.75], "texture": "#0"},
				"east": {"uv": [12, 13, 12.5, 13.75], "texture": "#0"},
				"south": {"uv": [12, 13, 12.5, 13.75], "texture": "#0"},
				"west": {"uv": [12, 13, 12.5, 13.75], "texture": "#0"},
				"up": {"uv": [12, 13, 12.5, 13.75], "texture": "#0"},
				"down": {"uv": [12, 13, 12.5, 13.75], "texture": "#0"}
			}
		},
		{
			"from": [7.85, 26.5, 8.875],
			"to": [8.15, 27.5, 9.125],
			"faces": {
				"north": {"uv": [12, 13, 12.5, 13.75], "texture": "#0"},
				"east": {"uv": [12, 13, 12.5, 13.75], "texture": "#0"},
				"south": {"uv": [12, 13, 12.5, 13.75], "texture": "#0"},
				"west": {"uv": [12, 13, 12.5, 13.75], "texture": "#0"},
				"up": {"uv": [12, 13, 12.5, 13.75], "texture": "#0"},
				"down": {"uv": [12, 13, 12.5, 13.75], "texture": "#0"}
			}
		},
		{
			"from": [7.85, 27.5, 8.625],
			"to": [8.15, 28.5, 8.875],
			"faces": {
				"north": {"uv": [12, 13, 12.5, 13.75], "texture": "#0"},
				"east": {"uv": [12, 13, 12.5, 13.75], "texture": "#0"},
				"south": {"uv": [12, 13, 12.5, 13.75], "texture": "#0"},
				"west": {"uv": [12, 13, 12.5, 13.75], "texture": "#0"},
				"up": {"uv": [12, 13, 12.5, 13.75], "texture": "#0"},
				"down": {"uv": [12, 13, 12.5, 13.75], "texture": "#0"}
			}
		},
		{
			"from": [7.85, 24.5, 9.375],
			"to": [8.15, 25.5, 9.625],
			"faces": {
				"north": {"uv": [12, 13, 12.5, 13.75], "texture": "#0"},
				"east": {"uv": [12, 13, 12.5, 13.75], "texture": "#0"},
				"south": {"uv": [12, 13, 12.5, 13.75], "texture": "#0"},
				"west": {"uv": [12, 13, 12.5, 13.75], "texture": "#0"},
				"up": {"uv": [12, 13, 12.5, 13.75], "texture": "#0"},
				"down": {"uv": [12, 13, 12.5, 13.75], "texture": "#0"}
			}
		},
		{
			"from": [7.85, 25.5, 9.125],
			"to": [8.15, 26.5, 9.375],
			"faces": {
				"north": {"uv": [12, 13, 12.5, 13.75], "texture": "#0"},
				"east": {"uv": [12, 13, 12.5, 13.75], "texture": "#0"},
				"south": {"uv": [12, 13, 12.5, 13.75], "texture": "#0"},
				"west": {"uv": [12, 13, 12.5, 13.75], "texture": "#0"},
				"up": {"uv": [12, 13, 12.5, 13.75], "texture": "#0"},
				"down": {"uv": [12, 13, 12.5, 13.75], "texture": "#0"}
			}
		},
		{
			"from": [7.85, 28.5, 7.375],
			"to": [8.15, 29.5, 7.625],
			"faces": {
				"north": {"uv": [12, 13, 12.5, 13.75], "texture": "#0"},
				"east": {"uv": [12, 13, 12.5, 13.75], "texture": "#0"},
				"south": {"uv": [12, 13, 12.5, 13.75], "texture": "#0"},
				"west": {"uv": [12, 13, 12.5, 13.75], "texture": "#0"},
				"up": {"uv": [12, 13, 12.5, 13.75], "texture": "#0"},
				"down": {"uv": [12, 13, 12.5, 13.75], "texture": "#0"}
			}
		},
		{
			"from": [7.85, 29.5, 7.625],
			"to": [8.15, 30.5, 7.875],
			"faces": {
				"north": {"uv": [12, 13, 12.5, 13.75], "texture": "#0"},
				"east": {"uv": [12, 13, 12.5, 13.75], "texture": "#0"},
				"south": {"uv": [12, 13, 12.5, 13.75], "texture": "#0"},
				"west": {"uv": [12, 13, 12.5, 13.75], "texture": "#0"},
				"up": {"uv": [12, 13, 12.5, 13.75], "texture": "#0"},
				"down": {"uv": [12, 13, 12.5, 13.75], "texture": "#0"}
			}
		},
		{
			"from": [7.85, 27.5, 7.125],
			"to": [8.15, 28.5, 7.375],
			"faces": {
				"north": {"uv": [12, 13, 12.5, 13.75], "texture": "#0"},
				"east": {"uv": [12, 13, 12.5, 13.75], "texture": "#0"},
				"south": {"uv": [12, 13, 12.5, 13.75], "texture": "#0"},
				"west": {"uv": [12, 13, 12.5, 13.75], "texture": "#0"},
				"up": {"uv": [12, 13, 12.5, 13.75], "texture": "#0"},
				"down": {"uv": [12, 13, 12.5, 13.75], "texture": "#0"}
			}
		},
		{
			"from": [7.85, 26.5, 6.875],
			"to": [8.15, 27.5, 7.125],
			"faces": {
				"north": {"uv": [12, 13, 12.5, 13.75], "texture": "#0"},
				"east": {"uv": [12, 13, 12.5, 13.75], "texture": "#0"},
				"south": {"uv": [12, 13, 12.5, 13.75], "texture": "#0"},
				"west": {"uv": [12, 13, 12.5, 13.75], "texture": "#0"},
				"up": {"uv": [12, 13, 12.5, 13.75], "texture": "#0"},
				"down": {"uv": [12, 13, 12.5, 13.75], "texture": "#0"}
			}
		},
		{
			"from": [7.85, 25.5, 6.625],
			"to": [8.15, 26.5, 6.875],
			"faces": {
				"north": {"uv": [12, 13, 12.5, 13.75], "texture": "#0"},
				"east": {"uv": [12, 13, 12.5, 13.75], "texture": "#0"},
				"south": {"uv": [12, 13, 12.5, 13.75], "texture": "#0"},
				"west": {"uv": [12, 13, 12.5, 13.75], "texture": "#0"},
				"up": {"uv": [12, 13, 12.5, 13.75], "texture": "#0"},
				"down": {"uv": [12, 13, 12.5, 13.75], "texture": "#0"}
			}
		},
		{
			"from": [7.85, 24.5, 6.375],
			"to": [8.15, 25.5, 6.625],
			"faces": {
				"north": {"uv": [12, 13, 12.5, 13.75], "texture": "#0"},
				"east": {"uv": [12, 13, 12.5, 13.75], "texture": "#0"},
				"south": {"uv": [12, 13, 12.5, 13.75], "texture": "#0"},
				"west": {"uv": [12, 13, 12.5, 13.75], "texture": "#0"},
				"up": {"uv": [12, 13, 12.5, 13.75], "texture": "#0"},
				"down": {"uv": [12, 13, 12.5, 13.75], "texture": "#0"}
			}
		},
		{
			"from": [7.75, 24.5, 6.625],
			"to": [8.25, 25.5, 6.875],
			"faces": {
				"north": {"uv": [11, 13.25, 11.5, 13.75], "texture": "#0"},
				"east": {"uv": [11, 13.25, 11.5, 13.75], "texture": "#0"},
				"south": {"uv": [11, 13.25, 11.5, 13.75], "texture": "#0"},
				"west": {"uv": [11, 13.25, 11.5, 13.75], "texture": "#0"},
				"up": {"uv": [11, 13.25, 11.5, 13.75], "texture": "#0"},
				"down": {"uv": [11, 13.25, 11.5, 13.75], "texture": "#0"}
			}
		},
		{
			"from": [7.75, 25.5, 6.875],
			"to": [8.25, 26.5, 7.125],
			"faces": {
				"north": {"uv": [11, 13.25, 11.5, 13.75], "texture": "#0"},
				"east": {"uv": [11, 13.25, 11.5, 13.75], "texture": "#0"},
				"south": {"uv": [11, 13.25, 11.5, 13.75], "texture": "#0"},
				"west": {"uv": [11, 13.25, 11.5, 13.75], "texture": "#0"},
				"up": {"uv": [11, 13.25, 11.5, 13.75], "texture": "#0"},
				"down": {"uv": [11, 13.25, 11.5, 13.75], "texture": "#0"}
			}
		},
		{
			"from": [7.75, 27.5, 7.375],
			"to": [8.25, 28.5, 7.625],
			"faces": {
				"north": {"uv": [11, 13.25, 11.5, 13.75], "texture": "#0"},
				"east": {"uv": [11, 13.25, 11.5, 13.75], "texture": "#0"},
				"south": {"uv": [11, 13.25, 11.5, 13.75], "texture": "#0"},
				"west": {"uv": [11, 13.25, 11.5, 13.75], "texture": "#0"},
				"up": {"uv": [11, 13.25, 11.5, 13.75], "texture": "#0"},
				"down": {"uv": [11, 13.25, 11.5, 13.75], "texture": "#0"}
			}
		},
		{
			"from": [7.75, 28.5, 7.625],
			"to": [8.25, 29.5, 7.875],
			"faces": {
				"north": {"uv": [11, 13.25, 11.5, 13.75], "texture": "#0"},
				"east": {"uv": [11, 13.25, 11.5, 13.75], "texture": "#0"},
				"south": {"uv": [11, 13.25, 11.5, 13.75], "texture": "#0"},
				"west": {"uv": [11, 13.25, 11.5, 13.75], "texture": "#0"},
				"up": {"uv": [11, 13.25, 11.5, 13.75], "texture": "#0"},
				"down": {"uv": [11, 13.25, 11.5, 13.75], "texture": "#0"}
			}
		},
		{
			"from": [7.75, 26.5, 7.125],
			"to": [8.25, 27.5, 7.375],
			"faces": {
				"north": {"uv": [11, 13.25, 11.5, 13.75], "texture": "#0"},
				"east": {"uv": [11, 13.25, 11.5, 13.75], "texture": "#0"},
				"south": {"uv": [11, 13.25, 11.5, 13.75], "texture": "#0"},
				"west": {"uv": [11, 13.25, 11.5, 13.75], "texture": "#0"},
				"up": {"uv": [11, 13.25, 11.5, 13.75], "texture": "#0"},
				"down": {"uv": [11, 13.25, 11.5, 13.75], "texture": "#0"}
			}
		},
		{
			"from": [7.75, 25.5, 8.875],
			"to": [8.25, 26.5, 9.125],
			"faces": {
				"north": {"uv": [11, 13.25, 11.5, 13.75], "texture": "#0"},
				"east": {"uv": [11, 13.25, 11.5, 13.75], "texture": "#0"},
				"south": {"uv": [11, 13.25, 11.5, 13.75], "texture": "#0"},
				"west": {"uv": [11, 13.25, 11.5, 13.75], "texture": "#0"},
				"up": {"uv": [11, 13.25, 11.5, 13.75], "texture": "#0"},
				"down": {"uv": [11, 13.25, 11.5, 13.75], "texture": "#0"}
			}
		},
		{
			"from": [7.75, 24.5, 9.125],
			"to": [8.25, 25.5, 9.375],
			"faces": {
				"north": {"uv": [11, 13.25, 11.5, 13.75], "texture": "#0"},
				"east": {"uv": [11, 13.25, 11.5, 13.75], "texture": "#0"},
				"south": {"uv": [11, 13.25, 11.5, 13.75], "texture": "#0"},
				"west": {"uv": [11, 13.25, 11.5, 13.75], "texture": "#0"},
				"up": {"uv": [11, 13.25, 11.5, 13.75], "texture": "#0"},
				"down": {"uv": [11, 13.25, 11.5, 13.75], "texture": "#0"}
			}
		},
		{
			"from": [7.75, 26.5, 8.625],
			"to": [8.25, 27.5, 8.875],
			"faces": {
				"north": {"uv": [11, 13.25, 11.5, 13.75], "texture": "#0"},
				"east": {"uv": [11, 13.25, 11.5, 13.75], "texture": "#0"},
				"south": {"uv": [11, 13.25, 11.5, 13.75], "texture": "#0"},
				"west": {"uv": [11, 13.25, 11.5, 13.75], "texture": "#0"},
				"up": {"uv": [11, 13.25, 11.5, 13.75], "texture": "#0"},
				"down": {"uv": [11, 13.25, 11.5, 13.75], "texture": "#0"}
			}
		},
		{
			"from": [7.75, 27.5, 8.375],
			"to": [8.25, 28.5, 8.625],
			"faces": {
				"north": {"uv": [11, 13.25, 11.5, 13.75], "texture": "#0"},
				"east": {"uv": [11, 13.25, 11.5, 13.75], "texture": "#0"},
				"south": {"uv": [11, 13.25, 11.5, 13.75], "texture": "#0"},
				"west": {"uv": [11, 13.25, 11.5, 13.75], "texture": "#0"},
				"up": {"uv": [11, 13.25, 11.5, 13.75], "texture": "#0"},
				"down": {"uv": [11, 13.25, 11.5, 13.75], "texture": "#0"}
			}
		},
		{
			"from": [7.75, 28.5, 8.125],
			"to": [8.25, 29.5, 8.375],
			"faces": {
				"north": {"uv": [11, 13.25, 11.5, 13.75], "texture": "#0"},
				"east": {"uv": [11, 13.25, 11.5, 13.75], "texture": "#0"},
				"south": {"uv": [11, 13.25, 11.5, 13.75], "texture": "#0"},
				"west": {"uv": [11, 13.25, 11.5, 13.75], "texture": "#0"},
				"up": {"uv": [11, 13.25, 11.5, 13.75], "texture": "#0"},
				"down": {"uv": [11, 13.25, 11.5, 13.75], "texture": "#0"}
			}
		},
		{
			"from": [7.75, 23.5, 6.25],
			"to": [8.25, 24.5, 7],
			"faces": {
				"north": {"uv": [11, 13.25, 11.5, 13.75], "texture": "#0"},
				"east": {"uv": [11, 13.25, 11.5, 13.75], "texture": "#0"},
				"south": {"uv": [11, 13.25, 11.5, 13.75], "texture": "#0"},
				"west": {"uv": [11, 13.25, 11.5, 13.75], "texture": "#0"},
				"up": {"uv": [11, 13.25, 11.5, 13.75], "texture": "#0"},
				"down": {"uv": [11, 13.25, 11.5, 13.75], "texture": "#0"}
			}
		},
		{
			"from": [7.75, 20.75, 8.75],
			"to": [8.25, 23, 9],
			"faces": {
				"north": {"uv": [10, 12, 10.5, 12.75], "texture": "#0"},
				"east": {"uv": [10, 12, 10.5, 12.75], "texture": "#0"},
				"south": {"uv": [10, 12, 10.5, 12.75], "texture": "#0"},
				"west": {"uv": [10, 12, 10.5, 12.75], "texture": "#0"},
				"up": {"uv": [10, 12, 10.5, 12.75], "texture": "#0"},
				"down": {"uv": [10, 12, 10.5, 12.75], "texture": "#0"}
			}
		},
		{
			"from": [7.75, 23.25, 7],
			"to": [8.25, 24.25, 7.25],
			"faces": {
				"north": {"uv": [3, 12, 3.5, 12.75], "texture": "#0"},
				"east": {"uv": [3, 12, 3.5, 12.75], "texture": "#0"},
				"south": {"uv": [3, 12, 3.5, 12.75], "texture": "#0"},
				"west": {"uv": [3, 12, 3.5, 12.75], "texture": "#0"},
				"up": {"uv": [3, 12, 3.5, 12.75], "texture": "#0"},
				"down": {"uv": [3, 12, 3.5, 12.75], "texture": "#0"}
			}
		},
		{
			"from": [7.75, 23, 7.25],
			"to": [8.25, 24, 7.5],
			"faces": {
				"north": {"uv": [3, 12, 3.5, 12.75], "texture": "#0"},
				"east": {"uv": [3, 12, 3.5, 12.75], "texture": "#0"},
				"south": {"uv": [3, 12, 3.5, 12.75], "texture": "#0"},
				"west": {"uv": [3, 12, 3.5, 12.75], "texture": "#0"},
				"up": {"uv": [3, 12, 3.5, 12.75], "texture": "#0"},
				"down": {"uv": [3, 12, 3.5, 12.75], "texture": "#0"}
			}
		},
		{
			"from": [7.75, 22.75, 7.5],
			"to": [8.25, 23.75, 7.75],
			"faces": {
				"north": {"uv": [3, 12, 3.5, 12.75], "texture": "#0"},
				"east": {"uv": [3, 12, 3.5, 12.75], "texture": "#0"},
				"south": {"uv": [3, 12, 3.5, 12.75], "texture": "#0"},
				"west": {"uv": [3, 12, 3.5, 12.75], "texture": "#0"},
				"up": {"uv": [3, 12, 3.5, 12.75], "texture": "#0"},
				"down": {"uv": [3, 12, 3.5, 12.75], "texture": "#0"}
			}
		},
		{
			"from": [7.75, 20.75, 7],
			"to": [8.25, 23, 7.25],
			"faces": {
				"north": {"uv": [2, 13, 2.5, 14.25], "texture": "#0"},
				"east": {"uv": [2, 13, 2.5, 14.25], "texture": "#0"},
				"south": {"uv": [2, 13, 2.5, 14.25], "texture": "#0"},
				"west": {"uv": [10, 12, 10.5, 12.75], "texture": "#0"},
				"up": {"uv": [2, 13, 2.5, 14.25], "texture": "#0"},
				"down": {"uv": [2, 13, 2.5, 14.25], "texture": "#0"}
			}
		},
		{
			"from": [7.75, 21.25, 6.75],
			"to": [8.25, 22.5, 7],
			"faces": {
				"north": {"uv": [2, 13, 2.5, 13.75], "texture": "#0"},
				"east": {"uv": [2, 13, 2.5, 13.75], "texture": "#0"},
				"south": {"uv": [2, 13, 2.5, 13.75], "texture": "#0"},
				"west": {"uv": [10, 12, 10.5, 12.75], "texture": "#0"},
				"up": {"uv": [2, 13, 2.5, 13.75], "texture": "#0"},
				"down": {"uv": [2, 13, 2.5, 13.75], "texture": "#0"}
			}
		},
		{
			"from": [7.75, 20.25, 7.25],
			"to": [8.25, 21.5, 7.5],
			"faces": {
				"north": {"uv": [2, 13, 2.5, 15], "texture": "#0"},
				"east": {"uv": [2, 13, 2.5, 15], "texture": "#0"},
				"south": {"uv": [2, 13, 2.5, 15], "texture": "#0"},
				"west": {"uv": [10, 12, 10.5, 12.75], "texture": "#0"},
				"up": {"uv": [2, 13, 2.5, 12.75], "texture": "#0"},
				"down": {"uv": [2, 13, 2.5, 15], "texture": "#0"}
			}
		}
	],
	"display": {
		"thirdperson_righthand": {
			"translation": [0, -2.5, 1.25],
			"scale": [1, 1.5, 1]
		},
		"thirdperson_lefthand": {
			"translation": [0, -2.5, 1.25],
			"scale": [1, 1.5, 1]
		},
		"firstperson_righthand": {
			"rotation": [-78, 0, 0],
			"translation": [0, -1, 11],
			"scale": [1, 1.5, 1]
		},
		"firstperson_lefthand": {
			"rotation": [-78, 0, 0],
			"translation": [0, -1, 11],
			"scale": [1, 1.5, 1]
		},
		"ground": {
			"rotation": [90, 90, 0],
			"translation": [0, 0, -8.5],
			"scale": [1, 1.5, 1]
		},
		"gui": {
			"rotation": [0, 90, 0],
			"translation": [0, -6.25, 0],
			"scale": [1, 1.5, 1]
		},
		"head": {
			"rotation": [180, 0, 0],
			"translation": [0, 33, 0],
			"scale": [1, 1.5, 1]
		},
		"fixed": {
			"rotation": [0, 90, 0],
			"translation": [0, 0, -0.5],
			"scale": [1, 1.5, 1]
		}
	}
}