{
	"credit": "Made with Blockbench",
	"textures": {
		"0": "item/cit/emerald2",
		"1": "item/cit/stone3",
		"2": "item/cit/ana",
		"3": "item/cit/tetu",
		"particle": "item/cit/emerald2"
	},
	"elements": [
		{
			"from": [7.5, 5, 9.4],
			"to": [8.5, 6.6, 13],
			"faces": {
				"north": {"uv": [2.25, 13, 2.75, 16], "texture": "#1"},
				"east": {"uv": [2.25, 13, 2.75, 16], "texture": "#1"},
				"south": {"uv": [2.25, 13, 2.75, 16], "texture": "#1"},
				"west": {"uv": [2.25, 13, 2.75, 16], "texture": "#1"},
				"up": {"uv": [2.1, 13.1, 2.85, 13.85], "texture": "#1"},
				"down": {"uv": [2, 15.25, 2.75, 16], "texture": "#1"}
			}
		},
		{
			"from": [7.5, 5.1, 8.4],
			"to": [8.5, 6.6, 9.4],
			"faces": {
				"north": {"uv": [2, 13, 2.75, 16], "texture": "#1"},
				"east": {"uv": [2, 13, 2.75, 16], "texture": "#1"},
				"south": {"uv": [2, 13, 2.75, 16], "texture": "#1"},
				"west": {"uv": [2, 13, 2.75, 16], "texture": "#1"},
				"up": {"uv": [2.1, 13.1, 2.85, 13.85], "texture": "#1"},
				"down": {"uv": [2, 15.25, 2.75, 16], "texture": "#1"}
			}
		},
		{
			"from": [7.5, 5.5, 4.4],
			"to": [8.5, 6.6, 5.4],
			"faces": {
				"north": {"uv": [2, 13, 2.75, 16], "texture": "#1"},
				"east": {"uv": [2, 13, 2.75, 16], "texture": "#1"},
				"south": {"uv": [2, 13, 2.75, 16], "texture": "#1"},
				"west": {"uv": [2, 13, 2.75, 16], "texture": "#1"},
				"up": {"uv": [2.1, 13.1, 2.85, 13.85], "texture": "#1"},
				"down": {"uv": [2, 15.25, 2.75, 16], "texture": "#1"}
			}
		},
		{
			"from": [7.5, 5.55, 3.4],
			"to": [8.5, 6.6, 4.4],
			"faces": {
				"north": {"uv": [2, 13, 2.75, 16], "texture": "#1"},
				"east": {"uv": [2, 13, 2.75, 16], "texture": "#1"},
				"south": {"uv": [2, 13, 2.75, 16], "texture": "#1"},
				"west": {"uv": [2, 13, 2.75, 16], "texture": "#1"},
				"up": {"uv": [2.1, 13.1, 2.85, 13.85], "texture": "#1"},
				"down": {"uv": [2, 15.25, 2.75, 16], "texture": "#1"}
			}
		},
		{
			"from": [7.4, 5.8, 3.55],
			"to": [7.5, 6.6, 3.65],
			"faces": {
				"north": {"uv": [4, 11, 4.5, 12.28], "texture": "#1"},
				"east": {"uv": [4, 11, 4.5, 12.28], "texture": "#1"},
				"south": {"uv": [4, 11, 4.5, 12.28], "texture": "#1"},
				"west": {"uv": [4, 11, 4.5, 12.28], "texture": "#1"},
				"up": {"uv": [4.25, 13.25, 4.75, 14], "texture": "#1"},
				"down": {"uv": [4, 12, 4.5, 13], "texture": "#1"}
			}
		},
		{
			"from": [7.45, 6.6, 3.55],
			"to": [7.5, 6.65, 3.65],
			"faces": {
				"north": {"uv": [4.25, 13.25, 4.75, 14], "texture": "#1"},
				"east": {"uv": [4.25, 13.25, 4.75, 14], "texture": "#1"},
				"south": {"uv": [4.25, 13.25, 4.75, 14], "texture": "#1"},
				"west": {"uv": [4.25, 13.25, 4.75, 14], "texture": "#1"},
				"up": {"uv": [4.25, 13.25, 4.75, 14], "texture": "#1"},
				"down": {"uv": [4.25, 13.25, 4.75, 14], "texture": "#1"}
			}
		},
		{
			"from": [8.5, 6.6, 3.55],
			"to": [8.55, 6.65, 3.65],
			"faces": {
				"north": {"uv": [4.25, 13.25, 4.75, 14], "texture": "#1"},
				"east": {"uv": [4.25, 13.25, 4.75, 14], "texture": "#1"},
				"south": {"uv": [4.25, 13.25, 4.75, 14], "texture": "#1"},
				"west": {"uv": [4.25, 13.25, 4.75, 14], "texture": "#1"},
				"up": {"uv": [4.25, 13.25, 4.75, 14], "texture": "#1"},
				"down": {"uv": [4.25, 13.25, 4.75, 14], "texture": "#1"}
			}
		},
		{
			"from": [7.4, 5.8, 3.65],
			"to": [7.5, 6.15, 4.75],
			"faces": {
				"north": {"uv": [4, 11, 4.5, 13], "texture": "#1"},
				"east": {"uv": [4, 11, 4.5, 13], "texture": "#1"},
				"south": {"uv": [4, 11, 4.5, 13], "texture": "#1"},
				"west": {"uv": [4, 11, 4.5, 13], "texture": "#1"},
				"up": {"uv": [4.25, 13.25, 4.75, 14], "texture": "#1"},
				"down": {"uv": [4, 12, 4.5, 13], "texture": "#1"}
			}
		},
		{
			"from": [7.4, 5.75, 4.75],
			"to": [7.5, 6.1, 5.85],
			"faces": {
				"north": {"uv": [4, 11, 4.5, 13], "texture": "#1"},
				"east": {"uv": [4, 11, 4.5, 13], "texture": "#1"},
				"south": {"uv": [4, 11, 4.5, 13], "texture": "#1"},
				"west": {"uv": [4, 11, 4.5, 13], "texture": "#1"},
				"up": {"uv": [4.25, 13.25, 4.75, 14], "texture": "#1"},
				"down": {"uv": [4, 12, 4.5, 13], "texture": "#1"}
			}
		},
		{
			"from": [7.4, 5.7, 5.85],
			"to": [7.5, 6.05, 6.95],
			"faces": {
				"north": {"uv": [4, 11, 4.5, 13], "texture": "#1"},
				"east": {"uv": [4, 11, 4.5, 13], "texture": "#1"},
				"south": {"uv": [4, 11, 4.5, 13], "texture": "#1"},
				"west": {"uv": [4, 11, 4.5, 13], "texture": "#1"},
				"up": {"uv": [4.25, 13.25, 4.75, 14], "texture": "#1"},
				"down": {"uv": [4, 12, 4.5, 13], "texture": "#1"}
			}
		},
		{
			"from": [7.4, 5.65, 6.95],
			"to": [7.5, 6, 8.05],
			"faces": {
				"north": {"uv": [4, 11, 4.5, 13], "texture": "#1"},
				"east": {"uv": [4, 11, 4.5, 13], "texture": "#1"},
				"south": {"uv": [4, 11, 4.5, 13], "texture": "#1"},
				"west": {"uv": [4, 11, 4.5, 13], "texture": "#1"},
				"up": {"uv": [4.25, 13.25, 4.75, 14], "texture": "#1"},
				"down": {"uv": [4, 12, 4.5, 13], "texture": "#1"}
			}
		},
		{
			"from": [7.4, 5.6, 8.05],
			"to": [7.5, 5.95, 9.15],
			"faces": {
				"north": {"uv": [4, 11, 4.5, 13], "texture": "#1"},
				"east": {"uv": [4, 11, 4.5, 13], "texture": "#1"},
				"south": {"uv": [4, 11, 4.5, 13], "texture": "#1"},
				"west": {"uv": [4, 11, 4.5, 13], "texture": "#1"},
				"up": {"uv": [4.25, 13.25, 4.75, 14], "texture": "#1"},
				"down": {"uv": [4, 12, 4.5, 13], "texture": "#1"}
			}
		},
		{
			"from": [7.4, 5.95, 8.2],
			"to": [7.5, 6.05, 8.8],
			"faces": {
				"north": {"uv": [8, 12.1, 8.75, 12.6], "texture": "#0"},
				"east": {"uv": [8, 12.1, 8.75, 12.6], "texture": "#0"},
				"south": {"uv": [8, 12.1, 8.75, 12.6], "texture": "#0"},
				"west": {"uv": [8, 12.1, 8.75, 12.6], "texture": "#0"},
				"up": {"uv": [8, 12.1, 8.75, 12.6], "texture": "#0"},
				"down": {"uv": [8, 12.1, 8.75, 12.6], "texture": "#0"}
			}
		},
		{
			"from": [7.4, 6.05, 8.25],
			"to": [7.5, 6.15, 8.85],
			"faces": {
				"north": {"uv": [8, 12.1, 8.75, 12.6], "texture": "#0"},
				"east": {"uv": [8, 12.1, 8.75, 12.6], "texture": "#0"},
				"south": {"uv": [8, 12.1, 8.75, 12.6], "texture": "#0"},
				"west": {"uv": [8, 12.1, 8.75, 12.6], "texture": "#0"},
				"up": {"uv": [8, 12.1, 8.75, 12.6], "texture": "#0"},
				"down": {"uv": [8, 12.1, 8.75, 12.6], "texture": "#0"}
			}
		},
		{
			"from": [7.4, 6.15, 8.3],
			"to": [7.5, 6.25, 8.9],
			"faces": {
				"north": {"uv": [6, 12.1, 6.75, 12.6], "texture": "#0"},
				"east": {"uv": [6, 12.1, 6.75, 12.6], "texture": "#0"},
				"south": {"uv": [6, 12.1, 6.75, 12.6], "texture": "#0"},
				"west": {"uv": [6, 12.1, 6.75, 12.6], "texture": "#0"},
				"up": {"uv": [6, 12.1, 6.75, 12.6], "texture": "#0"},
				"down": {"uv": [6, 12.1, 6.75, 12.6], "texture": "#0"}
			}
		},
		{
			"from": [7.4, 6.25, 8.35],
			"to": [7.5, 6.35, 8.95],
			"faces": {
				"north": {"uv": [6, 12.1, 6.75, 12.6], "texture": "#0"},
				"east": {"uv": [6, 12.1, 6.75, 12.6], "texture": "#0"},
				"south": {"uv": [6, 12.1, 6.75, 12.6], "texture": "#0"},
				"west": {"uv": [6, 12.1, 6.75, 12.6], "texture": "#0"},
				"up": {"uv": [6, 12.1, 6.75, 12.6], "texture": "#0"},
				"down": {"uv": [6, 12.1, 6.75, 12.6], "texture": "#0"}
			}
		},
		{
			"from": [7.4, 6.35, 8.4],
			"to": [7.5, 6.45, 9],
			"faces": {
				"north": {"uv": [5, 12.1, 5.75, 12.6], "texture": "#0"},
				"east": {"uv": [5, 12.1, 5.75, 12.6], "texture": "#0"},
				"south": {"uv": [5, 12.1, 5.75, 12.6], "texture": "#0"},
				"west": {"uv": [5, 12.1, 5.75, 12.6], "texture": "#0"},
				"up": {"uv": [5, 12.1, 5.75, 12.6], "texture": "#0"},
				"down": {"uv": [5, 12.1, 5.75, 12.6], "texture": "#0"}
			}
		},
		{
			"from": [7.4, 6.45, 8.45],
			"to": [7.5, 6.55, 9.05],
			"faces": {
				"north": {"uv": [5, 12.1, 5.75, 12.6], "texture": "#0"},
				"east": {"uv": [5, 12.1, 5.75, 12.6], "texture": "#0"},
				"south": {"uv": [5, 12.1, 5.75, 12.6], "texture": "#0"},
				"west": {"uv": [5, 12.1, 5.75, 12.6], "texture": "#0"},
				"up": {"uv": [5, 12.1, 5.75, 12.6], "texture": "#0"},
				"down": {"uv": [5, 12.1, 5.75, 12.6], "texture": "#0"}
			}
		},
		{
			"from": [7.4, 6.55, 8.5],
			"to": [7.5, 6.65, 9.1],
			"faces": {
				"north": {"uv": [5, 10.1, 5.75, 10.6], "texture": "#0"},
				"east": {"uv": [5, 10.1, 5.75, 10.6], "texture": "#0"},
				"south": {"uv": [5, 10.1, 5.75, 10.6], "texture": "#0"},
				"west": {"uv": [5, 10.1, 5.75, 10.6], "texture": "#0"},
				"up": {"uv": [5, 10.1, 5.75, 10.6], "texture": "#0"},
				"down": {"uv": [5, 10.1, 5.75, 10.6], "texture": "#0"}
			}
		},
		{
			"from": [7.4, 5.9, 9.3],
			"to": [7.5, 6, 9.9],
			"faces": {
				"north": {"uv": [8, 12.1, 8.75, 12.6], "texture": "#0"},
				"east": {"uv": [8, 12.1, 8.75, 12.6], "texture": "#0"},
				"south": {"uv": [8, 12.1, 8.75, 12.6], "texture": "#0"},
				"west": {"uv": [8, 12.1, 8.75, 12.6], "texture": "#0"},
				"up": {"uv": [8, 12.1, 8.75, 12.6], "texture": "#0"},
				"down": {"uv": [8, 12.1, 8.75, 12.6], "texture": "#0"}
			}
		},
		{
			"from": [7.4, 6, 9.35],
			"to": [7.5, 6.1, 9.95],
			"faces": {
				"north": {"uv": [8, 12.1, 8.75, 12.6], "texture": "#0"},
				"east": {"uv": [8, 12.1, 8.75, 12.6], "texture": "#0"},
				"south": {"uv": [8, 12.1, 8.75, 12.6], "texture": "#0"},
				"west": {"uv": [8, 12.1, 8.75, 12.6], "texture": "#0"},
				"up": {"uv": [8, 12.1, 8.75, 12.6], "texture": "#0"},
				"down": {"uv": [8, 12.1, 8.75, 12.6], "texture": "#0"}
			}
		},
		{
			"from": [7.4, 6.2, 9.45],
			"to": [7.5, 6.3, 10.05],
			"faces": {
				"north": {"uv": [6, 12.1, 6.75, 12.6], "texture": "#0"},
				"east": {"uv": [6, 12.1, 6.75, 12.6], "texture": "#0"},
				"south": {"uv": [6, 12.1, 6.75, 12.6], "texture": "#0"},
				"west": {"uv": [6, 12.1, 6.75, 12.6], "texture": "#0"},
				"up": {"uv": [6, 12.1, 6.75, 12.6], "texture": "#0"},
				"down": {"uv": [6, 12.1, 6.75, 12.6], "texture": "#0"}
			}
		},
		{
			"from": [7.4, 6.1, 9.4],
			"to": [7.5, 6.2, 10],
			"faces": {
				"north": {"uv": [6, 12.1, 6.75, 12.6], "texture": "#0"},
				"east": {"uv": [6, 12.1, 6.75, 12.6], "texture": "#0"},
				"south": {"uv": [6, 12.1, 6.75, 12.6], "texture": "#0"},
				"west": {"uv": [6, 12.1, 6.75, 12.6], "texture": "#0"},
				"up": {"uv": [6, 12.1, 6.75, 12.6], "texture": "#0"},
				"down": {"uv": [6, 12.1, 6.75, 12.6], "texture": "#0"}
			}
		},
		{
			"from": [7.4, 6.3, 9.5],
			"to": [7.5, 6.4, 10.1],
			"faces": {
				"north": {"uv": [5, 12.1, 5.75, 12.6], "texture": "#0"},
				"east": {"uv": [5, 12.1, 5.75, 12.6], "texture": "#0"},
				"south": {"uv": [5, 12.1, 5.75, 12.6], "texture": "#0"},
				"west": {"uv": [5, 12.1, 5.75, 12.6], "texture": "#0"},
				"up": {"uv": [5, 12.1, 5.75, 12.6], "texture": "#0"},
				"down": {"uv": [5, 12.1, 5.75, 12.6], "texture": "#0"}
			}
		},
		{
			"from": [7.4, 6.4, 9.55],
			"to": [7.5, 6.5, 10.15],
			"faces": {
				"north": {"uv": [5, 12.1, 5.75, 12.6], "texture": "#0"},
				"east": {"uv": [5, 12.1, 5.75, 12.6], "texture": "#0"},
				"south": {"uv": [5, 12.1, 5.75, 12.6], "texture": "#0"},
				"west": {"uv": [5, 12.1, 5.75, 12.6], "texture": "#0"},
				"up": {"uv": [5, 12.1, 5.75, 12.6], "texture": "#0"},
				"down": {"uv": [5, 12.1, 5.75, 12.6], "texture": "#0"}
			}
		},
		{
			"from": [7.4, 6.5, 9.6],
			"to": [7.5, 6.6, 10.2],
			"faces": {
				"north": {"uv": [5, 10.1, 5.75, 10.6], "texture": "#0"},
				"east": {"uv": [5, 10.1, 5.75, 10.6], "texture": "#0"},
				"south": {"uv": [5, 10.1, 5.75, 10.6], "texture": "#0"},
				"west": {"uv": [5, 10.1, 5.75, 10.6], "texture": "#0"},
				"up": {"uv": [5, 10.1, 5.75, 10.6], "texture": "#0"},
				"down": {"uv": [5, 10.1, 5.75, 10.6], "texture": "#0"}
			}
		},
		{
			"from": [7.4, 6.6, 9.65],
			"to": [7.5, 6.65, 10.25],
			"faces": {
				"north": {"uv": [5, 10.1, 5.75, 10.6], "texture": "#0"},
				"east": {"uv": [5, 10.1, 5.75, 10.6], "texture": "#0"},
				"south": {"uv": [5, 10.1, 5.75, 10.6], "texture": "#0"},
				"west": {"uv": [5, 10.1, 5.75, 10.6], "texture": "#0"},
				"up": {"uv": [5, 10.1, 5.75, 10.6], "texture": "#0"},
				"down": {"uv": [5, 10.1, 5.75, 10.6], "texture": "#0"}
			}
		},
		{
			"from": [7.5, 6.6, 9.7],
			"to": [8.5, 6.65, 10.3],
			"faces": {
				"north": {"uv": [5, 10.1, 5.75, 10.6], "texture": "#0"},
				"east": {"uv": [5, 10.1, 5.75, 10.6], "texture": "#0"},
				"south": {"uv": [5, 10.1, 5.75, 10.6], "texture": "#0"},
				"west": {"uv": [5, 10.1, 5.75, 10.6], "texture": "#0"},
				"up": {"uv": [5, 10.1, 5.75, 10.6], "texture": "#0"},
				"down": {"uv": [5, 10.1, 5.75, 10.6], "texture": "#0"}
			}
		},
		{
			"from": [8.5, 6.6, 9.65],
			"to": [8.6, 6.65, 10.25],
			"faces": {
				"north": {"uv": [5, 10.1, 5.75, 10.6], "texture": "#0"},
				"east": {"uv": [5, 10.1, 5.75, 10.6], "texture": "#0"},
				"south": {"uv": [5, 10.1, 5.75, 10.6], "texture": "#0"},
				"west": {"uv": [5, 10.1, 5.75, 10.6], "texture": "#0"},
				"up": {"uv": [5, 10.1, 5.75, 10.6], "texture": "#0"},
				"down": {"uv": [5, 10.1, 5.75, 10.6], "texture": "#0"}
			}
		},
		{
			"from": [7.5, 6.6, 8.55],
			"to": [8.5, 6.65, 9.15],
			"faces": {
				"north": {"uv": [5, 10.1, 5.75, 10.6], "texture": "#0"},
				"east": {"uv": [5, 10.1, 5.75, 10.6], "texture": "#0"},
				"south": {"uv": [5, 10.1, 5.75, 10.6], "texture": "#0"},
				"west": {"uv": [5, 10.1, 5.75, 10.6], "texture": "#0"},
				"up": {"uv": [5, 10.1, 5.75, 10.6], "texture": "#0"},
				"down": {"uv": [5, 10.1, 5.75, 10.6], "texture": "#0"}
			}
		},
		{
			"from": [7.5, 6.6, 10.8],
			"to": [8.5, 6.65, 11.4],
			"faces": {
				"north": {"uv": [5, 10.1, 5.75, 10.6], "texture": "#0"},
				"east": {"uv": [5, 10.1, 5.75, 10.6], "texture": "#0"},
				"south": {"uv": [5, 10.1, 5.75, 10.6], "texture": "#0"},
				"west": {"uv": [5, 10.1, 5.75, 10.6], "texture": "#0"},
				"up": {"uv": [5, 10.1, 5.75, 10.6], "texture": "#0"},
				"down": {"uv": [5, 10.1, 5.75, 10.6], "texture": "#0"}
			}
		},
		{
			"from": [7.4, 5.55, 9.15],
			"to": [7.5, 5.9, 10.25],
			"faces": {
				"north": {"uv": [4, 11, 4.5, 13], "texture": "#1"},
				"east": {"uv": [4, 11, 4.5, 13], "texture": "#1"},
				"south": {"uv": [4, 11, 4.5, 13], "texture": "#1"},
				"west": {"uv": [4, 11, 4.5, 13], "texture": "#1"},
				"up": {"uv": [4.25, 13.25, 4.75, 14], "texture": "#1"},
				"down": {"uv": [4, 12, 4.5, 13], "texture": "#1"}
			}
		},
		{
			"from": [7.4, 5.5, 10.25],
			"to": [7.5, 5.85, 11.05],
			"faces": {
				"north": {"uv": [4, 11, 4.5, 13], "texture": "#1"},
				"east": {"uv": [4, 11, 4.5, 13], "texture": "#1"},
				"south": {"uv": [4, 11, 4.5, 13], "texture": "#1"},
				"west": {"uv": [4, 11, 4.5, 13], "texture": "#1"},
				"up": {"uv": [4.25, 13.25, 4.75, 14], "texture": "#1"},
				"down": {"uv": [4, 12, 4.5, 13], "texture": "#1"}
			}
		},
		{
			"from": [8.5, 5.8, 3.55],
			"to": [8.6, 6.6, 3.65],
			"faces": {
				"north": {"uv": [4, 11, 4.5, 12.28], "texture": "#1"},
				"east": {"uv": [4, 11, 4.5, 12.28], "texture": "#1"},
				"south": {"uv": [4, 11, 4.5, 12.28], "texture": "#1"},
				"west": {"uv": [4, 11, 4.5, 12.28], "texture": "#1"},
				"up": {"uv": [4.25, 13.25, 4.75, 14], "texture": "#1"},
				"down": {"uv": [4, 12, 4.5, 13], "texture": "#1"}
			}
		},
		{
			"from": [8.5, 5.8, 3.65],
			"to": [8.6, 6.15, 4.75],
			"faces": {
				"north": {"uv": [4, 11, 4.5, 13], "texture": "#1"},
				"east": {"uv": [4, 11, 4.5, 13], "texture": "#1"},
				"south": {"uv": [4, 11, 4.5, 13], "texture": "#1"},
				"west": {"uv": [4, 11, 4.5, 13], "texture": "#1"},
				"up": {"uv": [4.25, 13.25, 4.75, 14], "texture": "#1"},
				"down": {"uv": [4, 12, 4.5, 13], "texture": "#1"}
			}
		},
		{
			"from": [8.5, 5.75, 4.75],
			"to": [8.6, 6.1, 5.85],
			"faces": {
				"north": {"uv": [4, 11, 4.5, 13], "texture": "#1"},
				"east": {"uv": [4, 11, 4.5, 13], "texture": "#1"},
				"south": {"uv": [4, 11, 4.5, 13], "texture": "#1"},
				"west": {"uv": [4, 11, 4.5, 13], "texture": "#1"},
				"up": {"uv": [4.25, 13.25, 4.75, 14], "texture": "#1"},
				"down": {"uv": [4, 12, 4.5, 13], "texture": "#1"}
			}
		},
		{
			"from": [8.5, 5.7, 5.85],
			"to": [8.6, 6.05, 6.95],
			"faces": {
				"north": {"uv": [4, 11, 4.5, 13], "texture": "#1"},
				"east": {"uv": [4, 11, 4.5, 13], "texture": "#1"},
				"south": {"uv": [4, 11, 4.5, 13], "texture": "#1"},
				"west": {"uv": [4, 11, 4.5, 13], "texture": "#1"},
				"up": {"uv": [4.25, 13.25, 4.75, 14], "texture": "#1"},
				"down": {"uv": [4, 12, 4.5, 13], "texture": "#1"}
			}
		},
		{
			"from": [8.5, 5.65, 6.95],
			"to": [8.6, 6, 8.05],
			"faces": {
				"north": {"uv": [4, 11, 4.5, 13], "texture": "#1"},
				"east": {"uv": [4, 11, 4.5, 13], "texture": "#1"},
				"south": {"uv": [4, 11, 4.5, 13], "texture": "#1"},
				"west": {"uv": [4, 11, 4.5, 13], "texture": "#1"},
				"up": {"uv": [4.25, 13.25, 4.75, 14], "texture": "#1"},
				"down": {"uv": [4, 12, 4.5, 13], "texture": "#1"}
			}
		},
		{
			"from": [8.5, 5.6, 8.05],
			"to": [8.6, 5.95, 9.15],
			"faces": {
				"north": {"uv": [4, 11, 4.5, 13], "texture": "#1"},
				"east": {"uv": [4, 11, 4.5, 13], "texture": "#1"},
				"south": {"uv": [4, 11, 4.5, 13], "texture": "#1"},
				"west": {"uv": [4, 11, 4.5, 13], "texture": "#1"},
				"up": {"uv": [4.25, 13.25, 4.75, 14], "texture": "#1"},
				"down": {"uv": [4, 12, 4.5, 13], "texture": "#1"}
			}
		},
		{
			"from": [8.5, 5.55, 9.15],
			"to": [8.6, 5.9, 10.25],
			"faces": {
				"north": {"uv": [4, 11, 4.5, 13], "texture": "#1"},
				"east": {"uv": [4, 11, 4.5, 13], "texture": "#1"},
				"south": {"uv": [4, 11, 4.5, 13], "texture": "#1"},
				"west": {"uv": [4, 11, 4.5, 13], "texture": "#1"},
				"up": {"uv": [4.25, 13.25, 4.75, 14], "texture": "#1"},
				"down": {"uv": [4, 12, 4.5, 13], "texture": "#1"}
			}
		},
		{
			"from": [8.5, 5.5, 10.25],
			"to": [8.6, 5.85, 11.05],
			"faces": {
				"north": {"uv": [4, 11, 4.5, 13], "texture": "#1"},
				"east": {"uv": [4, 11, 4.5, 13], "texture": "#1"},
				"south": {"uv": [4, 11, 4.5, 13], "texture": "#1"},
				"west": {"uv": [4, 11, 4.5, 13], "texture": "#1"},
				"up": {"uv": [4.25, 13.25, 4.75, 14], "texture": "#1"},
				"down": {"uv": [4, 12, 4.5, 13], "texture": "#1"}
			}
		},
		{
			"from": [7.4, 5.4, 11.05],
			"to": [7.5, 5.75, 11.5],
			"faces": {
				"north": {"uv": [4, 11, 4.5, 13], "texture": "#1"},
				"east": {"uv": [4, 11, 4.5, 13], "texture": "#1"},
				"south": {"uv": [4, 11, 4.5, 13], "texture": "#1"},
				"west": {"uv": [4, 11, 4.5, 13], "texture": "#1"},
				"up": {"uv": [4.25, 13.25, 4.75, 14], "texture": "#1"},
				"down": {"uv": [4, 12, 4.5, 13], "texture": "#1"}
			}
		},
		{
			"from": [7.4, 5.3, 11.5],
			"to": [7.5, 5.65, 11.95],
			"faces": {
				"north": {"uv": [4, 11, 4.5, 13], "texture": "#1"},
				"east": {"uv": [4, 11, 4.5, 13], "texture": "#1"},
				"south": {"uv": [4, 11, 4.5, 13], "texture": "#1"},
				"west": {"uv": [4, 11, 4.5, 13], "texture": "#1"},
				"up": {"uv": [4.25, 13.25, 4.75, 14], "texture": "#1"},
				"down": {"uv": [4, 12, 4.5, 13], "texture": "#1"}
			}
		},
		{
			"from": [7.4, 5.2, 11.95],
			"to": [7.5, 5.55, 12.4],
			"faces": {
				"north": {"uv": [4, 11, 4.5, 13], "texture": "#1"},
				"east": {"uv": [4, 11, 4.5, 13], "texture": "#1"},
				"south": {"uv": [4, 11, 4.5, 13], "texture": "#1"},
				"west": {"uv": [4, 11, 4.5, 13], "texture": "#1"},
				"up": {"uv": [4.25, 13.25, 4.75, 14], "texture": "#1"},
				"down": {"uv": [4, 12, 4.5, 13], "texture": "#1"}
			}
		},
		{
			"from": [7.4, 5.1, 12.4],
			"to": [7.5, 5.45, 12.6],
			"faces": {
				"north": {"uv": [4, 11, 4.5, 13], "texture": "#1"},
				"east": {"uv": [4, 11, 4.5, 13], "texture": "#1"},
				"south": {"uv": [4, 11, 4.5, 13], "texture": "#1"},
				"west": {"uv": [4, 11, 4.5, 13], "texture": "#1"},
				"up": {"uv": [4.25, 13.25, 4.75, 14], "texture": "#1"},
				"down": {"uv": [4, 12, 4.5, 13], "texture": "#1"}
			}
		},
		{
			"from": [7.4, 5, 12.6],
			"to": [7.5, 5.35, 12.8],
			"faces": {
				"north": {"uv": [4, 11, 4.5, 13], "texture": "#1"},
				"east": {"uv": [4, 11, 4.5, 13], "texture": "#1"},
				"south": {"uv": [4, 11, 4.5, 13], "texture": "#1"},
				"west": {"uv": [4, 11, 4.5, 13], "texture": "#1"},
				"up": {"uv": [4.25, 13.25, 4.75, 14], "texture": "#1"},
				"down": {"uv": [4, 12, 4.5, 13], "texture": "#1"}
			}
		},
		{
			"from": [7.4, 4.9, 12.8],
			"to": [7.5, 5.25, 13],
			"faces": {
				"north": {"uv": [4, 11, 4.5, 13], "texture": "#1"},
				"east": {"uv": [4, 11, 4.5, 13], "texture": "#1"},
				"south": {"uv": [4, 11, 4.5, 13], "texture": "#1"},
				"west": {"uv": [4, 11, 4.5, 13], "texture": "#1"},
				"up": {"uv": [4.25, 13.25, 4.75, 14], "texture": "#1"},
				"down": {"uv": [4, 12, 4.5, 13], "texture": "#1"}
			}
		},
		{
			"from": [8.5, 5.4, 11.05],
			"to": [8.6, 5.75, 11.5],
			"faces": {
				"north": {"uv": [4, 11, 4.5, 13], "texture": "#1"},
				"east": {"uv": [4, 11, 4.5, 13], "texture": "#1"},
				"south": {"uv": [4, 11, 4.5, 13], "texture": "#1"},
				"west": {"uv": [4, 11, 4.5, 13], "texture": "#1"},
				"up": {"uv": [4.25, 13.25, 4.75, 14], "texture": "#1"},
				"down": {"uv": [4, 12, 4.5, 13], "texture": "#1"}
			}
		},
		{
			"from": [8.5, 5.3, 11.5],
			"to": [8.6, 5.65, 11.95],
			"faces": {
				"north": {"uv": [4, 11, 4.5, 13], "texture": "#1"},
				"east": {"uv": [4, 11, 4.5, 13], "texture": "#1"},
				"south": {"uv": [4, 11, 4.5, 13], "texture": "#1"},
				"west": {"uv": [4, 11, 4.5, 13], "texture": "#1"},
				"up": {"uv": [4.25, 13.25, 4.75, 14], "texture": "#1"},
				"down": {"uv": [4, 12, 4.5, 13], "texture": "#1"}
			}
		},
		{
			"from": [8.5, 5.2, 11.95],
			"to": [8.6, 5.55, 12.4],
			"faces": {
				"north": {"uv": [4, 11, 4.5, 13], "texture": "#1"},
				"east": {"uv": [4, 11, 4.5, 13], "texture": "#1"},
				"south": {"uv": [4, 11, 4.5, 13], "texture": "#1"},
				"west": {"uv": [4, 11, 4.5, 13], "texture": "#1"},
				"up": {"uv": [4.25, 13.25, 4.75, 14], "texture": "#1"},
				"down": {"uv": [4, 12, 4.5, 13], "texture": "#1"}
			}
		},
		{
			"from": [8.5, 5.1, 12.4],
			"to": [8.6, 5.45, 12.6],
			"faces": {
				"north": {"uv": [4, 11, 4.5, 13], "texture": "#1"},
				"east": {"uv": [4, 11, 4.5, 13], "texture": "#1"},
				"south": {"uv": [4, 11, 4.5, 13], "texture": "#1"},
				"west": {"uv": [4, 11, 4.5, 13], "texture": "#1"},
				"up": {"uv": [4.25, 13.25, 4.75, 14], "texture": "#1"},
				"down": {"uv": [4, 12, 4.5, 13], "texture": "#1"}
			}
		},
		{
			"from": [8.5, 4.9, 12.8],
			"to": [8.6, 5.25, 13],
			"faces": {
				"north": {"uv": [4, 11, 4.5, 13], "texture": "#1"},
				"east": {"uv": [4, 11, 4.5, 13], "texture": "#1"},
				"south": {"uv": [4, 11, 4.5, 13], "texture": "#1"},
				"west": {"uv": [4, 11, 4.5, 13], "texture": "#1"},
				"up": {"uv": [4.25, 13.25, 4.75, 14], "texture": "#1"},
				"down": {"uv": [4, 12, 4.5, 13], "texture": "#1"}
			}
		},
		{
			"from": [8.5, 5, 12.6],
			"to": [8.6, 5.35, 12.8],
			"faces": {
				"north": {"uv": [4, 11, 4.5, 13], "texture": "#1"},
				"east": {"uv": [4, 11, 4.5, 13], "texture": "#1"},
				"south": {"uv": [4, 11, 4.5, 13], "texture": "#1"},
				"west": {"uv": [4, 11, 4.5, 13], "texture": "#1"},
				"up": {"uv": [4.25, 13.25, 4.75, 14], "texture": "#1"},
				"down": {"uv": [4, 12, 4.5, 13], "texture": "#1"}
			}
		},
		{
			"from": [7.5, 4.9, 12.8],
			"to": [8.5, 5, 13],
			"faces": {
				"north": {"uv": [4, 12, 4.5, 13], "texture": "#1"},
				"east": {"uv": [4, 11, 4.5, 13], "texture": "#1"},
				"south": {"uv": [4, 12, 4.5, 13], "texture": "#1"},
				"west": {"uv": [4, 11, 4.5, 13], "texture": "#1"},
				"up": {"uv": [4, 11, 4.5, 13], "texture": "#1"},
				"down": {"uv": [4, 12, 4.5, 13], "texture": "#1"}
			}
		},
		{
			"from": [7.4, 5.85, 10.4],
			"to": [7.5, 5.95, 11],
			"faces": {
				"north": {"uv": [8, 12.1, 8.75, 12.6], "texture": "#0"},
				"east": {"uv": [8, 12.1, 8.75, 12.6], "texture": "#0"},
				"south": {"uv": [8, 12.1, 8.75, 12.6], "texture": "#0"},
				"west": {"uv": [8, 12.1, 8.75, 12.6], "texture": "#0"},
				"up": {"uv": [8, 12.1, 8.75, 12.6], "texture": "#0"},
				"down": {"uv": [8, 12.1, 8.75, 12.6], "texture": "#0"}
			}
		},
		{
			"from": [7.4, 5.95, 10.45],
			"to": [7.5, 6.05, 11.05],
			"faces": {
				"north": {"uv": [8, 12.1, 8.75, 12.6], "texture": "#0"},
				"east": {"uv": [8, 12.1, 8.75, 12.6], "texture": "#0"},
				"south": {"uv": [8, 12.1, 8.75, 12.6], "texture": "#0"},
				"west": {"uv": [8, 12.1, 8.75, 12.6], "texture": "#0"},
				"up": {"uv": [8, 12.1, 8.75, 12.6], "texture": "#0"},
				"down": {"uv": [8, 12.1, 8.75, 12.6], "texture": "#0"}
			}
		},
		{
			"from": [7.4, 6.05, 10.5],
			"to": [7.5, 6.15, 11.1],
			"faces": {
				"north": {"uv": [6, 12.1, 6.75, 12.6], "texture": "#0"},
				"east": {"uv": [6, 12.1, 6.75, 12.6], "texture": "#0"},
				"south": {"uv": [6, 12.1, 6.75, 12.6], "texture": "#0"},
				"west": {"uv": [6, 12.1, 6.75, 12.6], "texture": "#0"},
				"up": {"uv": [6, 12.1, 6.75, 12.6], "texture": "#0"},
				"down": {"uv": [6, 12.1, 6.75, 12.6], "texture": "#0"}
			}
		},
		{
			"from": [7.4, 6.15, 10.55],
			"to": [7.5, 6.25, 11.15],
			"faces": {
				"north": {"uv": [6, 12.1, 6.75, 12.6], "texture": "#0"},
				"east": {"uv": [6, 12.1, 6.75, 12.6], "texture": "#0"},
				"south": {"uv": [6, 12.1, 6.75, 12.6], "texture": "#0"},
				"west": {"uv": [6, 12.1, 6.75, 12.6], "texture": "#0"},
				"up": {"uv": [6, 12.1, 6.75, 12.6], "texture": "#0"},
				"down": {"uv": [6, 12.1, 6.75, 12.6], "texture": "#0"}
			}
		},
		{
			"from": [7.4, 6.25, 10.6],
			"to": [7.5, 6.35, 11.2],
			"faces": {
				"north": {"uv": [5, 12.1, 5.75, 12.6], "texture": "#0"},
				"east": {"uv": [5, 12.1, 5.75, 12.6], "texture": "#0"},
				"south": {"uv": [5, 12.1, 5.75, 12.6], "texture": "#0"},
				"west": {"uv": [5, 12.1, 5.75, 12.6], "texture": "#0"},
				"up": {"uv": [5, 12.1, 5.75, 12.6], "texture": "#0"},
				"down": {"uv": [5, 12.1, 5.75, 12.6], "texture": "#0"}
			}
		},
		{
			"from": [7.4, 6.35, 10.65],
			"to": [7.5, 6.45, 11.25],
			"faces": {
				"north": {"uv": [5, 12.1, 5.75, 12.6], "texture": "#0"},
				"east": {"uv": [5, 12.1, 5.75, 12.6], "texture": "#0"},
				"south": {"uv": [5, 12.1, 5.75, 12.6], "texture": "#0"},
				"west": {"uv": [5, 12.1, 5.75, 12.6], "texture": "#0"},
				"up": {"uv": [5, 12.1, 5.75, 12.6], "texture": "#0"},
				"down": {"uv": [5, 12.1, 5.75, 12.6], "texture": "#0"}
			}
		},
		{
			"from": [7.4, 6.45, 10.7],
			"to": [7.5, 6.55, 11.3],
			"faces": {
				"north": {"uv": [5, 10.1, 5.75, 10.6], "texture": "#0"},
				"east": {"uv": [5, 10.1, 5.75, 10.6], "texture": "#0"},
				"south": {"uv": [5, 10.1, 5.75, 10.6], "texture": "#0"},
				"west": {"uv": [5, 10.1, 5.75, 10.6], "texture": "#0"},
				"up": {"uv": [5, 10.1, 5.75, 10.6], "texture": "#0"},
				"down": {"uv": [5, 10.1, 5.75, 10.6], "texture": "#0"}
			}
		},
		{
			"from": [7.4, 6.55, 10.75],
			"to": [7.5, 6.65, 11.35],
			"faces": {
				"north": {"uv": [5, 10.1, 5.75, 10.6], "texture": "#0"},
				"east": {"uv": [5, 10.1, 5.75, 10.6], "texture": "#0"},
				"south": {"uv": [5, 10.1, 5.75, 10.6], "texture": "#0"},
				"west": {"uv": [5, 10.1, 5.75, 10.6], "texture": "#0"},
				"up": {"uv": [5, 10.1, 5.75, 10.6], "texture": "#0"},
				"down": {"uv": [5, 10.1, 5.75, 10.6], "texture": "#0"}
			}
		},
		{
			"from": [8.5, 6.55, 8.5],
			"to": [8.6, 6.65, 9.1],
			"faces": {
				"north": {"uv": [5, 10.1, 5.75, 10.6], "texture": "#0"},
				"east": {"uv": [5, 10.1, 5.75, 10.6], "texture": "#0"},
				"south": {"uv": [5, 10.1, 5.75, 10.6], "texture": "#0"},
				"west": {"uv": [5, 10.1, 5.75, 10.6], "texture": "#0"},
				"up": {"uv": [5, 10.1, 5.75, 10.6], "texture": "#0"},
				"down": {"uv": [5, 10.1, 5.75, 10.6], "texture": "#0"}
			}
		},
		{
			"from": [8.5, 6.45, 8.45],
			"to": [8.6, 6.55, 9.05],
			"faces": {
				"north": {"uv": [5, 12.1, 5.75, 12.6], "texture": "#0"},
				"east": {"uv": [5, 12.1, 5.75, 12.6], "texture": "#0"},
				"south": {"uv": [5, 12.1, 5.75, 12.6], "texture": "#0"},
				"west": {"uv": [5, 12.1, 5.75, 12.6], "texture": "#0"},
				"up": {"uv": [5, 12.1, 5.75, 12.6], "texture": "#0"},
				"down": {"uv": [5, 12.1, 5.75, 12.6], "texture": "#0"}
			}
		},
		{
			"from": [8.5, 6.35, 8.4],
			"to": [8.6, 6.45, 9],
			"faces": {
				"north": {"uv": [5, 12.1, 5.75, 12.6], "texture": "#0"},
				"east": {"uv": [5, 12.1, 5.75, 12.6], "texture": "#0"},
				"south": {"uv": [5, 12.1, 5.75, 12.6], "texture": "#0"},
				"west": {"uv": [5, 12.1, 5.75, 12.6], "texture": "#0"},
				"up": {"uv": [5, 12.1, 5.75, 12.6], "texture": "#0"},
				"down": {"uv": [5, 12.1, 5.75, 12.6], "texture": "#0"}
			}
		},
		{
			"from": [8.5, 6.25, 8.35],
			"to": [8.6, 6.35, 8.95],
			"faces": {
				"north": {"uv": [6, 12.1, 6.75, 12.6], "texture": "#0"},
				"east": {"uv": [6, 12.1, 6.75, 12.6], "texture": "#0"},
				"south": {"uv": [6, 12.1, 6.75, 12.6], "texture": "#0"},
				"west": {"uv": [6, 12.1, 6.75, 12.6], "texture": "#0"},
				"up": {"uv": [6, 12.1, 6.75, 12.6], "texture": "#0"},
				"down": {"uv": [6, 12.1, 6.75, 12.6], "texture": "#0"}
			}
		},
		{
			"from": [8.5, 6.15, 8.3],
			"to": [8.6, 6.25, 8.9],
			"faces": {
				"north": {"uv": [6, 12.1, 6.75, 12.6], "texture": "#0"},
				"east": {"uv": [6, 12.1, 6.75, 12.6], "texture": "#0"},
				"south": {"uv": [6, 12.1, 6.75, 12.6], "texture": "#0"},
				"west": {"uv": [6, 12.1, 6.75, 12.6], "texture": "#0"},
				"up": {"uv": [6, 12.1, 6.75, 12.6], "texture": "#0"},
				"down": {"uv": [6, 12.1, 6.75, 12.6], "texture": "#0"}
			}
		},
		{
			"from": [8.5, 6.05, 8.25],
			"to": [8.6, 6.15, 8.85],
			"faces": {
				"north": {"uv": [8, 12.1, 8.75, 12.6], "texture": "#0"},
				"east": {"uv": [8, 12.1, 8.75, 12.6], "texture": "#0"},
				"south": {"uv": [8, 12.1, 8.75, 12.6], "texture": "#0"},
				"west": {"uv": [8, 12.1, 8.75, 12.6], "texture": "#0"},
				"up": {"uv": [8, 12.1, 8.75, 12.6], "texture": "#0"},
				"down": {"uv": [8, 12.1, 8.75, 12.6], "texture": "#0"}
			}
		},
		{
			"from": [8.5, 5.95, 8.2],
			"to": [8.6, 6.05, 8.8],
			"faces": {
				"north": {"uv": [8, 12.1, 8.75, 12.6], "texture": "#0"},
				"east": {"uv": [8, 12.1, 8.75, 12.6], "texture": "#0"},
				"south": {"uv": [8, 12.1, 8.75, 12.6], "texture": "#0"},
				"west": {"uv": [8, 12.1, 8.75, 12.6], "texture": "#0"},
				"up": {"uv": [8, 12.1, 8.75, 12.6], "texture": "#0"},
				"down": {"uv": [8, 12.1, 8.75, 12.6], "texture": "#0"}
			}
		},
		{
			"from": [8.5, 6.5, 9.6],
			"to": [8.6, 6.6, 10.2],
			"faces": {
				"north": {"uv": [5, 10.1, 5.75, 10.6], "texture": "#0"},
				"east": {"uv": [5, 10.1, 5.75, 10.6], "texture": "#0"},
				"south": {"uv": [5, 10.1, 5.75, 10.6], "texture": "#0"},
				"west": {"uv": [5, 10.1, 5.75, 10.6], "texture": "#0"},
				"up": {"uv": [5, 10.1, 5.75, 10.6], "texture": "#0"},
				"down": {"uv": [5, 10.1, 5.75, 10.6], "texture": "#0"}
			}
		},
		{
			"from": [8.5, 6.4, 9.55],
			"to": [8.6, 6.5, 10.15],
			"faces": {
				"north": {"uv": [5, 12.1, 5.75, 12.6], "texture": "#0"},
				"east": {"uv": [5, 12.1, 5.75, 12.6], "texture": "#0"},
				"south": {"uv": [5, 12.1, 5.75, 12.6], "texture": "#0"},
				"west": {"uv": [5, 12.1, 5.75, 12.6], "texture": "#0"},
				"up": {"uv": [5, 12.1, 5.75, 12.6], "texture": "#0"},
				"down": {"uv": [5, 12.1, 5.75, 12.6], "texture": "#0"}
			}
		},
		{
			"from": [8.5, 6.3, 9.5],
			"to": [8.6, 6.4, 10.1],
			"faces": {
				"north": {"uv": [5, 12.1, 5.75, 12.6], "texture": "#0"},
				"east": {"uv": [5, 12.1, 5.75, 12.6], "texture": "#0"},
				"south": {"uv": [5, 12.1, 5.75, 12.6], "texture": "#0"},
				"west": {"uv": [5, 12.1, 5.75, 12.6], "texture": "#0"},
				"up": {"uv": [5, 12.1, 5.75, 12.6], "texture": "#0"},
				"down": {"uv": [5, 12.1, 5.75, 12.6], "texture": "#0"}
			}
		},
		{
			"from": [8.5, 6.2, 9.45],
			"to": [8.6, 6.3, 10.05],
			"faces": {
				"north": {"uv": [6, 12.1, 6.75, 12.6], "texture": "#0"},
				"east": {"uv": [6, 12.1, 6.75, 12.6], "texture": "#0"},
				"south": {"uv": [6, 12.1, 6.75, 12.6], "texture": "#0"},
				"west": {"uv": [6, 12.1, 6.75, 12.6], "texture": "#0"},
				"up": {"uv": [6, 12.1, 6.75, 12.6], "texture": "#0"},
				"down": {"uv": [6, 12.1, 6.75, 12.6], "texture": "#0"}
			}
		},
		{
			"from": [8.5, 6.1, 9.4],
			"to": [8.6, 6.2, 10],
			"faces": {
				"north": {"uv": [6, 12.1, 6.75, 12.6], "texture": "#0"},
				"east": {"uv": [6, 12.1, 6.75, 12.6], "texture": "#0"},
				"south": {"uv": [6, 12.1, 6.75, 12.6], "texture": "#0"},
				"west": {"uv": [6, 12.1, 6.75, 12.6], "texture": "#0"},
				"up": {"uv": [6, 12.1, 6.75, 12.6], "texture": "#0"},
				"down": {"uv": [6, 12.1, 6.75, 12.6], "texture": "#0"}
			}
		},
		{
			"from": [8.5, 6, 9.35],
			"to": [8.6, 6.1, 9.95],
			"faces": {
				"north": {"uv": [8, 12.1, 8.75, 12.6], "texture": "#0"},
				"east": {"uv": [8, 12.1, 8.75, 12.6], "texture": "#0"},
				"south": {"uv": [8, 12.1, 8.75, 12.6], "texture": "#0"},
				"west": {"uv": [8, 12.1, 8.75, 12.6], "texture": "#0"},
				"up": {"uv": [8, 12.1, 8.75, 12.6], "texture": "#0"},
				"down": {"uv": [8, 12.1, 8.75, 12.6], "texture": "#0"}
			}
		},
		{
			"from": [8.5, 5.9, 9.3],
			"to": [8.6, 6, 9.9],
			"faces": {
				"north": {"uv": [8, 12.1, 8.75, 12.6], "texture": "#0"},
				"east": {"uv": [8, 12.1, 8.75, 12.6], "texture": "#0"},
				"south": {"uv": [8, 12.1, 8.75, 12.6], "texture": "#0"},
				"west": {"uv": [8, 12.1, 8.75, 12.6], "texture": "#0"},
				"up": {"uv": [8, 12.1, 8.75, 12.6], "texture": "#0"},
				"down": {"uv": [8, 12.1, 8.75, 12.6], "texture": "#0"}
			}
		},
		{
			"from": [8.5, 6.55, 10.75],
			"to": [8.6, 6.65, 11.35],
			"faces": {
				"north": {"uv": [5, 10.1, 5.75, 10.6], "texture": "#0"},
				"east": {"uv": [5, 10.1, 5.75, 10.6], "texture": "#0"},
				"south": {"uv": [5, 10.1, 5.75, 10.6], "texture": "#0"},
				"west": {"uv": [5, 10.1, 5.75, 10.6], "texture": "#0"},
				"up": {"uv": [5, 10.1, 5.75, 10.6], "texture": "#0"},
				"down": {"uv": [5, 10.1, 5.75, 10.6], "texture": "#0"}
			}
		},
		{
			"from": [8.5, 6.45, 10.7],
			"to": [8.6, 6.55, 11.3],
			"faces": {
				"north": {"uv": [5, 10.1, 5.75, 10.6], "texture": "#0"},
				"east": {"uv": [5, 10.1, 5.75, 10.6], "texture": "#0"},
				"south": {"uv": [5, 10.1, 5.75, 10.6], "texture": "#0"},
				"west": {"uv": [5, 10.1, 5.75, 10.6], "texture": "#0"},
				"up": {"uv": [5, 10.1, 5.75, 10.6], "texture": "#0"},
				"down": {"uv": [5, 10.1, 5.75, 10.6], "texture": "#0"}
			}
		},
		{
			"from": [8.5, 6.35, 10.65],
			"to": [8.6, 6.45, 11.25],
			"faces": {
				"north": {"uv": [5, 12.1, 5.75, 12.6], "texture": "#0"},
				"east": {"uv": [5, 12.1, 5.75, 12.6], "texture": "#0"},
				"south": {"uv": [5, 12.1, 5.75, 12.6], "texture": "#0"},
				"west": {"uv": [5, 12.1, 5.75, 12.6], "texture": "#0"},
				"up": {"uv": [5, 12.1, 5.75, 12.6], "texture": "#0"},
				"down": {"uv": [5, 12.1, 5.75, 12.6], "texture": "#0"}
			}
		},
		{
			"from": [8.5, 6.25, 10.6],
			"to": [8.6, 6.35, 11.2],
			"faces": {
				"north": {"uv": [5, 12.1, 5.75, 12.6], "texture": "#0"},
				"east": {"uv": [5, 12.1, 5.75, 12.6], "texture": "#0"},
				"south": {"uv": [5, 12.1, 5.75, 12.6], "texture": "#0"},
				"west": {"uv": [5, 12.1, 5.75, 12.6], "texture": "#0"},
				"up": {"uv": [5, 12.1, 5.75, 12.6], "texture": "#0"},
				"down": {"uv": [5, 12.1, 5.75, 12.6], "texture": "#0"}
			}
		},
		{
			"from": [8.5, 6.15, 10.55],
			"to": [8.6, 6.25, 11.15],
			"faces": {
				"north": {"uv": [6, 12.1, 6.75, 12.6], "texture": "#0"},
				"east": {"uv": [6, 12.1, 6.75, 12.6], "texture": "#0"},
				"south": {"uv": [6, 12.1, 6.75, 12.6], "texture": "#0"},
				"west": {"uv": [6, 12.1, 6.75, 12.6], "texture": "#0"},
				"up": {"uv": [6, 12.1, 6.75, 12.6], "texture": "#0"},
				"down": {"uv": [6, 12.1, 6.75, 12.6], "texture": "#0"}
			}
		},
		{
			"from": [8.5, 6.05, 10.5],
			"to": [8.6, 6.15, 11.1],
			"faces": {
				"north": {"uv": [6, 12.1, 6.75, 12.6], "texture": "#0"},
				"east": {"uv": [6, 12.1, 6.75, 12.6], "texture": "#0"},
				"south": {"uv": [6, 12.1, 6.75, 12.6], "texture": "#0"},
				"west": {"uv": [6, 12.1, 6.75, 12.6], "texture": "#0"},
				"up": {"uv": [6, 12.1, 6.75, 12.6], "texture": "#0"},
				"down": {"uv": [6, 12.1, 6.75, 12.6], "texture": "#0"}
			}
		},
		{
			"from": [8.5, 5.95, 10.45],
			"to": [8.6, 6.05, 11.05],
			"faces": {
				"north": {"uv": [8, 12.1, 8.75, 12.6], "texture": "#0"},
				"east": {"uv": [8, 12.1, 8.75, 12.6], "texture": "#0"},
				"south": {"uv": [8, 12.1, 8.75, 12.6], "texture": "#0"},
				"west": {"uv": [8, 12.1, 8.75, 12.6], "texture": "#0"},
				"up": {"uv": [8, 12.1, 8.75, 12.6], "texture": "#0"},
				"down": {"uv": [8, 12.1, 8.75, 12.6], "texture": "#0"}
			}
		},
		{
			"from": [8.5, 5.85, 10.4],
			"to": [8.6, 5.95, 11],
			"faces": {
				"north": {"uv": [8, 12.1, 8.75, 12.6], "texture": "#0"},
				"east": {"uv": [8, 12.1, 8.75, 12.6], "texture": "#0"},
				"south": {"uv": [8, 12.1, 8.75, 12.6], "texture": "#0"},
				"west": {"uv": [8, 12.1, 8.75, 12.6], "texture": "#0"},
				"up": {"uv": [8, 12.1, 8.75, 12.6], "texture": "#0"},
				"down": {"uv": [8, 12.1, 8.75, 12.6], "texture": "#0"}
			}
		},
		{
			"from": [7.5, 6.6, 3.55],
			"to": [8.5, 6.7, 3.65],
			"faces": {
				"north": {"uv": [4.25, 13.25, 4.75, 14], "texture": "#1"},
				"east": {"uv": [4.25, 13.25, 4.75, 14], "texture": "#1"},
				"south": {"uv": [4.25, 13.25, 4.75, 14], "texture": "#1"},
				"west": {"uv": [4.25, 13.25, 4.75, 14], "texture": "#1"},
				"up": {"uv": [4.25, 13.25, 4.75, 14], "texture": "#1"},
				"down": {"uv": [4.25, 13.25, 4.75, 14], "texture": "#1"}
			}
		},
		{
			"from": [7.7, 5.8, 3.3],
			"to": [8.3, 6.4, 3.4],
			"faces": {
				"north": {"uv": [2.1, 8.4, 3.9, 9.6], "rotation": 180, "texture": "#1"},
				"east": {"uv": [2.1, 8.4, 3.9, 9.6], "rotation": 180, "texture": "#1"},
				"south": {"uv": [2.1, 8.4, 3.9, 9.6], "texture": "#1"},
				"west": {"uv": [2.1, 8.4, 3.9, 9.6], "texture": "#1"},
				"up": {"uv": [2.1, 8.4, 3.9, 9.6], "rotation": 90, "texture": "#1"},
				"down": {"uv": [2.1, 8.4, 3.9, 9.6], "texture": "#1"}
			}
		},
		{
			"from": [7.75, 5.85, 3.2],
			"to": [8.25, 6.35, 3.3],
			"faces": {
				"north": {"uv": [2.1, 8.4, 3.9, 9.6], "rotation": 180, "texture": "#1"},
				"east": {"uv": [2.1, 8.4, 3.9, 9.6], "rotation": 180, "texture": "#1"},
				"south": {"uv": [2.1, 8.4, 3.9, 9.6], "texture": "#1"},
				"west": {"uv": [2.1, 8.4, 3.9, 9.6], "texture": "#1"},
				"up": {"uv": [2.1, 8.4, 3.9, 9.6], "rotation": 90, "texture": "#1"},
				"down": {"uv": [2.1, 8.4, 3.9, 9.6], "texture": "#1"}
			}
		},
		{
			"from": [7.85, 5.95, 1.35],
			"to": [8.15, 6.25, 3.2],
			"faces": {
				"north": {"uv": [4, 4, 12, 12], "texture": "#2"},
				"east": {"uv": [8, 5.25, 9.85, 5.85], "rotation": 180, "texture": "#1"},
				"south": {"uv": [8, 5.25, 9.85, 5.85], "texture": "#1"},
				"west": {"uv": [8, 5.25, 9.85, 5.85], "texture": "#1"},
				"up": {"uv": [8, 5.25, 9.85, 5.85], "rotation": 90, "texture": "#1"},
				"down": {"uv": [8, 5.25, 9.85, 5.85], "rotation": 270, "texture": "#1"}
			}
		},
		{
			"from": [7.9, 5.575, 1.35],
			"to": [8.1, 5.95, 1.55],
			"faces": {
				"north": {"uv": [0, 0, 0.6, 7.1], "texture": "#1"},
				"east": {"uv": [0, 0, 0.6, 7.1], "texture": "#1"},
				"south": {"uv": [0, 0, 0.6, 7.1], "texture": "#1"},
				"west": {"uv": [0, 0, 0.6, 7.1], "texture": "#1"},
				"up": {"uv": [0, 0, 0.6, 7.1], "texture": "#1"},
				"down": {"uv": [0, 6.25, 0.6, 6.85], "texture": "#1"}
			}
		},
		{
			"from": [7.9, 5.6, 1.55],
			"to": [8.1, 5.95, 1.65],
			"faces": {
				"north": {"uv": [14.25, 2.25, 14.85, 3.85], "texture": "#0"},
				"east": {"uv": [14.25, 2.25, 14.85, 3.85], "texture": "#0"},
				"south": {"uv": [14.25, 2.25, 14.85, 3.85], "texture": "#0"},
				"west": {"uv": [14.25, 2.25, 14.85, 3.85], "texture": "#0"},
				"up": {"uv": [14.25, 2.25, 14.85, 3.85], "texture": "#0"},
				"down": {"uv": [14.25, 3.25, 14.85, 3.85], "texture": "#0"}
			}
		},
		{
			"from": [7.9, 5.65, 1.65],
			"to": [8.1, 6, 1.75],
			"faces": {
				"north": {"uv": [0, 0, 0.6, 7.1], "texture": "#1"},
				"east": {"uv": [0, 0, 0.6, 7.1], "texture": "#1"},
				"south": {"uv": [0, 0, 0.6, 7.1], "texture": "#1"},
				"west": {"uv": [0, 0, 0.6, 7.1], "texture": "#1"},
				"up": {"uv": [0, 0, 0.6, 7.1], "texture": "#1"},
				"down": {"uv": [0, 6.5, 0.6, 6.85], "texture": "#1"}
			}
		},
		{
			"from": [7.95, 5.7, 1.75],
			"to": [8.05, 5.8, 3.6],
			"faces": {
				"north": {"uv": [3, 6.5, 10, 6.7], "texture": "#0"},
				"east": {"uv": [3, 6.5, 10, 6.7], "rotation": 180, "texture": "#0"},
				"south": {"uv": [3, 6.5, 10, 6.7], "texture": "#0"},
				"west": {"uv": [3, 6.5, 10, 6.7], "texture": "#0"},
				"up": {"uv": [3, 6.5, 10, 6.7], "rotation": 90, "texture": "#0"},
				"down": {"uv": [3, 6.5, 10, 6.7], "rotation": 270, "texture": "#0"}
			}
		},
		{
			"from": [7.5, 5.2, 7.4],
			"to": [8.5, 6.6, 8.4],
			"faces": {
				"north": {"uv": [2, 13, 2.75, 16], "texture": "#1"},
				"east": {"uv": [2, 13, 2.75, 16], "texture": "#1"},
				"south": {"uv": [2, 13, 2.75, 16], "texture": "#1"},
				"west": {"uv": [2, 13, 2.75, 16], "texture": "#1"},
				"up": {"uv": [2.1, 13.1, 2.85, 13.85], "texture": "#1"},
				"down": {"uv": [2, 15.25, 2.75, 16], "texture": "#1"}
			}
		},
		{
			"from": [7.5, 5.4, 5.4],
			"to": [8.5, 6.6, 6.4],
			"faces": {
				"north": {"uv": [2, 13, 2.75, 16], "texture": "#1"},
				"east": {"uv": [2, 13, 2.75, 16], "texture": "#1"},
				"south": {"uv": [2, 13, 2.75, 16], "texture": "#1"},
				"west": {"uv": [2, 13, 2.75, 16], "texture": "#1"},
				"up": {"uv": [2.1, 13.1, 2.85, 13.85], "texture": "#1"},
				"down": {"uv": [2, 15.25, 2.75, 16], "texture": "#1"}
			}
		},
		{
			"from": [7.5, 5.3, 6.4],
			"to": [8.5, 6.6, 7.4],
			"faces": {
				"north": {"uv": [2, 13, 2.75, 16], "texture": "#1"},
				"east": {"uv": [2, 13, 2.75, 16], "texture": "#1"},
				"south": {"uv": [2, 13, 2.75, 16], "texture": "#1"},
				"west": {"uv": [2, 13, 2.75, 16], "texture": "#1"},
				"up": {"uv": [2.1, 13.1, 2.85, 13.85], "texture": "#1"},
				"down": {"uv": [2, 15.25, 2.75, 16], "texture": "#1"}
			}
		},
		{
			"from": [7.7, 6.6, 6.15],
			"to": [8.3, 6.7, 7.9],
			"faces": {
				"north": {"uv": [0, 4, 0.75, 6], "texture": "#1"},
				"east": {"uv": [0, 4, 0.75, 6], "texture": "#1"},
				"south": {"uv": [0, 4, 0.75, 6], "texture": "#1"},
				"west": {"uv": [0, 4, 0.75, 6], "texture": "#1"},
				"up": {"uv": [0, 4, 0.75, 4.75], "texture": "#1"},
				"down": {"uv": [0, 4, 0.75, 6], "texture": "#1"}
			}
		},
		{
			"from": [7.7, 6.6, 7.9],
			"to": [8.3, 6.7, 8.15],
			"faces": {
				"north": {"uv": [0, 1, 0.75, 1.6], "texture": "#0"},
				"east": {"uv": [0, 1, 0.75, 1.6], "texture": "#0"},
				"south": {"uv": [0, 1, 0.75, 1.6], "texture": "#0"},
				"west": {"uv": [0, 1, 0.75, 1.6], "texture": "#0"},
				"up": {"uv": [0, 1, 0.75, 1.6], "texture": "#0"},
				"down": {"uv": [0, 1, 0.75, 1.6], "texture": "#0"}
			}
		},
		{
			"from": [7.7, 6.7, 7.9],
			"to": [7.9, 6.8, 8.15],
			"faces": {
				"north": {"uv": [2, 11.25, 2.75, 11.85], "texture": "#0"},
				"east": {"uv": [2, 11.25, 2.75, 11.85], "texture": "#0"},
				"south": {"uv": [2, 11.25, 2.75, 11.85], "texture": "#0"},
				"west": {"uv": [2, 11.25, 2.75, 11.85], "texture": "#0"},
				"up": {"uv": [2, 11.25, 2.75, 11.85], "texture": "#0"},
				"down": {"uv": [2, 11.25, 2.75, 11.85], "texture": "#0"}
			}
		},
		{
			"from": [7.9, 6.7, 7.9],
			"to": [8.1, 6.75, 8.15],
			"faces": {
				"north": {"uv": [2, 11.25, 2.75, 11.85], "texture": "#0"},
				"east": {"uv": [2, 11.25, 2.75, 11.85], "texture": "#0"},
				"south": {"uv": [2, 11.25, 2.75, 11.85], "texture": "#0"},
				"west": {"uv": [2, 11.25, 2.75, 11.85], "texture": "#0"},
				"up": {"uv": [2, 11.25, 2.75, 11.85], "texture": "#0"},
				"down": {"uv": [2, 11.25, 2.75, 11.85], "texture": "#0"}
			}
		},
		{
			"from": [7.9, 6.7, 6.15],
			"to": [8.1, 6.75, 7.9],
			"faces": {
				"north": {"uv": [0, 9, 0.5, 10], "texture": "#1"},
				"east": {"uv": [0, 9, 0.5, 10], "texture": "#1"},
				"south": {"uv": [0, 9, 0.5, 10], "texture": "#1"},
				"west": {"uv": [0, 9, 0.5, 10], "texture": "#1"},
				"up": {"uv": [0, 9, 0.5, 10], "texture": "#1"},
				"down": {"uv": [0, 9, 0.5, 10], "texture": "#1"}
			}
		},
		{
			"from": [7.9, 7.05, 8.05],
			"to": [8.1, 7.15, 8.15],
			"faces": {
				"north": {"uv": [3, 13, 3.75, 15], "rotation": 180, "texture": "#0"},
				"east": {"uv": [3, 13, 3.75, 15], "rotation": 180, "texture": "#0"},
				"south": {"uv": [3, 13, 3.75, 15], "rotation": 180, "texture": "#0"},
				"west": {"uv": [3, 13, 3.75, 15], "rotation": 180, "texture": "#0"},
				"up": {"uv": [3, 14.25, 3.75, 15], "rotation": 180, "texture": "#0"},
				"down": {"uv": [3, 13, 3.75, 15], "rotation": 180, "texture": "#0"}
			}
		},
		{
			"from": [8.1, 6.7, 7.9],
			"to": [8.3, 6.8, 8.15],
			"faces": {
				"north": {"uv": [2, 11.25, 2.75, 11.85], "texture": "#0"},
				"east": {"uv": [2, 11.25, 2.75, 11.85], "texture": "#0"},
				"south": {"uv": [2, 11.25, 2.75, 11.85], "texture": "#0"},
				"west": {"uv": [2, 11.25, 2.75, 11.85], "texture": "#0"},
				"up": {"uv": [2, 11.25, 2.75, 11.85], "texture": "#0"},
				"down": {"uv": [2, 11.25, 2.75, 11.85], "texture": "#0"}
			}
		},
		{
			"from": [8.1, 7, 8.05],
			"to": [8.2, 7.1, 8.15],
			"faces": {
				"north": {"uv": [3, 13, 3.75, 13.6], "texture": "#0"},
				"east": {"uv": [3, 13, 3.75, 13.6], "texture": "#0"},
				"south": {"uv": [3, 13, 3.75, 13.6], "texture": "#0"},
				"west": {"uv": [3, 13, 3.75, 13.6], "texture": "#0"},
				"up": {"uv": [3, 13, 3.75, 13.6], "texture": "#0"},
				"down": {"uv": [3, 13, 3.75, 13.6], "texture": "#0"}
			}
		},
		{
			"from": [7.8, 7, 8.05],
			"to": [7.9, 7.1, 8.15],
			"faces": {
				"north": {"uv": [3, 13, 3.75, 13.6], "texture": "#0"},
				"east": {"uv": [3, 13, 3.75, 13.6], "texture": "#0"},
				"south": {"uv": [3, 13, 3.75, 13.6], "texture": "#0"},
				"west": {"uv": [3, 13, 3.75, 13.6], "texture": "#0"},
				"up": {"uv": [3, 13, 3.75, 13.6], "texture": "#0"},
				"down": {"uv": [3, 13, 3.75, 13.6], "texture": "#0"}
			}
		},
		{
			"from": [7.85, 7, 6],
			"to": [7.9, 7.05, 8.05],
			"faces": {
				"north": {"uv": [1, 7, 1.5, 8], "texture": "#1"},
				"east": {"uv": [1, 7, 1.5, 8], "texture": "#1"},
				"south": {"uv": [1, 7, 1.5, 8], "texture": "#1"},
				"west": {"uv": [1, 7, 1.5, 8], "texture": "#1"},
				"up": {"uv": [1, 7, 1.5, 8], "texture": "#1"},
				"down": {"uv": [1, 7, 1.5, 8], "texture": "#1"}
			}
		},
		{
			"from": [7.85, 6.75, 6.15],
			"to": [7.9, 6.8, 7.9],
			"faces": {
				"north": {"uv": [0, 9, 0.5, 10], "texture": "#1"},
				"east": {"uv": [0, 9, 0.5, 10], "texture": "#1"},
				"south": {"uv": [0, 9, 0.5, 10], "texture": "#1"},
				"west": {"uv": [0, 9, 0.5, 10], "texture": "#1"},
				"up": {"uv": [0, 9, 0.5, 10], "texture": "#1"},
				"down": {"uv": [0, 9, 0.5, 10], "texture": "#1"}
			}
		},
		{
			"from": [7.8, 6.8, 6.1],
			"to": [7.85, 6.9, 7.95],
			"faces": {
				"north": {"uv": [0, 9, 0.5, 10], "texture": "#1"},
				"east": {"uv": [0, 9, 0.5, 10], "texture": "#1"},
				"south": {"uv": [0, 9, 0.5, 10], "texture": "#1"},
				"west": {"uv": [0, 9, 0.5, 10], "texture": "#1"},
				"up": {"uv": [0, 9, 0.5, 10], "texture": "#1"},
				"down": {"uv": [0, 9, 0.5, 10], "texture": "#1"}
			}
		},
		{
			"from": [7.8, 6.9, 6.05],
			"to": [7.85, 7, 8],
			"faces": {
				"north": {"uv": [1, 7, 1.5, 8], "texture": "#1"},
				"east": {"uv": [1, 7, 1.5, 8], "texture": "#1"},
				"south": {"uv": [1, 7, 1.5, 8], "texture": "#1"},
				"west": {"uv": [1, 7, 1.5, 8], "texture": "#1"},
				"up": {"uv": [1, 7, 1.5, 8], "texture": "#1"},
				"down": {"uv": [1, 7, 1.5, 8], "texture": "#1"}
			}
		},
		{
			"from": [8.15, 6.9, 6.05],
			"to": [8.2, 7, 8],
			"faces": {
				"north": {"uv": [1, 7, 1.5, 8], "texture": "#1"},
				"east": {"uv": [1, 7, 1.5, 8], "texture": "#1"},
				"south": {"uv": [1, 7, 1.5, 8], "texture": "#1"},
				"west": {"uv": [1, 7, 1.5, 8], "texture": "#1"},
				"up": {"uv": [1, 7, 1.5, 8], "texture": "#1"},
				"down": {"uv": [1, 7, 1.5, 8], "texture": "#1"}
			}
		},
		{
			"from": [8.15, 6.8, 6.1],
			"to": [8.2, 6.9, 7.95],
			"faces": {
				"north": {"uv": [0, 9, 0.5, 10], "texture": "#1"},
				"east": {"uv": [0, 9, 0.5, 10], "texture": "#1"},
				"south": {"uv": [0, 9, 0.5, 10], "texture": "#1"},
				"west": {"uv": [0, 9, 0.5, 10], "texture": "#1"},
				"up": {"uv": [0, 9, 0.5, 10], "texture": "#1"},
				"down": {"uv": [0, 9, 0.5, 10], "texture": "#1"}
			}
		},
		{
			"from": [8.1, 7, 6],
			"to": [8.15, 7.05, 8.05],
			"faces": {
				"north": {"uv": [1, 7, 1.5, 8], "texture": "#1"},
				"east": {"uv": [1, 7, 1.5, 8], "texture": "#1"},
				"south": {"uv": [1, 7, 1.5, 8], "texture": "#1"},
				"west": {"uv": [1, 7, 1.5, 8], "texture": "#1"},
				"up": {"uv": [1, 7, 1.5, 8], "texture": "#1"},
				"down": {"uv": [1, 7, 1.5, 8], "texture": "#1"}
			}
		},
		{
			"from": [8.1, 6.75, 6.15],
			"to": [8.15, 6.8, 7.9],
			"faces": {
				"north": {"uv": [0, 9, 0.5, 10], "texture": "#1"},
				"east": {"uv": [0, 9, 0.5, 10], "texture": "#1"},
				"south": {"uv": [0, 9, 0.5, 10], "texture": "#1"},
				"west": {"uv": [0, 9, 0.5, 10], "texture": "#1"},
				"up": {"uv": [0, 9, 0.5, 10], "texture": "#1"},
				"down": {"uv": [0, 9, 0.5, 10], "texture": "#1"}
			}
		},
		{
			"from": [7.9, 7.05, 6],
			"to": [8.1, 7.1, 8.05],
			"faces": {
				"north": {"uv": [1, 7, 1.5, 8], "texture": "#1"},
				"east": {"uv": [1, 7, 1.5, 8], "texture": "#1"},
				"south": {"uv": [1, 7, 1.5, 8], "texture": "#1"},
				"west": {"uv": [1, 7, 1.5, 8], "texture": "#1"},
				"up": {"uv": [1, 7, 1.5, 8], "texture": "#1"},
				"down": {"uv": [1, 7, 1.5, 8], "texture": "#1"}
			}
		},
		{
			"from": [8.15, 6.8, 7.95],
			"to": [8.25, 6.9, 8.15],
			"faces": {
				"north": {"uv": [1, 11.25, 1.75, 11.85], "texture": "#0"},
				"east": {"uv": [1, 11.25, 1.75, 11.85], "texture": "#0"},
				"south": {"uv": [1, 11.25, 1.75, 11.85], "texture": "#0"},
				"west": {"uv": [1, 11.25, 1.75, 11.85], "texture": "#0"},
				"up": {"uv": [1, 11.25, 1.75, 11.85], "texture": "#0"},
				"down": {"uv": [1, 11.25, 1.75, 11.85], "texture": "#0"}
			}
		},
		{
			"from": [7.75, 6.8, 7.95],
			"to": [7.85, 6.9, 8.15],
			"faces": {
				"north": {"uv": [1, 11.25, 1.75, 11.85], "texture": "#0"},
				"east": {"uv": [1, 11.25, 1.75, 11.85], "texture": "#0"},
				"south": {"uv": [1, 11.25, 1.75, 11.85], "texture": "#0"},
				"west": {"uv": [1, 11.25, 1.75, 11.85], "texture": "#0"},
				"up": {"uv": [1, 11.25, 1.75, 11.85], "texture": "#0"},
				"down": {"uv": [1, 11.25, 1.75, 11.85], "texture": "#0"}
			}
		},
		{
			"from": [7.75, 6.9, 8],
			"to": [7.85, 7, 8.15],
			"faces": {
				"north": {"uv": [1, 12.25, 1.75, 12.85], "texture": "#0"},
				"east": {"uv": [1, 12.25, 1.75, 12.85], "texture": "#0"},
				"south": {"uv": [1, 12.25, 1.75, 12.85], "texture": "#0"},
				"west": {"uv": [1, 12.25, 1.75, 12.85], "texture": "#0"},
				"up": {"uv": [1, 12.25, 1.75, 12.85], "texture": "#0"},
				"down": {"uv": [1, 12.25, 1.75, 12.85], "texture": "#0"}
			}
		},
		{
			"from": [8.15, 6.9, 8],
			"to": [8.25, 7, 8.15],
			"faces": {
				"north": {"uv": [1, 12.25, 1.75, 12.85], "texture": "#0"},
				"east": {"uv": [1, 12.25, 1.75, 12.85], "texture": "#0"},
				"south": {"uv": [1, 12.25, 1.75, 12.85], "texture": "#0"},
				"west": {"uv": [1, 12.25, 1.75, 12.85], "texture": "#0"},
				"up": {"uv": [1, 12.25, 1.75, 12.85], "texture": "#0"},
				"down": {"uv": [1, 12.25, 1.75, 12.85], "texture": "#0"}
			}
		},
		{
			"from": [7.7, 6.7, 5.9],
			"to": [7.9, 6.8, 6.15],
			"faces": {
				"north": {"uv": [2, 11.25, 2.75, 11.85], "texture": "#0"},
				"east": {"uv": [2, 11.25, 2.75, 11.85], "texture": "#0"},
				"south": {"uv": [2, 11.25, 2.75, 11.85], "texture": "#0"},
				"west": {"uv": [2, 11.25, 2.75, 11.85], "texture": "#0"},
				"up": {"uv": [2, 11.25, 2.75, 11.85], "texture": "#0"},
				"down": {"uv": [2, 11.25, 2.75, 11.85], "texture": "#0"}
			}
		},
		{
			"from": [7.75, 6.8, 5.9],
			"to": [7.85, 6.9, 6.1],
			"faces": {
				"north": {"uv": [1, 11.25, 1.75, 11.85], "texture": "#0"},
				"east": {"uv": [1, 11.25, 1.75, 11.85], "texture": "#0"},
				"south": {"uv": [1, 11.25, 1.75, 11.85], "texture": "#0"},
				"west": {"uv": [1, 11.25, 1.75, 11.85], "texture": "#0"},
				"up": {"uv": [1, 11.25, 1.75, 11.85], "texture": "#0"},
				"down": {"uv": [1, 11.25, 1.75, 11.85], "texture": "#0"}
			}
		},
		{
			"from": [7.75, 6.9, 5.9],
			"to": [7.85, 7, 6.05],
			"faces": {
				"north": {"uv": [1, 12.25, 1.75, 12.85], "texture": "#0"},
				"east": {"uv": [1, 12.25, 1.75, 12.85], "texture": "#0"},
				"south": {"uv": [1, 12.25, 1.75, 12.85], "texture": "#0"},
				"west": {"uv": [1, 12.25, 1.75, 12.85], "texture": "#0"},
				"up": {"uv": [1, 12.25, 1.75, 12.85], "texture": "#0"},
				"down": {"uv": [1, 12.25, 1.75, 12.85], "texture": "#0"}
			}
		},
		{
			"from": [7.8, 7, 5.9],
			"to": [7.9, 7.1, 6],
			"faces": {
				"north": {"uv": [3, 13, 3.75, 13.6], "texture": "#0"},
				"east": {"uv": [3, 13, 3.75, 13.6], "texture": "#0"},
				"south": {"uv": [3, 13, 3.75, 13.6], "texture": "#0"},
				"west": {"uv": [3, 13, 3.75, 13.6], "texture": "#0"},
				"up": {"uv": [3, 13, 3.75, 13.6], "texture": "#0"},
				"down": {"uv": [3, 13, 3.75, 13.6], "texture": "#0"}
			}
		},
		{
			"from": [7.9, 7.05, 5.9],
			"to": [8.1, 7.15, 6],
			"faces": {
				"north": {"uv": [3, 13, 3.75, 15], "rotation": 180, "texture": "#0"},
				"east": {"uv": [3, 13, 3.75, 15], "rotation": 180, "texture": "#0"},
				"south": {"uv": [3, 13, 3.75, 15], "rotation": 180, "texture": "#0"},
				"west": {"uv": [3, 13, 3.75, 15], "rotation": 180, "texture": "#0"},
				"up": {"uv": [3, 14.25, 3.75, 15], "rotation": 180, "texture": "#0"},
				"down": {"uv": [3, 13, 3.75, 15], "rotation": 180, "texture": "#0"}
			}
		},
		{
			"from": [7.9, 6.7, 5.9],
			"to": [8.1, 6.75, 6.15],
			"faces": {
				"north": {"uv": [2, 11.25, 2.75, 11.85], "texture": "#0"},
				"east": {"uv": [2, 11.25, 2.75, 11.85], "texture": "#0"},
				"south": {"uv": [2, 11.25, 2.75, 11.85], "texture": "#0"},
				"west": {"uv": [2, 11.25, 2.75, 11.85], "texture": "#0"},
				"up": {"uv": [2, 11.25, 2.75, 11.85], "texture": "#0"},
				"down": {"uv": [2, 11.25, 2.75, 11.85], "texture": "#0"}
			}
		},
		{
			"from": [8.1, 6.7, 5.9],
			"to": [8.3, 6.8, 6.15],
			"faces": {
				"north": {"uv": [2, 11.25, 2.75, 11.85], "texture": "#0"},
				"east": {"uv": [2, 11.25, 2.75, 11.85], "texture": "#0"},
				"south": {"uv": [2, 11.25, 2.75, 11.85], "texture": "#0"},
				"west": {"uv": [2, 11.25, 2.75, 11.85], "texture": "#0"},
				"up": {"uv": [2, 11.25, 2.75, 11.85], "texture": "#0"},
				"down": {"uv": [2, 11.25, 2.75, 11.85], "texture": "#0"}
			}
		},
		{
			"from": [8.15, 6.8, 5.9],
			"to": [8.25, 6.9, 6.1],
			"faces": {
				"north": {"uv": [1, 11.25, 1.75, 11.85], "texture": "#0"},
				"east": {"uv": [1, 11.25, 1.75, 11.85], "texture": "#0"},
				"south": {"uv": [1, 11.25, 1.75, 11.85], "texture": "#0"},
				"west": {"uv": [1, 11.25, 1.75, 11.85], "texture": "#0"},
				"up": {"uv": [1, 11.25, 1.75, 11.85], "texture": "#0"},
				"down": {"uv": [1, 11.25, 1.75, 11.85], "texture": "#0"}
			}
		},
		{
			"from": [8.15, 6.9, 5.9],
			"to": [8.25, 7, 6.05],
			"faces": {
				"north": {"uv": [1, 12.25, 1.75, 12.85], "texture": "#0"},
				"east": {"uv": [1, 12.25, 1.75, 12.85], "texture": "#0"},
				"south": {"uv": [1, 12.25, 1.75, 12.85], "texture": "#0"},
				"west": {"uv": [1, 12.25, 1.75, 12.85], "texture": "#0"},
				"up": {"uv": [1, 12.25, 1.75, 12.85], "texture": "#0"},
				"down": {"uv": [1, 12.25, 1.75, 12.85], "texture": "#0"}
			}
		},
		{
			"from": [8.1, 7, 5.9],
			"to": [8.2, 7.1, 6],
			"faces": {
				"north": {"uv": [3, 13, 3.75, 13.6], "texture": "#0"},
				"east": {"uv": [3, 13, 3.75, 13.6], "texture": "#0"},
				"south": {"uv": [3, 13, 3.75, 13.6], "texture": "#0"},
				"west": {"uv": [3, 13, 3.75, 13.6], "texture": "#0"},
				"up": {"uv": [3, 13, 3.75, 13.6], "texture": "#0"},
				"down": {"uv": [3, 13, 3.75, 13.6], "texture": "#0"}
			}
		},
		{
			"from": [7.7, 6.6, 5.9],
			"to": [8.3, 6.7, 6.15],
			"faces": {
				"north": {"uv": [0, 1, 0.75, 1.6], "texture": "#0"},
				"east": {"uv": [0, 1, 0.75, 1.6], "texture": "#0"},
				"south": {"uv": [0, 1, 0.75, 1.6], "texture": "#0"},
				"west": {"uv": [0, 1, 0.75, 1.6], "texture": "#0"},
				"up": {"uv": [0, 1, 0.75, 1.6], "texture": "#0"},
				"down": {"uv": [0, 1, 0.75, 1.6], "texture": "#0"}
			}
		},
		{
			"from": [7.9, 6.6, 3.65],
			"to": [8.1, 6.65, 4.65],
			"faces": {
				"north": {"uv": [2.1, 13.1, 2.85, 13.85], "texture": "#1"},
				"east": {"uv": [2.1, 13.1, 2.85, 13.85], "texture": "#1"},
				"south": {"uv": [2.1, 13.1, 2.85, 13.85], "texture": "#1"},
				"west": {"uv": [2.1, 13.1, 2.85, 13.85], "texture": "#1"},
				"up": {"uv": [2.1, 13.1, 2.85, 13.85], "texture": "#1"},
				"down": {"uv": [2.1, 13.1, 2.85, 13.85], "texture": "#1"}
			}
		},
		{
			"from": [7.9, 6.65, 3.65],
			"to": [8.1, 6.7, 4.15],
			"faces": {
				"north": {"uv": [2.1, 12.1, 2.85, 12.85], "texture": "#1"},
				"east": {"uv": [2.1, 12.1, 2.85, 12.85], "texture": "#1"},
				"south": {"uv": [2.1, 12.1, 2.85, 12.85], "texture": "#1"},
				"west": {"uv": [2.1, 12.1, 2.85, 12.85], "texture": "#1"},
				"up": {"uv": [2.1, 12.1, 2.85, 12.85], "texture": "#1"},
				"down": {"uv": [2.1, 12.1, 2.85, 12.85], "texture": "#1"}
			}
		},
		{
			"from": [7.9, 6.7, 3.65],
			"to": [8.1, 6.75, 3.9],
			"faces": {
				"north": {"uv": [1.1, 12.1, 1.85, 12.85], "texture": "#1"},
				"east": {"uv": [1.1, 12.1, 1.85, 12.85], "texture": "#1"},
				"south": {"uv": [1.1, 12.1, 1.85, 12.85], "texture": "#1"},
				"west": {"uv": [1.1, 12.1, 1.85, 12.85], "texture": "#1"},
				"up": {"uv": [1.1, 12.1, 1.85, 12.85], "texture": "#1"},
				"down": {"uv": [1.1, 12.1, 1.85, 12.85], "texture": "#1"}
			}
		},
		{
			"from": [7.7, 4.25, 9.8],
			"to": [8.3, 4.5, 10.5],
			"faces": {
				"north": {"uv": [0, 4, 0.5, 6], "texture": "#1"},
				"east": {"uv": [0, 4, 0.5, 6], "texture": "#1"},
				"south": {"uv": [0, 4, 0.5, 6], "texture": "#1"},
				"west": {"uv": [0, 4, 0.5, 6], "texture": "#1"},
				"up": {"uv": [0, 4, 0.5, 5], "texture": "#1"},
				"down": {"uv": [0, 5, 0.5, 6], "texture": "#1"}
			}
		},
		{
			"from": [7.9, 4.5, 10.05],
			"to": [8.1, 4.55, 10.5],
			"faces": {
				"north": {"uv": [2, 14.25, 2.5, 14.75], "rotation": 90, "texture": "#3"},
				"east": {"uv": [2, 6.25, 2.5, 15], "rotation": 270, "texture": "#3"},
				"south": {"uv": [2, 6.25, 2.5, 15], "rotation": 90, "texture": "#3"},
				"west": {"uv": [2, 6.25, 2.5, 15], "rotation": 90, "texture": "#3"},
				"up": {"uv": [2, 14.25, 2.5, 14.75], "rotation": 90, "texture": "#3"},
				"down": {"uv": [2, 6.25, 2.5, 15], "rotation": 90, "texture": "#3"}
			}
		},
		{
			"from": [7.9, 4.55, 10.1],
			"to": [8.1, 4.6, 10.5],
			"faces": {
				"north": {"uv": [2, 14.25, 2.5, 14.75], "rotation": 90, "texture": "#3"},
				"east": {"uv": [2, 6.25, 2.5, 15], "rotation": 270, "texture": "#3"},
				"south": {"uv": [2, 6.25, 2.5, 15], "rotation": 90, "texture": "#3"},
				"west": {"uv": [2, 6.25, 2.5, 15], "rotation": 90, "texture": "#3"},
				"up": {"uv": [2, 14.25, 2.5, 14.75], "rotation": 90, "texture": "#3"},
				"down": {"uv": [2, 6.25, 2.5, 15], "rotation": 90, "texture": "#3"}
			}
		},
		{
			"from": [7.9, 4.6, 10.15],
			"to": [8.1, 4.7, 10.5],
			"faces": {
				"north": {"uv": [2, 14.25, 2.5, 14.75], "rotation": 90, "texture": "#3"},
				"east": {"uv": [2, 6.25, 2.5, 15], "rotation": 270, "texture": "#3"},
				"south": {"uv": [2, 6.25, 2.5, 15], "rotation": 90, "texture": "#3"},
				"west": {"uv": [2, 6.25, 2.5, 15], "rotation": 90, "texture": "#3"},
				"up": {"uv": [2, 14.25, 2.5, 14.75], "rotation": 90, "texture": "#3"},
				"down": {"uv": [2, 6.25, 2.5, 15], "rotation": 90, "texture": "#3"}
			}
		},
		{
			"from": [7.9, 4.7, 10.2],
			"to": [8.1, 5, 10.5],
			"faces": {
				"north": {"uv": [2, 14.25, 2.5, 14.75], "rotation": 90, "texture": "#3"},
				"east": {"uv": [2, 6.25, 2.5, 15], "rotation": 270, "texture": "#3"},
				"south": {"uv": [2, 6.25, 2.5, 15], "rotation": 90, "texture": "#3"},
				"west": {"uv": [2, 6.25, 2.5, 15], "rotation": 90, "texture": "#3"},
				"up": {"uv": [2, 6.25, 2.5, 15], "rotation": 90, "texture": "#3"},
				"down": {"uv": [2, 6.25, 2.5, 15], "rotation": 90, "texture": "#3"}
			}
		},
		{
			"from": [7.7, 4.25, 9.6],
			"to": [8.3, 4.7, 9.7],
			"faces": {
				"north": {"uv": [0, 4, 0.5, 6], "texture": "#1"},
				"east": {"uv": [0, 4, 0.5, 6], "texture": "#1"},
				"south": {"uv": [0, 4, 0.5, 6], "texture": "#1"},
				"west": {"uv": [0, 4, 0.5, 6], "texture": "#1"},
				"up": {"uv": [0, 4, 0.5, 5], "texture": "#1"},
				"down": {"uv": [0, 5, 0.5, 6], "texture": "#1"}
			}
		},
		{
			"from": [7.7, 4.25, 9.7],
			"to": [8.3, 4.6, 9.8],
			"faces": {
				"north": {"uv": [0, 4, 0.5, 6], "texture": "#1"},
				"east": {"uv": [0, 4, 0.5, 6], "texture": "#1"},
				"south": {"uv": [0, 4, 0.5, 6], "texture": "#1"},
				"west": {"uv": [0, 4, 0.5, 6], "texture": "#1"},
				"up": {"uv": [0, 4, 0.5, 5], "texture": "#1"},
				"down": {"uv": [0, 5, 0.5, 6], "texture": "#1"}
			}
		},
		{
			"from": [7.7, 4.35, 9.5],
			"to": [8.3, 4.8, 9.6],
			"faces": {
				"north": {"uv": [0, 4, 0.5, 6], "texture": "#1"},
				"east": {"uv": [0, 4, 0.5, 6], "texture": "#1"},
				"south": {"uv": [0, 4, 0.5, 6], "texture": "#1"},
				"west": {"uv": [0, 4, 0.5, 6], "texture": "#1"},
				"up": {"uv": [0, 4, 0.5, 5], "texture": "#1"},
				"down": {"uv": [0, 5, 0.5, 6], "texture": "#1"}
			}
		},
		{
			"from": [7.7, 4.45, 9.4],
			"to": [8.3, 4.9, 9.5],
			"faces": {
				"north": {"uv": [0, 4, 0.5, 6], "texture": "#1"},
				"east": {"uv": [0, 4, 0.5, 6], "texture": "#1"},
				"south": {"uv": [0, 4, 0.5, 6], "texture": "#1"},
				"west": {"uv": [0, 4, 0.5, 6], "texture": "#1"},
				"up": {"uv": [0, 4, 0.5, 5], "texture": "#1"},
				"down": {"uv": [0, 5, 0.5, 6], "texture": "#1"}
			}
		},
		{
			"from": [7.7, 4.55, 9.3],
			"to": [8.3, 5, 9.4],
			"faces": {
				"north": {"uv": [0, 4, 0.5, 6], "texture": "#1"},
				"east": {"uv": [0, 4, 0.5, 6], "texture": "#1"},
				"south": {"uv": [0, 4, 0.5, 6], "texture": "#1"},
				"west": {"uv": [0, 4, 0.5, 6], "texture": "#1"},
				"up": {"uv": [0, 4, 0.5, 5], "texture": "#1"},
				"down": {"uv": [0, 5, 0.5, 6], "texture": "#1"}
			}
		},
		{
			"from": [7.7, 4.65, 9.2],
			"to": [8.3, 5.1, 9.3],
			"faces": {
				"north": {"uv": [0, 4, 0.5, 6], "texture": "#1"},
				"east": {"uv": [0, 4, 0.5, 6], "texture": "#1"},
				"south": {"uv": [0, 4, 0.5, 6], "texture": "#1"},
				"west": {"uv": [0, 4, 0.5, 6], "texture": "#1"},
				"up": {"uv": [0, 4, 0.5, 6], "texture": "#1"},
				"down": {"uv": [0, 5, 0.5, 6], "texture": "#1"}
			}
		},
		{
			"from": [7.7, 4.75, 9.1],
			"to": [8.3, 5.2, 9.2],
			"faces": {
				"north": {"uv": [0, 4, 0.5, 6], "texture": "#1"},
				"east": {"uv": [0, 4, 0.5, 6], "texture": "#1"},
				"south": {"uv": [0, 4, 0.5, 6], "texture": "#1"},
				"west": {"uv": [0, 4, 0.5, 6], "texture": "#1"},
				"up": {"uv": [0, 4, 0.5, 6], "texture": "#1"},
				"down": {"uv": [0, 5, 0.5, 6], "texture": "#1"}
			}
		},
		{
			"from": [7.7, 4.85, 9],
			"to": [8.3, 5.3, 9.1],
			"faces": {
				"north": {"uv": [0, 4, 0.5, 6], "texture": "#1"},
				"east": {"uv": [0, 4, 0.5, 6], "texture": "#1"},
				"south": {"uv": [0, 4, 0.5, 6], "texture": "#1"},
				"west": {"uv": [0, 4, 0.5, 6], "texture": "#1"},
				"up": {"uv": [0, 4, 0.5, 6], "texture": "#1"},
				"down": {"uv": [0, 5, 0.5, 6], "texture": "#1"}
			}
		},
		{
			"from": [7.7, 4.95, 8.9],
			"to": [8.3, 5.4, 9],
			"faces": {
				"north": {"uv": [0, 4, 0.5, 6], "texture": "#1"},
				"east": {"uv": [0, 4, 0.5, 6], "texture": "#1"},
				"south": {"uv": [0, 4, 0.5, 6], "texture": "#1"},
				"west": {"uv": [0, 4, 0.5, 6], "texture": "#1"},
				"up": {"uv": [0, 4, 0.5, 6], "texture": "#1"},
				"down": {"uv": [0, 5, 0.5, 6], "texture": "#1"}
			}
		},
		{
			"from": [7.7, 5.05, 8.8],
			"to": [8.3, 5.5, 8.9],
			"faces": {
				"north": {"uv": [0, 4, 0.5, 6], "texture": "#1"},
				"east": {"uv": [0, 4, 0.5, 6], "texture": "#1"},
				"south": {"uv": [0, 4, 0.5, 6], "texture": "#1"},
				"west": {"uv": [0, 4, 0.5, 6], "texture": "#1"},
				"up": {"uv": [0, 4, 0.5, 6], "texture": "#1"},
				"down": {"uv": [0, 5, 0.5, 6], "texture": "#1"}
			}
		},
		{
			"from": [7.5, 4.25, 10.5],
			"to": [8.5, 5, 11.5],
			"faces": {
				"north": {"uv": [0, 0, 0.75, 3.75], "texture": "#1"},
				"east": {"uv": [0, 0, 0.75, 3.75], "texture": "#1"},
				"south": {"uv": [0, 0, 0.75, 3.75], "texture": "#1"},
				"west": {"uv": [0, 0, 0.75, 3.75], "texture": "#1"},
				"up": {"uv": [0, 0, 0.75, 3.75], "texture": "#1"},
				"down": {"uv": [0, 0, 0.75, 3.75], "texture": "#1"}
			}
		},
		{
			"from": [7.5, 3.5, 10.6],
			"to": [8.5, 4.25, 11.6],
			"faces": {
				"north": {"uv": [0, 0, 0.75, 3.75], "texture": "#1"},
				"east": {"uv": [0, 0, 0.75, 3.75], "texture": "#1"},
				"south": {"uv": [0, 0, 0.75, 3.75], "texture": "#1"},
				"west": {"uv": [0, 0, 0.75, 3.75], "texture": "#1"},
				"up": {"uv": [0, 0, 0.75, 3.75], "texture": "#1"},
				"down": {"uv": [0, 0, 0.75, 3.75], "texture": "#1"}
			}
		},
		{
			"from": [7.5, 3.5, 10.55],
			"to": [8.5, 3.6, 10.6],
			"faces": {
				"north": {"uv": [0, 3.25, 0.25, 3.75], "texture": "#1"},
				"east": {"uv": [0, 3.25, 0.25, 3.75], "texture": "#1"},
				"south": {"uv": [0, 3.25, 0.25, 3.75], "texture": "#1"},
				"west": {"uv": [0, 3.25, 0.25, 3.75], "texture": "#1"},
				"up": {"uv": [0, 3.25, 0.25, 3.75], "texture": "#1"},
				"down": {"uv": [0, 3.25, 0.25, 3.75], "texture": "#1"}
			}
		},
		{
			"from": [7.5, 2.75, 10.75],
			"to": [8.5, 2.85, 10.8],
			"faces": {
				"north": {"uv": [0, 3.25, 0.25, 3.75], "texture": "#1"},
				"east": {"uv": [0, 3.25, 0.25, 3.75], "texture": "#1"},
				"south": {"uv": [0, 3.25, 0.25, 3.75], "texture": "#1"},
				"west": {"uv": [0, 3.25, 0.25, 3.75], "texture": "#1"},
				"up": {"uv": [0, 3.25, 0.25, 3.75], "texture": "#1"},
				"down": {"uv": [0, 3.25, 0.25, 3.75], "texture": "#1"}
			}
		},
		{
			"from": [7.5, 2, 10.95],
			"to": [8.5, 2.1, 11],
			"faces": {
				"north": {"uv": [0, 3.25, 0.25, 3.75], "texture": "#1"},
				"east": {"uv": [0, 3.25, 0.25, 3.75], "texture": "#1"},
				"south": {"uv": [0, 3.25, 0.25, 3.75], "texture": "#1"},
				"west": {"uv": [0, 3.25, 0.25, 3.75], "texture": "#1"},
				"up": {"uv": [0, 3.25, 0.25, 3.75], "texture": "#1"},
				"down": {"uv": [0, 3.25, 0.25, 3.75], "texture": "#1"}
			}
		},
		{
			"from": [7.5, 2.75, 10.8],
			"to": [8.5, 3.5, 11.8],
			"faces": {
				"north": {"uv": [0, 0, 0.75, 3.75], "texture": "#1"},
				"east": {"uv": [0, 0, 0.75, 3.75], "texture": "#1"},
				"south": {"uv": [0, 0, 0.75, 3.75], "texture": "#1"},
				"west": {"uv": [0, 0, 0.75, 3.75], "texture": "#1"},
				"up": {"uv": [0, 0, 0.75, 3.75], "texture": "#1"},
				"down": {"uv": [0, 0, 0.75, 3.75], "texture": "#1"}
			}
		},
		{
			"from": [7.5, 2, 11],
			"to": [8.5, 2.75, 12],
			"faces": {
				"north": {"uv": [0, 0, 0.75, 3.75], "texture": "#1"},
				"east": {"uv": [0, 0, 0.75, 3.75], "texture": "#1"},
				"south": {"uv": [0, 0, 0.75, 3.75], "texture": "#1"},
				"west": {"uv": [0, 0, 0.75, 3.75], "texture": "#1"},
				"up": {"uv": [0, 0, 0.75, 3.75], "texture": "#1"},
				"down": {"uv": [0, 0, 0.75, 3.75], "texture": "#1"}
			}
		},
		{
			"from": [7.95, 6.4, 13.3],
			"to": [8.05, 6.5, 15.75],
			"faces": {
				"north": {"uv": [4, 4, 4.5, 13], "texture": "#1"},
				"east": {"uv": [4, 4, 4.5, 13], "texture": "#1"},
				"south": {"uv": [4, 4, 4.5, 13], "texture": "#1"},
				"west": {"uv": [4, 4, 4.5, 13], "texture": "#1"},
				"up": {"uv": [4, 4, 4.5, 4.75], "texture": "#1"},
				"down": {"uv": [4, 12.25, 4.5, 13], "texture": "#1"}
			}
		},
		{
			"from": [7.7, 5.2, 13.3],
			"to": [8.3, 6.4, 13.5],
			"faces": {
				"north": {"uv": [0, 0, 0.25, 16], "texture": "#1"},
				"east": {"uv": [0, 0, 0.25, 16], "texture": "#1"},
				"south": {"uv": [0, 0, 0.25, 16], "texture": "#1"},
				"west": {"uv": [0, 0, 0.25, 16], "texture": "#1"},
				"up": {"uv": [0, 0, 0.25, 1], "rotation": 270, "texture": "#1"},
				"down": {"uv": [0, 15, 0.25, 16], "rotation": 90, "texture": "#1"}
			}
		},
		{
			"from": [7.6, 5.1, 13.1],
			"to": [8.4, 6.5, 13.3],
			"faces": {
				"north": {"uv": [5, 0, 5.2, 16], "texture": "#0"},
				"east": {"uv": [5, 0, 5.2, 16], "rotation": 90, "texture": "#0"},
				"south": {"uv": [5, 16, 5.7, 16], "texture": "#0"},
				"west": {"uv": [5, 0, 5.2, 16], "rotation": 270, "texture": "#0"},
				"up": {"uv": [5, 0, 5.2, 16], "texture": "#0"},
				"down": {"uv": [5, 0, 5.2, 16], "rotation": 180, "texture": "#0"}
			}
		},
		{
			"from": [7.6, 5, 12.9],
			"to": [8.4, 6.6, 13.1],
			"faces": {
				"north": {"uv": [0, 0, 0.25, 16], "texture": "#1"},
				"east": {"uv": [0, 0, 0.25, 16], "texture": "#1"},
				"south": {"uv": [0, 0, 0.25, 16], "texture": "#1"},
				"west": {"uv": [0, 0, 0.25, 16], "texture": "#1"},
				"up": {"uv": [0, 0, 0.25, 1], "rotation": 270, "texture": "#1"},
				"down": {"uv": [0, 0, 0.25, 1], "rotation": 270, "texture": "#1"}
			}
		},
		{
			"from": [7.8, 5.8, 13.5],
			"to": [8.2, 6.3, 15.7],
			"faces": {
				"north": {"uv": [5, 2, 5.95, 5], "texture": "#1"},
				"east": {"uv": [5, 2, 5.95, 5], "texture": "#1"},
				"south": {"uv": [5, 2, 5.95, 5], "texture": "#1"},
				"west": {"uv": [5, 2, 6, 5], "texture": "#1"},
				"up": {"uv": [5, 2, 6, 3], "rotation": 90, "texture": "#1"},
				"down": {"uv": [5, 4, 6, 5], "rotation": 180, "texture": "#1"}
			}
		},
		{
			"from": [7.7, 5, 15.7],
			"to": [8.3, 6.6, 15.9],
			"faces": {
				"north": {"uv": [0, 0, 0.25, 16], "texture": "#1"},
				"east": {"uv": [0, 0, 0.25, 16], "texture": "#1"},
				"south": {"uv": [0, 0, 0.25, 16], "texture": "#1"},
				"west": {"uv": [0, 0, 0.25, 16], "texture": "#1"},
				"up": {"uv": [0, 0, 0.25, 1], "rotation": 270, "texture": "#1"},
				"down": {"uv": [0, 15, 0.25, 16], "rotation": 90, "texture": "#1"}
			}
		},
		{
			"from": [7.6, 4.9, 15.9],
			"to": [8.4, 6.7, 16.1],
			"faces": {
				"north": {"uv": [5, 16, 5.7, 16], "texture": "#0"},
				"east": {"uv": [5, 0, 5.2, 16], "rotation": 90, "texture": "#0"},
				"south": {"uv": [5, 0, 5.2, 16], "rotation": 270, "texture": "#0"},
				"west": {"uv": [5, 0, 5.2, 16], "rotation": 270, "texture": "#0"},
				"up": {"uv": [5, 0, 5.2, 16], "texture": "#0"},
				"down": {"uv": [5, 0, 5.2, 16], "rotation": 180, "texture": "#0"}
			}
		},
		{
			"from": [7.5, 4.8, 16.1],
			"to": [8.5, 6.8, 16.3],
			"faces": {
				"north": {"uv": [0, 0, 0.25, 16], "texture": "#1"},
				"east": {"uv": [0, 0, 0.25, 16], "texture": "#1"},
				"south": {"uv": [0, 0, 0.25, 16], "texture": "#1"},
				"west": {"uv": [0, 0, 0.25, 16], "texture": "#1"},
				"up": {"uv": [0, 0, 0.25, 1], "rotation": 270, "texture": "#1"},
				"down": {"uv": [0, 0, 0.25, 1], "rotation": 270, "texture": "#1"}
			}
		}
	],
	"display": {
		"thirdperson_righthand": {
			"translation": [0, 3, -3],
			"scale": [1, 1, 1.5]
		},
		"thirdperson_lefthand": {
			"translation": [0, 3, -3],
			"scale": [1, 1, 1.5]
		},
		"firstperson_righthand": {
			"translation": [0, 6.25, -3],
			"scale": [1, 1, 1.5]
		},
		"firstperson_lefthand": {
			"translation": [0, 6.25, -3],
			"scale": [1, 1, 1.5]
		},
		"ground": {
			"rotation": [0, 0, 90],
			"translation": [-2.25, -3, -0.5],
			"scale": [1, 1, 1.5]
		},
		"gui": {
			"rotation": [0, 90, 0],
			"translation": [-0.75, 3, -1.25],
			"scale": [1, 1.5, 2]
		},
		"head": {
			"translation": [0, 3, -3.5],
			"scale": [1, 1, 1.5]
		},
		"fixed": {
			"rotation": [0, 90, 0],
			"translation": [-0.75, 3, -1.25],
			"scale": [1, 1, 1.5]
		}
	},
	"groups": [
		0,
		1,
		2,
		3,
		4,
		5,
		6,
		7,
		8,
		9,
		10,
		11,
		12,
		13,
		14,
		15,
		16,
		17,
		18,
		19,
		20,
		21,
		22,
		23,
		24,
		25,
		26,
		27,
		28,
		29,
		30,
		31,
		32,
		33,
		34,
		35,
		36,
		37,
		38,
		39,
		40,
		41,
		42,
		43,
		44,
		45,
		46,
		47,
		48,
		49,
		50,
		51,
		52,
		53,
		54,
		55,
		56,
		57,
		58,
		59,
		60,
		61,
		62,
		63,
		64,
		65,
		66,
		67,
		68,
		69,
		70,
		71,
		72,
		73,
		74,
		75,
		76,
		77,
		78,
		79,
		80,
		81,
		82,
		83,
		84,
		85,
		86,
		87,
		88,
		89,
		90,
		91,
		92,
		93,
		94,
		95,
		96,
		97,
		98,
		99,
		100,
		101,
		102,
		103,
		104,
		105,
		106,
		107,
		108,
		109,
		110,
		111,
		112,
		113,
		114,
		115,
		116,
		117,
		118,
		119,
		120,
		121,
		122,
		123,
		124,
		125,
		126,
		127,
		128,
		129,
		130,
		131,
		132,
		133,
		134,
		135,
		136,
		137,
		138,
		139,
		140,
		141,
		142,
		143,
		144,
		145,
		146,
		147,
		148,
		149,
		150,
		151,
		152,
		{
			"name": "group",
			"origin": [0, 0, 0],
			"color": 0,
			"children": [153, 154, 155, 156, 157, 158, 159, 160]
		}
	]
}