{
	"credit": "Made with Blockbench",
	"textures": {
		"0": "sozai/lapis_block",
		"particle": "sozai/lapis_block"
	},
	"elements": [
		{
			"from": [6.6, 0, 7.5],
			"to": [9.4, 1, 8.5],
			"faces": {
				"north": {"uv": [7, 14, 10, 15], "texture": "#0"},
				"east": {"uv": [7, 14, 8, 15], "rotation": 180, "texture": "#0"},
				"south": {"uv": [7, 14, 10, 15], "texture": "#0"},
				"west": {"uv": [9, 14, 10, 15], "texture": "#0"},
				"up": {"uv": [7, 14, 10, 15], "rotation": 180, "texture": "#0"},
				"down": {"uv": [7, 14, 10, 15], "texture": "#0"}
			}
		},
		{
			"from": [9.15, 1, 7.75],
			"to": [9.4, 1.2, 8.25],
			"faces": {
				"north": {"uv": [7, 14, 8, 15], "rotation": 180, "texture": "#0"},
				"east": {"uv": [7, 14, 8, 15], "rotation": 180, "texture": "#0"},
				"south": {"uv": [7, 14, 8, 15], "rotation": 180, "texture": "#0"},
				"west": {"uv": [7, 14, 8, 15], "rotation": 180, "texture": "#0"},
				"up": {"uv": [7, 14, 8, 15], "rotation": 180, "texture": "#0"},
				"down": {"uv": [7, 14, 8, 15], "rotation": 180, "texture": "#0"}
			}
		},
		{
			"from": [8.65, 1.4, 7.75],
			"to": [8.9, 1.6, 8.25],
			"faces": {
				"north": {"uv": [7, 14, 8, 15], "rotation": 180, "texture": "#0"},
				"east": {"uv": [7, 14, 8, 15], "rotation": 180, "texture": "#0"},
				"south": {"uv": [7, 14, 8, 15], "rotation": 180, "texture": "#0"},
				"west": {"uv": [7, 14, 8, 15], "rotation": 180, "texture": "#0"},
				"up": {"uv": [7, 14, 8, 15], "rotation": 180, "texture": "#0"},
				"down": {"uv": [7, 14, 8, 15], "rotation": 180, "texture": "#0"}
			}
		},
		{
			"from": [7.1, 1.4, 7.75],
			"to": [7.35, 1.6, 8.25],
			"faces": {
				"north": {"uv": [9, 14, 10, 15], "texture": "#0"},
				"east": {"uv": [9, 14, 10, 15], "texture": "#0"},
				"south": {"uv": [9, 14, 10, 15], "texture": "#0"},
				"west": {"uv": [9, 14, 10, 15], "texture": "#0"},
				"up": {"uv": [9, 14, 10, 15], "texture": "#0"},
				"down": {"uv": [9, 14, 10, 15], "texture": "#0"}
			}
		},
		{
			"from": [6.85, 1.2, 7.75],
			"to": [7.1, 1.4, 8.25],
			"faces": {
				"north": {"uv": [9, 14, 10, 15], "texture": "#0"},
				"east": {"uv": [9, 14, 10, 15], "texture": "#0"},
				"south": {"uv": [9, 14, 10, 15], "texture": "#0"},
				"west": {"uv": [9, 14, 10, 15], "texture": "#0"},
				"up": {"uv": [9, 14, 10, 15], "texture": "#0"},
				"down": {"uv": [9, 14, 10, 15], "texture": "#0"}
			}
		},
		{
			"from": [7.6, 1.4, 7.25],
			"to": [8.4, 1.6, 8.75],
			"faces": {
				"north": {"uv": [7, 14, 10, 15], "texture": "#0"},
				"east": {"uv": [7, 14, 8, 15], "rotation": 180, "texture": "#0"},
				"south": {"uv": [7, 14, 10, 15], "rotation": 180, "texture": "#0"},
				"west": {"uv": [9, 14, 10, 15], "texture": "#0"},
				"up": {"uv": [7, 14, 10, 15], "rotation": 180, "texture": "#0"},
				"down": {"uv": [7, 14, 10, 15], "texture": "#0"}
			}
		},
		{
			"from": [8.4, 1.4, 7.5],
			"to": [8.65, 1.6, 8.5],
			"faces": {
				"north": {"uv": [7, 14, 8, 15], "rotation": 180, "texture": "#0"},
				"east": {"uv": [7, 14, 8, 15], "rotation": 180, "texture": "#0"},
				"south": {"uv": [7, 14, 8, 15], "rotation": 180, "texture": "#0"},
				"west": {"uv": [7, 14, 8, 15], "rotation": 180, "texture": "#0"},
				"up": {"uv": [7, 14, 8, 15], "rotation": 180, "texture": "#0"},
				"down": {"uv": [7, 14, 8, 15], "rotation": 180, "texture": "#0"}
			}
		},
		{
			"from": [7.35, 1.6, 7.75],
			"to": [8.65, 1.8, 8.25],
			"faces": {
				"north": {"uv": [7, 14, 10, 15], "texture": "#0"},
				"east": {"uv": [7, 14, 8, 15], "rotation": 180, "texture": "#0"},
				"south": {"uv": [7, 14, 10, 15], "texture": "#0"},
				"west": {"uv": [9, 14, 10, 15], "texture": "#0"},
				"up": {"uv": [7, 14, 10, 15], "rotation": 180, "texture": "#0"},
				"down": {"uv": [7, 14, 10, 15], "texture": "#0"}
			}
		},
		{
			"from": [7.6, 1.6, 7.5],
			"to": [8.4, 1.8, 7.75],
			"faces": {
				"north": {"uv": [7, 14, 10, 15], "texture": "#0"},
				"east": {"uv": [7, 14, 8, 15], "rotation": 180, "texture": "#0"},
				"south": {"uv": [7, 14, 10, 15], "texture": "#0"},
				"west": {"uv": [9, 14, 10, 15], "texture": "#0"},
				"up": {"uv": [7, 14, 10, 15], "rotation": 180, "texture": "#0"},
				"down": {"uv": [7, 14, 10, 15], "texture": "#0"}
			}
		},
		{
			"from": [7.6, 1.6, 8.25],
			"to": [8.4, 1.8, 8.5],
			"faces": {
				"north": {"uv": [7, 14, 10, 15], "texture": "#0"},
				"east": {"uv": [7, 14, 8, 15], "rotation": 180, "texture": "#0"},
				"south": {"uv": [7, 14, 10, 15], "rotation": 180, "texture": "#0"},
				"west": {"uv": [9, 14, 10, 15], "texture": "#0"},
				"up": {"uv": [7, 14, 10, 15], "rotation": 180, "texture": "#0"},
				"down": {"uv": [7, 14, 10, 15], "texture": "#0"}
			}
		},
		{
			"from": [7.6, 1.8, 7.75],
			"to": [8.4, 2, 8.25],
			"faces": {
				"north": {"uv": [7, 14, 10, 15], "texture": "#0"},
				"east": {"uv": [7, 14, 8, 15], "rotation": 180, "texture": "#0"},
				"south": {"uv": [7, 14, 10, 15], "rotation": 180, "texture": "#0"},
				"west": {"uv": [9, 14, 10, 15], "texture": "#0"},
				"up": {"uv": [7, 14, 10, 15], "rotation": 180, "texture": "#0"},
				"down": {"uv": [7, 14, 10, 15], "texture": "#0"}
			}
		},
		{
			"from": [7.35, 1.4, 7.5],
			"to": [7.6, 1.6, 8.5],
			"faces": {
				"north": {"uv": [9, 14, 10, 15], "texture": "#0"},
				"east": {"uv": [9, 14, 10, 15], "texture": "#0"},
				"south": {"uv": [9, 14, 10, 15], "texture": "#0"},
				"west": {"uv": [9, 14, 10, 15], "texture": "#0"},
				"up": {"uv": [9, 14, 10, 15], "texture": "#0"},
				"down": {"uv": [9, 14, 10, 15], "texture": "#0"}
			}
		},
		{
			"from": [8.9, 1.2, 7.75],
			"to": [9.15, 1.4, 8.25],
			"faces": {
				"north": {"uv": [7, 14, 8, 15], "rotation": 180, "texture": "#0"},
				"east": {"uv": [7, 14, 8, 15], "rotation": 180, "texture": "#0"},
				"south": {"uv": [7, 14, 8, 15], "rotation": 180, "texture": "#0"},
				"west": {"uv": [7, 14, 8, 15], "rotation": 180, "texture": "#0"},
				"up": {"uv": [7, 14, 8, 15], "rotation": 180, "texture": "#0"},
				"down": {"uv": [7, 14, 8, 15], "rotation": 180, "texture": "#0"}
			}
		},
		{
			"from": [8.9, 1, 7.5],
			"to": [9.15, 1.2, 8.5],
			"faces": {
				"north": {"uv": [7, 14, 8, 15], "rotation": 180, "texture": "#0"},
				"east": {"uv": [7, 14, 8, 15], "rotation": 180, "texture": "#0"},
				"south": {"uv": [7, 14, 8, 15], "rotation": 180, "texture": "#0"},
				"west": {"uv": [7, 14, 8, 15], "rotation": 180, "texture": "#0"},
				"up": {"uv": [7, 14, 8, 15], "rotation": 180, "texture": "#0"},
				"down": {"uv": [7, 14, 8, 15], "rotation": 180, "texture": "#0"}
			}
		},
		{
			"from": [8.65, 1, 7],
			"to": [8.9, 1.2, 9],
			"faces": {
				"north": {"uv": [7, 14, 8, 15], "rotation": 180, "texture": "#0"},
				"east": {"uv": [7, 14, 8, 15], "rotation": 180, "texture": "#0"},
				"south": {"uv": [7, 14, 8, 15], "rotation": 180, "texture": "#0"},
				"west": {"uv": [7, 14, 8, 15], "rotation": 180, "texture": "#0"},
				"up": {"uv": [7, 14, 8, 15], "rotation": 180, "texture": "#0"},
				"down": {"uv": [7, 14, 8, 15], "rotation": 180, "texture": "#0"}
			}
		},
		{
			"from": [7.1, 1, 7],
			"to": [7.35, 1.2, 9],
			"faces": {
				"north": {"uv": [9, 14, 10, 15], "texture": "#0"},
				"east": {"uv": [9, 14, 10, 15], "texture": "#0"},
				"south": {"uv": [9, 14, 10, 15], "texture": "#0"},
				"west": {"uv": [9, 14, 10, 15], "texture": "#0"},
				"up": {"uv": [9, 14, 10, 15], "texture": "#0"},
				"down": {"uv": [9, 14, 10, 15], "texture": "#0"}
			}
		},
		{
			"from": [7.35, 1, 7],
			"to": [8.65, 1.4, 7.5],
			"faces": {
				"north": {"uv": [7, 14, 10, 15], "texture": "#0"},
				"east": {"uv": [7, 14, 8, 15], "rotation": 180, "texture": "#0"},
				"south": {"uv": [7, 14, 10, 15], "texture": "#0"},
				"west": {"uv": [9, 14, 10, 15], "texture": "#0"},
				"up": {"uv": [7, 14, 10, 15], "rotation": 180, "texture": "#0"},
				"down": {"uv": [7, 14, 10, 15], "texture": "#0"}
			}
		},
		{
			"from": [7.35, 1, 8.5],
			"to": [8.65, 1.4, 9],
			"faces": {
				"north": {"uv": [7, 14, 10, 15], "texture": "#0"},
				"east": {"uv": [7, 14, 8, 15], "rotation": 180, "texture": "#0"},
				"south": {"uv": [7, 14, 10, 15], "rotation": 180, "texture": "#0"},
				"west": {"uv": [9, 14, 10, 15], "texture": "#0"},
				"up": {"uv": [7, 14, 10, 15], "rotation": 180, "texture": "#0"},
				"down": {"uv": [7, 14, 10, 15], "texture": "#0"}
			}
		},
		{
			"from": [7.1, 1, 7.5],
			"to": [8.9, 1.4, 8.5],
			"faces": {
				"north": {"uv": [7, 14, 10, 15], "texture": "#0"},
				"east": {"uv": [7, 14, 8, 15], "rotation": 180, "texture": "#0"},
				"south": {"uv": [7, 14, 10, 15], "texture": "#0"},
				"west": {"uv": [9, 14, 10, 15], "texture": "#0"},
				"up": {"uv": [7, 14, 10, 15], "rotation": 180, "texture": "#0"},
				"down": {"uv": [7, 14, 10, 15], "texture": "#0"}
			}
		},
		{
			"from": [6.6, 1, 7.75],
			"to": [6.85, 1.2, 8.25],
			"faces": {
				"north": {"uv": [9, 14, 10, 15], "texture": "#0"},
				"east": {"uv": [9, 14, 10, 15], "texture": "#0"},
				"south": {"uv": [9, 14, 10, 15], "texture": "#0"},
				"west": {"uv": [9, 14, 10, 15], "texture": "#0"},
				"up": {"uv": [9, 14, 10, 15], "texture": "#0"},
				"down": {"uv": [9, 14, 10, 15], "texture": "#0"}
			}
		},
		{
			"from": [6.85, 1, 7.5],
			"to": [7.1, 1.2, 8.5],
			"faces": {
				"north": {"uv": [9, 14, 10, 15], "texture": "#0"},
				"east": {"uv": [9, 14, 10, 15], "texture": "#0"},
				"south": {"uv": [9, 14, 10, 15], "texture": "#0"},
				"west": {"uv": [9, 14, 10, 15], "texture": "#0"},
				"up": {"uv": [9, 14, 10, 15], "texture": "#0"},
				"down": {"uv": [9, 14, 10, 15], "texture": "#0"}
			}
		},
		{
			"from": [7.35, 1, 6.75],
			"to": [8.65, 1.2, 7],
			"faces": {
				"north": {"uv": [7, 14, 10, 15], "texture": "#0"},
				"east": {"uv": [7, 14, 8, 15], "rotation": 180, "texture": "#0"},
				"south": {"uv": [7, 14, 10, 15], "texture": "#0"},
				"west": {"uv": [9, 14, 10, 15], "texture": "#0"},
				"up": {"uv": [7, 14, 10, 15], "rotation": 180, "texture": "#0"},
				"down": {"uv": [7, 14, 10, 15], "texture": "#0"}
			}
		},
		{
			"from": [7.35, 1, 9],
			"to": [8.65, 1.2, 9.25],
			"faces": {
				"north": {"uv": [7, 14, 10, 15], "texture": "#0"},
				"east": {"uv": [7, 14, 8, 15], "rotation": 180, "texture": "#0"},
				"south": {"uv": [7, 14, 10, 15], "rotation": 180, "texture": "#0"},
				"west": {"uv": [9, 14, 10, 15], "texture": "#0"},
				"up": {"uv": [7, 14, 10, 15], "rotation": 180, "texture": "#0"},
				"down": {"uv": [7, 14, 10, 15], "texture": "#0"}
			}
		},
		{
			"from": [7.1, 0, 6.5],
			"to": [8.9, 1, 7],
			"faces": {
				"north": {"uv": [7, 14, 10, 15], "texture": "#0"},
				"east": {"uv": [7, 14, 8, 15], "rotation": 180, "texture": "#0"},
				"south": {"uv": [7, 14, 10, 15], "texture": "#0"},
				"west": {"uv": [9, 14, 10, 15], "texture": "#0"},
				"up": {"uv": [7, 14, 10, 15], "rotation": 180, "texture": "#0"},
				"down": {"uv": [7, 14, 10, 15], "texture": "#0"}
			}
		},
		{
			"from": [6.85, 0, 7],
			"to": [9.15, 1, 7.5],
			"faces": {
				"north": {"uv": [7, 14, 10, 15], "texture": "#0"},
				"east": {"uv": [7, 14, 8, 15], "rotation": 180, "texture": "#0"},
				"south": {"uv": [7, 14, 10, 15], "texture": "#0"},
				"west": {"uv": [9, 14, 10, 15], "texture": "#0"},
				"up": {"uv": [7, 14, 10, 15], "rotation": 180, "texture": "#0"},
				"down": {"uv": [7, 14, 10, 15], "texture": "#0"}
			}
		},
		{
			"from": [6.85, 0, 8.5],
			"to": [9.15, 1, 9],
			"faces": {
				"north": {"uv": [7, 14, 10, 15], "texture": "#0"},
				"east": {"uv": [7, 14, 8, 15], "rotation": 180, "texture": "#0"},
				"south": {"uv": [7, 14, 10, 15], "texture": "#0"},
				"west": {"uv": [9, 14, 10, 15], "texture": "#0"},
				"up": {"uv": [7, 14, 10, 15], "rotation": 180, "texture": "#0"},
				"down": {"uv": [7, 14, 10, 15], "texture": "#0"}
			}
		},
		{
			"from": [7.1, 0, 9],
			"to": [8.9, 1, 9.5],
			"faces": {
				"north": {"uv": [7, 9, 10, 10], "texture": "#0"},
				"east": {"uv": [7, 14, 8, 15], "rotation": 180, "texture": "#0"},
				"south": {"uv": [7, 14, 10, 15], "rotation": 180, "texture": "#0"},
				"west": {"uv": [9, 14, 10, 15], "texture": "#0"},
				"up": {"uv": [7, 14, 10, 15], "rotation": 180, "texture": "#0"},
				"down": {"uv": [7, 9, 10, 10], "texture": "#0"}
			}
		}
	],
	"display": {
		"head": {
			"translation": [0, 26, 0],
			"scale": [2.2, 2.5, 2.2]
		}
	},
	"groups": [
		{
			"name": "group",
			"origin": [0, 0, 0],
			"color": 0,
			"children": [0, 1, 2, 3, 4, 5, 6, 7, 8, 9, 10, 11, 12, 13, 14, 15, 16, 17, 18, 19, 20, 21, 22, 23, 24, 25, 26]
		}
	]
}