{
	"credit": "Made with Blockbench",
	"textures": {
		"1": "item/cit/renga",
		"3": "item/cit/ki4",
		"4": "item/cit/amber",
		"5": "item/cit/stone2",
		"6": "item/cit/stone3",
		"particle": "item/cit/stone3"
	},
	"elements": [
		{
			"from": [7.8, 7, 11.4],
			"to": [8.2, 8.1, 14.4],
			"rotation": {"angle": -22.5, "axis": "x", "origin": [8, 6, 14.15]},
			"faces": {
				"east": {"uv": [0, 0, 3, 1], "rotation": 180, "texture": "#1"},
				"west": {"uv": [0, 0, 3, 1], "rotation": 180, "texture": "#1"},
				"up": {"uv": [0, 0, 0.5, 3], "texture": "#1"},
				"down": {"uv": [0, 0, 0.5, 3], "texture": "#1"}
			}
		},
		{
			"from": [7.8, 8.01, 8.24],
			"to": [8.2, 9.51, 8.99],
			"rotation": {"angle": -22.5, "axis": "x", "origin": [8, 6, 14.15]},
			"faces": {
				"east": {"uv": [0, 0, 3, 1], "rotation": 180, "texture": "#1"},
				"west": {"uv": [0, 0, 3, 1], "rotation": 180, "texture": "#1"},
				"down": {"uv": [0, 0, 0.5, 3], "texture": "#1"}
			}
		},
		{
			"from": [7.8, 8.01, 7.24],
			"to": [8.2, 9.01, 8.24],
			"rotation": {"angle": -22.5, "axis": "x", "origin": [8, 6, 14.15]},
			"faces": {
				"east": {"uv": [0, 0, 3, 1], "rotation": 180, "texture": "#1"},
				"west": {"uv": [0, 0, 3, 1], "rotation": 180, "texture": "#1"},
				"down": {"uv": [0, 0, 0.5, 3], "texture": "#1"}
			}
		},
		{
			"from": [7.8, 5.87, 7.98],
			"to": [8.2, 7.06, 11.23],
			"rotation": {"angle": 0, "axis": "x", "origin": [8, 6.34, 9.73]},
			"faces": {
				"east": {"uv": [0, 0, 3, 0.94], "texture": "#1"},
				"south": {"uv": [0, 0, 3, 0.94], "texture": "#1"},
				"west": {"uv": [0, 0, 3, 0.94], "texture": "#1"},
				"down": {"uv": [0, 0, 3, 0.94], "texture": "#1"}
			}
		},
		{
			"from": [7.85, 4, 9.75],
			"to": [8.15, 7, 10.75],
			"rotation": {"angle": 0, "axis": "x", "origin": [8, 6.75, 11.75]},
			"faces": {
				"north": {"uv": [1, 0, 3, 16], "rotation": 270, "texture": "#3"},
				"east": {"uv": [1, 0, 3, 16], "rotation": 270, "texture": "#3"},
				"south": {"uv": [1, 0, 3, 16], "rotation": 270, "texture": "#3"},
				"west": {"uv": [1, 0, 3, 16], "rotation": 270, "texture": "#3"},
				"down": {"uv": [1, 0, 3, 16], "rotation": 270, "texture": "#3"}
			}
		},
		{
			"from": [3.5, 8, 9.75],
			"to": [4, 8.5, 12.75],
			"rotation": {"angle": 45, "axis": "y", "origin": [3.75, 10, 12.5]},
			"faces": {
				"north": {"uv": [0, 0, 0.5, 0.5], "texture": "#4"},
				"east": {"uv": [0, 0, 3, 0.5], "texture": "#4"},
				"south": {"uv": [0, 0, 0.5, 0.5], "texture": "#4"},
				"west": {"uv": [0, 0, 3, 0.5], "texture": "#4"},
				"up": {"uv": [0, 0, 0.5, 3], "rotation": 180, "texture": "#4"},
				"down": {"uv": [0, 0, 0.5, 3], "rotation": 180, "texture": "#4"}
			}
		},
		{
			"from": [12, 8, 9.76],
			"to": [12.5, 8.5, 12.76],
			"rotation": {"angle": -45, "axis": "y", "origin": [12.25, 10, 12.51]},
			"faces": {
				"north": {"uv": [0, 0, 0.5, 0.5], "texture": "#4"},
				"east": {"uv": [0, 0, 3, 0.5], "texture": "#4"},
				"west": {"uv": [0, 0, 3, 0.5], "texture": "#4"},
				"up": {"uv": [0, 0, 0.5, 3], "rotation": 180, "texture": "#4"},
				"down": {"uv": [0, 0, 0.5, 3], "rotation": 180, "texture": "#4"}
			}
		},
		{
			"from": [3.8, 8, 12.45],
			"to": [6.8, 8.5, 12.95],
			"rotation": {"angle": -22.5, "axis": "y", "origin": [4.05, 10, 12.7]},
			"faces": {
				"north": {"uv": [0, 0, 3, 0.5], "texture": "#4"},
				"east": {"uv": [0, 0, 0.5, 0.5], "texture": "#missing"},
				"south": {"uv": [0, 0, 3, 0.5], "texture": "#4"},
				"west": {"uv": [0, 0, 0.5, 0.5], "texture": "#4"},
				"up": {"uv": [0, 0, 0.5, 3], "rotation": 270, "texture": "#4"},
				"down": {"uv": [0, 0, 0.5, 3], "rotation": 90, "texture": "#4"}
			}
		},
		{
			"from": [9.4, 8, 13.42],
			"to": [12.4, 8.5, 13.92],
			"rotation": {"angle": 22.5, "axis": "y", "origin": [9.65, 10, 13.67]},
			"faces": {
				"north": {"uv": [0, 0, 3, 0.5], "texture": "#4"},
				"east": {"uv": [0, 0, 0.5, 0.5], "texture": "#4"},
				"south": {"uv": [0, 0, 3, 0.5], "texture": "#4"},
				"west": {"uv": [0, 0, 0.5, 0.5], "texture": "#4"},
				"up": {"uv": [0, 0, 0.5, 3], "rotation": 270, "texture": "#4"},
				"down": {"uv": [0, 0, 0.5, 3], "rotation": 90, "texture": "#4"}
			}
		},
		{
			"from": [6.5, 8, 13.5],
			"to": [9.5, 8.5, 14],
			"rotation": {"angle": 0, "axis": "y", "origin": [6.75, 10, 13.75]},
			"faces": {
				"north": {"uv": [0, 0, 3, 0.5], "texture": "#4"},
				"east": {"uv": [0, 0, 0.5, 0.5], "texture": "#4"},
				"south": {"uv": [0, 0, 3, 0.5], "texture": "#4"},
				"west": {"uv": [0, 0, 0.5, 0.5], "texture": "#4"},
				"up": {"uv": [0, 0, 0.5, 3], "rotation": 270, "texture": "#4"},
				"down": {"uv": [0, 0, 0.5, 3], "rotation": 90, "texture": "#4"}
			}
		},
		{
			"from": [1.9, 8, 10.5],
			"to": [13.9, 8.2, 10.7],
			"rotation": {"angle": 0, "axis": "y", "origin": [15.15, 10, 10.75]},
			"faces": {
				"north": {"uv": [0, 0, 0.2, 12], "rotation": 90, "texture": "#5"},
				"east": {"uv": [0, 0, 0.2, 12], "rotation": 90, "texture": "#5"},
				"south": {"uv": [0, 0, 0.2, 12], "rotation": 90, "texture": "#5"},
				"up": {"uv": [0, 0, 0.2, 12], "rotation": 90, "texture": "#5"},
				"down": {"uv": [0, 0, 0.2, 12], "rotation": 90, "texture": "#5"}
			}
		},
		{
			"from": [7.75, 7.8, 0],
			"to": [8.25, 8, 14],
			"rotation": {"angle": 0, "axis": "x", "origin": [8, 9.8, 0.25]},
			"faces": {
				"north": {"uv": [1.25, 4.25, 5.75, 4.45], "texture": "#3"},
				"east": {"uv": [1.25, 4.25, 5.75, 4.45], "texture": "#3"},
				"south": {"uv": [1.25, 4.25, 5.75, 4.45], "texture": "#3"},
				"west": {"uv": [1.25, 4.25, 5.75, 4.45], "texture": "#3"},
				"up": {"uv": [1.25, 4.25, 5.75, 4.45], "texture": "#3"}
			}
		},
		{
			"from": [7.75, 9.3, 10],
			"to": [8.25, 9.75, 11.25],
			"rotation": {"angle": 45, "axis": "x", "origin": [8, 8.15, 9.125]},
			"faces": {
				"north": {"uv": [1.25, 4.25, 5.75, 4.45], "texture": "#3"},
				"east": {"uv": [1.25, 4.25, 5.75, 4.45], "texture": "#3"},
				"west": {"uv": [1.25, 4.25, 5.75, 4.45], "texture": "#3"},
				"up": {"uv": [1.25, 4.25, 5.75, 4.45], "texture": "#3"},
				"down": {"uv": [1.25, 4.25, 5.75, 4.45], "texture": "#3"}
			}
		},
		{
			"from": [7.74, 7.2, 0],
			"to": [8.26, 7.8, 14],
			"rotation": {"angle": 0, "axis": "x", "origin": [8, 9.2, 0.25]},
			"faces": {
				"north": {"uv": [1, 1, 16, 2.6], "texture": "#3"},
				"east": {"uv": [1, 1, 16, 2.6], "texture": "#3"},
				"south": {"uv": [1, 1, 16, 2.6], "texture": "#3"},
				"west": {"uv": [1, 1, 16, 2.6], "texture": "#3"},
				"up": {"uv": [1, 1, 16, 2.6], "texture": "#3"},
				"down": {"uv": [1, 1, 16, 2.6], "texture": "#3"}
			}
		},
		{
			"from": [7.745, 7, 0],
			"to": [8.255, 7.2, 14],
			"rotation": {"angle": 0, "axis": "x", "origin": [8, 9, 0.25]},
			"faces": {
				"north": {"uv": [1.25, 4.25, 5.75, 4.45], "texture": "#3"},
				"east": {"uv": [1.25, 4.25, 5.75, 4.45], "texture": "#3"},
				"south": {"uv": [1.25, 4.25, 5.75, 4.45], "texture": "#3"},
				"west": {"uv": [1.25, 4.25, 5.75, 4.45], "texture": "#3"},
				"down": {"uv": [1.25, 4.25, 5.75, 4.45], "texture": "#3"}
			}
		},
		{
			"from": [7.8, 4, 0],
			"to": [8.2, 7, 0.5],
			"faces": {
				"north": {"uv": [0, 0, 0.5, 16], "texture": "#6"},
				"east": {"uv": [0, 0, 0.5, 16], "texture": "#6"},
				"south": {"uv": [0, 0, 0.5, 16], "texture": "#6"},
				"west": {"uv": [0, 0, 0.5, 16], "texture": "#6"},
				"down": {"uv": [0, 0, 0.5, 16], "texture": "#6"}
			}
		},
		{
			"from": [7.8, 6, 4],
			"to": [8.2, 8.25, 5],
			"rotation": {"angle": 22.5, "axis": "x", "origin": [8, 5, 3]},
			"faces": {
				"north": {"uv": [0, 0, 0.5, 16], "rotation": 270, "texture": "#6"},
				"east": {"uv": [0, 0, 0.5, 16], "rotation": 270, "texture": "#6"},
				"south": {"uv": [0, 0, 0.5, 16], "rotation": 270, "texture": "#6"},
				"west": {"uv": [0, 0, 0.5, 16], "rotation": 270, "texture": "#6"},
				"down": {"uv": [0, 0, 0.5, 16], "rotation": 270, "texture": "#6"}
			}
		},
		{
			"from": [7.75, 6.25, 5.75],
			"to": [8.25, 8.75, 6.75],
			"rotation": {"angle": 22.5, "axis": "x", "origin": [8, 5, 3]},
			"faces": {
				"north": {"uv": [0, 0, 0.5, 16], "rotation": 270, "texture": "#6"},
				"east": {"uv": [0, 0, 0.5, 16], "rotation": 270, "texture": "#6"},
				"south": {"uv": [0, 0, 0.5, 16], "rotation": 270, "texture": "#6"},
				"west": {"uv": [0, 0, 0.5, 16], "rotation": 270, "texture": "#6"},
				"down": {"uv": [0, 0, 0.5, 16], "rotation": 270, "texture": "#6"}
			}
		},
		{
			"from": [7.8, 4, 0.5],
			"to": [8.2, 5, 1.75],
			"rotation": {"angle": 0, "axis": "x", "origin": [8, 6, 0.75]},
			"faces": {
				"east": {"uv": [0, 0, 0.5, 16], "rotation": 270, "texture": "#6"},
				"south": {"uv": [0, 0, 0.5, 16], "rotation": 270, "texture": "#6"},
				"west": {"uv": [0, 0, 0.5, 16], "rotation": 270, "texture": "#6"},
				"up": {"uv": [0, 0, 0.5, 16], "rotation": 270, "texture": "#6"},
				"down": {"uv": [0, 0, 0.5, 16], "rotation": 270, "texture": "#6"}
			}
		},
		{
			"from": [7.8, 6.75, 4.25],
			"to": [8.2, 7.25, 7],
			"rotation": {"angle": 22.5, "axis": "x", "origin": [8, 6, 0.75]},
			"faces": {
				"north": {"uv": [0, 0, 0.5, 16], "rotation": 270, "texture": "#6"},
				"east": {"uv": [0, 0, 0.5, 16], "rotation": 270, "texture": "#6"},
				"south": {"uv": [0, 0, 0.5, 16], "rotation": 270, "texture": "#6"},
				"west": {"uv": [0, 0, 0.5, 16], "rotation": 270, "texture": "#6"},
				"up": {"uv": [0, 0, 0.5, 16], "rotation": 270, "texture": "#6"},
				"down": {"uv": [0, 0, 0.5, 16], "rotation": 270, "texture": "#6"}
			}
		},
		{
			"from": [7.8, 4.75, 1],
			"to": [8.2, 8.25, 2],
			"rotation": {"angle": 22.5, "axis": "x", "origin": [8, 5, 0]},
			"faces": {
				"north": {"uv": [0, 0, 0.5, 16], "rotation": 270, "texture": "#6"},
				"east": {"uv": [0, 0, 0.5, 16], "rotation": 270, "texture": "#6"},
				"south": {"uv": [0, 0, 0.5, 16], "rotation": 270, "texture": "#6"},
				"west": {"uv": [0, 0, 0.5, 16], "rotation": 270, "texture": "#6"},
				"down": {"uv": [0, 0, 0.5, 16], "rotation": 270, "texture": "#6"}
			}
		}
	],
	"display": {
		"thirdperson_righthand": {
			"rotation": [0, 180, 0],
			"translation": [0, 1.75, -3.5],
			"scale": [1.675, 1, 2.2]
		},
		"thirdperson_lefthand": {
			"rotation": [0, 180, 0],
			"translation": [0, 1.75, -3.5],
			"scale": [1.675, 1, 2.2]
		},
		"firstperson_righthand": {
			"rotation": [0, 180, 0],
			"translation": [0, 1.75, -3.5],
			"scale": [1.675, 1, 2.2]
		},
		"firstperson_lefthand": {
			"rotation": [0, 180, 0],
			"translation": [0, 1.75, -3.5],
			"scale": [1.675, 1, 2.2]
		},
		"ground": {
			"rotation": [0, 180, 0],
			"translation": [0, -0.5, -3.5],
			"scale": [1.675, 1, 2.2]
		},
		"gui": {
			"rotation": [19, -116, -29],
			"translation": [-2, 1, -0.5]
		},
		"head": {
			"rotation": [0, 180, 0],
			"translation": [0, -0.5, -3.5],
			"scale": [1.675, 1, 2.2]
		},
		"fixed": {
			"rotation": [0, 90, 0],
			"translation": [-2, 1, -0.5]
		}
	},
	"groups": [
		0,
		1,
		2,
		3,
		4,
		5,
		6,
		7,
		8,
		9,
		10,
		11,
		12,
		13,
		14,
		15,
		{
			"name": "group",
			"origin": [8, 8, 8],
			"color": 0,
			"children": [16, 17, 18, 19, 20]
		}
	]
}