{
	"credit": "Made with Blockbench",
	"textures": {
		"1": "item/cit/stone3",
		"2": "item/cit/ana",
		"particle": "item/cit/ana"
	},
	"elements": [
		{
			"from": [7.6, 1, 13],
			"to": [8.4, 2, 14],
			"faces": {
				"north": {"uv": [0, 0, 1, 1], "texture": "#1"},
				"east": {"uv": [0, 0, 1, 1], "texture": "#1"},
				"south": {"uv": [0, 0, 1, 1], "texture": "#1"},
				"west": {"uv": [0, 0, 1, 1], "texture": "#1"},
				"up": {"uv": [0, 0, 1, 1], "texture": "#1"},
				"down": {"uv": [0, 0, 1, 1], "texture": "#1"}
			}
		},
		{
			"from": [7.6, 2, 13],
			"to": [8.4, 2.5, 13.5],
			"faces": {
				"east": {"uv": [0, 0, 0.5, 0.5], "texture": "#1"},
				"south": {"uv": [0, 0, 0.5, 0.5], "texture": "#1"},
				"west": {"uv": [0, 0, 0.5, 0.5], "texture": "#1"},
				"up": {"uv": [0, 0, 0.5, 0.5], "texture": "#1"}
			}
		},
		{
			"from": [7.6, 1.5, 12.5],
			"to": [8.4, 2, 13],
			"faces": {
				"north": {"uv": [0, 0, 0.5, 0.5], "texture": "#1"},
				"east": {"uv": [0, 0, 0.5, 0.5], "texture": "#1"},
				"west": {"uv": [0, 0, 0.5, 0.5], "texture": "#1"},
				"down": {"uv": [0, 0, 0.5, 0.5], "texture": "#1"}
			}
		},
		{
			"from": [7.6, 3, 12],
			"to": [8.4, 3.5, 12.5],
			"faces": {
				"east": {"uv": [0, 0, 0.5, 0.5], "texture": "#1"},
				"south": {"uv": [0, 0, 0.5, 0.5], "texture": "#1"},
				"west": {"uv": [0, 0, 0.5, 0.5], "texture": "#1"},
				"up": {"uv": [0, 0, 0.5, 0.5], "texture": "#1"}
			}
		},
		{
			"from": [7.6, 2.5, 11.5],
			"to": [8.4, 3, 12],
			"faces": {
				"north": {"uv": [0, 0, 0.5, 0.5], "texture": "#1"},
				"east": {"uv": [0, 0, 0.5, 0.5], "texture": "#1"},
				"west": {"uv": [0, 0, 0.5, 0.5], "texture": "#1"},
				"down": {"uv": [0, 0, 0.5, 0.5], "texture": "#1"}
			}
		},
		{
			"from": [7.6, 2.25, 11.5],
			"to": [8.4, 2.5, 11.75],
			"faces": {
				"east": {"uv": [0, 0, 0.5, 0.5], "texture": "#1"},
				"south": {"uv": [0, 0, 0.5, 0.5], "texture": "#1"},
				"west": {"uv": [0, 0, 0.5, 0.5], "texture": "#1"},
				"down": {"uv": [0, 0, 0.5, 0.5], "texture": "#1"}
			}
		},
		{
			"from": [7.6, 2.5, 11.25],
			"to": [8.4, 2.75, 11.5],
			"faces": {
				"north": {"uv": [0, 0, 0.5, 0.5], "texture": "#1"},
				"east": {"uv": [0, 0, 0.5, 0.5], "texture": "#1"},
				"west": {"uv": [0, 0, 0.5, 0.5], "texture": "#1"},
				"up": {"uv": [0, 0, 0.5, 0.5], "texture": "#1"}
			}
		},
		{
			"from": [7.6, 2.5, 10],
			"to": [8.4, 2.75, 10.75],
			"faces": {
				"north": {"uv": [0, 0, 0.5, 0.5], "texture": "#1"},
				"east": {"uv": [0, 0, 0.5, 0.5], "texture": "#1"},
				"south": {"uv": [0, 0, 0.5, 0.5], "texture": "#1"},
				"west": {"uv": [0, 0, 0.5, 0.5], "texture": "#1"},
				"up": {"uv": [0, 0, 0.5, 0.5], "texture": "#1"},
				"down": {"uv": [0, 0, 0.5, 0.5], "texture": "#1"}
			}
		},
		{
			"from": [7.6, 3.25, 10],
			"to": [8.4, 3.5, 10.25],
			"faces": {
				"east": {"uv": [0, 0, 0.5, 0.5], "texture": "#1"},
				"south": {"uv": [0, 0, 0.5, 0.5], "texture": "#1"},
				"west": {"uv": [0, 0, 0.5, 0.5], "texture": "#1"},
				"down": {"uv": [0, 0, 0.5, 0.5], "texture": "#1"}
			}
		},
		{
			"from": [7.6, 3.25, 10.75],
			"to": [8.4, 3.5, 11],
			"faces": {
				"north": {"uv": [0, 0, 0.5, 0.5], "texture": "#1"},
				"east": {"uv": [0, 0, 0.5, 0.5], "texture": "#1"},
				"west": {"uv": [0, 0, 0.5, 0.5], "texture": "#1"},
				"down": {"uv": [0, 0, 0.5, 0.5], "texture": "#1"}
			}
		},
		{
			"from": [7.6, 2.25, 10.25],
			"to": [8.4, 2.5, 10.5],
			"faces": {
				"north": {"uv": [0, 0, 0.5, 0.5], "texture": "#1"},
				"east": {"uv": [0, 0, 0.5, 0.5], "texture": "#1"},
				"west": {"uv": [0, 0, 0.5, 0.5], "texture": "#1"},
				"down": {"uv": [0, 0, 0.5, 0.5], "texture": "#1"}
			}
		},
		{
			"from": [7.6, 3, 9.5],
			"to": [8.4, 3.5, 10],
			"faces": {
				"north": {"uv": [0, 0, 0.5, 0.5], "texture": "#1"},
				"east": {"uv": [0, 0, 0.5, 0.5], "texture": "#1"},
				"south": {"uv": [0, 0, 0.5, 0.5], "texture": "#1"},
				"west": {"uv": [0, 0, 0.5, 0.5], "texture": "#1"}
			}
		},
		{
			"from": [7.7, 0.25, 7],
			"to": [8.3, 2.5, 8],
			"faces": {
				"north": {"uv": [0, 15, 4, 16], "texture": "#1"},
				"east": {"uv": [0, 15, 4, 16], "texture": "#1"},
				"south": {"uv": [0, 15, 4, 16], "texture": "#1"},
				"west": {"uv": [0, 15, 4, 16], "texture": "#1"},
				"down": {"uv": [0, 15, 4, 16], "texture": "#1"}
			}
		},
		{
			"from": [7.75, 0, 7],
			"to": [8.25, 0.25, 8],
			"faces": {
				"north": {"uv": [0, 14.25, 4, 14.5], "texture": "#1"},
				"east": {"uv": [0, 14.25, 4, 14.5], "rotation": 180, "texture": "#1"},
				"south": {"uv": [0, 14.25, 4, 14.5], "texture": "#1"},
				"west": {"uv": [0, 14.25, 4, 14.5], "texture": "#1"},
				"down": {"uv": [0, 14.25, 4, 14.5], "texture": "#1"}
			}
		},
		{
			"from": [7.6, 3, 6.25],
			"to": [8.4, 3.5, 8.25],
			"faces": {
				"north": {"uv": [0, 0, 5, 0.5], "texture": "#1"},
				"east": {"uv": [0, 0, 2, 0.5], "rotation": 180, "texture": "#1"},
				"south": {"uv": [0, 0, 2, 0.5], "texture": "#1"},
				"west": {"uv": [0, 0, 2, 0.5], "texture": "#1"},
				"down": {"uv": [0, 0, 2, 0.5], "texture": "#1"}
			}
		},
		{
			"from": [7.6, 2, 10.5],
			"to": [8.4, 2.5, 11.5],
			"faces": {
				"north": {"uv": [0, 0, 1, 0.5], "texture": "#1"},
				"east": {"uv": [0, 0, 1, 0.5], "texture": "#1"},
				"south": {"uv": [0, 0, 1, 0.5], "texture": "#1"},
				"west": {"uv": [0, 0, 1, 0.5], "texture": "#1"},
				"up": {"uv": [0, 0, 1, 0.5], "texture": "#1"},
				"down": {"uv": [0, 0, 1, 0.5], "texture": "#1"}
			}
		},
		{
			"from": [7.6, 2.75, 6.5],
			"to": [8.4, 3, 10.5],
			"faces": {
				"north": {"uv": [0, 0, 5, 0.5], "texture": "#1"},
				"east": {"uv": [0, 0, 4, 0.5], "rotation": 180, "texture": "#1"},
				"south": {"uv": [0, 0, 4, 0.5], "texture": "#1"},
				"west": {"uv": [0, 0, 4, 0.5], "texture": "#1"},
				"up": {"uv": [0, 0, 4, 0.5], "texture": "#1"},
				"down": {"uv": [0, 0, 4, 0.5], "texture": "#1"}
			}
		},
		{
			"from": [7.6, 2.5, 6.5],
			"to": [8.4, 2.75, 8.5],
			"faces": {
				"north": {"uv": [0, 14.25, 4, 14.5], "texture": "#1"},
				"east": {"uv": [0, 14.25, 4, 14.5], "rotation": 180, "texture": "#1"},
				"south": {"uv": [0, 14.25, 4, 14.5], "texture": "#1"},
				"west": {"uv": [0, 14.25, 4, 14.5], "texture": "#1"},
				"down": {"uv": [0, 14.25, 4, 14.5], "texture": "#1"}
			}
		},
		{
			"from": [7.5, 3.75, 4.5],
			"to": [8.5, 4, 12],
			"faces": {
				"east": {"uv": [0, 14.25, 4, 14.5], "rotation": 180, "texture": "#1"},
				"west": {"uv": [0, 14.25, 4, 14.5], "texture": "#1"},
				"down": {"uv": [0, 14.25, 4, 14.5], "texture": "#1"}
			}
		},
		{
			"from": [7.6, 5, 4.5],
			"to": [8.4, 5.25, 12],
			"faces": {
				"east": {"uv": [0, 14.25, 4, 14.5], "rotation": 180, "texture": "#1"},
				"west": {"uv": [0, 14.25, 4, 14.5], "texture": "#1"},
				"up": {"uv": [0, 14.25, 4, 14.5], "texture": "#1"}
			}
		},
		{
			"from": [7.7, 5.25, 6],
			"to": [8.3, 5.35, 6.25],
			"faces": {
				"north": {"uv": [0, 14.25, 4, 14.5], "rotation": 180, "texture": "#1"},
				"east": {"uv": [0, 14.25, 4, 14.5], "texture": "#1"},
				"south": {"uv": [0, 14.25, 4, 14.5], "texture": "#1"},
				"west": {"uv": [0, 14.25, 4, 14.5], "texture": "#1"},
				"up": {"uv": [0, 14.25, 4, 14.5], "texture": "#1"}
			}
		},
		{
			"from": [7.7, 5.25, 5.25],
			"to": [8.3, 5.35, 5.75],
			"faces": {
				"north": {"uv": [0, 14.25, 4, 14.5], "rotation": 180, "texture": "#1"},
				"east": {"uv": [0, 14.25, 4, 14.5], "texture": "#1"},
				"south": {"uv": [0, 14.25, 4, 14.5], "texture": "#1"},
				"west": {"uv": [0, 14.25, 4, 14.5], "texture": "#1"},
				"up": {"uv": [0, 14.25, 4, 14.5], "texture": "#1"}
			}
		},
		{
			"from": [7.7, 5.35, 5.375],
			"to": [8.3, 5.65, 5.625],
			"faces": {
				"north": {"uv": [0, 14.25, 4, 14.5], "rotation": 180, "texture": "#1"},
				"east": {"uv": [0, 14.25, 4, 14.5], "texture": "#1"},
				"south": {"uv": [0, 14.25, 4, 14.5], "texture": "#1"},
				"west": {"uv": [0, 14.25, 4, 14.5], "texture": "#1"},
				"up": {"uv": [0, 14.25, 4, 14.5], "texture": "#1"}
			}
		},
		{
			"from": [7.7, 5.35, 10.125],
			"to": [8.3, 5.65, 10.375],
			"faces": {
				"north": {"uv": [0, 14.25, 4, 14.5], "rotation": 180, "texture": "#1"},
				"east": {"uv": [0, 14.25, 4, 14.5], "texture": "#1"},
				"south": {"uv": [0, 14.25, 4, 14.5], "texture": "#1"},
				"west": {"uv": [0, 14.25, 4, 14.5], "texture": "#1"},
				"up": {"uv": [0, 14.25, 4, 14.5], "texture": "#1"}
			}
		},
		{
			"from": [7.7, 5.65, 10.125],
			"to": [7.9, 5.75, 10.375],
			"faces": {
				"north": {"uv": [0, 14.25, 1.5, 14.5], "rotation": 180, "texture": "#1"},
				"east": {"uv": [2.25, 14.25, 2.75, 14.5], "texture": "#1"},
				"south": {"uv": [0, 14.25, 1.5, 14.5], "texture": "#1"},
				"west": {"uv": [0, 14.25, 4, 14.5], "texture": "#1"},
				"up": {"uv": [0, 14.25, 1.5, 14.5], "texture": "#1"}
			}
		},
		{
			"from": [8.1, 5.65, 10.125],
			"to": [8.3, 5.75, 10.375],
			"faces": {
				"north": {"uv": [2.5, 14.25, 4, 14.5], "rotation": 180, "texture": "#1"},
				"east": {"uv": [0, 14.25, 4, 14.5], "texture": "#1"},
				"south": {"uv": [2.5, 14.25, 4, 14.5], "texture": "#1"},
				"west": {"uv": [2.25, 14.25, 2.75, 14.5], "texture": "#1"},
				"up": {"uv": [2.5, 14.25, 4, 14.5], "texture": "#1"}
			}
		},
		{
			"from": [8.1, 5.65, 5.375],
			"to": [8.3, 5.75, 5.625],
			"faces": {
				"north": {"uv": [2.5, 14.25, 4, 14.5], "rotation": 180, "texture": "#1"},
				"east": {"uv": [0, 14, 4, 14.5], "texture": "#1"},
				"south": {"uv": [2.75, 14, 4, 14.5], "texture": "#1"},
				"west": {"uv": [2.25, 14.25, 2.75, 14.5], "texture": "#1"},
				"up": {"uv": [2.5, 14.25, 4, 14.5], "texture": "#1"}
			}
		},
		{
			"from": [7.7, 5.65, 5.375],
			"to": [7.9, 5.75, 5.625],
			"faces": {
				"north": {"uv": [0, 14.25, 1.5, 14.5], "rotation": 180, "texture": "#1"},
				"east": {"uv": [2.25, 14.25, 2.75, 14.5], "texture": "#1"},
				"south": {"uv": [0, 14, 1.25, 14.5], "texture": "#1"},
				"west": {"uv": [0, 14, 4, 14.5], "texture": "#1"},
				"up": {"uv": [0, 14.25, 1.5, 14.5], "texture": "#1"}
			}
		},
		{
			"from": [7.7, 5.25, 10],
			"to": [8.3, 5.35, 10.5],
			"faces": {
				"north": {"uv": [0, 14.25, 4, 14.5], "rotation": 180, "texture": "#1"},
				"east": {"uv": [0, 14.25, 4, 14.5], "texture": "#1"},
				"south": {"uv": [0, 14.25, 4, 14.5], "texture": "#1"},
				"west": {"uv": [0, 14.25, 4, 14.5], "texture": "#1"},
				"up": {"uv": [0, 14.25, 4, 14.5], "texture": "#1"}
			}
		},
		{
			"from": [7.7, 5.25, 6.5],
			"to": [8.3, 5.35, 6.75],
			"faces": {
				"north": {"uv": [0, 14.25, 4, 14.5], "rotation": 180, "texture": "#1"},
				"east": {"uv": [0, 14.25, 4, 14.5], "texture": "#1"},
				"south": {"uv": [0, 14.25, 4, 14.5], "texture": "#1"},
				"west": {"uv": [0, 14.25, 4, 14.5], "texture": "#1"},
				"up": {"uv": [0, 14.25, 4, 14.5], "texture": "#1"}
			}
		},
		{
			"from": [7.7, 5.25, 7.5],
			"to": [8.3, 5.35, 7.75],
			"faces": {
				"north": {"uv": [0, 14.25, 4, 14.5], "rotation": 180, "texture": "#1"},
				"east": {"uv": [0, 14.25, 4, 14.5], "texture": "#1"},
				"south": {"uv": [0, 14.25, 4, 14.5], "texture": "#1"},
				"west": {"uv": [0, 14.25, 4, 14.5], "texture": "#1"},
				"up": {"uv": [0, 14.25, 4, 14.5], "texture": "#1"}
			}
		},
		{
			"from": [7.7, 5.25, 7],
			"to": [8.3, 5.35, 7.25],
			"faces": {
				"north": {"uv": [0, 14.25, 4, 14.5], "rotation": 180, "texture": "#1"},
				"east": {"uv": [0, 14.25, 4, 14.5], "texture": "#1"},
				"south": {"uv": [0, 14.25, 4, 14.5], "texture": "#1"},
				"west": {"uv": [0, 14.25, 4, 14.5], "texture": "#1"},
				"up": {"uv": [0, 14.25, 4, 14.5], "texture": "#1"}
			}
		},
		{
			"from": [7.7, 5.25, 9.5],
			"to": [8.3, 5.35, 9.75],
			"faces": {
				"north": {"uv": [0, 14.25, 4, 14.5], "rotation": 180, "texture": "#1"},
				"east": {"uv": [0, 14.25, 4, 14.5], "texture": "#1"},
				"south": {"uv": [0, 14.25, 4, 14.5], "texture": "#1"},
				"west": {"uv": [0, 14.25, 4, 14.5], "texture": "#1"},
				"up": {"uv": [0, 14.25, 4, 14.5], "texture": "#1"}
			}
		},
		{
			"from": [7.7, 5.25, 9],
			"to": [8.3, 5.35, 9.25],
			"faces": {
				"north": {"uv": [0, 14.25, 4, 14.5], "rotation": 180, "texture": "#1"},
				"east": {"uv": [0, 14.25, 4, 14.5], "texture": "#1"},
				"south": {"uv": [0, 14.25, 4, 14.5], "texture": "#1"},
				"west": {"uv": [0, 14.25, 4, 14.5], "texture": "#1"},
				"up": {"uv": [0, 14.25, 4, 14.5], "texture": "#1"}
			}
		},
		{
			"from": [7.7, 5.25, 8.5],
			"to": [8.3, 5.35, 8.75],
			"faces": {
				"north": {"uv": [0, 14.25, 4, 14.5], "rotation": 180, "texture": "#1"},
				"east": {"uv": [0, 14.25, 4, 14.5], "texture": "#1"},
				"south": {"uv": [0, 14.25, 4, 14.5], "texture": "#1"},
				"west": {"uv": [0, 14.25, 4, 14.5], "texture": "#1"},
				"up": {"uv": [0, 14.25, 4, 14.5], "texture": "#1"}
			}
		},
		{
			"from": [7.7, 5.25, 8],
			"to": [8.3, 5.35, 8.25],
			"faces": {
				"north": {"uv": [0, 14.25, 4, 14.5], "rotation": 180, "texture": "#1"},
				"east": {"uv": [0, 14.25, 4, 14.5], "texture": "#1"},
				"south": {"uv": [0, 14.25, 4, 14.5], "texture": "#1"},
				"west": {"uv": [0, 14.25, 4, 14.5], "texture": "#1"},
				"up": {"uv": [0, 14.25, 4, 14.5], "texture": "#1"}
			}
		},
		{
			"from": [7.6, 5, 13.25],
			"to": [8.4, 5.25, 15.75],
			"faces": {
				"north": {"uv": [0, 14.25, 4, 14.5], "texture": "#1"},
				"east": {"uv": [0, 12, 4, 12.25], "rotation": 180, "texture": "#1"},
				"south": {"uv": [0, 14.25, 4, 14.5], "texture": "#1"},
				"west": {"uv": [0, 14.25, 4, 14.5], "texture": "#1"},
				"up": {"uv": [0, 14.25, 4, 14.5], "texture": "#1"},
				"down": {"uv": [0, 14.25, 4, 14.5], "texture": "#1"}
			}
		},
		{
			"from": [7.6, 3.25, 14.5],
			"to": [8.4, 3.5, 15.75],
			"faces": {
				"north": {"uv": [0, 14.25, 4, 14.5], "texture": "#1"},
				"east": {"uv": [0, 14.25, 4, 14.5], "texture": "#1"},
				"south": {"uv": [0, 14.25, 4, 14.5], "texture": "#1"},
				"west": {"uv": [0, 14.25, 4, 14.5], "texture": "#1"},
				"up": {"uv": [0, 14.25, 4, 14.5], "texture": "#1"},
				"down": {"uv": [0, 14.25, 4, 14.5], "texture": "#1"}
			}
		},
		{
			"from": [7.6, 3.5, 15],
			"to": [8.4, 5, 15.5],
			"faces": {
				"north": {"uv": [0, 14.25, 4, 14.5], "texture": "#1"},
				"east": {"uv": [0, 14.25, 4, 14.5], "texture": "#1"},
				"west": {"uv": [0, 14.25, 4, 14.5], "texture": "#1"}
			}
		},
		{
			"from": [7.6, 3.5, 15.5],
			"to": [8.4, 5, 16],
			"faces": {
				"east": {"uv": [13, 13, 15, 14], "rotation": 180, "texture": "#1"},
				"south": {"uv": [14.25, 13.25, 14.75, 13.75], "texture": "#1"},
				"west": {"uv": [13, 13, 15, 14], "texture": "#1"},
				"up": {"uv": [13, 13, 15, 14], "texture": "#1"},
				"down": {"uv": [13, 13, 15, 14], "texture": "#1"}
			}
		},
		{
			"from": [7.9, 3.5, 14.624],
			"to": [8.1, 5.5, 14.874],
			"faces": {
				"north": {"uv": [0, 14.25, 4, 14.5], "texture": "#1"},
				"east": {"uv": [0, 14.25, 4, 14.5], "texture": "#1"},
				"south": {"uv": [0, 14.25, 4, 14.5], "texture": "#1"},
				"west": {"uv": [0, 14.25, 4, 14.5], "texture": "#1"},
				"up": {"uv": [0, 14.25, 4, 14.5], "texture": "#1"}
			}
		},
		{
			"from": [7.6, 3.5, 6],
			"to": [8.4, 3.75, 12],
			"faces": {
				"north": {"uv": [0, 0, 5, 0.5], "texture": "#1"},
				"east": {"uv": [0, 0, 5, 0.5], "texture": "#1"},
				"south": {"uv": [0, 0, 5, 0.5], "texture": "#1"},
				"west": {"uv": [0, 0, 5, 0.5], "texture": "#1"},
				"down": {"uv": [0, 0, 5, 0.5], "texture": "#1"}
			}
		},
		{
			"from": [7.4, 4, 4.5],
			"to": [8.6, 4.25, 12],
			"faces": {
				"east": {"uv": [0, 15, 0.75, 16], "texture": "#1"},
				"west": {"uv": [0, 15, 0.75, 16], "texture": "#1"},
				"up": {"uv": [0, 15, 0.75, 16], "texture": "#1"},
				"down": {"uv": [0, 15, 0.75, 16], "texture": "#1"}
			}
		},
		{
			"from": [7.4, 4.25, 7.5],
			"to": [8.6, 4.5, 12],
			"faces": {
				"north": {"uv": [0, 14, 0.75, 15], "texture": "#1"},
				"east": {"uv": [0, 14, 0.75, 15], "texture": "#1"},
				"west": {"uv": [0, 14, 0.75, 15], "texture": "#1"},
				"up": {"uv": [0, 14, 0.75, 15], "texture": "#1"}
			}
		},
		{
			"from": [7.4, 4.25, 5],
			"to": [8.6, 4.5, 5.25],
			"faces": {
				"north": {"uv": [0, 14, 0.75, 15], "texture": "#1"},
				"east": {"uv": [0, 14, 0.75, 15], "texture": "#1"},
				"south": {"uv": [0, 14, 0.75, 15], "texture": "#1"},
				"west": {"uv": [0, 14, 0.75, 15], "texture": "#1"},
				"up": {"uv": [0, 14, 0.75, 15], "texture": "#1"}
			}
		},
		{
			"from": [7.4, 4.25, 5.5],
			"to": [8.6, 4.5, 5.75],
			"faces": {
				"north": {"uv": [0, 14, 0.75, 15], "texture": "#1"},
				"east": {"uv": [0, 14, 0.75, 15], "texture": "#1"},
				"south": {"uv": [0, 14, 0.75, 15], "texture": "#1"},
				"west": {"uv": [0, 14, 0.75, 15], "texture": "#1"},
				"up": {"uv": [0, 14, 0.75, 15], "texture": "#1"}
			}
		},
		{
			"from": [7.4, 4.25, 6.5],
			"to": [8.6, 4.5, 6.75],
			"faces": {
				"north": {"uv": [0, 14, 0.75, 15], "texture": "#1"},
				"east": {"uv": [0, 14, 0.75, 15], "texture": "#1"},
				"south": {"uv": [0, 14, 0.75, 15], "texture": "#1"},
				"west": {"uv": [0, 14, 0.75, 15], "texture": "#1"},
				"up": {"uv": [0, 14, 0.75, 15], "texture": "#1"}
			}
		},
		{
			"from": [7.4, 4.25, 6],
			"to": [8.6, 4.5, 6.25],
			"faces": {
				"north": {"uv": [0, 14, 0.75, 15], "texture": "#1"},
				"east": {"uv": [0, 14, 0.75, 15], "texture": "#1"},
				"south": {"uv": [0, 14, 0.75, 15], "texture": "#1"},
				"west": {"uv": [0, 14, 0.75, 15], "texture": "#1"},
				"up": {"uv": [0, 14, 0.75, 15], "texture": "#1"}
			}
		},
		{
			"from": [7.4, 4.25, 7],
			"to": [8.6, 4.5, 7.25],
			"faces": {
				"north": {"uv": [0, 14, 0.75, 15], "texture": "#1"},
				"east": {"uv": [0, 14, 0.75, 15], "texture": "#1"},
				"south": {"uv": [0, 14, 0.75, 15], "texture": "#1"},
				"west": {"uv": [0, 14, 0.75, 15], "texture": "#1"},
				"up": {"uv": [0, 14, 0.75, 15], "texture": "#1"}
			}
		},
		{
			"from": [7.4, 4.25, 4.5],
			"to": [8.6, 4.5, 4.75],
			"faces": {
				"east": {"uv": [0, 14, 0.75, 15], "texture": "#1"},
				"south": {"uv": [0, 14, 0.75, 15], "texture": "#1"},
				"west": {"uv": [0, 14, 0.75, 15], "texture": "#1"},
				"up": {"uv": [0, 14, 0.75, 15], "texture": "#1"}
			}
		},
		{
			"from": [7.55, 4.25, 4.75],
			"to": [8.45, 4.75, 7.75],
			"faces": {
				"east": {"uv": [15.5, 0, 16, 0.5], "texture": "#1"},
				"west": {"uv": [15.5, 0, 16, 0.5], "texture": "#1"}
			}
		},
		{
			"from": [7.5, 4.5, 4.5],
			"to": [8.5, 4.75, 4.875],
			"faces": {
				"east": {"uv": [0, 13, 0.75, 14], "texture": "#1"},
				"south": {"uv": [0, 13, 0.75, 14], "texture": "#1"},
				"west": {"uv": [0, 13, 0.75, 14], "texture": "#1"},
				"down": {"uv": [0, 13, 0.75, 14], "texture": "#1"}
			}
		},
		{
			"from": [7.5, 4.5, 5.125],
			"to": [8.5, 4.75, 5.375],
			"faces": {
				"north": {"uv": [0, 13, 0.75, 14], "texture": "#1"},
				"east": {"uv": [0, 13, 0.75, 14], "texture": "#1"},
				"south": {"uv": [0, 13, 0.75, 14], "texture": "#1"},
				"west": {"uv": [0, 13, 0.75, 14], "texture": "#1"},
				"down": {"uv": [0, 13, 0.75, 14], "texture": "#1"}
			}
		},
		{
			"from": [7.5, 4.5, 5.625],
			"to": [8.5, 4.75, 5.875],
			"faces": {
				"north": {"uv": [0, 13, 0.75, 14], "texture": "#1"},
				"east": {"uv": [0, 13, 0.75, 14], "texture": "#1"},
				"south": {"uv": [0, 13, 0.75, 14], "texture": "#1"},
				"west": {"uv": [0, 13, 0.75, 14], "texture": "#1"},
				"down": {"uv": [0, 13, 0.75, 14], "texture": "#1"}
			}
		},
		{
			"from": [7.5, 4.5, 6.625],
			"to": [8.5, 4.75, 6.875],
			"faces": {
				"north": {"uv": [0, 13, 0.75, 14], "texture": "#1"},
				"east": {"uv": [0, 13, 0.75, 14], "texture": "#1"},
				"south": {"uv": [0, 13, 0.75, 14], "texture": "#1"},
				"west": {"uv": [0, 13, 0.75, 14], "texture": "#1"},
				"down": {"uv": [0, 13, 0.75, 14], "texture": "#1"}
			}
		},
		{
			"from": [7.5, 4.5, 6.125],
			"to": [8.5, 4.75, 6.375],
			"faces": {
				"north": {"uv": [0, 13, 0.75, 14], "texture": "#1"},
				"east": {"uv": [0, 13, 0.75, 14], "texture": "#1"},
				"south": {"uv": [0, 13, 0.75, 14], "texture": "#1"},
				"west": {"uv": [0, 13, 0.75, 14], "texture": "#1"},
				"down": {"uv": [0, 13, 0.75, 14], "texture": "#1"}
			}
		},
		{
			"from": [7.5, 4.5, 7.125],
			"to": [8.5, 4.75, 7.375],
			"faces": {
				"north": {"uv": [0, 13, 0.75, 14], "texture": "#1"},
				"east": {"uv": [0, 13, 0.75, 14], "texture": "#1"},
				"south": {"uv": [0, 13, 0.75, 14], "texture": "#1"},
				"west": {"uv": [0, 13, 0.75, 14], "texture": "#1"},
				"down": {"uv": [0, 13, 0.75, 14], "texture": "#1"}
			}
		},
		{
			"from": [7.5, 4.5, 7.625],
			"to": [8.5, 4.75, 12],
			"faces": {
				"north": {"uv": [0, 13, 0.75, 14], "texture": "#1"},
				"east": {"uv": [0, 13, 0.75, 14], "texture": "#1"},
				"west": {"uv": [0, 13, 0.75, 14], "texture": "#1"}
			}
		},
		{
			"from": [7.5, 4.75, 4.5],
			"to": [8.5, 5, 12],
			"faces": {
				"east": {"uv": [0, 12, 0.75, 13], "texture": "#1"},
				"west": {"uv": [0, 12, 0.75, 13], "texture": "#1"},
				"up": {"uv": [0, 12, 0.75, 13], "texture": "#1"},
				"down": {"uv": [0, 12, 0.75, 13], "texture": "#1"}
			}
		},
		{
			"from": [7.6, 5, 12],
			"to": [8.4, 5.25, 12.25],
			"faces": {
				"east": {"uv": [0, 4, 1, 5], "texture": "#1"},
				"south": {"uv": [0, 4, 1, 5], "texture": "#1"},
				"west": {"uv": [0, 4, 1, 5], "texture": "#1"},
				"up": {"uv": [0, 4, 1, 5], "texture": "#1"}
			}
		},
		{
			"from": [7.5, 4.5, 12],
			"to": [8.5, 5, 12.25],
			"faces": {
				"east": {"uv": [0, 4, 1, 5], "texture": "#1"},
				"south": {"uv": [0, 4, 1, 5], "texture": "#1"},
				"west": {"uv": [0, 4, 1, 5], "texture": "#1"},
				"up": {"uv": [0, 4, 1, 5], "texture": "#1"}
			}
		},
		{
			"from": [7.4, 4, 12],
			"to": [8.6, 4.5, 12.25],
			"faces": {
				"east": {"uv": [0, 4, 1, 5], "texture": "#1"},
				"south": {"uv": [0, 4, 1, 5], "texture": "#1"},
				"west": {"uv": [0, 4, 1, 5], "texture": "#1"},
				"up": {"uv": [0, 4, 1, 5], "texture": "#1"},
				"down": {"uv": [0, 4, 1, 5], "texture": "#1"}
			}
		},
		{
			"from": [7.5, 3.75, 12],
			"to": [8.5, 4, 12.25],
			"faces": {
				"east": {"uv": [0, 4, 1, 5], "texture": "#1"},
				"south": {"uv": [0, 4, 1, 5], "texture": "#1"},
				"west": {"uv": [0, 4, 1, 5], "texture": "#1"},
				"down": {"uv": [0, 4, 1, 5], "texture": "#1"}
			}
		},
		{
			"from": [7.6, 5, 4.25],
			"to": [8.4, 5.25, 4.5],
			"faces": {
				"north": {"uv": [0, 4, 1, 5], "texture": "#1"},
				"east": {"uv": [0, 4, 1, 5], "texture": "#1"},
				"west": {"uv": [0, 4, 1, 5], "texture": "#1"},
				"up": {"uv": [0, 4, 1, 5], "texture": "#1"}
			}
		},
		{
			"from": [7.5, 4.5, 4.25],
			"to": [8.5, 5, 4.5],
			"faces": {
				"north": {"uv": [0, 4, 1, 5], "texture": "#1"},
				"east": {"uv": [0, 4, 1, 5], "texture": "#1"},
				"west": {"uv": [0, 4, 1, 5], "texture": "#1"},
				"up": {"uv": [0, 4, 1, 5], "texture": "#1"}
			}
		},
		{
			"from": [7.4, 4, 4.25],
			"to": [8.6, 4.5, 4.5],
			"faces": {
				"north": {"uv": [0, 4, 1, 5], "texture": "#1"},
				"east": {"uv": [0, 4, 1, 5], "texture": "#1"},
				"west": {"uv": [0, 4, 1, 5], "texture": "#1"},
				"up": {"uv": [0, 4, 1, 5], "texture": "#1"},
				"down": {"uv": [0, 4, 1, 5], "texture": "#1"}
			}
		},
		{
			"from": [7.5, 3.75, 4.25],
			"to": [8.5, 4, 4.5],
			"faces": {
				"north": {"uv": [0, 4, 1, 5], "texture": "#1"},
				"east": {"uv": [0, 4, 1, 5], "texture": "#1"},
				"west": {"uv": [0, 4, 1, 5], "texture": "#1"},
				"down": {"uv": [0, 4, 1, 5], "texture": "#1"}
			}
		},
		{
			"from": [7.75, 4.25, 12.25],
			"to": [8.25, 5, 15],
			"faces": {
				"east": {"uv": [13, 12, 14, 15], "texture": "#1"},
				"west": {"uv": [13, 12, 14, 15], "texture": "#1"},
				"up": {"uv": [13, 12, 14, 15], "texture": "#1"},
				"down": {"uv": [13, 12, 14, 15], "texture": "#1"}
			}
		},
		{
			"from": [7.7, 4, 4],
			"to": [8.3, 5, 4.25],
			"faces": {
				"north": {"uv": [10, 13, 12, 15], "texture": "#1"},
				"east": {"uv": [10, 13, 12, 15], "texture": "#1"},
				"west": {"uv": [10, 13, 12, 15], "texture": "#1"},
				"up": {"uv": [10, 13, 12, 15], "texture": "#1"},
				"down": {"uv": [10, 13, 12, 15], "texture": "#1"}
			}
		},
		{
			"from": [7.85, 4.375, 2],
			"to": [8.15, 4.675, 4],
			"faces": {
				"north": {"uv": [4, 4, 12, 12], "texture": "#2"},
				"east": {"uv": [2, 1, 6, 4], "rotation": 180, "texture": "#1"},
				"west": {"uv": [2, 1, 6, 4], "texture": "#1"},
				"up": {"uv": [2, 1, 5, 4], "rotation": 270, "texture": "#1"},
				"down": {"uv": [2, 1, 6, 4], "rotation": 90, "texture": "#1"}
			}
		},
		{
			"from": [7.9, 4.675, 2],
			"to": [8.1, 4.775, 2.5],
			"faces": {
				"north": {"uv": [0, 3, 1, 4], "texture": "#1"},
				"east": {"uv": [0, 3, 1, 4], "texture": "#1"},
				"south": {"uv": [0, 3, 1, 4], "texture": "#1"},
				"west": {"uv": [0, 3, 1, 4], "texture": "#1"},
				"up": {"uv": [0, 3, 1, 4], "texture": "#1"}
			}
		},
		{
			"from": [7.925, 4.775, 2],
			"to": [8.075, 4.875, 2.25],
			"faces": {
				"north": {"uv": [0, 2, 1, 3], "texture": "#1"},
				"east": {"uv": [0, 2, 1, 3], "texture": "#1"},
				"south": {"uv": [0, 2, 1, 3], "texture": "#1"},
				"west": {"uv": [0, 2, 1, 3], "texture": "#1"},
				"up": {"uv": [0, 2, 1, 3], "texture": "#1"}
			}
		},
		{
			"from": [7.6, 2, 12],
			"to": [8.4, 3, 13],
			"faces": {
				"north": {"uv": [0, 0, 1, 1], "texture": "#1"},
				"east": {"uv": [0, 0, 1, 1], "texture": "#1"},
				"south": {"uv": [0, 0, 1, 1], "texture": "#1"},
				"west": {"uv": [0, 0, 1, 1], "texture": "#1"},
				"up": {"uv": [0, 0, 1, 1], "texture": "#1"},
				"down": {"uv": [0, 0, 1, 1], "texture": "#1"}
			}
		},
		{
			"from": [7.6, 3, 11],
			"to": [8.4, 3.5, 12],
			"faces": {
				"north": {"uv": [0, 0, 1, 1], "texture": "#1"},
				"east": {"uv": [0, 0, 1, 1], "texture": "#1"},
				"west": {"uv": [0, 0, 1, 1], "texture": "#1"},
				"down": {"uv": [0, 0, 1, 1], "texture": "#1"}
			}
		}
	],
	"display": {
		"thirdperson_righthand": {
			"translation": [0, 5.75, -3.25],
			"scale": [1.26, 1.26, 1.26]
		},
		"thirdperson_lefthand": {
			"translation": [0, 5.75, -3.25],
			"scale": [1.26, 1.26, 1.26]
		},
		"firstperson_righthand": {
			"translation": [0, 5.75, -3.25],
			"scale": [1.26, 1.26, 1.26]
		},
		"firstperson_lefthand": {
			"translation": [0, 5.75, -3.25],
			"scale": [1.26, 1.26, 1.26]
		},
		"ground": {
			"rotation": [0, 0, 90],
			"translation": [-4.5, 1, 0],
			"scale": [1.26, 1.26, 1.26]
		},
		"gui": {
			"rotation": [0, 90, 0],
			"translation": [-0.5, 5.25, 0],
			"scale": [1.26, 1.26, 1.26]
		},
		"head": {
			"translation": [0, 5.75, -3.25],
			"scale": [1.26, 1.26, 1.26]
		},
		"fixed": {
			"rotation": [0, 90, 0],
			"translation": [-1.25, 6, 0],
			"scale": [1.26, 1.26, 1.26]
		}
	}
}