{
	"credit": "Made with Blockbench",
	"textures": {
		"0": "item/cit/aquamarine",
		"1": "item/cit/stone3",
		"2": "item/cit/stone2",
		"particle": "item/cit/aquamarine"
	},
	"elements": [
		{
			"from": [7.6, 11, 7.25],
			"to": [8.4, 13, 7.5],
			"faces": {
				"north": {"uv": [0.25, 14.5, 0.75, 15], "texture": "#1"},
				"east": {"uv": [0, 14.25, 0.5, 16], "texture": "#1"},
				"south": {"uv": [0, 14.25, 0.5, 16], "texture": "#1"},
				"west": {"uv": [0, 14.25, 0.5, 16], "texture": "#1"},
				"up": {"uv": [0.25, 14.5, 0.75, 15], "texture": "#1"},
				"down": {"uv": [0, 15.5, 0.5, 16], "texture": "#1"}
			}
		},
		{
			"from": [7.5, 11.25, 7],
			"to": [8.5, 12.25, 7.125],
			"faces": {
				"east": {"uv": [4.5, 4.25, 5, 4.75], "texture": "#0"},
				"south": {"uv": [4.5, 4.25, 5, 4.75], "texture": "#0"},
				"west": {"uv": [4.5, 4.25, 5, 4.75], "texture": "#0"},
				"up": {"uv": [4.5, 4.25, 5, 4.75], "texture": "#0"},
				"down": {"uv": [4.5, 4.25, 5, 4.75], "texture": "#0"}
			}
		},
		{
			"from": [7.5, 11.625, 7.75],
			"to": [8.5, 12.875, 7.875],
			"faces": {
				"north": {"uv": [5.25, 4.25, 5.75, 4.75], "texture": "#0"},
				"east": {"uv": [5.25, 4.25, 5.75, 4.75], "texture": "#0"},
				"south": {"uv": [5.25, 4.25, 5.75, 4.75], "texture": "#0"},
				"west": {"uv": [5.25, 4.25, 5.75, 4.75], "texture": "#0"},
				"up": {"uv": [5.25, 4.25, 5.75, 4.75], "texture": "#0"},
				"down": {"uv": [5.25, 4.25, 5.75, 4.75], "texture": "#0"}
			}
		},
		{
			"from": [7.5, 12.375, 7.25],
			"to": [8.5, 12.5, 7.375],
			"faces": {
				"north": {"uv": [6.25, 3.25, 6.75, 3.75], "texture": "#0"},
				"east": {"uv": [6.25, 3.25, 6.75, 3.75], "texture": "#0"},
				"south": {"uv": [6.25, 3.25, 6.75, 3.75], "texture": "#0"},
				"west": {"uv": [6.25, 3.25, 6.75, 3.75], "texture": "#0"},
				"up": {"uv": [6.25, 3.25, 6.75, 3.75], "texture": "#0"},
				"down": {"uv": [6.25, 3.25, 6.75, 3.75], "texture": "#0"}
			}
		},
		{
			"from": [7.5, 12.375, 7],
			"to": [8.5, 12.5, 7.125],
			"faces": {
				"north": {"uv": [11.25, 6.25, 11.75, 6.75], "texture": "#0"},
				"east": {"uv": [11.25, 6.25, 11.75, 6.75], "texture": "#0"},
				"south": {"uv": [11.25, 6.25, 11.75, 6.75], "texture": "#0"},
				"west": {"uv": [11.25, 6.25, 11.75, 6.75], "texture": "#0"},
				"up": {"uv": [11.25, 6.25, 11.75, 6.75], "texture": "#0"},
				"down": {"uv": [11.25, 6.25, 11.75, 6.75], "texture": "#0"}
			}
		},
		{
			"from": [7.5, 12.625, 7.5],
			"to": [8.5, 12.75, 7.625],
			"faces": {
				"north": {"uv": [6.25, 3.25, 6.75, 3.75], "texture": "#0"},
				"east": {"uv": [6.25, 3.25, 6.75, 3.75], "texture": "#0"},
				"west": {"uv": [6.25, 3.25, 6.75, 3.75], "texture": "#0"},
				"up": {"uv": [6.25, 3.25, 6.75, 3.75], "texture": "#0"},
				"down": {"uv": [6.25, 3.25, 6.75, 3.75], "texture": "#0"}
			}
		},
		{
			"from": [7.5, 12.875, 7.5],
			"to": [8.5, 13, 7.75],
			"faces": {
				"north": {"uv": [11.25, 6.25, 11.75, 6.75], "texture": "#0"},
				"east": {"uv": [11.25, 6.25, 11.75, 6.75], "texture": "#0"},
				"south": {"uv": [11.25, 6.25, 11.75, 6.75], "texture": "#0"},
				"west": {"uv": [11.25, 6.25, 11.75, 6.75], "texture": "#0"},
				"up": {"uv": [11.25, 6.25, 11.75, 6.75], "texture": "#0"},
				"down": {"uv": [11.25, 6.25, 11.75, 6.75], "texture": "#0"}
			}
		},
		{
			"from": [7.5, 12.625, 7.25],
			"to": [8.5, 12.75, 7.375],
			"faces": {
				"north": {"uv": [11.25, 6.25, 11.75, 6.75], "texture": "#0"},
				"east": {"uv": [11.25, 6.25, 11.75, 6.75], "texture": "#0"},
				"south": {"uv": [11.25, 6.25, 11.75, 6.75], "texture": "#0"},
				"west": {"uv": [11.25, 6.25, 11.75, 6.75], "texture": "#0"},
				"up": {"uv": [11.25, 6.25, 11.75, 6.75], "texture": "#0"},
				"down": {"uv": [11.25, 6.25, 11.75, 6.75], "texture": "#0"}
			}
		},
		{
			"from": [7.5, 11.125, 7.25],
			"to": [8.5, 11.25, 7.375],
			"faces": {
				"north": {"uv": [11.25, 6.25, 11.75, 6.75], "texture": "#0"},
				"east": {"uv": [11.25, 6.25, 11.75, 6.75], "texture": "#0"},
				"south": {"uv": [11.25, 6.25, 11.75, 6.75], "texture": "#0"},
				"west": {"uv": [11.25, 6.25, 11.75, 6.75], "texture": "#0"},
				"up": {"uv": [11.25, 6.25, 11.75, 6.75], "texture": "#0"},
				"down": {"uv": [11.25, 6.25, 11.75, 6.75], "texture": "#0"}
			}
		},
		{
			"from": [7.5, 11.375, 7.5],
			"to": [8.5, 11.5, 7.625],
			"faces": {
				"north": {"uv": [11.25, 6.25, 11.75, 6.75], "texture": "#0"},
				"east": {"uv": [11.25, 6.25, 11.75, 6.75], "texture": "#0"},
				"south": {"uv": [11.25, 6.25, 11.75, 6.75], "texture": "#0"},
				"west": {"uv": [11.25, 6.25, 11.75, 6.75], "texture": "#0"},
				"up": {"uv": [11.25, 6.25, 11.75, 6.75], "texture": "#0"},
				"down": {"uv": [11.25, 6.25, 11.75, 6.75], "texture": "#0"}
			}
		},
		{
			"from": [7.5, 11.625, 7.5],
			"to": [8.5, 11.75, 7.625],
			"faces": {
				"north": {"uv": [6.25, 3.25, 6.75, 3.75], "texture": "#0"},
				"east": {"uv": [6.25, 3.25, 6.75, 3.75], "texture": "#0"},
				"south": {"uv": [6.25, 3.25, 6.75, 3.75], "texture": "#0"},
				"west": {"uv": [6.25, 3.25, 6.75, 3.75], "texture": "#0"},
				"up": {"uv": [6.25, 3.25, 6.75, 3.75], "texture": "#0"},
				"down": {"uv": [6.25, 3.25, 6.75, 3.75], "texture": "#0"}
			}
		},
		{
			"from": [7.5, 11.375, 7.25],
			"to": [8.5, 11.5, 7.375],
			"faces": {
				"north": {"uv": [6.25, 3.25, 6.75, 3.75], "texture": "#0"},
				"east": {"uv": [6.25, 3.25, 6.75, 3.75], "texture": "#0"},
				"south": {"uv": [6.25, 3.25, 6.75, 3.75], "texture": "#0"},
				"west": {"uv": [6.25, 3.25, 6.75, 3.75], "texture": "#0"},
				"up": {"uv": [6.25, 3.25, 6.75, 3.75], "texture": "#0"},
				"down": {"uv": [6.25, 3.25, 6.75, 3.75], "texture": "#0"}
			}
		},
		{
			"from": [7.5, 11.75, 7.625],
			"to": [8.5, 12.75, 7.75],
			"faces": {
				"north": {"uv": [4.5, 4.25, 5, 4.75], "texture": "#0"},
				"east": {"uv": [4.5, 4.25, 5, 4.75], "texture": "#0"},
				"west": {"uv": [4.5, 4.25, 5, 4.75], "texture": "#0"},
				"up": {"uv": [4.5, 4.25, 5, 4.75], "texture": "#0"},
				"down": {"uv": [4.5, 4.25, 5, 4.75], "texture": "#0"}
			}
		},
		{
			"from": [7.5, 11.125, 6.875],
			"to": [8.5, 12.375, 7],
			"faces": {
				"north": {"uv": [5.25, 4.25, 5.75, 4.75], "texture": "#0"},
				"east": {"uv": [5.25, 4.25, 5.75, 4.75], "texture": "#0"},
				"south": {"uv": [5.25, 4.25, 5.75, 4.75], "texture": "#0"},
				"west": {"uv": [5.25, 4.25, 5.75, 4.75], "texture": "#0"},
				"up": {"uv": [5.25, 4.25, 5.75, 4.75], "texture": "#0"},
				"down": {"uv": [5.25, 4.25, 5.75, 4.75], "texture": "#0"}
			}
		},
		{
			"from": [7.5, 11.5, 7.375],
			"to": [8.5, 11.625, 7.5],
			"faces": {
				"north": {"uv": [6.25, 3.25, 6.75, 3.75], "texture": "#0"},
				"east": {"uv": [6.25, 3.25, 6.75, 3.75], "texture": "#0"},
				"south": {"uv": [6.25, 3.25, 6.75, 3.75], "texture": "#0"},
				"west": {"uv": [6.25, 3.25, 6.75, 3.75], "texture": "#0"},
				"up": {"uv": [6.25, 3.25, 6.75, 3.75], "texture": "#0"},
				"down": {"uv": [6.25, 3.25, 6.75, 3.75], "texture": "#0"}
			}
		},
		{
			"from": [7.5, 11.5, 7.625],
			"to": [8.5, 11.625, 7.75],
			"faces": {
				"north": {"uv": [11.25, 6.25, 11.75, 6.75], "texture": "#0"},
				"east": {"uv": [11.25, 6.25, 11.75, 6.75], "texture": "#0"},
				"south": {"uv": [11.25, 6.25, 11.75, 6.75], "texture": "#0"},
				"west": {"uv": [11.25, 6.25, 11.75, 6.75], "texture": "#0"},
				"up": {"uv": [11.25, 6.25, 11.75, 6.75], "texture": "#0"},
				"down": {"uv": [11.25, 6.25, 11.75, 6.75], "texture": "#0"}
			}
		},
		{
			"from": [7.5, 11.25, 7.125],
			"to": [8.5, 11.375, 7.25],
			"faces": {
				"east": {"uv": [6.25, 3.25, 6.75, 3.75], "texture": "#0"},
				"south": {"uv": [6.25, 3.25, 6.75, 3.75], "texture": "#0"},
				"west": {"uv": [6.25, 3.25, 6.75, 3.75], "texture": "#0"},
				"up": {"uv": [6.25, 3.25, 6.75, 3.75], "texture": "#0"},
				"down": {"uv": [6.25, 3.25, 6.75, 3.75], "texture": "#0"}
			}
		},
		{
			"from": [7.5, 11.25, 7.375],
			"to": [8.5, 11.375, 7.5],
			"faces": {
				"north": {"uv": [11.25, 6.25, 11.75, 6.75], "texture": "#0"},
				"east": {"uv": [11.25, 6.25, 11.75, 6.75], "texture": "#0"},
				"south": {"uv": [11.25, 6.25, 11.75, 6.75], "texture": "#0"},
				"west": {"uv": [11.25, 6.25, 11.75, 6.75], "texture": "#0"},
				"up": {"uv": [11.25, 6.25, 11.75, 6.75], "texture": "#0"},
				"down": {"uv": [11.25, 6.25, 11.75, 6.75], "texture": "#0"}
			}
		},
		{
			"from": [7.5, 11, 7],
			"to": [8.5, 11.125, 7.25],
			"faces": {
				"north": {"uv": [11.25, 6.25, 11.75, 6.75], "texture": "#0"},
				"east": {"uv": [11.25, 6.25, 11.75, 6.75], "texture": "#0"},
				"south": {"uv": [11.25, 6.25, 11.75, 6.75], "texture": "#0"},
				"west": {"uv": [11.25, 6.25, 11.75, 6.75], "texture": "#0"},
				"up": {"uv": [11.25, 6.25, 11.75, 6.75], "texture": "#0"},
				"down": {"uv": [11.25, 6.25, 11.75, 6.75], "texture": "#0"}
			}
		},
		{
			"from": [7.5, 12.75, 7.375],
			"to": [8.5, 12.875, 7.5],
			"faces": {
				"north": {"uv": [11.25, 6.25, 11.75, 6.75], "texture": "#0"},
				"east": {"uv": [11.25, 6.25, 11.75, 6.75], "texture": "#0"},
				"south": {"uv": [11.25, 6.25, 11.75, 6.75], "texture": "#0"},
				"west": {"uv": [11.25, 6.25, 11.75, 6.75], "texture": "#0"},
				"up": {"uv": [11.25, 6.25, 11.75, 6.75], "texture": "#0"},
				"down": {"uv": [11.25, 6.25, 11.75, 6.75], "texture": "#0"}
			}
		},
		{
			"from": [7.5, 12.5, 7.375],
			"to": [8.5, 12.625, 7.5],
			"faces": {
				"north": {"uv": [6.25, 3.25, 6.75, 3.75], "texture": "#0"},
				"east": {"uv": [6.25, 3.25, 6.75, 3.75], "texture": "#0"},
				"south": {"uv": [6.25, 3.25, 6.75, 3.75], "texture": "#0"},
				"west": {"uv": [6.25, 3.25, 6.75, 3.75], "texture": "#0"},
				"up": {"uv": [6.25, 3.25, 6.75, 3.75], "texture": "#0"},
				"down": {"uv": [6.25, 3.25, 6.75, 3.75], "texture": "#0"}
			}
		},
		{
			"from": [7.5, 12.5, 7.125],
			"to": [8.5, 12.625, 7.25],
			"faces": {
				"north": {"uv": [11.25, 6.25, 11.75, 6.75], "texture": "#0"},
				"east": {"uv": [11.25, 6.25, 11.75, 6.75], "texture": "#0"},
				"south": {"uv": [11.25, 6.25, 11.75, 6.75], "texture": "#0"},
				"west": {"uv": [11.25, 6.25, 11.75, 6.75], "texture": "#0"},
				"up": {"uv": [11.25, 6.25, 11.75, 6.75], "texture": "#0"},
				"down": {"uv": [11.25, 6.25, 11.75, 6.75], "texture": "#0"}
			}
		},
		{
			"from": [7.5, 12.25, 7.125],
			"to": [8.5, 12.375, 7.25],
			"faces": {
				"north": {"uv": [6.25, 3.25, 6.75, 3.75], "texture": "#0"},
				"east": {"uv": [6.25, 3.25, 6.75, 3.75], "texture": "#0"},
				"south": {"uv": [6.25, 3.25, 6.75, 3.75], "texture": "#0"},
				"west": {"uv": [6.25, 3.25, 6.75, 3.75], "texture": "#0"},
				"up": {"uv": [6.25, 3.25, 6.75, 3.75], "texture": "#0"},
				"down": {"uv": [6.25, 3.25, 6.75, 3.75], "texture": "#0"}
			}
		},
		{
			"from": [7.5, 3.875, 6.875],
			"to": [8.5, 5.125, 7],
			"faces": {
				"north": {"uv": [5.25, 4.25, 5.75, 4.75], "texture": "#0"},
				"east": {"uv": [5.25, 4.25, 5.75, 4.75], "texture": "#0"},
				"south": {"uv": [5.25, 4.25, 5.75, 4.75], "texture": "#0"},
				"west": {"uv": [5.25, 4.25, 5.75, 4.75], "texture": "#0"},
				"up": {"uv": [5.25, 4.25, 5.75, 4.75], "texture": "#0"},
				"down": {"uv": [5.25, 4.25, 5.75, 4.75], "texture": "#0"}
			}
		},
		{
			"from": [7.5, 4, 7],
			"to": [8.5, 5, 7.125],
			"faces": {
				"east": {"uv": [4.5, 4.25, 5, 4.75], "texture": "#0"},
				"south": {"uv": [4.5, 4.25, 5, 4.75], "texture": "#0"},
				"west": {"uv": [4.5, 4.25, 5, 4.75], "texture": "#0"},
				"up": {"uv": [4.5, 4.25, 5, 4.75], "texture": "#0"},
				"down": {"uv": [4.5, 4.25, 5, 4.75], "texture": "#0"}
			}
		},
		{
			"from": [7.5, 3.625, 7.125],
			"to": [8.5, 3.75, 7.25],
			"faces": {
				"north": {"uv": [11.25, 6.25, 11.75, 6.75], "texture": "#0"},
				"east": {"uv": [11.25, 6.25, 11.75, 6.75], "texture": "#0"},
				"south": {"uv": [11.25, 6.25, 11.75, 6.75], "texture": "#0"},
				"west": {"uv": [11.25, 6.25, 11.75, 6.75], "texture": "#0"},
				"up": {"uv": [11.25, 6.25, 11.75, 6.75], "texture": "#0"},
				"down": {"uv": [11.25, 6.25, 11.75, 6.75], "texture": "#0"}
			}
		},
		{
			"from": [7.5, 3.875, 7.125],
			"to": [8.5, 4, 7.25],
			"faces": {
				"north": {"uv": [6.25, 3.25, 6.75, 3.75], "texture": "#0"},
				"east": {"uv": [6.25, 3.25, 6.75, 3.75], "texture": "#0"},
				"south": {"uv": [6.25, 3.25, 6.75, 3.75], "texture": "#0"},
				"west": {"uv": [6.25, 3.25, 6.75, 3.75], "texture": "#0"},
				"up": {"uv": [6.25, 3.25, 6.75, 3.75], "texture": "#0"},
				"down": {"uv": [6.25, 3.25, 6.75, 3.75], "texture": "#0"}
			}
		},
		{
			"from": [7.5, 3.75, 7],
			"to": [8.5, 3.875, 7.125],
			"faces": {
				"north": {"uv": [11.25, 6.25, 11.75, 6.75], "texture": "#0"},
				"east": {"uv": [11.25, 6.25, 11.75, 6.75], "texture": "#0"},
				"south": {"uv": [11.25, 6.25, 11.75, 6.75], "texture": "#0"},
				"west": {"uv": [11.25, 6.25, 11.75, 6.75], "texture": "#0"},
				"up": {"uv": [11.25, 6.25, 11.75, 6.75], "texture": "#0"},
				"down": {"uv": [11.25, 6.25, 11.75, 6.75], "texture": "#0"}
			}
		},
		{
			"from": [7.5, 3.75, 7.25],
			"to": [8.5, 3.875, 7.375],
			"faces": {
				"north": {"uv": [6.25, 3.25, 6.75, 3.75], "texture": "#0"},
				"east": {"uv": [6.25, 3.25, 6.75, 3.75], "texture": "#0"},
				"south": {"uv": [6.25, 3.25, 6.75, 3.75], "texture": "#0"},
				"west": {"uv": [6.25, 3.25, 6.75, 3.75], "texture": "#0"},
				"up": {"uv": [6.25, 3.25, 6.75, 3.75], "texture": "#0"},
				"down": {"uv": [6.25, 3.25, 6.75, 3.75], "texture": "#0"}
			}
		},
		{
			"from": [7.5, 3.5, 7.25],
			"to": [8.5, 3.625, 7.375],
			"faces": {
				"north": {"uv": [11.25, 6.25, 11.75, 6.75], "texture": "#0"},
				"east": {"uv": [11.25, 6.25, 11.75, 6.75], "texture": "#0"},
				"south": {"uv": [11.25, 6.25, 11.75, 6.75], "texture": "#0"},
				"west": {"uv": [11.25, 6.25, 11.75, 6.75], "texture": "#0"},
				"up": {"uv": [11.25, 6.25, 11.75, 6.75], "texture": "#0"},
				"down": {"uv": [11.25, 6.25, 11.75, 6.75], "texture": "#0"}
			}
		},
		{
			"from": [7.5, 3.625, 7.375],
			"to": [8.5, 3.75, 7.5],
			"faces": {
				"north": {"uv": [6.25, 3.25, 6.75, 3.75], "texture": "#0"},
				"east": {"uv": [6.25, 3.25, 6.75, 3.75], "texture": "#0"},
				"south": {"uv": [6.25, 3.25, 6.75, 3.75], "texture": "#0"},
				"west": {"uv": [6.25, 3.25, 6.75, 3.75], "texture": "#0"},
				"up": {"uv": [6.25, 3.25, 6.75, 3.75], "texture": "#0"},
				"down": {"uv": [6.25, 3.25, 6.75, 3.75], "texture": "#0"}
			}
		},
		{
			"from": [7.5, 3.375, 7.375],
			"to": [8.5, 3.5, 7.5],
			"faces": {
				"north": {"uv": [11.25, 6.25, 11.75, 6.75], "texture": "#0"},
				"east": {"uv": [11.25, 6.25, 11.75, 6.75], "texture": "#0"},
				"south": {"uv": [11.25, 6.25, 11.75, 6.75], "texture": "#0"},
				"west": {"uv": [11.25, 6.25, 11.75, 6.75], "texture": "#0"},
				"up": {"uv": [11.25, 6.25, 11.75, 6.75], "texture": "#0"},
				"down": {"uv": [11.25, 6.25, 11.75, 6.75], "texture": "#0"}
			}
		},
		{
			"from": [7.5, 3.5, 7.5],
			"to": [8.5, 3.625, 7.625],
			"faces": {
				"north": {"uv": [6.25, 3.25, 6.75, 3.75], "texture": "#0"},
				"east": {"uv": [6.25, 3.25, 6.75, 3.75], "texture": "#0"},
				"west": {"uv": [6.25, 3.25, 6.75, 3.75], "texture": "#0"},
				"up": {"uv": [6.25, 3.25, 6.75, 3.75], "texture": "#0"},
				"down": {"uv": [6.25, 3.25, 6.75, 3.75], "texture": "#0"}
			}
		},
		{
			"from": [7.5, 3.25, 7.5],
			"to": [8.5, 3.375, 7.75],
			"faces": {
				"north": {"uv": [11.25, 6.25, 11.75, 6.75], "texture": "#0"},
				"east": {"uv": [11.25, 6.25, 11.75, 6.75], "texture": "#0"},
				"south": {"uv": [11.25, 6.25, 11.75, 6.75], "texture": "#0"},
				"west": {"uv": [11.25, 6.25, 11.75, 6.75], "texture": "#0"},
				"up": {"uv": [11.25, 6.25, 11.75, 6.75], "texture": "#0"},
				"down": {"uv": [11.25, 6.25, 11.75, 6.75], "texture": "#0"}
			}
		},
		{
			"from": [7.5, 3.5, 7.625],
			"to": [8.5, 4.5, 7.75],
			"faces": {
				"north": {"uv": [4.5, 4.25, 5, 4.75], "texture": "#0"},
				"east": {"uv": [4.5, 4.25, 5, 4.75], "texture": "#0"},
				"west": {"uv": [4.5, 4.25, 5, 4.75], "texture": "#0"},
				"up": {"uv": [4.5, 4.25, 5, 4.75], "texture": "#0"},
				"down": {"uv": [4.5, 4.25, 5, 4.75], "texture": "#0"}
			}
		},
		{
			"from": [7.5, 3.375, 7.75],
			"to": [8.5, 4.625, 7.875],
			"faces": {
				"north": {"uv": [5.25, 4.25, 5.75, 4.75], "texture": "#0"},
				"east": {"uv": [5.25, 4.25, 5.75, 4.75], "texture": "#0"},
				"south": {"uv": [5.25, 4.25, 5.75, 4.75], "texture": "#0"},
				"west": {"uv": [5.25, 4.25, 5.75, 4.75], "texture": "#0"},
				"up": {"uv": [5.25, 4.25, 5.75, 4.75], "texture": "#0"},
				"down": {"uv": [5.25, 4.25, 5.75, 4.75], "texture": "#0"}
			}
		},
		{
			"from": [7.5, 4.5, 7.5],
			"to": [8.5, 4.625, 7.625],
			"faces": {
				"north": {"uv": [6.25, 3.25, 6.75, 3.75], "texture": "#0"},
				"east": {"uv": [6.25, 3.25, 6.75, 3.75], "texture": "#0"},
				"south": {"uv": [6.25, 3.25, 6.75, 3.75], "texture": "#0"},
				"west": {"uv": [6.25, 3.25, 6.75, 3.75], "texture": "#0"},
				"up": {"uv": [6.25, 3.25, 6.75, 3.75], "texture": "#0"},
				"down": {"uv": [6.25, 3.25, 6.75, 3.75], "texture": "#0"}
			}
		},
		{
			"from": [7.5, 4.625, 7.375],
			"to": [8.5, 4.75, 7.5],
			"faces": {
				"north": {"uv": [6.25, 3.25, 6.75, 3.75], "texture": "#0"},
				"east": {"uv": [6.25, 3.25, 6.75, 3.75], "texture": "#0"},
				"south": {"uv": [6.25, 3.25, 6.75, 3.75], "texture": "#0"},
				"west": {"uv": [6.25, 3.25, 6.75, 3.75], "texture": "#0"},
				"up": {"uv": [6.25, 3.25, 6.75, 3.75], "texture": "#0"},
				"down": {"uv": [6.25, 3.25, 6.75, 3.75], "texture": "#0"}
			}
		},
		{
			"from": [7.5, 4.75, 7.25],
			"to": [8.5, 4.875, 7.375],
			"faces": {
				"north": {"uv": [6.25, 3.25, 6.75, 3.75], "texture": "#0"},
				"east": {"uv": [6.25, 3.25, 6.75, 3.75], "texture": "#0"},
				"south": {"uv": [6.25, 3.25, 6.75, 3.75], "texture": "#0"},
				"west": {"uv": [6.25, 3.25, 6.75, 3.75], "texture": "#0"},
				"up": {"uv": [6.25, 3.25, 6.75, 3.75], "texture": "#0"},
				"down": {"uv": [6.25, 3.25, 6.75, 3.75], "texture": "#0"}
			}
		},
		{
			"from": [7.5, 4.875, 7.125],
			"to": [8.5, 5, 7.25],
			"faces": {
				"east": {"uv": [6.25, 3.25, 6.75, 3.75], "texture": "#0"},
				"south": {"uv": [6.25, 3.25, 6.75, 3.75], "texture": "#0"},
				"west": {"uv": [6.25, 3.25, 6.75, 3.75], "texture": "#0"},
				"up": {"uv": [6.25, 3.25, 6.75, 3.75], "texture": "#0"},
				"down": {"uv": [6.25, 3.25, 6.75, 3.75], "texture": "#0"}
			}
		},
		{
			"from": [7.5, 5.125, 7],
			"to": [8.5, 5.25, 7.25],
			"faces": {
				"north": {"uv": [11.25, 6.25, 11.75, 6.75], "texture": "#0"},
				"east": {"uv": [11.25, 6.25, 11.75, 6.75], "texture": "#0"},
				"south": {"uv": [11.25, 6.25, 11.75, 6.75], "texture": "#0"},
				"west": {"uv": [11.25, 6.25, 11.75, 6.75], "texture": "#0"},
				"up": {"uv": [11.25, 6.25, 11.75, 6.75], "texture": "#0"},
				"down": {"uv": [11.25, 6.25, 11.75, 6.75], "texture": "#0"}
			}
		},
		{
			"from": [7.5, 5, 7.25],
			"to": [8.5, 5.125, 7.375],
			"faces": {
				"north": {"uv": [11.25, 6.25, 11.75, 6.75], "texture": "#0"},
				"east": {"uv": [11.25, 6.25, 11.75, 6.75], "texture": "#0"},
				"south": {"uv": [11.25, 6.25, 11.75, 6.75], "texture": "#0"},
				"west": {"uv": [11.25, 6.25, 11.75, 6.75], "texture": "#0"},
				"up": {"uv": [11.25, 6.25, 11.75, 6.75], "texture": "#0"},
				"down": {"uv": [11.25, 6.25, 11.75, 6.75], "texture": "#0"}
			}
		},
		{
			"from": [7.5, 4.875, 7.375],
			"to": [8.5, 5, 7.5],
			"faces": {
				"north": {"uv": [11.25, 6.25, 11.75, 6.75], "texture": "#0"},
				"east": {"uv": [11.25, 6.25, 11.75, 6.75], "texture": "#0"},
				"south": {"uv": [11.25, 6.25, 11.75, 6.75], "texture": "#0"},
				"west": {"uv": [11.25, 6.25, 11.75, 6.75], "texture": "#0"},
				"up": {"uv": [11.25, 6.25, 11.75, 6.75], "texture": "#0"},
				"down": {"uv": [11.25, 6.25, 11.75, 6.75], "texture": "#0"}
			}
		},
		{
			"from": [7.5, 4.75, 7.5],
			"to": [8.5, 4.875, 7.625],
			"faces": {
				"north": {"uv": [11.25, 6.25, 11.75, 6.75], "texture": "#0"},
				"east": {"uv": [11.25, 6.25, 11.75, 6.75], "texture": "#0"},
				"south": {"uv": [11.25, 6.25, 11.75, 6.75], "texture": "#0"},
				"west": {"uv": [11.25, 6.25, 11.75, 6.75], "texture": "#0"},
				"up": {"uv": [11.25, 6.25, 11.75, 6.75], "texture": "#0"},
				"down": {"uv": [11.25, 6.25, 11.75, 6.75], "texture": "#0"}
			}
		},
		{
			"from": [7.5, 4.625, 7.625],
			"to": [8.5, 4.75, 7.75],
			"faces": {
				"north": {"uv": [11.25, 6.25, 11.75, 6.75], "texture": "#0"},
				"east": {"uv": [11.25, 6.25, 11.75, 6.75], "texture": "#0"},
				"south": {"uv": [11.25, 6.25, 11.75, 6.75], "texture": "#0"},
				"west": {"uv": [11.25, 6.25, 11.75, 6.75], "texture": "#0"},
				"up": {"uv": [11.25, 6.25, 11.75, 6.75], "texture": "#0"},
				"down": {"uv": [11.25, 6.25, 11.75, 6.75], "texture": "#0"}
			}
		},
		{
			"from": [7.6, 10.75, 7],
			"to": [8.4, 12.75, 7.25],
			"faces": {
				"north": {"uv": [0.25, 14.5, 0.75, 15], "texture": "#1"},
				"east": {"uv": [0, 14.25, 0.5, 16], "texture": "#1"},
				"south": {"uv": [0, 14.25, 0.5, 16], "texture": "#1"},
				"west": {"uv": [0, 14.25, 0.5, 16], "texture": "#1"},
				"up": {"uv": [0.25, 14.5, 0.75, 15], "texture": "#1"},
				"down": {"uv": [0, 15.5, 0.5, 16], "texture": "#1"}
			}
		},
		{
			"from": [7.6, 10.5, 6.75],
			"to": [8.4, 12.5, 7],
			"faces": {
				"east": {"uv": [0, 14.25, 0.5, 16], "texture": "#1"},
				"south": {"uv": [0, 14.25, 0.5, 16], "texture": "#1"},
				"west": {"uv": [0, 14.25, 0.5, 16], "texture": "#1"},
				"up": {"uv": [0.25, 14.5, 0.75, 15], "texture": "#1"},
				"down": {"uv": [0, 15.5, 0.5, 16], "texture": "#1"}
			}
		},
		{
			"from": [7.5, 9, 6.5],
			"to": [8.5, 12.25, 6.75],
			"faces": {
				"north": {"uv": [0, 0, 0.25, 16], "texture": "#2"},
				"east": {"uv": [0, 0, 0.25, 16], "texture": "#2"},
				"south": {"uv": [0, 0, 0.25, 16], "texture": "#2"},
				"west": {"uv": [0, 0, 0.25, 16], "texture": "#2"},
				"up": {"uv": [0, 0, 0.25, 16], "texture": "#2"}
			}
		},
		{
			"from": [7.75, 7.5, 6],
			"to": [8.25, 7.75, 6.5],
			"faces": {
				"north": {"uv": [0, 8, 5, 11], "texture": "#1"},
				"east": {"uv": [0, 8, 5, 11], "texture": "#1"},
				"south": {"uv": [0, 8, 5, 11], "texture": "#1"},
				"west": {"uv": [0, 8, 5, 11], "texture": "#1"}
			}
		},
		{
			"from": [7.75, 8.5, 6],
			"to": [8.25, 8.75, 6.5],
			"faces": {
				"north": {"uv": [0, 8, 5, 11], "texture": "#1"},
				"east": {"uv": [0, 8, 5, 11], "texture": "#1"},
				"south": {"uv": [0, 8, 5, 11], "texture": "#1"},
				"west": {"uv": [0, 8, 5, 11], "texture": "#1"}
			}
		},
		{
			"from": [7.75, 7.75, 6],
			"to": [8.25, 8.5, 6.5],
			"faces": {
				"north": {"uv": [0, 8, 5, 11], "texture": "#0"},
				"east": {"uv": [0, 8, 5, 11], "texture": "#0"},
				"south": {"uv": [0, 8, 5, 11], "texture": "#0"},
				"west": {"uv": [0, 8, 5, 11], "texture": "#0"}
			}
		},
		{
			"from": [7.5, 8.75, 5.75],
			"to": [8.5, 9, 7],
			"faces": {
				"north": {"uv": [0, 0, 0.25, 16], "texture": "#1"},
				"east": {"uv": [0, 0, 0.25, 16], "texture": "#1"},
				"south": {"uv": [0, 0, 0.25, 16], "texture": "#1"},
				"west": {"uv": [0, 0, 0.25, 16], "texture": "#1"},
				"up": {"uv": [0, 0, 0.25, 16], "texture": "#1"},
				"down": {"uv": [0, 0, 0.25, 16], "texture": "#1"}
			}
		},
		{
			"from": [7.9, 9, 5.875],
			"to": [8.1, 12.25, 6],
			"faces": {
				"north": {"uv": [0, 0, 0.25, 16], "texture": "#1"},
				"east": {"uv": [0, 0, 0.25, 16], "texture": "#1"},
				"west": {"uv": [0, 0, 0.25, 16], "texture": "#1"},
				"up": {"uv": [0, 0, 0.25, 16], "texture": "#1"}
			}
		},
		{
			"from": [7.9, 4, 5.875],
			"to": [8.1, 7.25, 6],
			"faces": {
				"north": {"uv": [0, 0, 0.25, 16], "texture": "#1"},
				"east": {"uv": [0, 0, 0.25, 16], "texture": "#1"},
				"west": {"uv": [0, 0, 0.25, 16], "texture": "#1"},
				"down": {"uv": [0, 0, 0.25, 16], "texture": "#1"}
			}
		},
		{
			"from": [7.5, 7.25, 5.75],
			"to": [8.5, 7.5, 7],
			"faces": {
				"north": {"uv": [0, 0, 0.25, 16], "texture": "#1"},
				"east": {"uv": [0, 0, 0.25, 16], "texture": "#1"},
				"south": {"uv": [0, 0, 0.25, 16], "texture": "#1"},
				"west": {"uv": [0, 0, 0.25, 16], "texture": "#1"},
				"up": {"uv": [0, 0, 0.25, 16], "texture": "#1"},
				"down": {"uv": [0, 0, 0.25, 16], "texture": "#1"}
			}
		},
		{
			"from": [7.5, 11, 8],
			"to": [8.5, 14, 8.25],
			"faces": {
				"north": {"uv": [0, 0, 0.25, 16], "texture": "#1"},
				"east": {"uv": [0, 0, 0.25, 16], "texture": "#1"},
				"south": {"uv": [0, 0, 0.25, 16], "texture": "#1"},
				"west": {"uv": [0, 0, 0.25, 16], "texture": "#1"},
				"up": {"uv": [0, 0, 0.25, 0.75], "texture": "#1"},
				"down": {"uv": [0, 0, 0.25, 0.75], "texture": "#1"}
			}
		},
		{
			"from": [7.5, 2.25, 8],
			"to": [8.5, 5.25, 8.25],
			"faces": {
				"north": {"uv": [0, 0, 0.25, 16], "texture": "#1"},
				"east": {"uv": [0, 0, 0.25, 16], "texture": "#1"},
				"south": {"uv": [0, 0, 0.25, 16], "texture": "#1"},
				"west": {"uv": [0, 0, 0.25, 16], "texture": "#1"},
				"up": {"uv": [0, 0, 0.25, 0.75], "texture": "#1"},
				"down": {"uv": [0, 0, 0.25, 0.75], "texture": "#1"}
			}
		},
		{
			"from": [7.5, 11.75, 8.5],
			"to": [8.5, 13.75, 8.75],
			"faces": {
				"north": {"uv": [0, 0, 0.25, 16], "texture": "#1"},
				"east": {"uv": [0, 0, 0.25, 16], "texture": "#1"},
				"south": {"uv": [0, 0, 0.25, 16], "texture": "#1"},
				"west": {"uv": [0, 0, 0.25, 16], "texture": "#1"},
				"up": {"uv": [0, 0, 0.25, 0.75], "texture": "#1"},
				"down": {"uv": [0, 0, 0.25, 0.75], "texture": "#1"}
			}
		},
		{
			"from": [7.5, 12.5, 9.5],
			"to": [8.5, 13.25, 9.75],
			"faces": {
				"north": {"uv": [0, 0, 0.75, 0.5], "texture": "#1"},
				"east": {"uv": [0, 0, 5, 0.5], "rotation": 180, "texture": "#1"},
				"south": {"uv": [4.25, 0, 5, 0.5], "texture": "#1"},
				"west": {"uv": [0, 0, 5, 0.5], "texture": "#1"},
				"up": {"uv": [0, 0, 5, 0.5], "rotation": 90, "texture": "#1"},
				"down": {"uv": [0, 0, 5, 0.5], "rotation": 270, "texture": "#1"}
			}
		},
		{
			"from": [7.875, 5, 9],
			"to": [8.125, 11.5, 9.25],
			"faces": {
				"north": {"uv": [2, 0, 2.25, 16], "texture": "#1"},
				"east": {"uv": [2, 0, 2.25, 16], "texture": "#1"},
				"south": {"uv": [2, 0, 2.25, 16], "texture": "#1"},
				"west": {"uv": [2, 0, 2.25, 16], "texture": "#1"}
			}
		},
		{
			"from": [7.875, 11.75, 9],
			"to": [8.125, 12.5, 9.25],
			"faces": {
				"north": {"uv": [14, 0, 14.25, 16], "texture": "#0"},
				"east": {"uv": [14, 0, 14.25, 16], "texture": "#0"},
				"south": {"uv": [14, 0, 14.25, 16], "texture": "#0"},
				"west": {"uv": [14, 0, 14.25, 16], "texture": "#0"}
			}
		},
		{
			"from": [7.625, 11.5, 9],
			"to": [8.375, 11.75, 9.25],
			"faces": {
				"north": {"uv": [0, 0, 1, 1], "texture": "#1"},
				"east": {"uv": [0, 0, 1, 1], "texture": "#1"},
				"south": {"uv": [0, 0, 1, 1], "texture": "#1"},
				"west": {"uv": [0, 0, 1, 1], "texture": "#1"},
				"up": {"uv": [0, 0, 1, 1], "texture": "#1"},
				"down": {"uv": [0, 0, 1, 1], "texture": "#1"}
			}
		},
		{
			"from": [7.625, 14, 9],
			"to": [8.375, 14.25, 9.25],
			"faces": {
				"north": {"uv": [0, 0, 1, 1], "texture": "#1"},
				"east": {"uv": [0, 0, 1, 1], "texture": "#1"},
				"south": {"uv": [0, 0, 1, 1], "texture": "#1"},
				"west": {"uv": [0, 0, 1, 1], "texture": "#1"},
				"up": {"uv": [0, 0, 1, 1], "texture": "#1"},
				"down": {"uv": [0, 0, 1, 1], "texture": "#1"}
			}
		},
		{
			"from": [8.25, 11.75, 9.075],
			"to": [8.35, 12.5, 9.175],
			"faces": {
				"north": {"uv": [14, 0, 14.25, 16], "texture": "#0"},
				"east": {"uv": [14, 0, 14.25, 16], "texture": "#0"},
				"south": {"uv": [14, 0, 14.25, 16], "texture": "#0"},
				"west": {"uv": [14, 0, 14.25, 16], "texture": "#0"}
			}
		},
		{
			"from": [7.65, 11.75, 9.075],
			"to": [7.75, 12.5, 9.175],
			"faces": {
				"north": {"uv": [14, 0, 14.25, 16], "texture": "#0"},
				"east": {"uv": [14, 0, 14.25, 16], "texture": "#0"},
				"south": {"uv": [14, 0, 14.25, 16], "texture": "#0"},
				"west": {"uv": [14, 0, 14.25, 16], "texture": "#0"}
			}
		},
		{
			"from": [7.75, 12, 9.075],
			"to": [8.25, 12.1, 9.175],
			"faces": {
				"north": {"uv": [14, 14, 14.75, 16], "texture": "#0"},
				"south": {"uv": [14, 14, 14.75, 16], "texture": "#0"},
				"up": {"uv": [14, 14, 14.75, 16], "texture": "#0"},
				"down": {"uv": [14, 14, 14.75, 16], "texture": "#0"}
			}
		},
		{
			"from": [7.65, 13.25, 9.075],
			"to": [7.75, 14, 9.175],
			"faces": {
				"north": {"uv": [14, 0, 14.25, 16], "texture": "#0"},
				"east": {"uv": [14, 0, 14.25, 16], "texture": "#0"},
				"south": {"uv": [14, 0, 14.25, 16], "texture": "#0"},
				"west": {"uv": [14, 0, 14.25, 16], "texture": "#0"}
			}
		},
		{
			"from": [7.875, 13.25, 9],
			"to": [8.125, 14, 9.25],
			"faces": {
				"north": {"uv": [14, 0, 14.25, 16], "texture": "#0"},
				"east": {"uv": [14, 0, 14.25, 16], "texture": "#0"},
				"south": {"uv": [14, 0, 14.25, 16], "texture": "#0"},
				"west": {"uv": [14, 0, 14.25, 16], "texture": "#0"}
			}
		},
		{
			"from": [8.25, 13.25, 9.075],
			"to": [8.35, 14, 9.175],
			"faces": {
				"north": {"uv": [14, 0, 14.25, 16], "texture": "#0"},
				"east": {"uv": [14, 0, 14.25, 16], "texture": "#0"},
				"south": {"uv": [14, 0, 14.25, 16], "texture": "#0"},
				"west": {"uv": [14, 0, 14.25, 16], "texture": "#0"}
			}
		},
		{
			"from": [7.75, 13.5, 9.075],
			"to": [8.25, 13.6, 9.175],
			"faces": {
				"north": {"uv": [14, 14, 14.75, 16], "texture": "#0"},
				"south": {"uv": [14, 14, 14.75, 16], "texture": "#0"},
				"up": {"uv": [14, 14, 14.75, 16], "texture": "#0"},
				"down": {"uv": [14, 14, 14.75, 16], "texture": "#0"}
			}
		},
		{
			"from": [7.625, 4.75, 9],
			"to": [8.375, 5, 9.25],
			"faces": {
				"north": {"uv": [0, 0, 1, 1], "texture": "#1"},
				"east": {"uv": [0, 0, 1, 1], "texture": "#1"},
				"south": {"uv": [0, 0, 1, 1], "texture": "#1"},
				"west": {"uv": [0, 0, 1, 1], "texture": "#1"},
				"up": {"uv": [0, 0, 1, 1], "texture": "#1"},
				"down": {"uv": [0, 0, 1, 1], "texture": "#1"}
			}
		},
		{
			"from": [7.65, 4, 9.075],
			"to": [7.75, 4.75, 9.175],
			"faces": {
				"north": {"uv": [14, 0, 14.25, 16], "texture": "#0"},
				"east": {"uv": [14, 0, 14.25, 16], "texture": "#0"},
				"south": {"uv": [14, 0, 14.25, 16], "texture": "#0"},
				"west": {"uv": [14, 0, 14.25, 16], "texture": "#0"}
			}
		},
		{
			"from": [7.875, 4, 9],
			"to": [8.125, 4.75, 9.25],
			"faces": {
				"north": {"uv": [14, 0, 14.25, 16], "texture": "#0"},
				"east": {"uv": [14, 0, 14.25, 16], "texture": "#0"},
				"south": {"uv": [14, 0, 14.25, 16], "texture": "#0"},
				"west": {"uv": [14, 0, 14.25, 16], "texture": "#0"}
			}
		},
		{
			"from": [8.25, 4, 9.075],
			"to": [8.35, 4.75, 9.175],
			"faces": {
				"north": {"uv": [14, 0, 14.25, 16], "texture": "#0"},
				"east": {"uv": [14, 0, 14.25, 16], "texture": "#0"},
				"south": {"uv": [14, 0, 14.25, 16], "texture": "#0"},
				"west": {"uv": [14, 0, 14.25, 16], "texture": "#0"}
			}
		},
		{
			"from": [7.75, 4.25, 9.075],
			"to": [8.25, 4.35, 9.175],
			"faces": {
				"north": {"uv": [14, 14, 14.75, 16], "texture": "#0"},
				"south": {"uv": [14, 14, 14.75, 16], "texture": "#0"},
				"up": {"uv": [14, 14, 14.75, 16], "texture": "#0"},
				"down": {"uv": [14, 14, 14.75, 16], "texture": "#0"}
			}
		},
		{
			"from": [8.25, 2.5, 9.075],
			"to": [8.35, 3.25, 9.175],
			"faces": {
				"north": {"uv": [14, 0, 14.25, 16], "texture": "#0"},
				"east": {"uv": [14, 0, 14.25, 16], "texture": "#0"},
				"south": {"uv": [14, 0, 14.25, 16], "texture": "#0"},
				"west": {"uv": [14, 0, 14.25, 16], "texture": "#0"}
			}
		},
		{
			"from": [7.875, 2.5, 9],
			"to": [8.125, 3.25, 9.25],
			"faces": {
				"north": {"uv": [14, 0, 14.25, 16], "texture": "#0"},
				"east": {"uv": [14, 0, 14.25, 16], "texture": "#0"},
				"south": {"uv": [14, 0, 14.25, 16], "texture": "#0"},
				"west": {"uv": [14, 0, 14.25, 16], "texture": "#0"}
			}
		},
		{
			"from": [7.65, 2.5, 9.075],
			"to": [7.75, 3.25, 9.175],
			"faces": {
				"north": {"uv": [14, 0, 14.25, 16], "texture": "#0"},
				"east": {"uv": [14, 0, 14.25, 16], "texture": "#0"},
				"south": {"uv": [14, 0, 14.25, 16], "texture": "#0"},
				"west": {"uv": [14, 0, 14.25, 16], "texture": "#0"}
			}
		},
		{
			"from": [7.625, 2.25, 9],
			"to": [8.375, 2.5, 9.25],
			"faces": {
				"north": {"uv": [0, 0, 1, 1], "texture": "#1"},
				"east": {"uv": [0, 0, 1, 1], "texture": "#1"},
				"south": {"uv": [0, 0, 1, 1], "texture": "#1"},
				"west": {"uv": [0, 0, 1, 1], "texture": "#1"},
				"up": {"uv": [0, 0, 1, 1], "texture": "#1"},
				"down": {"uv": [0, 0, 1, 1], "texture": "#1"}
			}
		},
		{
			"from": [7.75, 2.75, 9.075],
			"to": [8.25, 2.85, 9.175],
			"faces": {
				"north": {"uv": [14, 14, 14.75, 16], "texture": "#0"},
				"south": {"uv": [14, 14, 14.75, 16], "texture": "#0"},
				"up": {"uv": [14, 14, 14.75, 16], "texture": "#0"},
				"down": {"uv": [14, 14, 14.75, 16], "texture": "#0"}
			}
		},
		{
			"from": [7.6, 13, 8.25],
			"to": [8.4, 13.25, 8.5],
			"faces": {
				"east": {"uv": [0, 0, 0.25, 16], "texture": "#1"},
				"west": {"uv": [0, 0, 0.25, 16], "texture": "#1"},
				"up": {"uv": [0, 0, 0.25, 0.75], "texture": "#1"},
				"down": {"uv": [0, 0, 0.25, 0.75], "texture": "#1"}
			}
		},
		{
			"from": [7.6, 12.25, 8.25],
			"to": [8.4, 12.5, 8.5],
			"faces": {
				"east": {"uv": [0, 0, 0.25, 16], "texture": "#1"},
				"west": {"uv": [0, 0, 0.25, 16], "texture": "#1"},
				"up": {"uv": [0, 0, 0.25, 0.75], "texture": "#1"},
				"down": {"uv": [0, 0, 0.25, 0.75], "texture": "#1"}
			}
		},
		{
			"from": [7.6, 13, 8.75],
			"to": [8.4, 13.25, 9.5],
			"faces": {
				"east": {"uv": [0, 0, 0.25, 16], "texture": "#1"},
				"west": {"uv": [0, 0, 0.25, 16], "texture": "#1"},
				"up": {"uv": [0, 0, 0.25, 0.75], "texture": "#1"},
				"down": {"uv": [0, 0, 0.25, 0.75], "texture": "#1"}
			}
		},
		{
			"from": [7.6, 12.5, 8.75],
			"to": [8.4, 12.75, 9.5],
			"faces": {
				"east": {"uv": [0, 0, 0.25, 16], "texture": "#1"},
				"west": {"uv": [0, 0, 0.25, 16], "texture": "#1"},
				"up": {"uv": [0, 0, 0.25, 0.75], "texture": "#1"},
				"down": {"uv": [0, 0, 0.25, 0.75], "texture": "#1"}
			}
		},
		{
			"from": [7.75, 12, 8.25],
			"to": [8.25, 13.5, 8.5],
			"faces": {
				"east": {"uv": [14, 0, 15, 16], "texture": "#0"},
				"west": {"uv": [14, 0, 15, 16], "texture": "#0"},
				"up": {"uv": [14, 0, 15, 0.75], "texture": "#0"},
				"down": {"uv": [14, 15.5, 15, 16], "texture": "#0"}
			}
		},
		{
			"from": [7.75, 12.75, 8.75],
			"to": [8.25, 13, 9.5],
			"faces": {
				"east": {"uv": [0, 0, 16, 1], "texture": "#1"},
				"west": {"uv": [0, 0, 16, 1], "texture": "#1"}
			}
		},
		{
			"from": [7.75, 2.75, 8.25],
			"to": [8.25, 4.25, 8.5],
			"faces": {
				"east": {"uv": [14, 0, 15, 16], "texture": "#0"},
				"west": {"uv": [14, 0, 15, 16], "texture": "#0"},
				"up": {"uv": [14, 0, 15, 0.75], "texture": "#0"},
				"down": {"uv": [14, 15.5, 15, 16], "texture": "#0"}
			}
		},
		{
			"from": [7.6, 3.75, 8.25],
			"to": [8.4, 4, 8.5],
			"faces": {
				"east": {"uv": [0, 0, 0.25, 16], "texture": "#1"},
				"west": {"uv": [0, 0, 0.25, 16], "texture": "#1"},
				"up": {"uv": [0, 0, 0.25, 0.75], "texture": "#1"},
				"down": {"uv": [0, 0, 0.25, 0.75], "texture": "#1"}
			}
		},
		{
			"from": [7.6, 3, 8.25],
			"to": [8.4, 3.25, 8.5],
			"faces": {
				"east": {"uv": [0, 0, 0.25, 16], "texture": "#1"},
				"west": {"uv": [0, 0, 0.25, 16], "texture": "#1"},
				"up": {"uv": [0, 0, 0.25, 0.75], "texture": "#1"},
				"down": {"uv": [0, 0, 0.25, 0.75], "texture": "#1"}
			}
		},
		{
			"from": [7.6, 3.25, 8.75],
			"to": [8.4, 3.5, 9.5],
			"faces": {
				"east": {"uv": [0, 0, 0.25, 16], "texture": "#1"},
				"west": {"uv": [0, 0, 0.25, 16], "texture": "#1"},
				"up": {"uv": [0, 0, 0.25, 0.75], "texture": "#1"},
				"down": {"uv": [0, 0, 0.25, 0.75], "texture": "#1"}
			}
		},
		{
			"from": [7.6, 3.75, 8.75],
			"to": [8.4, 4, 9.5],
			"faces": {
				"east": {"uv": [0, 0, 0.25, 16], "texture": "#1"},
				"west": {"uv": [0, 0, 0.25, 16], "texture": "#1"},
				"up": {"uv": [0, 0, 0.25, 0.75], "texture": "#1"},
				"down": {"uv": [0, 0, 0.25, 0.75], "texture": "#1"}
			}
		},
		{
			"from": [7.5, 2.5, 8.5],
			"to": [8.5, 4.5, 8.75],
			"faces": {
				"north": {"uv": [0, 0, 0.25, 16], "texture": "#1"},
				"east": {"uv": [0, 0, 0.25, 16], "texture": "#1"},
				"south": {"uv": [0, 0, 0.25, 16], "texture": "#1"},
				"west": {"uv": [0, 0, 0.25, 16], "texture": "#1"},
				"up": {"uv": [0, 0, 0.25, 0.75], "texture": "#1"},
				"down": {"uv": [0, 0, 0.25, 0.75], "texture": "#1"}
			}
		},
		{
			"from": [7.75, 3.5, 8.75],
			"to": [8.25, 3.75, 9.5],
			"faces": {
				"east": {"uv": [0, 0, 16, 1], "texture": "#1"},
				"west": {"uv": [0, 0, 16, 1], "texture": "#1"}
			}
		},
		{
			"from": [7.5, 3.25, 9.5],
			"to": [8.5, 4, 9.75],
			"faces": {
				"north": {"uv": [0, 0, 0.75, 0.5], "texture": "#1"},
				"east": {"uv": [0, 0, 5, 0.5], "rotation": 180, "texture": "#1"},
				"south": {"uv": [4.25, 0, 5, 0.5], "texture": "#1"},
				"west": {"uv": [0, 0, 5, 0.5], "texture": "#1"},
				"up": {"uv": [0, 0, 5, 0.5], "rotation": 90, "texture": "#1"},
				"down": {"uv": [0, 0, 5, 0.5], "rotation": 270, "texture": "#1"}
			}
		},
		{
			"from": [7.7, 9, 6],
			"to": [8.3, 12.25, 6.25],
			"faces": {
				"north": {"uv": [0, 0, 0.25, 16], "texture": "#2"},
				"east": {"uv": [0, 0, 0.25, 16], "texture": "#2"},
				"west": {"uv": [0, 0, 0.25, 16], "texture": "#2"},
				"up": {"uv": [0, 0, 0.25, 16], "texture": "#2"}
			}
		},
		{
			"from": [7.6, 9, 6.25],
			"to": [8.4, 12.25, 6.5],
			"faces": {
				"north": {"uv": [5, 7.25, 4.25, 7.75], "texture": "#0"},
				"east": {"uv": [5, 7.25, 0, 7.75], "rotation": 180, "texture": "#0"},
				"west": {"uv": [5, 7.25, 0, 7.75], "texture": "#0"},
				"up": {"uv": [0, 7.75, 5, 7.25], "rotation": 270, "texture": "#0"}
			}
		},
		{
			"from": [7.5, 4, 6.5],
			"to": [8.5, 7.25, 6.75],
			"faces": {
				"north": {"uv": [0, 0, 0.25, 16], "texture": "#2"},
				"east": {"uv": [0, 0, 0.25, 16], "texture": "#2"},
				"south": {"uv": [0, 0, 0.25, 16], "texture": "#2"},
				"west": {"uv": [0, 0, 0.25, 16], "texture": "#2"},
				"down": {"uv": [0, 0, 0.25, 16], "texture": "#2"}
			}
		},
		{
			"from": [7.6, 3.5, 6.5],
			"to": [8.4, 4, 6.75],
			"faces": {
				"north": {"uv": [0, 0, 0.25, 16], "texture": "#2"},
				"east": {"uv": [0, 0, 0.25, 16], "texture": "#2"},
				"south": {"uv": [0, 0, 0.25, 16], "texture": "#2"},
				"west": {"uv": [0, 0, 0.25, 16], "texture": "#2"},
				"down": {"uv": [0, 0, 0.25, 16], "texture": "#2"}
			}
		},
		{
			"from": [7.7, 3.25, 6.5],
			"to": [8.3, 3.5, 6.75],
			"faces": {
				"north": {"uv": [0, 0, 0.25, 16], "texture": "#2"},
				"east": {"uv": [0, 0, 0.25, 16], "texture": "#2"},
				"south": {"uv": [0, 0, 0.25, 16], "texture": "#2"},
				"west": {"uv": [0, 0, 0.25, 16], "texture": "#2"},
				"down": {"uv": [0, 0, 0.25, 16], "texture": "#2"}
			}
		},
		{
			"from": [7.8, 3, 6.5],
			"to": [8.2, 3.25, 6.75],
			"faces": {
				"north": {"uv": [0, 0, 0.25, 16], "texture": "#2"},
				"east": {"uv": [0, 0, 0.25, 16], "texture": "#2"},
				"south": {"uv": [0, 0, 0.25, 16], "texture": "#2"},
				"west": {"uv": [0, 0, 0.25, 16], "texture": "#2"},
				"down": {"uv": [0, 0, 0.25, 16], "texture": "#2"}
			}
		},
		{
			"from": [7.9, 2.75, 6.5],
			"to": [8.1, 3, 6.75],
			"faces": {
				"north": {"uv": [0, 0, 0.25, 16], "texture": "#2"},
				"east": {"uv": [0, 0, 0.25, 16], "texture": "#2"},
				"south": {"uv": [0, 0, 0.25, 16], "texture": "#2"},
				"west": {"uv": [0, 0, 0.25, 16], "texture": "#2"},
				"down": {"uv": [0, 0, 0.25, 16], "texture": "#2"}
			}
		},
		{
			"from": [7.6, 4, 6.25],
			"to": [8.4, 7.25, 6.5],
			"faces": {
				"north": {"uv": [5, 7.25, 4.25, 7.75], "texture": "#0"},
				"east": {"uv": [5, 7.25, 0, 7.75], "rotation": 180, "texture": "#0"},
				"west": {"uv": [5, 7.25, 0, 7.75], "texture": "#0"},
				"down": {"uv": [0, 7.75, 5, 7.25], "rotation": 90, "texture": "#0"}
			}
		},
		{
			"from": [7.7, 3.5, 6.25],
			"to": [8.3, 4, 6.5],
			"faces": {
				"north": {"uv": [5, 7.25, 4.25, 7.75], "texture": "#0"},
				"east": {"uv": [5, 7.25, 0, 7.75], "rotation": 180, "texture": "#0"},
				"west": {"uv": [5, 7.25, 0, 7.75], "texture": "#0"},
				"down": {"uv": [0, 7.75, 5, 7.25], "rotation": 90, "texture": "#0"}
			}
		},
		{
			"from": [7.8, 3.25, 6.25],
			"to": [8.2, 3.5, 6.5],
			"faces": {
				"north": {"uv": [5, 7.25, 4.25, 7.75], "texture": "#0"},
				"east": {"uv": [5, 7.25, 0, 7.75], "rotation": 180, "texture": "#0"},
				"west": {"uv": [5, 7.25, 0, 7.75], "texture": "#0"},
				"down": {"uv": [0, 7.75, 5, 7.25], "rotation": 90, "texture": "#0"}
			}
		},
		{
			"from": [7.9, 3, 6.25],
			"to": [8.1, 3.25, 6.5],
			"faces": {
				"north": {"uv": [5, 7.25, 4.25, 7.75], "texture": "#0"},
				"east": {"uv": [5, 7.25, 0, 7.75], "rotation": 180, "texture": "#0"},
				"west": {"uv": [5, 7.25, 0, 7.75], "texture": "#0"},
				"down": {"uv": [0, 7.75, 5, 7.25], "rotation": 90, "texture": "#0"}
			}
		},
		{
			"from": [7.7, 4, 6],
			"to": [8.3, 7.25, 6.25],
			"faces": {
				"north": {"uv": [0, 0, 0.25, 16], "texture": "#2"},
				"east": {"uv": [0, 0, 0.25, 16], "texture": "#2"},
				"west": {"uv": [0, 0, 0.25, 16], "texture": "#2"},
				"down": {"uv": [0, 0, 0.25, 16], "texture": "#2"}
			}
		},
		{
			"from": [7.8, 3.5, 6],
			"to": [8.2, 4, 6.25],
			"faces": {
				"north": {"uv": [0, 0, 0.25, 16], "texture": "#2"},
				"east": {"uv": [0, 0, 0.25, 16], "texture": "#2"},
				"west": {"uv": [0, 0, 0.25, 16], "texture": "#2"},
				"down": {"uv": [0, 0, 0.25, 16], "texture": "#2"}
			}
		},
		{
			"from": [7.9, 3.25, 6],
			"to": [8.1, 3.5, 6.25],
			"faces": {
				"north": {"uv": [0, 0, 0.25, 16], "texture": "#2"},
				"east": {"uv": [0, 0, 0.25, 16], "texture": "#2"},
				"west": {"uv": [0, 0, 0.25, 16], "texture": "#2"},
				"down": {"uv": [0, 0, 0.25, 16], "texture": "#2"}
			}
		},
		{
			"from": [7.7, 12.25, 6.25],
			"to": [8.3, 12.75, 6.5],
			"faces": {
				"north": {"uv": [5, 7.25, 4.25, 7.75], "texture": "#0"},
				"east": {"uv": [5, 7.25, 0, 7.75], "rotation": 180, "texture": "#0"},
				"west": {"uv": [5, 7.25, 0, 7.75], "texture": "#0"},
				"up": {"uv": [0, 7.75, 5, 7.25], "rotation": 270, "texture": "#0"}
			}
		},
		{
			"from": [7.6, 12.25, 6.5],
			"to": [8.4, 12.75, 6.75],
			"faces": {
				"north": {"uv": [0, 0, 0.25, 16], "texture": "#2"},
				"east": {"uv": [0, 0, 0.25, 16], "texture": "#2"},
				"south": {"uv": [0, 0, 0.25, 16], "texture": "#2"},
				"west": {"uv": [0, 0, 0.25, 16], "texture": "#2"},
				"up": {"uv": [0, 0, 0.25, 16], "texture": "#2"}
			}
		},
		{
			"from": [7.8, 12.25, 6],
			"to": [8.2, 12.75, 6.25],
			"faces": {
				"north": {"uv": [0, 0, 0.25, 16], "texture": "#2"},
				"east": {"uv": [0, 0, 0.25, 16], "texture": "#2"},
				"west": {"uv": [0, 0, 0.25, 16], "texture": "#2"},
				"up": {"uv": [0, 0, 0.25, 16], "texture": "#2"}
			}
		},
		{
			"from": [7.9, 12.75, 6],
			"to": [8.1, 13, 6.25],
			"faces": {
				"north": {"uv": [0, 0, 0.25, 16], "texture": "#2"},
				"east": {"uv": [0, 0, 0.25, 16], "texture": "#2"},
				"west": {"uv": [0, 0, 0.25, 16], "texture": "#2"},
				"up": {"uv": [0, 0, 0.25, 16], "texture": "#2"}
			}
		},
		{
			"from": [7.8, 12.75, 6.25],
			"to": [8.2, 13, 6.5],
			"faces": {
				"north": {"uv": [5, 7.25, 4.25, 7.75], "texture": "#0"},
				"east": {"uv": [5, 7.25, 0, 7.75], "rotation": 180, "texture": "#0"},
				"west": {"uv": [5, 7.25, 0, 7.75], "texture": "#0"},
				"up": {"uv": [0, 7.75, 5, 7.25], "rotation": 270, "texture": "#0"}
			}
		},
		{
			"from": [7.7, 12.75, 6.5],
			"to": [8.3, 13, 6.75],
			"faces": {
				"north": {"uv": [0, 0, 0.25, 16], "texture": "#2"},
				"east": {"uv": [0, 0, 0.25, 16], "texture": "#2"},
				"south": {"uv": [0, 0, 0.25, 16], "texture": "#2"},
				"west": {"uv": [0, 0, 0.25, 16], "texture": "#2"},
				"up": {"uv": [0, 0, 0.25, 16], "texture": "#2"}
			}
		},
		{
			"from": [7.8, 13, 6.5],
			"to": [8.2, 13.25, 6.75],
			"faces": {
				"north": {"uv": [0, 0, 0.25, 16], "texture": "#2"},
				"east": {"uv": [0, 0, 0.25, 16], "texture": "#2"},
				"south": {"uv": [0, 0, 0.25, 16], "texture": "#2"},
				"west": {"uv": [0, 0, 0.25, 16], "texture": "#2"},
				"up": {"uv": [0, 0, 0.25, 16], "texture": "#2"}
			}
		},
		{
			"from": [7.9, 13, 6.25],
			"to": [8.1, 13.25, 6.5],
			"faces": {
				"north": {"uv": [5, 7.25, 4.25, 7.75], "texture": "#0"},
				"east": {"uv": [5, 7.25, 0, 7.75], "rotation": 180, "texture": "#0"},
				"west": {"uv": [5, 7.25, 0, 7.75], "texture": "#0"},
				"up": {"uv": [0, 7.75, 5, 7.25], "rotation": 270, "texture": "#0"}
			}
		},
		{
			"from": [7.9, 13.25, 6.5],
			"to": [8.1, 13.5, 6.75],
			"faces": {
				"north": {"uv": [0, 0, 0.25, 16], "texture": "#2"},
				"east": {"uv": [0, 0, 0.25, 16], "texture": "#2"},
				"south": {"uv": [0, 0, 0.25, 16], "texture": "#2"},
				"west": {"uv": [0, 0, 0.25, 16], "texture": "#2"},
				"up": {"uv": [0, 0, 0.25, 16], "texture": "#2"}
			}
		},
		{
			"from": [7.6, 11.25, 7.5],
			"to": [8.4, 13.25, 7.75],
			"faces": {
				"north": {"uv": [0.25, 14.5, 0.75, 15], "texture": "#1"},
				"east": {"uv": [0, 14.25, 0.5, 16], "texture": "#1"},
				"south": {"uv": [0, 14.25, 0.5, 16], "texture": "#1"},
				"west": {"uv": [0, 14.25, 0.5, 16], "texture": "#1"},
				"up": {"uv": [0.25, 14.5, 0.75, 15], "texture": "#1"},
				"down": {"uv": [0, 15.5, 0.5, 16], "texture": "#1"}
			}
		},
		{
			"from": [7.6, 11.5, 7.75],
			"to": [8.4, 13.5, 8],
			"faces": {
				"north": {"uv": [0.25, 14.5, 0.75, 15], "texture": "#1"},
				"east": {"uv": [0, 14.25, 0.5, 16], "texture": "#1"},
				"west": {"uv": [0, 14.25, 0.5, 16], "texture": "#1"},
				"up": {"uv": [0.25, 14.5, 0.75, 15], "texture": "#1"},
				"down": {"uv": [0, 15.5, 0.5, 16], "texture": "#1"}
			}
		},
		{
			"from": [7.6, 3.75, 6.75],
			"to": [8.4, 5.75, 7],
			"faces": {
				"east": {"uv": [0, 14.25, 0.5, 16], "rotation": 180, "texture": "#1"},
				"south": {"uv": [0, 15.5, 0.5, 16], "texture": "#1"},
				"west": {"uv": [0, 14.25, 0.5, 16], "rotation": 180, "texture": "#1"},
				"up": {"uv": [0, 15.5, 0.5, 16], "texture": "#1"},
				"down": {"uv": [0.25, 14.5, 0.75, 15], "texture": "#1"}
			}
		},
		{
			"from": [7.6, 3.5, 7],
			"to": [8.4, 5.5, 7.25],
			"faces": {
				"north": {"uv": [0.25, 14.5, 0.75, 15], "texture": "#1"},
				"east": {"uv": [0, 14.25, 0.5, 16], "rotation": 180, "texture": "#1"},
				"south": {"uv": [0, 15.5, 0.5, 16], "texture": "#1"},
				"west": {"uv": [0, 14.25, 0.5, 16], "rotation": 180, "texture": "#1"},
				"up": {"uv": [0, 15.5, 0.5, 16], "texture": "#1"},
				"down": {"uv": [0.25, 14.5, 0.75, 15], "texture": "#1"}
			}
		},
		{
			"from": [7.6, 3.25, 7.25],
			"to": [8.4, 5.25, 7.5],
			"faces": {
				"north": {"uv": [0.25, 14.5, 0.75, 15], "texture": "#1"},
				"east": {"uv": [0, 14.25, 0.5, 16], "rotation": 180, "texture": "#1"},
				"south": {"uv": [0, 15.5, 0.5, 16], "texture": "#1"},
				"west": {"uv": [0, 14.25, 0.5, 16], "rotation": 180, "texture": "#1"},
				"up": {"uv": [0, 15.5, 0.5, 16], "texture": "#1"},
				"down": {"uv": [0.25, 14.5, 0.75, 15], "texture": "#1"}
			}
		},
		{
			"from": [7.6, 3, 7.5],
			"to": [8.4, 5, 7.75],
			"faces": {
				"north": {"uv": [0.25, 14.5, 0.75, 15], "texture": "#1"},
				"east": {"uv": [0, 14.25, 0.5, 16], "rotation": 180, "texture": "#1"},
				"south": {"uv": [0, 15.5, 0.5, 16], "texture": "#1"},
				"west": {"uv": [0, 14.25, 0.5, 16], "rotation": 180, "texture": "#1"},
				"up": {"uv": [0, 15.5, 0.5, 16], "texture": "#1"},
				"down": {"uv": [0.25, 14.5, 0.75, 15], "texture": "#1"}
			}
		},
		{
			"from": [7.6, 2.75, 7.75],
			"to": [8.4, 4.75, 8],
			"faces": {
				"north": {"uv": [0.25, 14.5, 0.75, 15], "texture": "#1"},
				"east": {"uv": [0, 14.25, 0.5, 16], "rotation": 180, "texture": "#1"},
				"west": {"uv": [0, 14.25, 0.5, 16], "rotation": 180, "texture": "#1"},
				"up": {"uv": [0, 15.5, 0.5, 16], "texture": "#1"},
				"down": {"uv": [0.25, 14.5, 0.75, 15], "texture": "#1"}
			}
		}
	],
	"display": {
		"thirdperson_righthand": {
			"translation": [0, -2, 3.75],
			"scale": [2, 2, 2]
		},
		"thirdperson_lefthand": {
			"translation": [0, -2, 3.75],
			"scale": [2, 2, 2]
		},
		"firstperson_righthand": {
			"translation": [3.25, 6, -1.75],
			"scale": [2, 2, 2]
		},
		"firstperson_lefthand": {
			"translation": [3.25, 6, -1.75],
			"scale": [2, 2, 2]
		},
		"ground": {
			"rotation": [0, 0, 90],
			"scale": [3, 3, 3]
		},
		"gui": {
			"rotation": [0, 90, 0],
			"scale": [3, 3, 3]
		},
		"head": {
			"scale": [2, 2, 2]
		},
		"fixed": {
			"rotation": [0, -90, 0],
			"scale": [3, 3, 3]
		}
	},
	"groups": [
		{
			"name": "group",
			"origin": [0, 0, 0],
			"color": 0,
			"children": [
				0,
				1,
				2,
				3,
				4,
				5,
				6,
				7,
				8,
				9,
				10,
				11,
				12,
				13,
				14,
				15,
				16,
				17,
				18,
				19,
				20,
				21,
				22,
				23,
				24,
				25,
				26,
				27,
				28,
				29,
				30,
				31,
				32,
				33,
				34,
				35,
				36,
				37,
				38,
				39,
				40,
				41,
				42,
				43,
				44,
				45,
				46,
				47,
				48,
				49,
				50,
				51,
				52,
				53,
				54,
				55,
				56,
				57,
				58,
				59,
				60,
				61,
				62,
				63,
				64,
				65,
				66,
				67,
				68,
				69,
				70,
				71,
				72,
				73,
				74,
				75,
				76,
				77,
				78,
				79,
				80,
				81,
				82,
				83,
				84,
				85,
				86,
				87,
				88,
				89,
				90,
				91,
				92,
				93,
				94,
				95,
				96,
				97,
				98,
				99,
				100,
				101,
				102,
				103,
				104,
				105,
				106,
				107,
				108,
				109,
				110,
				111,
				112,
				113,
				114,
				115,
				116,
				117,
				118,
				119,
				120,
				121,
				122,
				123
			]
		}
	]
}