{
	"credit": "Made with Blockbench",
	"textures": {
		"0": "item/cit/gold",
		"1": "item/cit/stone3",
		"2": "item/cit/diamond",
		"3": "item/cit/stone2",
		"4": "item/cit/graygarasu",
		"5": "item/cit/pinkdia",
		"6": "item/cit/ana",
		"7": "item/cit/chunithmsun",
		"8": "item/cit/ongekigarasu",
		"particle": "item/cit/gold"
	},
	"elements": [
		{
			"from": [1, 0.5, 3],
			"to": [2.25, 1, 7],
			"rotation": {"angle": 0, "axis": "y", "origin": [0, 0, 1]},
			"faces": {
				"north": {"uv": [1, 8, 1.75, 10.75], "texture": "#1"},
				"east": {"uv": [1, 8, 1.75, 10.75], "texture": "#1"},
				"west": {"uv": [1, 8, 1.75, 10.75], "texture": "#1"},
				"up": {"uv": [1, 8, 1.75, 10.75], "texture": "#1"}
			}
		},
		{
			"from": [1, 0, 3],
			"to": [2.25, 0.5, 3.5],
			"rotation": {"angle": 0, "axis": "y", "origin": [0, 0, 1]},
			"faces": {
				"north": {"uv": [1, 8, 1.75, 10.75], "texture": "#1"},
				"east": {"uv": [1, 8, 1.75, 10.75], "texture": "#1"},
				"west": {"uv": [1, 8, 1.75, 10.75], "texture": "#1"},
				"down": {"uv": [1, 8, 1.75, 10.75], "texture": "#1"}
			}
		},
		{
			"from": [1, 0, 3.5],
			"to": [2.25, 0.5, 7],
			"rotation": {"angle": 0, "axis": "y", "origin": [0, 0, 1]},
			"faces": {
				"east": {"uv": [0.25, 7.25, 0.25, 7.25], "texture": "#1"},
				"west": {"uv": [0.25, 7.25, 0.25, 7.25], "texture": "#1"},
				"down": {"uv": [0.25, 7.25, 0.25, 7.25], "texture": "#1"}
			}
		},
		{
			"from": [13.75, 0.5, 3],
			"to": [15, 1, 7],
			"rotation": {"angle": 0, "axis": "y", "origin": [0, 0, 1]},
			"faces": {
				"north": {"uv": [1, 8, 1.75, 10.75], "texture": "#1"},
				"east": {"uv": [1, 8, 1.75, 10.75], "texture": "#1"},
				"west": {"uv": [1, 8, 1.75, 10.75], "texture": "#1"},
				"up": {"uv": [1, 8, 1.75, 10.75], "texture": "#1"}
			}
		},
		{
			"from": [13.75, 0, 3],
			"to": [15, 0.5, 3.5],
			"rotation": {"angle": 0, "axis": "y", "origin": [0, 0, 1]},
			"faces": {
				"north": {"uv": [1, 8, 1.75, 10.75], "texture": "#1"},
				"east": {"uv": [1, 8, 1.75, 10.75], "texture": "#1"},
				"west": {"uv": [1, 8, 1.75, 10.75], "texture": "#1"},
				"down": {"uv": [1, 8, 1.75, 10.75], "texture": "#1"}
			}
		},
		{
			"from": [13.75, 0, 3.5],
			"to": [15, 0.5, 7],
			"rotation": {"angle": 0, "axis": "y", "origin": [0, 0, 1]},
			"faces": {
				"east": {"uv": [0.25, 7.25, 0.75, 7.75], "texture": "#1"},
				"west": {"uv": [0.25, 7.25, 0.75, 7.75], "texture": "#1"},
				"down": {"uv": [0.25, 7.25, 0.75, 7.75], "texture": "#1"}
			}
		},
		{
			"from": [2.25, 0.5, 5],
			"to": [13.75, 1, 7.25],
			"rotation": {"angle": 0, "axis": "y", "origin": [0, 0, 1]},
			"faces": {
				"north": {"uv": [1, 8, 1.75, 10.75], "texture": "#1"},
				"up": {"uv": [1, 8, 1.75, 10.75], "texture": "#1"},
				"down": {"uv": [1, 8, 1.75, 10.75], "texture": "#1"}
			}
		},
		{
			"from": [1, 0, 7],
			"to": [15, 3, 16],
			"rotation": {"angle": 0, "axis": "y", "origin": [0, 0, 1]},
			"faces": {
				"north": {"uv": [0.25, 7.25, 0.75, 7.75], "texture": "#1"},
				"east": {"uv": [0.25, 7.25, 0.75, 7.75], "texture": "#1"},
				"south": {"uv": [0.25, 7.25, 0.75, 7.75], "texture": "#1"},
				"west": {"uv": [0.25, 7.25, 0.75, 7.75], "texture": "#1"},
				"down": {"uv": [0.25, 7.25, 0.75, 7.75], "texture": "#1"}
			}
		},
		{
			"from": [1, 3, 8.5],
			"to": [15, 4, 16],
			"rotation": {"angle": 0, "axis": "y", "origin": [0, 0, 1]},
			"faces": {
				"east": {"uv": [0.25, 7.25, 0.25, 7.25], "texture": "#1"},
				"south": {"uv": [0.25, 7.25, 0.25, 7.25], "texture": "#1"},
				"west": {"uv": [0.25, 7.25, 0.25, 7.25], "texture": "#1"}
			}
		},
		{
			"from": [1, 3, 7],
			"to": [15, 4, 8.5],
			"rotation": {"angle": 0, "axis": "y", "origin": [0, 0, 1]},
			"faces": {
				"north": {"uv": [4.25, 4, 4.75, 4.5], "texture": "#3"},
				"east": {"uv": [4.25, 4, 4.75, 4.5], "texture": "#3"},
				"west": {"uv": [4.25, 4, 4.75, 4.5], "texture": "#3"}
			}
		},
		{
			"from": [1, 12, 7.75],
			"to": [1.75, 12.5, 16],
			"rotation": {"angle": 0, "axis": "y", "origin": [0, 0, 1]},
			"faces": {
				"north": {"uv": [15.5, 13.25, 16, 13.75], "texture": "#1"},
				"east": {"uv": [15.5, 13.25, 16, 13.75], "texture": "#1"},
				"south": {"uv": [4.25, 4, 4.75, 4.5], "texture": "#3"},
				"west": {"uv": [4.25, 4, 4.75, 4.5], "texture": "#3"},
				"up": {"uv": [15.5, 13.25, 16, 13.75], "texture": "#1"}
			}
		},
		{
			"from": [4.25, 12, 7.5],
			"to": [11.75, 12.1, 7.75],
			"rotation": {"angle": 0, "axis": "y", "origin": [0, 0, 1]},
			"faces": {
				"north": {"uv": [0, 0, 16, 16], "texture": "#3"},
				"east": {"uv": [0, 0, 16, 16], "texture": "#3"},
				"south": {"uv": [0, 0, 16, 16], "texture": "#3"},
				"west": {"uv": [0, 0, 16, 16], "texture": "#3"},
				"up": {"uv": [0, 0, 16, 16], "texture": "#3"}
			}
		},
		{
			"from": [7.5, 12, 5.75],
			"to": [7.9, 12.05, 7.5],
			"rotation": {"angle": 0, "axis": "y", "origin": [0, 0, 1]},
			"faces": {
				"up": {"uv": [14, 8.25, 0, 8.75], "texture": "#0"}
			}
		},
		{
			"from": [7.1, 12, 5.75],
			"to": [7.5, 12.05, 7.5],
			"rotation": {"angle": 0, "axis": "y", "origin": [0, 0, 1]},
			"faces": {
				"up": {"uv": [14, 8.25, 0, 8.75], "texture": "#0"}
			}
		},
		{
			"from": [6.3, 12, 5.75],
			"to": [6.7, 12.05, 7.5],
			"rotation": {"angle": 0, "axis": "y", "origin": [0, 0, 1]},
			"faces": {
				"up": {"uv": [14, 8.25, 0, 8.75], "texture": "#0"}
			}
		},
		{
			"from": [6.7, 12, 5.75],
			"to": [7.1, 12.05, 7.5],
			"rotation": {"angle": 0, "axis": "y", "origin": [0, 0, 1]},
			"faces": {
				"up": {"uv": [14, 8.25, 0, 8.75], "texture": "#0"}
			}
		},
		{
			"from": [4.5, 12, 5.75],
			"to": [4.9, 12.05, 7.5],
			"rotation": {"angle": 0, "axis": "y", "origin": [0, 0, 1]},
			"faces": {
				"up": {"uv": [14, 8.25, 0, 8.75], "texture": "#0"}
			}
		},
		{
			"from": [4.9, 12, 5.75],
			"to": [5.3, 12.05, 7.5],
			"rotation": {"angle": 0, "axis": "y", "origin": [0, 0, 1]},
			"faces": {
				"up": {"uv": [14, 8.25, 0, 8.75], "texture": "#0"}
			}
		},
		{
			"from": [5.3, 12, 5.75],
			"to": [5.7, 12.05, 7.5],
			"rotation": {"angle": 0, "axis": "y", "origin": [0, 0, 1]},
			"faces": {
				"up": {"uv": [14, 8.25, 0, 8.75], "texture": "#0"}
			}
		},
		{
			"from": [5.7, 12, 5.75],
			"to": [6.1, 12.05, 7.5],
			"rotation": {"angle": 0, "axis": "y", "origin": [0, 0, 1]},
			"faces": {
				"up": {"uv": [14, 8.25, 0, 8.75], "texture": "#0"}
			}
		},
		{
			"from": [7.9, 12, 5.75],
			"to": [8.1, 12.05, 7.5],
			"rotation": {"angle": 0, "axis": "y", "origin": [0, 0, 1]},
			"faces": {
				"up": {"uv": [7, 1.25, 10, 1.75], "texture": "#5"}
			}
		},
		{
			"from": [6.1, 12, 5.75],
			"to": [6.3, 12.05, 7.5],
			"rotation": {"angle": 0, "axis": "y", "origin": [0, 0, 1]},
			"faces": {
				"up": {"uv": [7, 1.25, 10, 1.75], "texture": "#5"}
			}
		},
		{
			"from": [11.1, 12, 5.75],
			"to": [11.5, 12.05, 7.5],
			"rotation": {"angle": 0, "axis": "y", "origin": [0, 0, 1]},
			"faces": {
				"up": {"uv": [14, 8.25, 0, 8.75], "texture": "#0"}
			}
		},
		{
			"from": [10.7, 12, 5.75],
			"to": [11.1, 12.05, 7.5],
			"rotation": {"angle": 0, "axis": "y", "origin": [0, 0, 1]},
			"faces": {
				"up": {"uv": [14, 8.25, 0, 8.75], "texture": "#0"}
			}
		},
		{
			"from": [10.3, 12, 5.75],
			"to": [10.7, 12.05, 7.5],
			"rotation": {"angle": 0, "axis": "y", "origin": [0, 0, 1]},
			"faces": {
				"up": {"uv": [14, 8.25, 0, 8.75], "texture": "#0"}
			}
		},
		{
			"from": [9.9, 12, 5.75],
			"to": [10.3, 12.05, 7.5],
			"rotation": {"angle": 0, "axis": "y", "origin": [0, 0, 1]},
			"faces": {
				"up": {"uv": [14, 8.25, 0, 8.75], "texture": "#0"}
			}
		},
		{
			"from": [9.7, 12, 5.75],
			"to": [9.9, 12.05, 7.5],
			"rotation": {"angle": 0, "axis": "y", "origin": [0, 0, 1]},
			"faces": {
				"up": {"uv": [7, 1.25, 10, 1.75], "texture": "#5"}
			}
		},
		{
			"from": [9.3, 12, 5.75],
			"to": [9.7, 12.05, 7.5],
			"rotation": {"angle": 0, "axis": "y", "origin": [0, 0, 1]},
			"faces": {
				"up": {"uv": [14, 8.25, 0, 8.75], "texture": "#0"}
			}
		},
		{
			"from": [8.9, 12, 5.75],
			"to": [9.3, 12.05, 7.5],
			"rotation": {"angle": 0, "axis": "y", "origin": [0, 0, 1]},
			"faces": {
				"up": {"uv": [14, 8.25, 0, 8.75], "texture": "#0"}
			}
		},
		{
			"from": [8.5, 12, 5.75],
			"to": [8.9, 12.05, 7.5],
			"rotation": {"angle": 0, "axis": "y", "origin": [0, 0, 1]},
			"faces": {
				"up": {"uv": [14, 8.25, 0, 8.75], "texture": "#0"}
			}
		},
		{
			"from": [8.1, 12, 5.75],
			"to": [8.5, 12.05, 7.5],
			"rotation": {"angle": 0, "axis": "y", "origin": [0, 0, 1]},
			"faces": {
				"up": {"uv": [14, 8.25, 0, 8.75], "texture": "#0"}
			}
		},
		{
			"from": [4.25, 12, 5.5],
			"to": [11.75, 12.1, 5.75],
			"rotation": {"angle": 0, "axis": "y", "origin": [0, 0, 1]},
			"faces": {
				"north": {"uv": [0, 0, 16, 16], "texture": "#3"},
				"east": {"uv": [0, 0, 16, 16], "texture": "#3"},
				"south": {"uv": [0, 0, 16, 16], "texture": "#3"},
				"west": {"uv": [0, 0, 16, 16], "texture": "#3"},
				"up": {"uv": [0, 0, 16, 16], "texture": "#3"}
			}
		},
		{
			"from": [4.25, 12, 5.75],
			"to": [4.5, 12.05, 7.5],
			"rotation": {"angle": 0, "axis": "y", "origin": [0, 0, 1]},
			"faces": {
				"west": {"uv": [15.5, 13.25, 16, 13.75], "texture": "#1"},
				"up": {"uv": [15.5, 13.25, 16, 13.75], "texture": "#1"}
			}
		},
		{
			"from": [3.75, 12, 6.25],
			"to": [4, 12.05, 7],
			"rotation": {"angle": 0, "axis": "y", "origin": [0, 0, 1]},
			"faces": {
				"east": {"uv": [15.5, 13.25, 16, 13.75], "texture": "#1"},
				"up": {"uv": [15.5, 13.25, 16, 13.75], "texture": "#1"}
			}
		},
		{
			"from": [3.5, 12, 6.5],
			"to": [3.75, 12.05, 6.75],
			"rotation": {"angle": 0, "axis": "y", "origin": [0, 0, 1]},
			"faces": {
				"up": {"uv": [15.5, 13.25, 16, 13.75], "texture": "#1"}
			}
		},
		{
			"from": [3.5, 12, 6.75],
			"to": [3.75, 12.1, 7],
			"rotation": {"angle": 0, "axis": "y", "origin": [0, 0, 1]},
			"faces": {
				"north": {"uv": [0, 0, 16, 16], "texture": "#3"},
				"east": {"uv": [0, 0, 16, 16], "texture": "#3"},
				"south": {"uv": [0, 0, 16, 16], "texture": "#3"},
				"west": {"uv": [0, 0, 16, 16], "texture": "#3"},
				"up": {"uv": [0, 0, 16, 16], "texture": "#3"}
			}
		},
		{
			"from": [2.5, 12, 7],
			"to": [2.6, 12.05, 7.1],
			"rotation": {"angle": 0, "axis": "y", "origin": [0, 0, 1]},
			"faces": {
				"north": {"uv": [7, 11.25, 7.5, 11.75], "texture": "#1"},
				"south": {"uv": [7, 11.25, 7.5, 11.75], "texture": "#1"},
				"up": {"uv": [7, 11.25, 7.5, 11.75], "texture": "#1"}
			}
		},
		{
			"from": [2.5, 12, 7.5],
			"to": [2.6, 12.05, 7.6],
			"rotation": {"angle": 0, "axis": "y", "origin": [0, 0, 1]},
			"faces": {
				"north": {"uv": [7, 11.25, 7.5, 11.75], "texture": "#1"},
				"south": {"uv": [7, 11.25, 7.5, 11.75], "texture": "#1"},
				"up": {"uv": [7, 11.25, 7.5, 11.75], "texture": "#1"}
			}
		},
		{
			"from": [2.6, 12, 7],
			"to": [2.65, 12.05, 7.6],
			"rotation": {"angle": 0, "axis": "y", "origin": [0, 0, 1]},
			"faces": {
				"north": {"uv": [7, 11.25, 7.5, 11.75], "texture": "#1"},
				"east": {"uv": [7, 11.25, 7.5, 11.75], "texture": "#1"},
				"south": {"uv": [7, 11.25, 7.5, 11.75], "texture": "#1"},
				"west": {"uv": [7, 11.25, 7.5, 11.75], "texture": "#1"},
				"up": {"uv": [7, 11.25, 7.5, 11.75], "texture": "#1"}
			}
		},
		{
			"from": [2.45, 12, 7],
			"to": [2.5, 12.05, 7.6],
			"rotation": {"angle": 0, "axis": "y", "origin": [0, 0, 1]},
			"faces": {
				"north": {"uv": [7, 11.25, 7.5, 11.75], "texture": "#1"},
				"east": {"uv": [7, 11.25, 7.5, 11.75], "texture": "#1"},
				"south": {"uv": [7, 11.25, 7.5, 11.75], "texture": "#1"},
				"west": {"uv": [7, 11.25, 7.5, 11.75], "texture": "#1"},
				"up": {"uv": [7, 11.25, 7.5, 11.75], "texture": "#1"}
			}
		},
		{
			"from": [3.25, 12, 6.5],
			"to": [3.5, 12.1, 6.75],
			"rotation": {"angle": 0, "axis": "y", "origin": [0, 0, 1]},
			"faces": {
				"north": {"uv": [0, 0, 16, 16], "texture": "#3"},
				"east": {"uv": [0, 0, 16, 16], "texture": "#3"},
				"south": {"uv": [0, 0, 16, 16], "texture": "#3"},
				"west": {"uv": [0, 0, 16, 16], "texture": "#3"},
				"up": {"uv": [0, 0, 16, 16], "texture": "#3"}
			}
		},
		{
			"from": [3.5, 12, 6.25],
			"to": [3.75, 12.1, 6.5],
			"rotation": {"angle": 0, "axis": "y", "origin": [0, 0, 1]},
			"faces": {
				"north": {"uv": [0, 0, 16, 16], "texture": "#3"},
				"east": {"uv": [0, 0, 16, 16], "texture": "#3"},
				"south": {"uv": [0, 0, 16, 16], "texture": "#3"},
				"west": {"uv": [0, 0, 16, 16], "texture": "#3"},
				"up": {"uv": [0, 0, 16, 16], "texture": "#3"}
			}
		},
		{
			"from": [3.75, 12, 6],
			"to": [4, 12.1, 6.25],
			"rotation": {"angle": 0, "axis": "y", "origin": [0, 0, 1]},
			"faces": {
				"north": {"uv": [0, 0, 16, 16], "texture": "#3"},
				"east": {"uv": [0, 0, 16, 16], "texture": "#3"},
				"south": {"uv": [0, 0, 16, 16], "texture": "#3"},
				"west": {"uv": [0, 0, 16, 16], "texture": "#3"},
				"up": {"uv": [0, 0, 16, 16], "texture": "#3"}
			}
		},
		{
			"from": [4, 12, 5.75],
			"to": [4.25, 12.1, 6],
			"rotation": {"angle": 0, "axis": "y", "origin": [0, 0, 1]},
			"faces": {
				"north": {"uv": [0, 0, 16, 16], "texture": "#3"},
				"east": {"uv": [0, 0, 16, 16], "texture": "#3"},
				"south": {"uv": [0, 0, 16, 16], "texture": "#3"},
				"west": {"uv": [0, 0, 16, 16], "texture": "#3"},
				"up": {"uv": [0, 0, 16, 16], "texture": "#3"}
			}
		},
		{
			"from": [4, 12, 7.25],
			"to": [4.25, 12.1, 7.5],
			"rotation": {"angle": 0, "axis": "y", "origin": [0, 0, 1]},
			"faces": {
				"north": {"uv": [0, 0, 16, 16], "texture": "#3"},
				"east": {"uv": [0, 0, 16, 16], "texture": "#3"},
				"south": {"uv": [0, 0, 16, 16], "texture": "#3"},
				"west": {"uv": [0, 0, 16, 16], "texture": "#3"},
				"up": {"uv": [0, 0, 16, 16], "texture": "#3"}
			}
		},
		{
			"from": [3.75, 12, 7],
			"to": [4, 12.1, 7.25],
			"rotation": {"angle": 0, "axis": "y", "origin": [0, 0, 1]},
			"faces": {
				"north": {"uv": [0, 0, 16, 16], "texture": "#3"},
				"east": {"uv": [0, 0, 16, 16], "texture": "#3"},
				"south": {"uv": [0, 0, 16, 16], "texture": "#3"},
				"west": {"uv": [0, 0, 16, 16], "texture": "#3"},
				"up": {"uv": [0, 0, 16, 16], "texture": "#3"}
			}
		},
		{
			"from": [11.5, 12, 5.75],
			"to": [11.75, 12.05, 7.5],
			"rotation": {"angle": 0, "axis": "y", "origin": [0, 0, 1]},
			"faces": {
				"up": {"uv": [15.5, 13.25, 16, 13.75], "texture": "#1"}
			}
		},
		{
			"from": [11.75, 12, 6],
			"to": [12, 12.05, 7.25],
			"rotation": {"angle": 0, "axis": "y", "origin": [0, 0, 1]},
			"faces": {
				"up": {"uv": [15.5, 13.25, 16, 13.75], "texture": "#1"}
			}
		},
		{
			"from": [12, 12, 6.25],
			"to": [12.25, 12.05, 7],
			"rotation": {"angle": 0, "axis": "y", "origin": [0, 0, 1]},
			"faces": {
				"up": {"uv": [15.5, 13.25, 16, 13.75], "texture": "#1"}
			}
		},
		{
			"from": [12.25, 12, 6.5],
			"to": [12.5, 12.05, 6.75],
			"rotation": {"angle": 0, "axis": "y", "origin": [0, 0, 1]},
			"faces": {
				"up": {"uv": [15.5, 13.25, 16, 13.75], "texture": "#1"}
			}
		},
		{
			"from": [12.5, 12, 6.5],
			"to": [12.75, 12.1, 6.75],
			"rotation": {"angle": 0, "axis": "y", "origin": [0, 0, 1]},
			"faces": {
				"north": {"uv": [0, 0, 16, 16], "texture": "#3"},
				"east": {"uv": [0, 0, 16, 16], "texture": "#3"},
				"south": {"uv": [0, 0, 16, 16], "texture": "#3"},
				"west": {"uv": [0, 0, 16, 16], "texture": "#3"},
				"up": {"uv": [0, 0, 16, 16], "texture": "#3"}
			}
		},
		{
			"from": [11.75, 12, 5.75],
			"to": [12, 12.1, 6],
			"rotation": {"angle": 0, "axis": "y", "origin": [0, 0, 1]},
			"faces": {
				"north": {"uv": [0, 0, 16, 16], "texture": "#3"},
				"east": {"uv": [0, 0, 16, 16], "texture": "#3"},
				"south": {"uv": [0, 0, 16, 16], "texture": "#3"},
				"west": {"uv": [0, 0, 16, 16], "texture": "#3"},
				"up": {"uv": [0, 0, 16, 16], "texture": "#3"}
			}
		},
		{
			"from": [12, 12, 6],
			"to": [12.25, 12.1, 6.25],
			"rotation": {"angle": 0, "axis": "y", "origin": [0, 0, 1]},
			"faces": {
				"north": {"uv": [0, 0, 16, 16], "texture": "#3"},
				"east": {"uv": [0, 0, 16, 16], "texture": "#3"},
				"south": {"uv": [0, 0, 16, 16], "texture": "#3"},
				"west": {"uv": [0, 0, 16, 16], "texture": "#3"},
				"up": {"uv": [0, 0, 16, 16], "texture": "#3"}
			}
		},
		{
			"from": [12.25, 12, 6.25],
			"to": [12.5, 12.1, 6.5],
			"rotation": {"angle": 0, "axis": "y", "origin": [0, 0, 1]},
			"faces": {
				"north": {"uv": [0, 0, 16, 16], "texture": "#3"},
				"east": {"uv": [0, 0, 16, 16], "texture": "#3"},
				"south": {"uv": [0, 0, 16, 16], "texture": "#3"},
				"west": {"uv": [0, 0, 16, 16], "texture": "#3"},
				"up": {"uv": [0, 0, 16, 16], "texture": "#3"}
			}
		},
		{
			"from": [11.75, 12, 7.25],
			"to": [12, 12.1, 7.5],
			"rotation": {"angle": 0, "axis": "y", "origin": [0, 0, 1]},
			"faces": {
				"north": {"uv": [7, 11.25, 7.5, 11.75], "texture": "#1"},
				"east": {"uv": [7, 11.25, 7.5, 11.75], "texture": "#1"},
				"south": {"uv": [7, 11.25, 7.5, 11.75], "texture": "#1"},
				"west": {"uv": [7, 11.25, 7.5, 11.75], "texture": "#1"},
				"up": {"uv": [7, 11.25, 7.5, 11.75], "texture": "#1"}
			}
		},
		{
			"from": [12.25, 12, 6.75],
			"to": [12.5, 12.1, 7],
			"rotation": {"angle": 0, "axis": "y", "origin": [0, 0, 1]},
			"faces": {
				"north": {"uv": [0, 0, 16, 16], "texture": "#3"},
				"east": {"uv": [0, 0, 16, 16], "texture": "#3"},
				"south": {"uv": [0, 0, 16, 16], "texture": "#3"},
				"west": {"uv": [0, 0, 16, 16], "texture": "#3"},
				"up": {"uv": [0, 0, 16, 16], "texture": "#3"}
			}
		},
		{
			"from": [12, 12, 7],
			"to": [12.25, 12.1, 7.25],
			"rotation": {"angle": 0, "axis": "y", "origin": [0, 0, 1]},
			"faces": {
				"north": {"uv": [0, 0, 16, 16], "texture": "#3"},
				"east": {"uv": [0, 0, 16, 16], "texture": "#3"},
				"south": {"uv": [0, 0, 16, 16], "texture": "#3"},
				"west": {"uv": [0, 0, 16, 16], "texture": "#3"},
				"up": {"uv": [0, 0, 16, 16], "texture": "#3"}
			}
		},
		{
			"from": [2.25, 13.1, 8.5],
			"to": [13.75, 13.6, 14.5],
			"rotation": {"angle": -22.5, "axis": "x", "origin": [7.875, 12.25, 11.875]},
			"faces": {
				"up": {"uv": [0, 3.5375, 16, 12.54583], "rotation": 180, "texture": "#7"},
				"down": {"uv": [1.25, 8.25, 1.75, 8.75], "texture": "#0"}
			}
		},
		{
			"from": [1.75, 12.85, 8.5],
			"to": [2.25, 13.6, 14.5],
			"rotation": {"angle": -22.5, "axis": "x", "origin": [7.875, 12.25, 11.875]},
			"faces": {
				"east": {"uv": [15.5, 13.25, 16, 13.75], "texture": "#1"},
				"south": {"uv": [15.5, 13.25, 16, 13.75], "texture": "#1"},
				"west": {"uv": [15.5, 13.25, 16, 13.75], "texture": "#1"},
				"up": {"uv": [15.5, 13.25, 16, 13.75], "texture": "#1"},
				"down": {"uv": [15.5, 13.25, 16, 13.75], "texture": "#1"}
			}
		},
		{
			"from": [13.75, 12.85, 8.5],
			"to": [14.25, 13.6, 14.5],
			"rotation": {"angle": -22.5, "axis": "x", "origin": [7.875, 12.25, 11.875]},
			"faces": {
				"east": {"uv": [15.5, 13.25, 16, 13.75], "texture": "#1"},
				"south": {"uv": [15.5, 13.25, 16, 13.75], "texture": "#1"},
				"west": {"uv": [15.5, 13.25, 16, 13.75], "texture": "#1"},
				"up": {"uv": [15.5, 13.25, 16, 13.75], "texture": "#1"},
				"down": {"uv": [15.5, 13.25, 16, 13.75], "texture": "#1"}
			}
		},
		{
			"from": [1.75, 13.1, 7.75],
			"to": [14.25, 13.6, 8.5],
			"rotation": {"angle": -22.5, "axis": "x", "origin": [7.875, 12.25, 11.875]},
			"faces": {
				"east": {"uv": [15.5, 13.25, 16, 13.75], "texture": "#1"},
				"west": {"uv": [15.5, 13.25, 16, 13.75], "texture": "#1"},
				"up": {"uv": [15.5, 13.25, 16, 13.75], "texture": "#1"}
			}
		},
		{
			"from": [1.75, 13.1, 14.5],
			"to": [14.25, 13.6, 14.75],
			"rotation": {"angle": -22.5, "axis": "x", "origin": [7.875, 12.25, 11.875]},
			"faces": {
				"east": {"uv": [15.5, 13.25, 16, 13.75], "texture": "#1"},
				"south": {"uv": [15.5, 13.25, 16, 13.75], "texture": "#1"},
				"west": {"uv": [15.5, 13.25, 16, 13.75], "texture": "#1"},
				"up": {"uv": [15.5, 13.25, 16, 13.75], "texture": "#1"},
				"down": {"uv": [15.5, 13.25, 16, 13.75], "texture": "#1"}
			}
		},
		{
			"from": [1.75, 14.45, 13.97569],
			"to": [14.25, 14.7, 16.47569],
			"rotation": {"angle": -45, "axis": "x", "origin": [7.625, 14.41432, 14.22569]},
			"faces": {
				"east": {"uv": [15.5, 13.25, 16, 13.75], "rotation": 90, "texture": "#1"},
				"west": {"uv": [15.5, 13.25, 16, 13.75], "rotation": 270, "texture": "#1"},
				"up": {"uv": [15.5, 13.25, 16, 13.75], "texture": "#1"},
				"down": {"uv": [15.5, 13.25, 16, 13.75], "rotation": 180, "texture": "#1"}
			}
		},
		{
			"from": [6, 14.95, 14.47569],
			"to": [6.25, 15.05, 15.97569],
			"rotation": {"angle": -45, "axis": "x", "origin": [7.625, 14.41432, 14.22569]},
			"faces": {
				"north": {"uv": [6.75, 15.5, 7.25, 16], "texture": "#3"},
				"east": {"uv": [6.75, 15.5, 7.25, 16], "texture": "#3"},
				"south": {"uv": [6.75, 15.5, 7.25, 16], "texture": "#3"},
				"west": {"uv": [6.75, 15.5, 7.25, 16], "texture": "#3"},
				"up": {"uv": [6.75, 15.5, 7.25, 16], "texture": "#3"},
				"down": {"uv": [6.75, 15.5, 7.25, 16], "texture": "#3"}
			}
		},
		{
			"from": [2.25, 14.95, 14.47569],
			"to": [2.5, 15.05, 15.97569],
			"rotation": {"angle": -45, "axis": "x", "origin": [7.625, 14.41432, 14.22569]},
			"faces": {
				"north": {"uv": [6.75, 15.5, 7.25, 16], "texture": "#3"},
				"east": {"uv": [6.75, 15.5, 7.25, 16], "texture": "#3"},
				"south": {"uv": [6.75, 15.5, 7.25, 16], "texture": "#3"},
				"west": {"uv": [6.75, 15.5, 7.25, 16], "texture": "#3"},
				"up": {"uv": [6.75, 15.5, 7.25, 16], "texture": "#3"},
				"down": {"uv": [6.75, 15.5, 7.25, 16], "texture": "#3"}
			}
		},
		{
			"from": [2.5, 14.95, 14.47569],
			"to": [6, 15.05, 14.72569],
			"rotation": {"angle": -45, "axis": "x", "origin": [7.625, 14.41432, 14.22569]},
			"faces": {
				"north": {"uv": [6.75, 15.5, 7.25, 16], "texture": "#3"},
				"south": {"uv": [6.75, 15.5, 7.25, 16], "texture": "#3"},
				"up": {"uv": [6.75, 15.5, 7.25, 16], "texture": "#3"},
				"down": {"uv": [6.75, 15.5, 7.25, 16], "texture": "#3"}
			}
		},
		{
			"from": [2.5, 14.95, 15.72569],
			"to": [6, 15.05, 15.97569],
			"rotation": {"angle": -45, "axis": "x", "origin": [7.625, 14.41432, 14.22569]},
			"faces": {
				"north": {"uv": [6.75, 15.5, 7.25, 16], "texture": "#3"},
				"south": {"uv": [6.75, 15.5, 7.25, 16], "texture": "#3"},
				"up": {"uv": [6.75, 15.5, 7.25, 16], "texture": "#3"},
				"down": {"uv": [6.75, 15.5, 7.25, 16], "texture": "#3"}
			}
		},
		{
			"from": [2.5, 14.95, 14.72569],
			"to": [6, 15, 15.72569],
			"rotation": {"angle": -45, "axis": "x", "origin": [7.625, 14.41432, 14.22569]},
			"faces": {
				"up": {"uv": [0, 0, 8, 3], "texture": "#1"},
				"down": {"uv": [0, 0, 8, 3], "texture": "#1"}
			}
		},
		{
			"from": [10, 14.95, 15.72569],
			"to": [13.5, 15.05, 15.97569],
			"rotation": {"angle": -45, "axis": "x", "origin": [7.625, 14.41432, 14.22569]},
			"faces": {
				"north": {"uv": [6.75, 15.5, 7.25, 16], "texture": "#3"},
				"south": {"uv": [6.75, 15.5, 7.25, 16], "texture": "#3"},
				"up": {"uv": [6.75, 15.5, 7.25, 16], "texture": "#3"},
				"down": {"uv": [6.75, 15.5, 7.25, 16], "texture": "#3"}
			}
		},
		{
			"from": [13.5, 14.95, 14.47569],
			"to": [13.75, 15.05, 15.97569],
			"rotation": {"angle": -45, "axis": "x", "origin": [7.625, 14.41432, 14.22569]},
			"faces": {
				"north": {"uv": [6.75, 15.5, 7.25, 16], "texture": "#3"},
				"east": {"uv": [6.75, 15.5, 7.25, 16], "texture": "#3"},
				"south": {"uv": [6.75, 15.5, 7.25, 16], "texture": "#3"},
				"west": {"uv": [6.75, 15.5, 7.25, 16], "texture": "#3"},
				"up": {"uv": [6.75, 15.5, 7.25, 16], "texture": "#3"},
				"down": {"uv": [6.75, 15.5, 7.25, 16], "texture": "#3"}
			}
		},
		{
			"from": [10, 14.95, 14.47569],
			"to": [13.5, 15.05, 14.72569],
			"rotation": {"angle": -45, "axis": "x", "origin": [7.625, 14.41432, 14.22569]},
			"faces": {
				"north": {"uv": [6.75, 15.5, 7.25, 16], "texture": "#3"},
				"south": {"uv": [6.75, 15.5, 7.25, 16], "texture": "#3"},
				"up": {"uv": [6.75, 15.5, 7.25, 16], "texture": "#3"},
				"down": {"uv": [6.75, 15.5, 7.25, 16], "texture": "#3"}
			}
		},
		{
			"from": [10, 14.95, 14.72569],
			"to": [13.5, 15, 15.72569],
			"rotation": {"angle": -45, "axis": "x", "origin": [7.625, 14.41432, 14.22569]},
			"faces": {
				"up": {"uv": [0, 0, 8, 3], "texture": "#1"},
				"down": {"uv": [0, 0, 8, 3], "texture": "#1"}
			}
		},
		{
			"from": [9.75, 14.95, 14.47569],
			"to": [10, 15.05, 15.97569],
			"rotation": {"angle": -45, "axis": "x", "origin": [7.625, 14.41432, 14.22569]},
			"faces": {
				"north": {"uv": [6.75, 15.5, 7.25, 16], "texture": "#3"},
				"east": {"uv": [6.75, 15.5, 7.25, 16], "texture": "#3"},
				"south": {"uv": [6.75, 15.5, 7.25, 16], "texture": "#3"},
				"west": {"uv": [6.75, 15.5, 7.25, 16], "texture": "#3"},
				"up": {"uv": [6.75, 15.5, 7.25, 16], "texture": "#3"},
				"down": {"uv": [6.75, 15.5, 7.25, 16], "texture": "#3"}
			}
		},
		{
			"from": [6.5, 14.95, 13.97569],
			"to": [7, 15.2, 16.47569],
			"rotation": {"angle": -45, "axis": "x", "origin": [7.625, 14.41432, 14.22569]},
			"faces": {
				"north": {"uv": [15.5, 13.25, 16, 13.75], "rotation": 180, "texture": "#1"},
				"east": {"uv": [15.5, 13.25, 16, 13.75], "rotation": 90, "texture": "#1"},
				"south": {"uv": [15.5, 13.25, 16, 13.75], "texture": "#1"},
				"west": {"uv": [15.5, 13.25, 16, 13.75], "rotation": 270, "texture": "#1"},
				"up": {"uv": [15.5, 13.25, 16, 13.75], "texture": "#1"},
				"down": {"uv": [15.5, 13.25, 16, 13.75], "rotation": 180, "texture": "#1"}
			}
		},
		{
			"from": [7, 14.95, 13.97569],
			"to": [9, 15.2, 14.47569],
			"rotation": {"angle": -45, "axis": "x", "origin": [7.625, 14.41432, 14.22569]},
			"faces": {
				"north": {"uv": [15.5, 13.25, 16, 13.75], "rotation": 180, "texture": "#1"},
				"south": {"uv": [15.5, 13.25, 16, 13.75], "texture": "#1"},
				"up": {"uv": [15.5, 13.25, 16, 13.75], "texture": "#1"},
				"down": {"uv": [15.5, 13.25, 16, 13.75], "rotation": 180, "texture": "#1"}
			}
		},
		{
			"from": [7, 14.95, 15.97569],
			"to": [9, 15.2, 16.47569],
			"rotation": {"angle": -45, "axis": "x", "origin": [7.625, 14.41432, 14.22569]},
			"faces": {
				"north": {"uv": [15.5, 13.25, 16, 13.75], "rotation": 180, "texture": "#1"},
				"south": {"uv": [15.5, 13.25, 16, 13.75], "texture": "#1"},
				"up": {"uv": [15.5, 13.25, 16, 13.75], "texture": "#1"},
				"down": {"uv": [15.5, 13.25, 16, 13.75], "rotation": 180, "texture": "#1"}
			}
		},
		{
			"from": [7, 14.9, 14.47569],
			"to": [9, 15.15, 15.97569],
			"rotation": {"angle": -45, "axis": "x", "origin": [7.625, 14.41432, 14.22569]},
			"faces": {
				"north": {"uv": [0, 0, 16, 16], "texture": "#3"},
				"east": {"uv": [0, 0, 16, 16], "texture": "#3"},
				"south": {"uv": [0, 0, 16, 16], "texture": "#3"},
				"west": {"uv": [0, 0, 16, 16], "texture": "#3"},
				"up": {"uv": [0, 0, 16, 16], "texture": "#3"},
				"down": {"uv": [0, 0, 16, 16], "texture": "#3"}
			}
		},
		{
			"from": [7, 15.15, 14.47569],
			"to": [9, 15.2, 15.97569],
			"rotation": {"angle": -45, "axis": "x", "origin": [7.625, 14.41432, 14.22569]},
			"faces": {
				"north": {"uv": [0, 0, 16, 16], "texture": "#8"},
				"east": {"uv": [0, 0, 16, 16], "texture": "#8"},
				"south": {"uv": [0, 0, 16, 16], "texture": "#8"},
				"west": {"uv": [0, 0, 16, 16], "texture": "#8"},
				"up": {"uv": [0, 0, 16, 16], "texture": "#8"},
				"down": {"uv": [0, 0, 16, 16], "texture": "#8"}
			}
		},
		{
			"from": [9, 14.95, 13.97569],
			"to": [9.5, 15.2, 16.47569],
			"rotation": {"angle": -45, "axis": "x", "origin": [7.625, 14.41432, 14.22569]},
			"faces": {
				"north": {"uv": [15.5, 13.25, 16, 13.75], "rotation": 180, "texture": "#1"},
				"east": {"uv": [15.5, 13.25, 16, 13.75], "rotation": 90, "texture": "#1"},
				"south": {"uv": [15.5, 13.25, 16, 13.75], "texture": "#1"},
				"west": {"uv": [15.5, 13.25, 16, 13.75], "rotation": 270, "texture": "#1"},
				"up": {"uv": [15.5, 13.25, 16, 13.75], "texture": "#1"},
				"down": {"uv": [15.5, 13.25, 16, 13.75], "rotation": 180, "texture": "#1"}
			}
		},
		{
			"from": [0.75, 10.75, 7],
			"to": [1, 13.5, 7.75],
			"rotation": {"angle": 0, "axis": "y", "origin": [0, 0, 1]},
			"faces": {
				"north": {"uv": [15.5, 13.25, 16, 13.75], "texture": "#1"},
				"south": {"uv": [15.5, 13.25, 16, 13.75], "texture": "#1"},
				"west": {"uv": [15.5, 13.25, 16, 13.75], "texture": "#1"},
				"down": {"uv": [15.5, 13.25, 16, 13.75], "texture": "#1"}
			}
		},
		{
			"from": [15, 10.75, 7],
			"to": [15.25, 13.5, 7.75],
			"rotation": {"angle": 0, "axis": "y", "origin": [0, 0, 1]},
			"faces": {
				"north": {"uv": [15.5, 13.25, 16, 13.75], "texture": "#1"},
				"east": {"uv": [15.5, 13.25, 16, 13.75], "texture": "#1"},
				"south": {"uv": [15.5, 13.25, 16, 13.75], "texture": "#1"},
				"down": {"uv": [15.5, 13.25, 16, 13.75], "texture": "#1"}
			}
		},
		{
			"from": [1, 14, 6.5],
			"to": [1.75, 15.25, 8],
			"rotation": {"angle": 0, "axis": "y", "origin": [0, 0, 1]},
			"faces": {
				"north": {"uv": [15.5, 13.25, 16, 13.75], "texture": "#1"},
				"east": {"uv": [15.5, 13.25, 16, 13.75], "texture": "#1"},
				"south": {"uv": [15.5, 13.25, 16, 13.75], "texture": "#1"},
				"up": {"uv": [15.5, 13.25, 16, 13.75], "texture": "#1"},
				"down": {"uv": [15.5, 13.25, 16, 13.75], "texture": "#1"}
			}
		},
		{
			"from": [1, 13.5, 6.5],
			"to": [1.75, 14, 7.75],
			"rotation": {"angle": 0, "axis": "y", "origin": [0, 0, 1]},
			"faces": {
				"north": {"uv": [15.5, 13.25, 16, 13.75], "texture": "#1"},
				"east": {"uv": [15.5, 13.25, 16, 13.75], "texture": "#1"},
				"south": {"uv": [15.5, 13.25, 16, 13.75], "texture": "#1"},
				"down": {"uv": [15.5, 13.25, 16, 13.75], "texture": "#1"}
			}
		},
		{
			"from": [1, 12, 7],
			"to": [1.5, 13.5, 7.75],
			"rotation": {"angle": 0, "axis": "y", "origin": [0, 0, 1]},
			"faces": {
				"north": {"uv": [15.5, 13.25, 16, 13.75], "texture": "#1"},
				"east": {"uv": [15.5, 13.25, 16, 13.75], "texture": "#1"},
				"south": {"uv": [15.5, 13.25, 16, 13.75], "texture": "#1"}
			}
		},
		{
			"from": [1, 15.25, 6.25],
			"to": [1.75, 16.5, 7.75],
			"rotation": {"angle": 0, "axis": "y", "origin": [0, 0, 1]},
			"faces": {
				"north": {"uv": [15.5, 13.25, 16, 13.75], "texture": "#1"},
				"east": {"uv": [15.5, 13.25, 16, 13.75], "texture": "#1"},
				"south": {"uv": [15.5, 13.25, 16, 13.75], "texture": "#1"},
				"up": {"uv": [15.5, 13.25, 16, 13.75], "texture": "#1"},
				"down": {"uv": [15.5, 13.25, 16, 13.75], "texture": "#1"}
			}
		},
		{
			"from": [1.75, 15.75, 6.75],
			"to": [1.8, 16.25, 7.25],
			"rotation": {"angle": 0, "axis": "y", "origin": [0, 0, 1]},
			"faces": {
				"north": {"uv": [0, 0, 0.5, 0.5], "texture": "#6"},
				"east": {"uv": [4, 4, 12, 12], "texture": "#6"},
				"south": {"uv": [0, 0, 0.5, 0.5], "texture": "#6"},
				"up": {"uv": [0, 0, 0.5, 0.5], "texture": "#6"},
				"down": {"uv": [0, 0, 0.5, 0.5], "texture": "#6"}
			}
		},
		{
			"from": [1.75, 17, 6.5],
			"to": [1.8, 17.5, 7],
			"rotation": {"angle": 0, "axis": "y", "origin": [0, 0, 1]},
			"faces": {
				"north": {"uv": [0, 0, 0.5, 0.5], "texture": "#6"},
				"east": {"uv": [4, 4, 12, 12], "texture": "#6"},
				"south": {"uv": [0, 0, 0.5, 0.5], "texture": "#6"},
				"up": {"uv": [0, 0, 0.5, 0.5], "texture": "#6"},
				"down": {"uv": [0, 0, 0.5, 0.5], "texture": "#6"}
			}
		},
		{
			"from": [1.75, 14.5, 7],
			"to": [1.8, 15, 7.5],
			"rotation": {"angle": 0, "axis": "y", "origin": [0, 0, 1]},
			"faces": {
				"north": {"uv": [0, 0, 0.5, 0.5], "texture": "#6"},
				"east": {"uv": [4, 4, 12, 12], "texture": "#6"},
				"south": {"uv": [0, 0, 0.5, 0.5], "texture": "#6"},
				"up": {"uv": [0, 0, 0.5, 0.5], "texture": "#6"},
				"down": {"uv": [0, 0, 0.5, 0.5], "texture": "#6"}
			}
		},
		{
			"from": [14.2, 17, 6.5],
			"to": [14.25, 17.5, 7],
			"rotation": {"angle": 0, "axis": "y", "origin": [0, 0, 1]},
			"faces": {
				"north": {"uv": [0, 0, 0.5, 0.5], "texture": "#6"},
				"south": {"uv": [0, 0, 0.5, 0.5], "texture": "#6"},
				"west": {"uv": [4, 4, 12, 12], "texture": "#6"},
				"up": {"uv": [0, 0, 0.5, 0.5], "texture": "#6"},
				"down": {"uv": [0, 0, 0.5, 0.5], "texture": "#6"}
			}
		},
		{
			"from": [14.2, 15.75, 6.75],
			"to": [14.25, 16.25, 7.25],
			"rotation": {"angle": 0, "axis": "y", "origin": [0, 0, 1]},
			"faces": {
				"north": {"uv": [0, 0, 0.5, 0.5], "texture": "#6"},
				"south": {"uv": [0, 0, 0.5, 0.5], "texture": "#6"},
				"west": {"uv": [4, 4, 12, 12], "texture": "#6"},
				"up": {"uv": [0, 0, 0.5, 0.5], "texture": "#6"},
				"down": {"uv": [0, 0, 0.5, 0.5], "texture": "#6"}
			}
		},
		{
			"from": [14.2, 14.5, 7],
			"to": [14.25, 15, 7.5],
			"rotation": {"angle": 0, "axis": "y", "origin": [0, 0, 1]},
			"faces": {
				"north": {"uv": [0, 0, 0.5, 0.5], "texture": "#6"},
				"south": {"uv": [0, 0, 0.5, 0.5], "texture": "#6"},
				"west": {"uv": [4, 4, 12, 12], "texture": "#6"},
				"up": {"uv": [0, 0, 0.5, 0.5], "texture": "#6"},
				"down": {"uv": [0, 0, 0.5, 0.5], "texture": "#6"}
			}
		},
		{
			"from": [1, 18.75, 6.25],
			"to": [1.75, 20.5, 7],
			"rotation": {"angle": 0, "axis": "y", "origin": [0, 0, 1]},
			"faces": {
				"north": {"uv": [2.5, 2.25, 3, 2.75], "texture": "#2"},
				"east": {"uv": [2.5, 2.25, 3, 2.75], "texture": "#2"},
				"south": {"uv": [2.5, 2.25, 3, 2.75], "texture": "#2"},
				"west": {"uv": [2.5, 2.25, 3, 2.75], "texture": "#2"},
				"up": {"uv": [2.5, 2.25, 3, 2.75], "texture": "#2"}
			}
		},
		{
			"from": [1, 22, 5.75],
			"to": [1.75, 23.5, 6.5],
			"rotation": {"angle": 0, "axis": "y", "origin": [0, 0, 1]},
			"faces": {
				"north": {"uv": [2.5, 2.25, 3, 2.75], "texture": "#2"},
				"east": {"uv": [2.5, 2.25, 3, 2.75], "texture": "#2"},
				"south": {"uv": [2.5, 2.25, 3, 2.75], "texture": "#2"},
				"west": {"uv": [2.5, 2.25, 3, 2.75], "texture": "#2"},
				"up": {"uv": [2.5, 2.25, 3, 2.75], "texture": "#2"},
				"down": {"uv": [2.5, 2.25, 3, 2.75], "texture": "#2"}
			}
		},
		{
			"from": [1, 23.5, 5.5],
			"to": [1.75, 25, 6.25],
			"rotation": {"angle": 0, "axis": "y", "origin": [0, 0, 1]},
			"faces": {
				"north": {"uv": [2.5, 2.25, 3, 2.75], "texture": "#2"},
				"east": {"uv": [2.5, 2.25, 3, 2.75], "texture": "#2"},
				"south": {"uv": [2.5, 2.25, 3, 2.75], "texture": "#2"},
				"west": {"uv": [2.5, 2.25, 3, 2.75], "texture": "#2"},
				"up": {"uv": [2.5, 2.25, 3, 2.75], "texture": "#2"},
				"down": {"uv": [2.5, 2.25, 3, 2.75], "texture": "#2"}
			}
		},
		{
			"from": [1, 25, 5.75],
			"to": [1.75, 26, 6.5],
			"rotation": {"angle": 0, "axis": "y", "origin": [0, 0, 1]},
			"faces": {
				"north": {"uv": [2.5, 2.25, 3, 2.75], "texture": "#2"},
				"east": {"uv": [2.5, 2.25, 3, 2.75], "texture": "#2"},
				"south": {"uv": [2.5, 2.25, 3, 2.75], "texture": "#2"},
				"west": {"uv": [2.5, 2.25, 3, 2.75], "texture": "#2"},
				"up": {"uv": [2.5, 2.25, 3, 2.75], "texture": "#2"},
				"down": {"uv": [2.5, 2.25, 3, 2.75], "texture": "#2"}
			}
		},
		{
			"from": [1, 26, 6],
			"to": [1.75, 27, 6.75],
			"rotation": {"angle": 0, "axis": "y", "origin": [0, 0, 1]},
			"faces": {
				"north": {"uv": [2.5, 2.25, 3, 2.75], "texture": "#2"},
				"east": {"uv": [2.5, 2.25, 3, 2.75], "texture": "#2"},
				"south": {"uv": [2.5, 2.25, 3, 2.75], "texture": "#2"},
				"west": {"uv": [2.5, 2.25, 3, 2.75], "texture": "#2"},
				"up": {"uv": [2.5, 2.25, 3, 2.75], "texture": "#2"},
				"down": {"uv": [2.5, 2.25, 3, 2.75], "texture": "#2"}
			}
		},
		{
			"from": [1, 28, 6.5],
			"to": [1.75, 29.25, 7.25],
			"rotation": {"angle": 0, "axis": "y", "origin": [0, 0, 1]},
			"faces": {
				"north": {"uv": [2.5, 2.25, 3, 2.75], "texture": "#2"},
				"east": {"uv": [2.5, 2.25, 3, 2.75], "texture": "#2"},
				"south": {"uv": [2.5, 2.25, 3, 2.75], "texture": "#2"},
				"west": {"uv": [2.5, 2.25, 3, 2.75], "texture": "#2"},
				"up": {"uv": [2.5, 2.25, 3, 2.75], "texture": "#2"},
				"down": {"uv": [2.5, 2.25, 3, 2.75], "texture": "#2"}
			}
		},
		{
			"from": [1, 28.25, 7.25],
			"to": [1.75, 29.25, 13.75],
			"rotation": {"angle": 0, "axis": "y", "origin": [0, 0, 1]},
			"faces": {
				"east": {"uv": [15.5, 13.25, 16, 13.75], "texture": "#1"},
				"south": {"uv": [15.5, 13.25, 16, 13.75], "texture": "#1"},
				"west": {"uv": [15.5, 13.25, 16, 13.75], "texture": "#1"},
				"up": {"uv": [15.5, 13.25, 16, 13.75], "texture": "#1"},
				"down": {"uv": [15.5, 13.25, 16, 13.75], "texture": "#1"}
			}
		},
		{
			"from": [1.75, 28.75, 7.25],
			"to": [2.5, 29.75, 13.75],
			"rotation": {"angle": 0, "axis": "y", "origin": [0, 0, 1]},
			"faces": {
				"east": {"uv": [15.5, 13.25, 16, 13.75], "texture": "#1"},
				"south": {"uv": [15.5, 13.25, 16, 13.75], "texture": "#1"},
				"west": {"uv": [15.5, 13.25, 16, 13.75], "texture": "#1"},
				"up": {"uv": [15.5, 13.25, 16, 13.75], "texture": "#1"},
				"down": {"uv": [15.5, 13.25, 16, 13.75], "texture": "#1"}
			}
		},
		{
			"from": [13.5, 28.75, 7.25],
			"to": [14.25, 29.75, 13.75],
			"rotation": {"angle": 0, "axis": "y", "origin": [0, 0, 1]},
			"faces": {
				"east": {"uv": [15.5, 13.25, 16, 13.75], "texture": "#1"},
				"south": {"uv": [15.5, 13.25, 16, 13.75], "texture": "#1"},
				"west": {"uv": [15.5, 13.25, 16, 13.75], "texture": "#1"},
				"up": {"uv": [15.5, 13.25, 16, 13.75], "texture": "#1"},
				"down": {"uv": [15.5, 13.25, 16, 13.75], "texture": "#1"}
			}
		},
		{
			"from": [14.25, 28.25, 7.25],
			"to": [15, 29.25, 13.75],
			"rotation": {"angle": 0, "axis": "y", "origin": [0, 0, 1]},
			"faces": {
				"east": {"uv": [15.5, 13.25, 16, 13.75], "texture": "#1"},
				"south": {"uv": [15.5, 13.25, 16, 13.75], "texture": "#1"},
				"west": {"uv": [15.5, 13.25, 16, 13.75], "texture": "#1"},
				"up": {"uv": [15.5, 13.25, 16, 13.75], "texture": "#1"},
				"down": {"uv": [15.5, 13.25, 16, 13.75], "texture": "#1"}
			}
		},
		{
			"from": [2.5, 29.25, 7.25],
			"to": [13.5, 30.25, 13.75],
			"rotation": {"angle": 0, "axis": "y", "origin": [0, 0, 1]},
			"faces": {
				"east": {"uv": [15.5, 13.25, 16, 13.75], "texture": "#1"},
				"south": {"uv": [15.5, 13.25, 16, 13.75], "texture": "#1"},
				"west": {"uv": [15.5, 13.25, 16, 13.75], "texture": "#1"},
				"up": {"uv": [15.5, 13.25, 16, 13.75], "texture": "#1"},
				"down": {"uv": [15.5, 13.25, 16, 13.75], "texture": "#1"}
			}
		},
		{
			"from": [1.75, 28.75, 6.5],
			"to": [2.5, 29.75, 7.25],
			"rotation": {"angle": 0, "axis": "y", "origin": [0, 0, 1]},
			"faces": {
				"north": {"uv": [2.5, 2.25, 3, 2.75], "texture": "#2"},
				"east": {"uv": [2.5, 2.25, 3, 2.75], "texture": "#2"},
				"west": {"uv": [2.5, 2.25, 3, 2.75], "texture": "#2"},
				"up": {"uv": [2.5, 2.25, 3, 2.75], "texture": "#2"},
				"down": {"uv": [2.5, 2.25, 3, 2.75], "texture": "#2"}
			}
		},
		{
			"from": [2.5, 29.25, 6.5],
			"to": [13.5, 30.25, 7.25],
			"rotation": {"angle": 0, "axis": "y", "origin": [0, 0, 1]},
			"faces": {
				"north": {"uv": [2.5, 2.25, 3, 2.75], "texture": "#2"},
				"east": {"uv": [2.5, 2.25, 3, 2.75], "texture": "#2"},
				"west": {"uv": [2.5, 2.25, 3, 2.75], "texture": "#2"},
				"up": {"uv": [2.5, 2.25, 3, 2.75], "texture": "#2"},
				"down": {"uv": [2.5, 2.25, 3, 2.75], "texture": "#2"}
			}
		},
		{
			"from": [3.25, 28.25, 6.4],
			"to": [12.75, 31.5, 6.5],
			"rotation": {"angle": 0, "axis": "y", "origin": [0, 0, 1]},
			"faces": {
				"north": {"uv": [0, 3.5375, 16, 12.54583], "texture": "#7"},
				"east": {"uv": [2.5, 2.25, 3, 2.75], "texture": "#2"},
				"south": {"uv": [2.5, 2.25, 3, 2.75], "texture": "#2"},
				"west": {"uv": [2.5, 2.25, 3, 2.75], "texture": "#2"},
				"up": {"uv": [2.5, 2.25, 3, 2.75], "texture": "#2"},
				"down": {"uv": [2.5, 2.25, 3, 2.75], "texture": "#2"}
			}
		},
		{
			"from": [1, 27, 6.25],
			"to": [1.75, 28, 7],
			"rotation": {"angle": 0, "axis": "y", "origin": [0, 0, 1]},
			"faces": {
				"north": {"uv": [2.5, 2.25, 3, 2.75], "texture": "#2"},
				"east": {"uv": [2.5, 2.25, 3, 2.75], "texture": "#2"},
				"south": {"uv": [2.5, 2.25, 3, 2.75], "texture": "#2"},
				"west": {"uv": [2.5, 2.25, 3, 2.75], "texture": "#2"},
				"up": {"uv": [2.5, 2.25, 3, 2.75], "texture": "#2"},
				"down": {"uv": [2.5, 2.25, 3, 2.75], "texture": "#2"}
			}
		},
		{
			"from": [1, 20.5, 6],
			"to": [1.75, 22, 6.75],
			"rotation": {"angle": 0, "axis": "y", "origin": [0, 0, 1]},
			"faces": {
				"north": {"uv": [2.5, 2.25, 3, 2.75], "texture": "#2"},
				"east": {"uv": [2.5, 2.25, 3, 2.75], "texture": "#2"},
				"south": {"uv": [2.5, 2.25, 3, 2.75], "texture": "#2"},
				"west": {"uv": [2.5, 2.25, 3, 2.75], "texture": "#2"},
				"up": {"uv": [2.5, 2.25, 3, 2.75], "texture": "#2"},
				"down": {"uv": [2.5, 2.25, 3, 2.75], "texture": "#2"}
			}
		},
		{
			"from": [13.5, 28.75, 6.5],
			"to": [14.25, 29.75, 7.25],
			"rotation": {"angle": 0, "axis": "y", "origin": [0, 0, 1]},
			"faces": {
				"north": {"uv": [2.5, 2.25, 3, 2.75], "texture": "#2"},
				"east": {"uv": [2.5, 2.25, 3, 2.75], "texture": "#2"},
				"west": {"uv": [2.5, 2.25, 3, 2.75], "texture": "#2"},
				"up": {"uv": [2.5, 2.25, 3, 2.75], "texture": "#2"},
				"down": {"uv": [2.5, 2.25, 3, 2.75], "texture": "#2"}
			}
		},
		{
			"from": [14.25, 28, 6.5],
			"to": [15, 29.25, 7.25],
			"rotation": {"angle": 0, "axis": "y", "origin": [0, 0, 1]},
			"faces": {
				"north": {"uv": [2.5, 2.25, 3, 2.75], "texture": "#2"},
				"east": {"uv": [2.5, 2.25, 3, 2.75], "texture": "#2"},
				"south": {"uv": [2.5, 2.25, 3, 2.75], "texture": "#2"},
				"west": {"uv": [2.5, 2.25, 3, 2.75], "texture": "#2"},
				"up": {"uv": [2.5, 2.25, 3, 2.75], "texture": "#2"},
				"down": {"uv": [2.5, 2.25, 3, 2.75], "texture": "#2"}
			}
		},
		{
			"from": [14.25, 27, 6.25],
			"to": [15, 28, 7],
			"rotation": {"angle": 0, "axis": "y", "origin": [0, 0, 1]},
			"faces": {
				"north": {"uv": [2.5, 2.25, 3, 2.75], "texture": "#2"},
				"east": {"uv": [2.5, 2.25, 3, 2.75], "texture": "#2"},
				"south": {"uv": [2.5, 2.25, 3, 2.75], "texture": "#2"},
				"west": {"uv": [2.5, 2.25, 3, 2.75], "texture": "#2"},
				"up": {"uv": [2.5, 2.25, 3, 2.75], "texture": "#2"},
				"down": {"uv": [2.5, 2.25, 3, 2.75], "texture": "#2"}
			}
		},
		{
			"from": [14.25, 26, 6],
			"to": [15, 27, 6.75],
			"rotation": {"angle": 0, "axis": "y", "origin": [0, 0, 1]},
			"faces": {
				"north": {"uv": [2.5, 2.25, 3, 2.75], "texture": "#2"},
				"east": {"uv": [2.5, 2.25, 3, 2.75], "texture": "#2"},
				"south": {"uv": [2.5, 2.25, 3, 2.75], "texture": "#2"},
				"west": {"uv": [2.5, 2.25, 3, 2.75], "texture": "#2"},
				"up": {"uv": [2.5, 2.25, 3, 2.75], "texture": "#2"},
				"down": {"uv": [2.5, 2.25, 3, 2.75], "texture": "#2"}
			}
		},
		{
			"from": [14.25, 25, 5.75],
			"to": [15, 26, 6.5],
			"rotation": {"angle": 0, "axis": "y", "origin": [0, 0, 1]},
			"faces": {
				"north": {"uv": [2.5, 2.25, 3, 2.75], "texture": "#2"},
				"east": {"uv": [2.5, 2.25, 3, 2.75], "texture": "#2"},
				"south": {"uv": [2.5, 2.25, 3, 2.75], "texture": "#2"},
				"west": {"uv": [2.5, 2.25, 3, 2.75], "texture": "#2"},
				"up": {"uv": [2.5, 2.25, 3, 2.75], "texture": "#2"},
				"down": {"uv": [2.5, 2.25, 3, 2.75], "texture": "#2"}
			}
		},
		{
			"from": [14.25, 23.5, 5.5],
			"to": [15, 25, 6.25],
			"rotation": {"angle": 0, "axis": "y", "origin": [0, 0, 1]},
			"faces": {
				"north": {"uv": [2.5, 2.25, 3, 2.75], "texture": "#2"},
				"east": {"uv": [2.5, 2.25, 3, 2.75], "texture": "#2"},
				"south": {"uv": [2.5, 2.25, 3, 2.75], "texture": "#2"},
				"west": {"uv": [2.5, 2.25, 3, 2.75], "texture": "#2"},
				"up": {"uv": [2.5, 2.25, 3, 2.75], "texture": "#2"},
				"down": {"uv": [2.5, 2.25, 3, 2.75], "texture": "#2"}
			}
		},
		{
			"from": [14.25, 22, 5.75],
			"to": [15, 23.5, 6.5],
			"rotation": {"angle": 0, "axis": "y", "origin": [0, 0, 1]},
			"faces": {
				"north": {"uv": [2.5, 2.25, 3, 2.75], "texture": "#2"},
				"east": {"uv": [2.5, 2.25, 3, 2.75], "texture": "#2"},
				"south": {"uv": [2.5, 2.25, 3, 2.75], "texture": "#2"},
				"west": {"uv": [2.5, 2.25, 3, 2.75], "texture": "#2"},
				"up": {"uv": [2.5, 2.25, 3, 2.75], "texture": "#2"},
				"down": {"uv": [2.5, 2.25, 3, 2.75], "texture": "#2"}
			}
		},
		{
			"from": [14.25, 20.5, 6],
			"to": [15, 22, 6.75],
			"rotation": {"angle": 0, "axis": "y", "origin": [0, 0, 1]},
			"faces": {
				"north": {"uv": [2.5, 2.25, 3, 2.75], "texture": "#2"},
				"east": {"uv": [2.5, 2.25, 3, 2.75], "texture": "#2"},
				"south": {"uv": [2.5, 2.25, 3, 2.75], "texture": "#2"},
				"west": {"uv": [2.5, 2.25, 3, 2.75], "texture": "#2"},
				"up": {"uv": [2.5, 2.25, 3, 2.75], "texture": "#2"},
				"down": {"uv": [2.5, 2.25, 3, 2.75], "texture": "#2"}
			}
		},
		{
			"from": [14.25, 18.75, 6.25],
			"to": [15, 20.5, 7],
			"rotation": {"angle": 0, "axis": "y", "origin": [0, 0, 1]},
			"faces": {
				"north": {"uv": [2.5, 2.25, 3, 2.75], "texture": "#2"},
				"east": {"uv": [2.5, 2.25, 3, 2.75], "texture": "#2"},
				"south": {"uv": [2.5, 2.25, 3, 2.75], "texture": "#2"},
				"west": {"uv": [2.5, 2.25, 3, 2.75], "texture": "#2"},
				"up": {"uv": [2.5, 2.25, 3, 2.75], "texture": "#2"}
			}
		},
		{
			"from": [1, 16.5, 6],
			"to": [1.75, 17.75, 7.5],
			"rotation": {"angle": 0, "axis": "y", "origin": [0, 0, 1]},
			"faces": {
				"north": {"uv": [15.5, 13.25, 16, 13.75], "texture": "#1"},
				"east": {"uv": [15.5, 13.25, 16, 13.75], "texture": "#1"},
				"south": {"uv": [15.5, 13.25, 16, 13.75], "texture": "#1"},
				"up": {"uv": [15.5, 13.25, 16, 13.75], "texture": "#1"},
				"down": {"uv": [15.5, 13.25, 16, 13.75], "texture": "#1"}
			}
		},
		{
			"from": [1, 16.5, 5.75],
			"to": [1.5, 17.75, 6],
			"rotation": {"angle": 0, "axis": "y", "origin": [0, 0, 1]},
			"faces": {
				"north": {"uv": [6.25, 12, 6.75, 12.5], "texture": "#1"},
				"east": {"uv": [6.25, 12, 6.75, 12.5], "texture": "#1"},
				"up": {"uv": [6.25, 12, 6.75, 12.5], "texture": "#1"},
				"down": {"uv": [6.25, 12, 6.75, 12.5], "texture": "#1"}
			}
		},
		{
			"from": [1, 15.25, 6],
			"to": [1.5, 16.5, 6.25],
			"rotation": {"angle": 0, "axis": "y", "origin": [0, 0, 1]},
			"faces": {
				"north": {"uv": [6.25, 12, 6.75, 12.5], "texture": "#1"},
				"east": {"uv": [6.25, 12, 6.75, 12.5], "texture": "#1"},
				"down": {"uv": [6.25, 12, 6.75, 12.5], "texture": "#1"}
			}
		},
		{
			"from": [1, 14, 6.25],
			"to": [1.5, 15.25, 6.5],
			"rotation": {"angle": 0, "axis": "y", "origin": [0, 0, 1]},
			"faces": {
				"north": {"uv": [6.25, 12, 6.75, 12.5], "texture": "#1"},
				"east": {"uv": [6.25, 12, 6.75, 12.5], "texture": "#1"},
				"down": {"uv": [6.25, 12, 6.75, 12.5], "texture": "#1"}
			}
		},
		{
			"from": [1, 17.75, 6],
			"to": [1.75, 18.25, 7.25],
			"rotation": {"angle": 0, "axis": "y", "origin": [0, 0, 1]},
			"faces": {
				"north": {"uv": [15.5, 13.25, 16, 13.75], "texture": "#1"},
				"east": {"uv": [15.5, 13.25, 16, 13.75], "texture": "#1"},
				"south": {"uv": [15.5, 13.25, 16, 13.75], "texture": "#1"},
				"up": {"uv": [15.5, 13.25, 16, 13.75], "texture": "#1"}
			}
		},
		{
			"from": [1, 18.25, 6.25],
			"to": [1.75, 18.75, 7],
			"rotation": {"angle": 0, "axis": "y", "origin": [0, 0, 1]},
			"faces": {
				"north": {"uv": [15.5, 13.25, 16, 13.75], "texture": "#1"},
				"east": {"uv": [15.5, 13.25, 16, 13.75], "texture": "#1"},
				"south": {"uv": [15.5, 13.25, 16, 13.75], "texture": "#1"}
			}
		},
		{
			"from": [0.75, 18.25, 6.25],
			"to": [1, 18.75, 7],
			"rotation": {"angle": 0, "axis": "y", "origin": [0, 0, 1]},
			"faces": {
				"north": {"uv": [4.25, 4, 4.75, 4.5], "texture": "#3"},
				"south": {"uv": [4.25, 4, 4.75, 4.5], "texture": "#3"},
				"west": {"uv": [4.25, 4, 4.75, 4.5], "texture": "#3"},
				"up": {"uv": [4.25, 4, 4.75, 4.5], "texture": "#3"}
			}
		},
		{
			"from": [0.75, 17.75, 6],
			"to": [1, 18.25, 7.25],
			"rotation": {"angle": 0, "axis": "y", "origin": [0, 0, 1]},
			"faces": {
				"north": {"uv": [4.25, 4, 4.75, 4.5], "texture": "#3"},
				"south": {"uv": [4.25, 4, 4.75, 4.5], "texture": "#3"},
				"west": {"uv": [4.25, 4, 4.75, 4.5], "texture": "#3"},
				"up": {"uv": [4.25, 4, 4.75, 4.5], "texture": "#3"}
			}
		},
		{
			"from": [0.75, 16.5, 5.75],
			"to": [1, 17.75, 7.5],
			"rotation": {"angle": 0, "axis": "y", "origin": [0, 0, 1]},
			"faces": {
				"north": {"uv": [4.25, 4, 4.75, 4.5], "texture": "#3"},
				"south": {"uv": [4.25, 4, 4.75, 4.5], "texture": "#3"},
				"west": {"uv": [4.25, 4, 4.75, 4.5], "texture": "#3"},
				"up": {"uv": [4.25, 4, 4.75, 4.5], "texture": "#3"},
				"down": {"uv": [4.25, 4, 4.75, 4.5], "texture": "#3"}
			}
		},
		{
			"from": [0.75, 15.25, 6],
			"to": [1, 16.5, 7.75],
			"rotation": {"angle": 0, "axis": "y", "origin": [0, 0, 1]},
			"faces": {
				"north": {"uv": [4.25, 4, 4.75, 4.5], "texture": "#3"},
				"south": {"uv": [4.25, 4, 4.75, 4.5], "texture": "#3"},
				"west": {"uv": [4.25, 4, 4.75, 4.5], "texture": "#3"},
				"up": {"uv": [4.25, 4, 4.75, 4.5], "texture": "#3"},
				"down": {"uv": [4.25, 4, 4.75, 4.5], "texture": "#3"}
			}
		},
		{
			"from": [0.75, 14, 6.25],
			"to": [1, 15.25, 8],
			"rotation": {"angle": 0, "axis": "y", "origin": [0, 0, 1]},
			"faces": {
				"north": {"uv": [4.25, 4, 4.75, 4.5], "texture": "#3"},
				"south": {"uv": [4.25, 4, 4.75, 4.5], "texture": "#3"},
				"west": {"uv": [4.25, 4, 4.75, 4.5], "texture": "#3"},
				"up": {"uv": [4.25, 4, 4.75, 4.5], "texture": "#3"},
				"down": {"uv": [4.25, 4, 4.75, 4.5], "texture": "#3"}
			}
		},
		{
			"from": [0.75, 13.5, 6.5],
			"to": [1, 14, 7.75],
			"rotation": {"angle": 0, "axis": "y", "origin": [0, 0, 1]},
			"faces": {
				"north": {"uv": [4.25, 4, 4.75, 4.5], "texture": "#3"},
				"south": {"uv": [4.25, 4, 4.75, 4.5], "texture": "#3"},
				"west": {"uv": [4.25, 4, 4.75, 4.5], "texture": "#3"},
				"down": {"uv": [4.25, 4, 4.75, 4.5], "texture": "#3"}
			}
		},
		{
			"from": [14.25, 16.5, 6],
			"to": [15, 17.75, 7.5],
			"rotation": {"angle": 0, "axis": "y", "origin": [0, 0, 1]},
			"faces": {
				"north": {"uv": [15.5, 13.25, 16, 13.75], "texture": "#1"},
				"south": {"uv": [15.5, 13.25, 16, 13.75], "texture": "#1"},
				"west": {"uv": [15.5, 13.25, 16, 13.75], "texture": "#1"},
				"up": {"uv": [15.5, 13.25, 16, 13.75], "texture": "#1"},
				"down": {"uv": [15.5, 13.25, 16, 13.75], "texture": "#1"}
			}
		},
		{
			"from": [14.25, 18.25, 6.25],
			"to": [15, 18.75, 7],
			"rotation": {"angle": 0, "axis": "y", "origin": [0, 0, 1]},
			"faces": {
				"north": {"uv": [15.5, 13.25, 16, 13.75], "texture": "#1"},
				"south": {"uv": [15.5, 13.25, 16, 13.75], "texture": "#1"},
				"west": {"uv": [15.5, 13.25, 16, 13.75], "texture": "#1"}
			}
		},
		{
			"from": [14.25, 17.75, 6],
			"to": [15, 18.25, 7.25],
			"rotation": {"angle": 0, "axis": "y", "origin": [0, 0, 1]},
			"faces": {
				"north": {"uv": [15.5, 13.25, 16, 13.75], "texture": "#1"},
				"south": {"uv": [15.5, 13.25, 16, 13.75], "texture": "#1"},
				"west": {"uv": [15.5, 13.25, 16, 13.75], "texture": "#1"},
				"up": {"uv": [15.5, 13.25, 16, 13.75], "texture": "#1"}
			}
		},
		{
			"from": [14.25, 15.25, 6.25],
			"to": [15, 16.5, 7.75],
			"rotation": {"angle": 0, "axis": "y", "origin": [0, 0, 1]},
			"faces": {
				"north": {"uv": [15.5, 13.25, 16, 13.75], "texture": "#1"},
				"south": {"uv": [15.5, 13.25, 16, 13.75], "texture": "#1"},
				"west": {"uv": [15.5, 13.25, 16, 13.75], "texture": "#1"},
				"up": {"uv": [15.5, 13.25, 16, 13.75], "texture": "#1"},
				"down": {"uv": [15.5, 13.25, 16, 13.75], "texture": "#1"}
			}
		},
		{
			"from": [14.25, 14, 6.5],
			"to": [15, 15.25, 8],
			"rotation": {"angle": 0, "axis": "y", "origin": [0, 0, 1]},
			"faces": {
				"north": {"uv": [15.5, 13.25, 16, 13.75], "texture": "#1"},
				"south": {"uv": [15.5, 13.25, 16, 13.75], "texture": "#1"},
				"west": {"uv": [15.5, 13.25, 16, 13.75], "texture": "#1"},
				"up": {"uv": [15.5, 13.25, 16, 13.75], "texture": "#1"},
				"down": {"uv": [15.5, 13.25, 16, 13.75], "texture": "#1"}
			}
		},
		{
			"from": [14.25, 13.5, 6.5],
			"to": [15, 14, 7.75],
			"rotation": {"angle": 0, "axis": "y", "origin": [0, 0, 1]},
			"faces": {
				"north": {"uv": [15.5, 13.25, 16, 13.75], "texture": "#1"},
				"south": {"uv": [15.5, 13.25, 16, 13.75], "texture": "#1"},
				"west": {"uv": [15.5, 13.25, 16, 13.75], "texture": "#1"},
				"down": {"uv": [15.5, 13.25, 16, 13.75], "texture": "#1"}
			}
		},
		{
			"from": [14.5, 12, 7],
			"to": [15, 13.5, 7.75],
			"rotation": {"angle": 0, "axis": "y", "origin": [0, 0, 1]},
			"faces": {
				"north": {"uv": [15.5, 13.25, 16, 13.75], "texture": "#1"},
				"south": {"uv": [15.5, 13.25, 16, 13.75], "texture": "#1"},
				"west": {"uv": [15.5, 13.25, 16, 13.75], "texture": "#1"}
			}
		},
		{
			"from": [14.5, 14, 6.25],
			"to": [15, 15.25, 6.5],
			"rotation": {"angle": 0, "axis": "y", "origin": [0, 0, 1]},
			"faces": {
				"north": {"uv": [6.25, 12, 6.75, 12.5], "texture": "#1"},
				"west": {"uv": [6.25, 12, 6.75, 12.5], "texture": "#1"},
				"down": {"uv": [6.25, 12, 6.75, 12.5], "texture": "#1"}
			}
		},
		{
			"from": [14.5, 15.25, 6],
			"to": [15, 16.5, 6.25],
			"rotation": {"angle": 0, "axis": "y", "origin": [0, 0, 1]},
			"faces": {
				"north": {"uv": [6.25, 12, 6.75, 12.5], "texture": "#1"},
				"west": {"uv": [6.25, 12, 6.75, 12.5], "texture": "#1"},
				"down": {"uv": [6.25, 12, 6.75, 12.5], "texture": "#1"}
			}
		},
		{
			"from": [14.5, 16.5, 5.75],
			"to": [15, 17.75, 6],
			"rotation": {"angle": 0, "axis": "y", "origin": [0, 0, 1]},
			"faces": {
				"north": {"uv": [6.25, 12, 6.75, 12.5], "texture": "#1"},
				"west": {"uv": [6.25, 12, 6.75, 12.5], "texture": "#1"},
				"up": {"uv": [6.25, 12, 6.75, 12.5], "texture": "#1"},
				"down": {"uv": [6.25, 12, 6.75, 12.5], "texture": "#1"}
			}
		},
		{
			"from": [15, 18.25, 6.25],
			"to": [15.25, 18.75, 7],
			"rotation": {"angle": 0, "axis": "y", "origin": [0, 0, 1]},
			"faces": {
				"north": {"uv": [4.25, 4, 4.75, 4.5], "texture": "#3"},
				"east": {"uv": [4.25, 4, 4.75, 4.5], "texture": "#3"},
				"south": {"uv": [4.25, 4, 4.75, 4.5], "texture": "#3"},
				"up": {"uv": [4.25, 4, 4.75, 4.5], "texture": "#3"}
			}
		},
		{
			"from": [15, 17.75, 6],
			"to": [15.25, 18.25, 7.25],
			"rotation": {"angle": 0, "axis": "y", "origin": [0, 0, 1]},
			"faces": {
				"north": {"uv": [4.25, 4, 4.75, 4.5], "texture": "#3"},
				"east": {"uv": [4.25, 4, 4.75, 4.5], "texture": "#3"},
				"south": {"uv": [4.25, 4, 4.75, 4.5], "texture": "#3"},
				"up": {"uv": [4.25, 4, 4.75, 4.5], "texture": "#3"}
			}
		},
		{
			"from": [15, 16.5, 5.75],
			"to": [15.25, 17.75, 7.5],
			"rotation": {"angle": 0, "axis": "y", "origin": [0, 0, 1]},
			"faces": {
				"north": {"uv": [4.25, 4, 4.75, 4.5], "texture": "#3"},
				"east": {"uv": [4.25, 4, 4.75, 4.5], "texture": "#3"},
				"south": {"uv": [4.25, 4, 4.75, 4.5], "texture": "#3"},
				"up": {"uv": [4.25, 4, 4.75, 4.5], "texture": "#3"},
				"down": {"uv": [4.25, 4, 4.75, 4.5], "texture": "#3"}
			}
		},
		{
			"from": [15, 15.25, 6],
			"to": [15.25, 16.5, 7.75],
			"rotation": {"angle": 0, "axis": "y", "origin": [0, 0, 1]},
			"faces": {
				"north": {"uv": [4.25, 4, 4.75, 4.5], "texture": "#3"},
				"east": {"uv": [4.25, 4, 4.75, 4.5], "texture": "#3"},
				"south": {"uv": [4.25, 4, 4.75, 4.5], "texture": "#3"},
				"up": {"uv": [4.25, 4, 4.75, 4.5], "texture": "#3"},
				"down": {"uv": [4.25, 4, 4.75, 4.5], "texture": "#3"}
			}
		},
		{
			"from": [15, 14, 6.25],
			"to": [15.25, 15.25, 8],
			"rotation": {"angle": 0, "axis": "y", "origin": [0, 0, 1]},
			"faces": {
				"north": {"uv": [4.25, 4, 4.75, 4.5], "texture": "#3"},
				"east": {"uv": [4.25, 4, 4.75, 4.5], "texture": "#3"},
				"south": {"uv": [4.25, 4, 4.75, 4.5], "texture": "#3"},
				"up": {"uv": [4.25, 4, 4.75, 4.5], "texture": "#3"},
				"down": {"uv": [4.25, 4, 4.75, 4.5], "texture": "#3"}
			}
		},
		{
			"from": [15, 13.5, 6.5],
			"to": [15.25, 14, 7.75],
			"rotation": {"angle": 0, "axis": "y", "origin": [0, 0, 1]},
			"faces": {
				"north": {"uv": [4.25, 4, 4.75, 4.5], "texture": "#3"},
				"east": {"uv": [4.25, 4, 4.75, 4.5], "texture": "#3"},
				"south": {"uv": [4.25, 4, 4.75, 4.5], "texture": "#3"},
				"down": {"uv": [4.25, 4, 4.75, 4.5], "texture": "#3"}
			}
		},
		{
			"from": [1, 12.5, 9],
			"to": [1.75, 13, 16],
			"rotation": {"angle": 0, "axis": "y", "origin": [0, 0, 1]},
			"faces": {
				"north": {"uv": [15.5, 13.25, 16, 13.75], "texture": "#1"},
				"east": {"uv": [15.5, 13.25, 16, 13.75], "texture": "#1"},
				"south": {"uv": [4.25, 4, 4.75, 4.5], "texture": "#3"},
				"west": {"uv": [4.25, 4, 4.75, 4.5], "texture": "#3"},
				"up": {"uv": [15.5, 13.25, 16, 13.75], "texture": "#1"}
			}
		},
		{
			"from": [1, 13, 10.25],
			"to": [1.75, 13.5, 16],
			"rotation": {"angle": 0, "axis": "y", "origin": [0, 0, 1]},
			"faces": {
				"north": {"uv": [15.5, 13.25, 16, 13.75], "texture": "#1"},
				"east": {"uv": [15.5, 13.25, 16, 13.75], "texture": "#1"},
				"south": {"uv": [4.25, 4, 4.75, 4.5], "texture": "#3"},
				"west": {"uv": [4.25, 4, 4.75, 4.5], "texture": "#3"},
				"up": {"uv": [15.5, 13.25, 16, 13.75], "texture": "#1"}
			}
		},
		{
			"from": [1, 13.5, 11.5],
			"to": [1.75, 14, 16],
			"rotation": {"angle": 0, "axis": "y", "origin": [0, 0, 1]},
			"faces": {
				"north": {"uv": [15.5, 13.25, 16, 13.75], "texture": "#1"},
				"east": {"uv": [15.5, 13.25, 16, 13.75], "texture": "#1"},
				"south": {"uv": [4.25, 4, 4.75, 4.5], "texture": "#3"},
				"west": {"uv": [4.25, 4, 4.75, 4.5], "texture": "#3"},
				"up": {"uv": [15.5, 13.25, 16, 13.75], "texture": "#1"}
			}
		},
		{
			"from": [1, 14, 12.75],
			"to": [1.75, 14.5, 16],
			"rotation": {"angle": 0, "axis": "y", "origin": [0, 0, 1]},
			"faces": {
				"north": {"uv": [15.5, 13.25, 16, 13.75], "texture": "#1"},
				"east": {"uv": [15.5, 13.25, 16, 13.75], "texture": "#1"},
				"south": {"uv": [4.25, 4, 4.75, 4.5], "texture": "#3"},
				"west": {"uv": [4.25, 4, 4.75, 4.5], "texture": "#3"},
				"up": {"uv": [15.5, 13.25, 16, 13.75], "texture": "#1"}
			}
		},
		{
			"from": [1.25, 13.5, 7],
			"to": [1.5, 28.25, 12.75],
			"rotation": {"angle": 0, "axis": "y", "origin": [0, 0, 1]},
			"faces": {
				"east": {"uv": [0.25, 0.25, 0.75, 0.75], "texture": "#4"},
				"west": {"uv": [0.25, 0.25, 0.75, 0.75], "texture": "#4"}
			}
		},
		{
			"from": [1.25, 20.5, 6.25],
			"to": [1.5, 27, 7],
			"rotation": {"angle": 0, "axis": "y", "origin": [0, 0, 1]},
			"faces": {
				"east": {"uv": [0.25, 0.25, 0.75, 0.75], "texture": "#4"},
				"west": {"uv": [0.25, 0.25, 0.75, 0.75], "texture": "#4"}
			}
		},
		{
			"from": [1.25, 14.5, 12.75],
			"to": [1.5, 28.25, 13.75],
			"rotation": {"angle": 0, "axis": "y", "origin": [0, 0, 1]},
			"faces": {
				"east": {"uv": [0, 0, 0.5, 0.5], "texture": "#4"},
				"west": {"uv": [0, 0, 0.5, 0.5], "texture": "#4"}
			}
		},
		{
			"from": [1.25, 15.5, 13.75],
			"to": [1.5, 23.75, 14.75],
			"rotation": {"angle": 0, "axis": "y", "origin": [0, 0, 1]},
			"faces": {
				"east": {"uv": [0, 0, 0.5, 0.5], "texture": "#4"},
				"west": {"uv": [0, 0, 0.5, 0.5], "texture": "#4"}
			}
		},
		{
			"from": [1.25, 16.5, 14.75],
			"to": [1.5, 18.75, 15],
			"rotation": {"angle": 0, "axis": "y", "origin": [0, 0, 1]},
			"faces": {
				"east": {"uv": [0, 0, 0.5, 0.5], "texture": "#4"},
				"west": {"uv": [0, 0, 0.5, 0.5], "texture": "#4"}
			}
		},
		{
			"from": [1.25, 13, 7.75],
			"to": [1.5, 13.5, 10.25],
			"rotation": {"angle": 0, "axis": "y", "origin": [0, 0, 1]},
			"faces": {
				"east": {"uv": [0, 0, 0.5, 0.5], "texture": "#4"},
				"west": {"uv": [0, 0, 0.5, 0.5], "texture": "#4"}
			}
		},
		{
			"from": [1.25, 12.5, 7.75],
			"to": [1.5, 13, 9],
			"rotation": {"angle": 0, "axis": "y", "origin": [0, 0, 1]},
			"faces": {
				"east": {"uv": [0, 0, 0.5, 0.5], "texture": "#4"},
				"west": {"uv": [0, 0, 0.5, 0.5], "texture": "#4"}
			}
		},
		{
			"from": [14.5, 20.5, 6.25],
			"to": [14.75, 27, 7],
			"rotation": {"angle": 0, "axis": "y", "origin": [0, 0, 1]},
			"faces": {
				"east": {"uv": [0.25, 0.25, 0.75, 0.75], "texture": "#4"},
				"west": {"uv": [0.25, 0.25, 0.75, 0.75], "texture": "#4"}
			}
		},
		{
			"from": [14.5, 13.5, 7],
			"to": [14.75, 28.25, 12.75],
			"rotation": {"angle": 0, "axis": "y", "origin": [0, 0, 1]},
			"faces": {
				"east": {"uv": [0.25, 0.25, 0.75, 0.75], "texture": "#4"},
				"west": {"uv": [0.25, 0.25, 0.75, 0.75], "texture": "#4"}
			}
		},
		{
			"from": [14.5, 14.5, 12.75],
			"to": [14.75, 28.25, 13.75],
			"rotation": {"angle": 0, "axis": "y", "origin": [0, 0, 1]},
			"faces": {
				"east": {"uv": [0, 0, 0.5, 0.5], "texture": "#4"},
				"west": {"uv": [0, 0, 0.5, 0.5], "texture": "#4"}
			}
		},
		{
			"from": [14.5, 15.5, 13.75],
			"to": [14.75, 23.75, 14.75],
			"rotation": {"angle": 0, "axis": "y", "origin": [0, 0, 1]},
			"faces": {
				"east": {"uv": [0, 0, 0.5, 0.5], "texture": "#4"},
				"west": {"uv": [0, 0, 0.5, 0.5], "texture": "#4"}
			}
		},
		{
			"from": [14.5, 16.5, 14.75],
			"to": [14.75, 18.75, 15],
			"rotation": {"angle": 0, "axis": "y", "origin": [0, 0, 1]},
			"faces": {
				"east": {"uv": [0, 0, 0.5, 0.5], "texture": "#4"},
				"west": {"uv": [0, 0, 0.5, 0.5], "texture": "#4"}
			}
		},
		{
			"from": [1, 14.5, 13.75],
			"to": [1.75, 15.5, 15.5],
			"rotation": {"angle": 0, "axis": "y", "origin": [0, 0, 1]},
			"faces": {
				"north": {"uv": [15.5, 13.25, 16, 13.75], "texture": "#1"},
				"east": {"uv": [15.5, 13.25, 16, 13.75], "texture": "#1"},
				"west": {"uv": [4.25, 4, 4.75, 4.5], "texture": "#3"},
				"up": {"uv": [15.5, 13.25, 16, 13.75], "texture": "#1"}
			}
		},
		{
			"from": [1, 14.5, 13.25],
			"to": [1.75, 15, 13.75],
			"rotation": {"angle": 0, "axis": "y", "origin": [0, 0, 1]},
			"faces": {
				"north": {"uv": [15.5, 13.25, 16, 13.75], "texture": "#1"},
				"east": {"uv": [15.5, 13.25, 16, 13.75], "texture": "#1"},
				"west": {"uv": [4.25, 4, 4.75, 4.5], "texture": "#3"},
				"up": {"uv": [15.5, 13.25, 16, 13.75], "texture": "#1"}
			}
		},
		{
			"from": [1, 15.5, 14.25],
			"to": [1.75, 16, 14.75],
			"rotation": {"angle": 0, "axis": "y", "origin": [0, 0, 1]},
			"faces": {
				"north": {"uv": [15.5, 13.25, 16, 13.75], "texture": "#1"},
				"east": {"uv": [15.5, 13.25, 16, 13.75], "texture": "#1"},
				"west": {"uv": [4.25, 4, 4.75, 4.5], "texture": "#3"},
				"up": {"uv": [15.5, 13.25, 16, 13.75], "texture": "#1"}
			}
		},
		{
			"from": [1, 15.5, 14.75],
			"to": [1.75, 16.5, 15.5],
			"rotation": {"angle": 0, "axis": "y", "origin": [0, 0, 1]},
			"faces": {
				"north": {"uv": [15.5, 13.25, 16, 13.75], "texture": "#1"},
				"east": {"uv": [15.5, 13.25, 16, 13.75], "texture": "#1"},
				"west": {"uv": [4.25, 4, 4.75, 4.5], "texture": "#3"},
				"up": {"uv": [15.5, 13.25, 16, 13.75], "texture": "#1"}
			}
		},
		{
			"from": [1, 14.5, 15.5],
			"to": [1.75, 17.5, 16],
			"rotation": {"angle": 0, "axis": "y", "origin": [0, 0, 1]},
			"faces": {
				"east": {"uv": [15.5, 13.25, 16, 13.75], "texture": "#1"},
				"south": {"uv": [4.25, 4, 4.75, 4.5], "texture": "#3"},
				"west": {"uv": [4.25, 4, 4.75, 4.5], "texture": "#3"}
			}
		},
		{
			"from": [14.25, 14.5, 15.5],
			"to": [15, 17.5, 16],
			"rotation": {"angle": 0, "axis": "y", "origin": [0, 0, 1]},
			"faces": {
				"east": {"uv": [4.25, 4, 4.75, 4.5], "texture": "#3"},
				"south": {"uv": [4.25, 4, 4.75, 4.5], "texture": "#3"},
				"west": {"uv": [15.5, 13.25, 16, 13.75], "texture": "#1"}
			}
		},
		{
			"from": [14.25, 12, 7.75],
			"to": [15, 12.5, 16],
			"rotation": {"angle": 0, "axis": "y", "origin": [0, 0, 1]},
			"faces": {
				"north": {"uv": [15.5, 13.25, 16, 13.75], "texture": "#1"},
				"east": {"uv": [4.25, 4, 4.75, 4.5], "texture": "#3"},
				"south": {"uv": [4.25, 4, 4.75, 4.5], "texture": "#3"},
				"west": {"uv": [15.5, 13.25, 16, 13.75], "texture": "#1"},
				"up": {"uv": [15.5, 13.25, 16, 13.75], "texture": "#1"}
			}
		},
		{
			"from": [14.25, 12.5, 9],
			"to": [15, 13, 16],
			"rotation": {"angle": 0, "axis": "y", "origin": [0, 0, 1]},
			"faces": {
				"north": {"uv": [15.5, 13.25, 16, 13.75], "texture": "#1"},
				"east": {"uv": [4.25, 4, 4.75, 4.5], "texture": "#3"},
				"south": {"uv": [4.25, 4, 4.75, 4.5], "texture": "#3"},
				"west": {"uv": [15.5, 13.25, 16, 13.75], "texture": "#1"},
				"up": {"uv": [15.5, 13.25, 16, 13.75], "texture": "#1"}
			}
		},
		{
			"from": [14.5, 12.5, 7.75],
			"to": [14.75, 13, 9],
			"rotation": {"angle": 0, "axis": "y", "origin": [0, 0, 1]},
			"faces": {
				"east": {"uv": [0, 0, 0.5, 0.5], "texture": "#4"},
				"west": {"uv": [0, 0, 0.5, 0.5], "texture": "#4"}
			}
		},
		{
			"from": [14.5, 13, 7.75],
			"to": [14.75, 13.5, 10.25],
			"rotation": {"angle": 0, "axis": "y", "origin": [0, 0, 1]},
			"faces": {
				"east": {"uv": [0, 0, 0.5, 0.5], "texture": "#4"},
				"west": {"uv": [0, 0, 0.5, 0.5], "texture": "#4"}
			}
		},
		{
			"from": [14.25, 13, 10.25],
			"to": [15, 13.5, 16],
			"rotation": {"angle": 0, "axis": "y", "origin": [0, 0, 1]},
			"faces": {
				"north": {"uv": [15.5, 13.25, 16, 13.75], "texture": "#1"},
				"east": {"uv": [4.25, 4, 4.75, 4.5], "texture": "#3"},
				"south": {"uv": [4.25, 4, 4.75, 4.5], "texture": "#3"},
				"west": {"uv": [15.5, 13.25, 16, 13.75], "texture": "#1"},
				"up": {"uv": [15.5, 13.25, 16, 13.75], "texture": "#1"}
			}
		},
		{
			"from": [14.25, 13.5, 11.5],
			"to": [15, 14, 16],
			"rotation": {"angle": 0, "axis": "y", "origin": [0, 0, 1]},
			"faces": {
				"north": {"uv": [15.5, 13.25, 16, 13.75], "texture": "#1"},
				"east": {"uv": [4.25, 4, 4.75, 4.5], "texture": "#3"},
				"south": {"uv": [4.25, 4, 4.75, 4.5], "texture": "#3"},
				"west": {"uv": [15.5, 13.25, 16, 13.75], "texture": "#1"},
				"up": {"uv": [15.5, 13.25, 16, 13.75], "texture": "#1"}
			}
		},
		{
			"from": [14.25, 14, 12.75],
			"to": [15, 14.5, 16],
			"rotation": {"angle": 0, "axis": "y", "origin": [0, 0, 1]},
			"faces": {
				"north": {"uv": [15.5, 13.25, 16, 13.75], "texture": "#1"},
				"east": {"uv": [4.25, 4, 4.75, 4.5], "texture": "#3"},
				"south": {"uv": [4.25, 4, 4.75, 4.5], "texture": "#3"},
				"west": {"uv": [15.5, 13.25, 16, 13.75], "texture": "#1"},
				"up": {"uv": [15.5, 13.25, 16, 13.75], "texture": "#1"}
			}
		},
		{
			"from": [14.25, 14.5, 13.75],
			"to": [15, 15.5, 15.5],
			"rotation": {"angle": 0, "axis": "y", "origin": [0, 0, 1]},
			"faces": {
				"north": {"uv": [15.5, 13.25, 16, 13.75], "texture": "#1"},
				"east": {"uv": [4.25, 4, 4.75, 4.5], "texture": "#3"},
				"west": {"uv": [15.5, 13.25, 16, 13.75], "texture": "#1"},
				"up": {"uv": [15.5, 13.25, 16, 13.75], "texture": "#1"}
			}
		},
		{
			"from": [14.25, 15.5, 14.75],
			"to": [15, 16.5, 15.5],
			"rotation": {"angle": 0, "axis": "y", "origin": [0, 0, 1]},
			"faces": {
				"north": {"uv": [15.5, 13.25, 16, 13.75], "texture": "#1"},
				"east": {"uv": [4.25, 4, 4.75, 4.5], "texture": "#3"},
				"west": {"uv": [15.5, 13.25, 16, 13.75], "texture": "#1"},
				"up": {"uv": [15.5, 13.25, 16, 13.75], "texture": "#1"}
			}
		},
		{
			"from": [14.25, 15.5, 14.25],
			"to": [15, 16, 14.75],
			"rotation": {"angle": 0, "axis": "y", "origin": [0, 0, 1]},
			"faces": {
				"north": {"uv": [15.5, 13.25, 16, 13.75], "texture": "#1"},
				"east": {"uv": [4.25, 4, 4.75, 4.5], "texture": "#3"},
				"west": {"uv": [15.5, 13.25, 16, 13.75], "texture": "#1"},
				"up": {"uv": [15.5, 13.25, 16, 13.75], "texture": "#1"}
			}
		},
		{
			"from": [14.25, 14.5, 13.25],
			"to": [15, 15, 13.75],
			"rotation": {"angle": 0, "axis": "y", "origin": [0, 0, 1]},
			"faces": {
				"north": {"uv": [15.5, 13.25, 16, 13.75], "texture": "#1"},
				"east": {"uv": [4.25, 4, 4.75, 4.5], "texture": "#3"},
				"west": {"uv": [15.5, 13.25, 16, 13.75], "texture": "#1"},
				"up": {"uv": [15.5, 13.25, 16, 13.75], "texture": "#1"}
			}
		},
		{
			"from": [3.5, 16.75, 15.5],
			"to": [4.25, 18.75, 16],
			"rotation": {"angle": 0, "axis": "y", "origin": [0, 0, 1]},
			"faces": {
				"north": {"uv": [15.5, 13.25, 16, 13.75], "texture": "#1"},
				"south": {"uv": [4.25, 4, 4.75, 4.5], "texture": "#3"},
				"west": {"uv": [15.5, 13.25, 16, 13.75], "texture": "#1"},
				"up": {"uv": [4.25, 4, 4.75, 4.5], "texture": "#3"}
			}
		},
		{
			"from": [4.25, 16.75, 15.5],
			"to": [11.75, 18.75, 16],
			"rotation": {"angle": 0, "axis": "y", "origin": [0, 0, 1]},
			"faces": {
				"north": {"uv": [0, 0, 0.5, 0.5], "texture": "#4"},
				"south": {"uv": [0, 0, 0.5, 0.5], "texture": "#4"},
				"up": {"uv": [0, 0, 0.5, 0.5], "texture": "#4"}
			}
		},
		{
			"from": [4.25, 18.75, 15.25],
			"to": [11.75, 20, 15.75],
			"rotation": {"angle": 0, "axis": "y", "origin": [0, 0, 1]},
			"faces": {
				"north": {"uv": [0, 0, 0.5, 0.5], "texture": "#4"},
				"south": {"uv": [0, 0, 0.5, 0.5], "texture": "#4"},
				"up": {"uv": [0, 0, 0.5, 0.5], "texture": "#4"},
				"down": {"uv": [0, 0, 0.5, 0.5], "texture": "#4"}
			}
		},
		{
			"from": [4.25, 20, 15],
			"to": [11.75, 21.25, 15.5],
			"rotation": {"angle": 0, "axis": "y", "origin": [0, 0, 1]},
			"faces": {
				"north": {"uv": [0, 0, 0.5, 0.5], "texture": "#4"},
				"south": {"uv": [0, 0, 0.5, 0.5], "texture": "#4"},
				"up": {"uv": [0, 0, 0.5, 0.5], "texture": "#4"},
				"down": {"uv": [0, 0, 0.5, 0.5], "texture": "#4"}
			}
		},
		{
			"from": [4.25, 22.5, 14.5],
			"to": [11.75, 23.75, 15],
			"rotation": {"angle": 0, "axis": "y", "origin": [0, 0, 1]},
			"faces": {
				"north": {"uv": [0, 0, 0.5, 0.5], "texture": "#4"},
				"south": {"uv": [0, 0, 0.5, 0.5], "texture": "#4"},
				"up": {"uv": [0, 0, 0.5, 0.5], "texture": "#4"},
				"down": {"uv": [0, 0, 0.5, 0.5], "texture": "#4"}
			}
		},
		{
			"from": [4.25, 21.25, 14.75],
			"to": [11.75, 22.5, 15.25],
			"rotation": {"angle": 0, "axis": "y", "origin": [0, 0, 1]},
			"faces": {
				"north": {"uv": [0, 0, 0.5, 0.5], "texture": "#4"},
				"south": {"uv": [0, 0, 0.5, 0.5], "texture": "#4"},
				"up": {"uv": [0, 0, 0.5, 0.5], "texture": "#4"},
				"down": {"uv": [0, 0, 0.5, 0.5], "texture": "#4"}
			}
		},
		{
			"from": [4.25, 25, 14],
			"to": [11.75, 26.25, 14.5],
			"rotation": {"angle": 0, "axis": "y", "origin": [0, 0, 1]},
			"faces": {
				"north": {"uv": [0, 0, 0.5, 0.5], "texture": "#4"},
				"south": {"uv": [0, 0, 0.5, 0.5], "texture": "#4"},
				"up": {"uv": [0, 0, 0.5, 0.5], "texture": "#4"},
				"down": {"uv": [0, 0, 0.5, 0.5], "texture": "#4"}
			}
		},
		{
			"from": [4.25, 23.75, 14.25],
			"to": [11.75, 25, 14.75],
			"rotation": {"angle": 0, "axis": "y", "origin": [0, 0, 1]},
			"faces": {
				"north": {"uv": [0, 0, 0.5, 0.5], "texture": "#4"},
				"south": {"uv": [0, 0, 0.5, 0.5], "texture": "#4"},
				"up": {"uv": [0, 0, 0.5, 0.5], "texture": "#4"},
				"down": {"uv": [0, 0, 0.5, 0.5], "texture": "#4"}
			}
		},
		{
			"from": [3.5, 18.75, 15.25],
			"to": [4.25, 20, 15.75],
			"rotation": {"angle": 0, "axis": "y", "origin": [0, 0, 1]},
			"faces": {
				"north": {"uv": [15.5, 13.25, 16, 13.75], "texture": "#1"},
				"south": {"uv": [4.25, 4, 4.75, 4.5], "texture": "#3"},
				"west": {"uv": [15.5, 13.25, 16, 13.75], "texture": "#1"},
				"up": {"uv": [4.25, 4, 4.75, 4.5], "texture": "#3"},
				"down": {"uv": [15.5, 13.25, 16, 13.75], "texture": "#1"}
			}
		},
		{
			"from": [3.5, 20, 15],
			"to": [4.25, 21.25, 15.5],
			"rotation": {"angle": 0, "axis": "y", "origin": [0, 0, 1]},
			"faces": {
				"north": {"uv": [15.5, 13.25, 16, 13.75], "texture": "#1"},
				"south": {"uv": [4.25, 4, 4.75, 4.5], "texture": "#3"},
				"west": {"uv": [15.5, 13.25, 16, 13.75], "texture": "#1"},
				"up": {"uv": [4.25, 4, 4.75, 4.5], "texture": "#3"},
				"down": {"uv": [15.5, 13.25, 16, 13.75], "texture": "#1"}
			}
		},
		{
			"from": [3.5, 22.5, 14.5],
			"to": [4.25, 23.75, 15],
			"rotation": {"angle": 0, "axis": "y", "origin": [0, 0, 1]},
			"faces": {
				"north": {"uv": [15.5, 13.25, 16, 13.75], "texture": "#1"},
				"south": {"uv": [4.25, 4, 4.75, 4.5], "texture": "#3"},
				"west": {"uv": [15.5, 13.25, 16, 13.75], "texture": "#1"},
				"up": {"uv": [4.25, 4, 4.75, 4.5], "texture": "#3"},
				"down": {"uv": [15.5, 13.25, 16, 13.75], "texture": "#1"}
			}
		},
		{
			"from": [3.5, 21.25, 14.75],
			"to": [4.25, 22.5, 15.25],
			"rotation": {"angle": 0, "axis": "y", "origin": [0, 0, 1]},
			"faces": {
				"north": {"uv": [15.5, 13.25, 16, 13.75], "texture": "#1"},
				"south": {"uv": [4.25, 4, 4.75, 4.5], "texture": "#3"},
				"west": {"uv": [15.5, 13.25, 16, 13.75], "texture": "#1"},
				"up": {"uv": [4.25, 4, 4.75, 4.5], "texture": "#3"},
				"down": {"uv": [15.5, 13.25, 16, 13.75], "texture": "#1"}
			}
		},
		{
			"from": [3.5, 25, 14],
			"to": [4.25, 26.25, 14.5],
			"rotation": {"angle": 0, "axis": "y", "origin": [0, 0, 1]},
			"faces": {
				"north": {"uv": [15.5, 13.25, 16, 13.75], "texture": "#1"},
				"south": {"uv": [4.25, 4, 4.75, 4.5], "texture": "#3"},
				"west": {"uv": [15.5, 13.25, 16, 13.75], "texture": "#1"},
				"up": {"uv": [4.25, 4, 4.75, 4.5], "texture": "#3"},
				"down": {"uv": [15.5, 13.25, 16, 13.75], "texture": "#1"}
			}
		},
		{
			"from": [2.75, 25.25, 14],
			"to": [3.5, 26, 14.5],
			"rotation": {"angle": 0, "axis": "y", "origin": [0, 0, 1]},
			"faces": {
				"north": {"uv": [15.5, 13.25, 16, 13.75], "texture": "#1"},
				"south": {"uv": [15.5, 13.25, 16, 13.75], "texture": "#1"},
				"up": {"uv": [15.5, 13.25, 16, 13.75], "texture": "#1"},
				"down": {"uv": [15.5, 13.25, 16, 13.75], "texture": "#1"}
			}
		},
		{
			"from": [1.75, 25, 14],
			"to": [2.75, 26.25, 14.5],
			"rotation": {"angle": 0, "axis": "y", "origin": [0, 0, 1]},
			"faces": {
				"north": {"uv": [15.5, 13.25, 16, 13.75], "texture": "#1"},
				"east": {"uv": [15.5, 13.25, 16, 13.75], "texture": "#1"},
				"south": {"uv": [15.5, 13.25, 16, 13.75], "texture": "#1"},
				"up": {"uv": [15.5, 13.25, 16, 13.75], "texture": "#1"},
				"down": {"uv": [15.5, 13.25, 16, 13.75], "texture": "#1"}
			}
		},
		{
			"from": [1.75, 24, 14.25],
			"to": [2.75, 25, 14.75],
			"rotation": {"angle": 0, "axis": "y", "origin": [0, 0, 1]},
			"faces": {
				"north": {"uv": [15.5, 13.25, 16, 13.75], "texture": "#1"},
				"east": {"uv": [15.5, 13.25, 16, 13.75], "texture": "#1"},
				"south": {"uv": [15.5, 13.25, 16, 13.75], "texture": "#1"},
				"up": {"uv": [15.5, 13.25, 16, 13.75], "texture": "#1"},
				"down": {"uv": [15.5, 13.25, 16, 13.75], "texture": "#1"}
			}
		},
		{
			"from": [1.75, 26.25, 13.75],
			"to": [2.75, 27.25, 14.25],
			"rotation": {"angle": 0, "axis": "y", "origin": [0, 0, 1]},
			"faces": {
				"north": {"uv": [15.5, 13.25, 16, 13.75], "texture": "#1"},
				"east": {"uv": [15.5, 13.25, 16, 13.75], "texture": "#1"},
				"south": {"uv": [15.5, 13.25, 16, 13.75], "texture": "#1"},
				"up": {"uv": [15.5, 13.25, 16, 13.75], "texture": "#1"},
				"down": {"uv": [15.5, 13.25, 16, 13.75], "texture": "#1"}
			}
		},
		{
			"from": [13.25, 26.25, 13.75],
			"to": [14.25, 27.25, 14.25],
			"rotation": {"angle": 0, "axis": "y", "origin": [0, 0, 1]},
			"faces": {
				"north": {"uv": [15.5, 13.25, 16, 13.75], "texture": "#1"},
				"south": {"uv": [15.5, 13.25, 16, 13.75], "texture": "#1"},
				"west": {"uv": [15.5, 13.25, 16, 13.75], "texture": "#1"},
				"up": {"uv": [15.5, 13.25, 16, 13.75], "texture": "#1"},
				"down": {"uv": [15.5, 13.25, 16, 13.75], "texture": "#1"}
			}
		},
		{
			"from": [13.25, 25, 14],
			"to": [14.25, 26.25, 14.5],
			"rotation": {"angle": 0, "axis": "y", "origin": [0, 0, 1]},
			"faces": {
				"north": {"uv": [15.5, 13.25, 16, 13.75], "texture": "#1"},
				"south": {"uv": [15.5, 13.25, 16, 13.75], "texture": "#1"},
				"west": {"uv": [15.5, 13.25, 16, 13.75], "texture": "#1"},
				"up": {"uv": [15.5, 13.25, 16, 13.75], "texture": "#1"},
				"down": {"uv": [15.5, 13.25, 16, 13.75], "texture": "#1"}
			}
		},
		{
			"from": [13.25, 24, 14.25],
			"to": [14.25, 25, 14.75],
			"rotation": {"angle": 0, "axis": "y", "origin": [0, 0, 1]},
			"faces": {
				"north": {"uv": [15.5, 13.25, 16, 13.75], "texture": "#1"},
				"south": {"uv": [15.5, 13.25, 16, 13.75], "texture": "#1"},
				"west": {"uv": [15.5, 13.25, 16, 13.75], "texture": "#1"},
				"up": {"uv": [15.5, 13.25, 16, 13.75], "texture": "#1"},
				"down": {"uv": [15.5, 13.25, 16, 13.75], "texture": "#1"}
			}
		},
		{
			"from": [12.5, 25.25, 14],
			"to": [13.25, 26, 14.5],
			"rotation": {"angle": 0, "axis": "y", "origin": [0, 0, 1]},
			"faces": {
				"north": {"uv": [15.5, 13.25, 16, 13.75], "texture": "#1"},
				"south": {"uv": [15.5, 13.25, 16, 13.75], "texture": "#1"},
				"up": {"uv": [15.5, 13.25, 16, 13.75], "texture": "#1"},
				"down": {"uv": [15.5, 13.25, 16, 13.75], "texture": "#1"}
			}
		},
		{
			"from": [3.5, 23.75, 14.25],
			"to": [4.25, 25, 14.75],
			"rotation": {"angle": 0, "axis": "y", "origin": [0, 0, 1]},
			"faces": {
				"north": {"uv": [15.5, 13.25, 16, 13.75], "texture": "#1"},
				"south": {"uv": [4.25, 4, 4.75, 4.5], "texture": "#3"},
				"west": {"uv": [15.5, 13.25, 16, 13.75], "texture": "#1"},
				"up": {"uv": [4.25, 4, 4.75, 4.5], "texture": "#3"},
				"down": {"uv": [15.5, 13.25, 16, 13.75], "texture": "#1"}
			}
		},
		{
			"from": [11.75, 25, 14],
			"to": [12.5, 26.25, 14.5],
			"rotation": {"angle": 0, "axis": "y", "origin": [0, 0, 1]},
			"faces": {
				"north": {"uv": [15.5, 13.25, 16, 13.75], "texture": "#1"},
				"east": {"uv": [15.5, 13.25, 16, 13.75], "texture": "#1"},
				"south": {"uv": [4.25, 4, 4.75, 4.5], "texture": "#3"},
				"up": {"uv": [4.25, 4, 4.75, 4.5], "texture": "#3"},
				"down": {"uv": [15.5, 13.25, 16, 13.75], "texture": "#1"}
			}
		},
		{
			"from": [11.75, 23.75, 14.25],
			"to": [12.5, 25, 14.75],
			"rotation": {"angle": 0, "axis": "y", "origin": [0, 0, 1]},
			"faces": {
				"north": {"uv": [15.5, 13.25, 16, 13.75], "texture": "#1"},
				"east": {"uv": [15.5, 13.25, 16, 13.75], "texture": "#1"},
				"south": {"uv": [4.25, 4, 4.75, 4.5], "texture": "#3"},
				"up": {"uv": [4.25, 4, 4.75, 4.5], "texture": "#3"},
				"down": {"uv": [15.5, 13.25, 16, 13.75], "texture": "#1"}
			}
		},
		{
			"from": [11.75, 22.5, 14.5],
			"to": [12.5, 23.75, 15],
			"rotation": {"angle": 0, "axis": "y", "origin": [0, 0, 1]},
			"faces": {
				"north": {"uv": [15.5, 13.25, 16, 13.75], "texture": "#1"},
				"east": {"uv": [15.5, 13.25, 16, 13.75], "texture": "#1"},
				"south": {"uv": [4.25, 4, 4.75, 4.5], "texture": "#3"},
				"up": {"uv": [4.25, 4, 4.75, 4.5], "texture": "#3"},
				"down": {"uv": [15.5, 13.25, 16, 13.75], "texture": "#1"}
			}
		},
		{
			"from": [11.75, 21.25, 14.75],
			"to": [12.5, 22.5, 15.25],
			"rotation": {"angle": 0, "axis": "y", "origin": [0, 0, 1]},
			"faces": {
				"north": {"uv": [15.5, 13.25, 16, 13.75], "texture": "#1"},
				"east": {"uv": [15.5, 13.25, 16, 13.75], "texture": "#1"},
				"south": {"uv": [4.25, 4, 4.75, 4.5], "texture": "#3"},
				"up": {"uv": [4.25, 4, 4.75, 4.5], "texture": "#3"},
				"down": {"uv": [15.5, 13.25, 16, 13.75], "texture": "#1"}
			}
		},
		{
			"from": [11.75, 20, 15],
			"to": [12.5, 21.25, 15.5],
			"rotation": {"angle": 0, "axis": "y", "origin": [0, 0, 1]},
			"faces": {
				"north": {"uv": [15.5, 13.25, 16, 13.75], "texture": "#1"},
				"east": {"uv": [15.5, 13.25, 16, 13.75], "texture": "#1"},
				"south": {"uv": [4.25, 4, 4.75, 4.5], "texture": "#3"},
				"up": {"uv": [4.25, 4, 4.75, 4.5], "texture": "#3"},
				"down": {"uv": [15.5, 13.25, 16, 13.75], "texture": "#1"}
			}
		},
		{
			"from": [11.75, 18.75, 15.25],
			"to": [12.5, 20, 15.75],
			"rotation": {"angle": 0, "axis": "y", "origin": [0, 0, 1]},
			"faces": {
				"north": {"uv": [15.5, 13.25, 16, 13.75], "texture": "#1"},
				"east": {"uv": [15.5, 13.25, 16, 13.75], "texture": "#1"},
				"south": {"uv": [4.25, 4, 4.75, 4.5], "texture": "#3"},
				"up": {"uv": [4.25, 4, 4.75, 4.5], "texture": "#3"},
				"down": {"uv": [15.5, 13.25, 16, 13.75], "texture": "#1"}
			}
		},
		{
			"from": [11.75, 16.75, 15.5],
			"to": [12.5, 18.75, 16],
			"rotation": {"angle": 0, "axis": "y", "origin": [0, 0, 1]},
			"faces": {
				"north": {"uv": [15.5, 13.25, 16, 13.75], "texture": "#1"},
				"east": {"uv": [15.5, 13.25, 16, 13.75], "texture": "#1"},
				"south": {"uv": [4.25, 4, 4.75, 4.5], "texture": "#3"},
				"up": {"uv": [4.25, 4, 4.75, 4.5], "texture": "#3"}
			}
		},
		{
			"from": [3.5, 26.25, 13.75],
			"to": [12.5, 27.5, 14.25],
			"rotation": {"angle": 0, "axis": "y", "origin": [0, 0, 1]},
			"faces": {
				"north": {"uv": [15.5, 13.25, 16, 13.75], "texture": "#1"},
				"east": {"uv": [15.5, 13.25, 16, 13.75], "texture": "#1"},
				"south": {"uv": [4.25, 4, 4.75, 4.5], "texture": "#3"},
				"west": {"uv": [15.5, 13.25, 16, 13.75], "texture": "#1"},
				"up": {"uv": [4.25, 4, 4.75, 4.5], "texture": "#3"},
				"down": {"uv": [15.5, 13.25, 16, 13.75], "texture": "#1"}
			}
		},
		{
			"from": [3.5, 27.5, 13.5],
			"to": [12.5, 28.25, 14],
			"rotation": {"angle": 0, "axis": "y", "origin": [0, 0, 1]},
			"faces": {
				"north": {"uv": [15.5, 13.25, 16, 13.75], "texture": "#1"},
				"east": {"uv": [15.5, 13.25, 16, 13.75], "texture": "#1"},
				"south": {"uv": [4.25, 4, 4.75, 4.5], "texture": "#3"},
				"west": {"uv": [15.5, 13.25, 16, 13.75], "texture": "#1"},
				"up": {"uv": [4.25, 4, 4.75, 4.5], "texture": "#3"},
				"down": {"uv": [15.5, 13.25, 16, 13.75], "texture": "#1"}
			}
		},
		{
			"from": [3.5, 28.25, 13.25],
			"to": [12.5, 29.25, 13.75],
			"rotation": {"angle": 0, "axis": "y", "origin": [0, 0, 1]},
			"faces": {
				"north": {"uv": [15.5, 13.25, 16, 13.75], "texture": "#1"},
				"east": {"uv": [15.5, 13.25, 16, 13.75], "texture": "#1"},
				"south": {"uv": [4.25, 4, 4.75, 4.5], "texture": "#3"},
				"west": {"uv": [15.5, 13.25, 16, 13.75], "texture": "#1"},
				"down": {"uv": [15.5, 13.25, 16, 13.75], "texture": "#1"}
			}
		},
		{
			"from": [1, 17.5, 15],
			"to": [1.75, 18.75, 16],
			"rotation": {"angle": 0, "axis": "y", "origin": [0, 0, 1]},
			"faces": {
				"north": {"uv": [15.5, 13.25, 16, 13.75], "texture": "#1"},
				"east": {"uv": [15.5, 13.25, 16, 13.75], "texture": "#1"},
				"south": {"uv": [4.25, 4, 4.75, 4.5], "texture": "#3"},
				"west": {"uv": [4.25, 4, 4.75, 4.5], "texture": "#3"},
				"up": {"uv": [4.25, 4, 4.75, 4.5], "texture": "#3"}
			}
		},
		{
			"from": [1, 18.75, 14.75],
			"to": [1.75, 20, 15.75],
			"rotation": {"angle": 0, "axis": "y", "origin": [0, 0, 1]},
			"faces": {
				"north": {"uv": [15.5, 13.25, 16, 13.75], "texture": "#1"},
				"east": {"uv": [15.5, 13.25, 16, 13.75], "texture": "#1"},
				"south": {"uv": [4.25, 4, 4.75, 4.5], "texture": "#3"},
				"west": {"uv": [4.25, 4, 4.75, 4.5], "texture": "#3"},
				"up": {"uv": [4.25, 4, 4.75, 4.5], "texture": "#3"},
				"down": {"uv": [15.5, 13.25, 16, 13.75], "texture": "#1"}
			}
		},
		{
			"from": [1, 21.25, 14.25],
			"to": [1.75, 22.5, 15.25],
			"rotation": {"angle": 0, "axis": "y", "origin": [0, 0, 1]},
			"faces": {
				"north": {"uv": [15.5, 13.25, 16, 13.75], "texture": "#1"},
				"east": {"uv": [15.5, 13.25, 16, 13.75], "texture": "#1"},
				"south": {"uv": [4.25, 4, 4.75, 4.5], "texture": "#3"},
				"west": {"uv": [4.25, 4, 4.75, 4.5], "texture": "#3"},
				"up": {"uv": [4.25, 4, 4.75, 4.5], "texture": "#3"},
				"down": {"uv": [15.5, 13.25, 16, 13.75], "texture": "#1"}
			}
		},
		{
			"from": [1, 20, 14.5],
			"to": [1.75, 21.25, 15.5],
			"rotation": {"angle": 0, "axis": "y", "origin": [0, 0, 1]},
			"faces": {
				"north": {"uv": [15.5, 13.25, 16, 13.75], "texture": "#1"},
				"east": {"uv": [15.5, 13.25, 16, 13.75], "texture": "#1"},
				"south": {"uv": [4.25, 4, 4.75, 4.5], "texture": "#3"},
				"west": {"uv": [4.25, 4, 4.75, 4.5], "texture": "#3"},
				"up": {"uv": [4.25, 4, 4.75, 4.5], "texture": "#3"},
				"down": {"uv": [15.5, 13.25, 16, 13.75], "texture": "#1"}
			}
		},
		{
			"from": [1, 25, 13.5],
			"to": [1.75, 26.25, 14.5],
			"rotation": {"angle": 0, "axis": "y", "origin": [0, 0, 1]},
			"faces": {
				"north": {"uv": [15.5, 13.25, 16, 13.75], "texture": "#1"},
				"east": {"uv": [15.5, 13.25, 16, 13.75], "texture": "#1"},
				"south": {"uv": [4.25, 4, 4.75, 4.5], "texture": "#3"},
				"west": {"uv": [4.25, 4, 4.75, 4.5], "texture": "#3"},
				"up": {"uv": [4.25, 4, 4.75, 4.5], "texture": "#3"},
				"down": {"uv": [15.5, 13.25, 16, 13.75], "texture": "#1"}
			}
		},
		{
			"from": [1, 23.75, 13.75],
			"to": [1.75, 25, 14.75],
			"rotation": {"angle": 0, "axis": "y", "origin": [0, 0, 1]},
			"faces": {
				"north": {"uv": [15.5, 13.25, 16, 13.75], "texture": "#1"},
				"east": {"uv": [15.5, 13.25, 16, 13.75], "texture": "#1"},
				"south": {"uv": [4.25, 4, 4.75, 4.5], "texture": "#3"},
				"west": {"uv": [4.25, 4, 4.75, 4.5], "texture": "#3"},
				"up": {"uv": [4.25, 4, 4.75, 4.5], "texture": "#3"},
				"down": {"uv": [15.5, 13.25, 16, 13.75], "texture": "#1"}
			}
		},
		{
			"from": [1, 22.5, 14],
			"to": [1.75, 23.75, 15],
			"rotation": {"angle": 0, "axis": "y", "origin": [0, 0, 1]},
			"faces": {
				"north": {"uv": [15.5, 13.25, 16, 13.75], "texture": "#1"},
				"east": {"uv": [15.5, 13.25, 16, 13.75], "texture": "#1"},
				"south": {"uv": [4.25, 4, 4.75, 4.5], "texture": "#3"},
				"west": {"uv": [4.25, 4, 4.75, 4.5], "texture": "#3"},
				"up": {"uv": [4.25, 4, 4.75, 4.5], "texture": "#3"},
				"down": {"uv": [15.5, 13.25, 16, 13.75], "texture": "#1"}
			}
		},
		{
			"from": [1, 27.5, 13],
			"to": [1.75, 28.25, 14],
			"rotation": {"angle": 0, "axis": "y", "origin": [0, 0, 1]},
			"faces": {
				"north": {"uv": [15.5, 13.25, 16, 13.75], "texture": "#1"},
				"east": {"uv": [15.5, 13.25, 16, 13.75], "texture": "#1"},
				"south": {"uv": [4.25, 4, 4.75, 4.5], "texture": "#3"},
				"west": {"uv": [4.25, 4, 4.75, 4.5], "texture": "#3"},
				"up": {"uv": [4.25, 4, 4.75, 4.5], "texture": "#3"},
				"down": {"uv": [15.5, 13.25, 16, 13.75], "texture": "#1"}
			}
		},
		{
			"from": [1, 26.25, 13.25],
			"to": [1.75, 27.5, 14.25],
			"rotation": {"angle": 0, "axis": "y", "origin": [0, 0, 1]},
			"faces": {
				"north": {"uv": [15.5, 13.25, 16, 13.75], "texture": "#1"},
				"east": {"uv": [15.5, 13.25, 16, 13.75], "texture": "#1"},
				"south": {"uv": [4.25, 4, 4.75, 4.5], "texture": "#3"},
				"west": {"uv": [4.25, 4, 4.75, 4.5], "texture": "#3"},
				"up": {"uv": [4.25, 4, 4.75, 4.5], "texture": "#3"},
				"down": {"uv": [15.5, 13.25, 16, 13.75], "texture": "#1"}
			}
		},
		{
			"from": [14.25, 17.5, 15],
			"to": [15, 18.75, 16],
			"rotation": {"angle": 0, "axis": "y", "origin": [0, 0, 1]},
			"faces": {
				"north": {"uv": [15.5, 13.25, 16, 13.75], "texture": "#1"},
				"east": {"uv": [4.25, 4, 4.75, 4.5], "texture": "#3"},
				"south": {"uv": [4.25, 4, 4.75, 4.5], "texture": "#3"},
				"west": {"uv": [15.5, 13.25, 16, 13.75], "texture": "#1"},
				"up": {"uv": [4.25, 4, 4.75, 4.5], "texture": "#3"}
			}
		},
		{
			"from": [14.25, 27.5, 13],
			"to": [15, 28.25, 14],
			"rotation": {"angle": 0, "axis": "y", "origin": [0, 0, 1]},
			"faces": {
				"north": {"uv": [15.5, 13.25, 16, 13.75], "texture": "#1"},
				"east": {"uv": [4.25, 4, 4.75, 4.5], "texture": "#3"},
				"south": {"uv": [4.25, 4, 4.75, 4.5], "texture": "#3"},
				"west": {"uv": [15.5, 13.25, 16, 13.75], "texture": "#1"},
				"up": {"uv": [4.25, 4, 4.75, 4.5], "texture": "#3"},
				"down": {"uv": [15.5, 13.25, 16, 13.75], "texture": "#1"}
			}
		},
		{
			"from": [14.25, 26.25, 13.25],
			"to": [15, 27.5, 14.25],
			"rotation": {"angle": 0, "axis": "y", "origin": [0, 0, 1]},
			"faces": {
				"north": {"uv": [15.5, 13.25, 16, 13.75], "texture": "#1"},
				"east": {"uv": [4.25, 4, 4.75, 4.5], "texture": "#3"},
				"south": {"uv": [4.25, 4, 4.75, 4.5], "texture": "#3"},
				"west": {"uv": [15.5, 13.25, 16, 13.75], "texture": "#1"},
				"up": {"uv": [4.25, 4, 4.75, 4.5], "texture": "#3"},
				"down": {"uv": [15.5, 13.25, 16, 13.75], "texture": "#1"}
			}
		},
		{
			"from": [14.25, 25, 13.5],
			"to": [15, 26.25, 14.5],
			"rotation": {"angle": 0, "axis": "y", "origin": [0, 0, 1]},
			"faces": {
				"north": {"uv": [15.5, 13.25, 16, 13.75], "texture": "#1"},
				"east": {"uv": [4.25, 4, 4.75, 4.5], "texture": "#3"},
				"south": {"uv": [4.25, 4, 4.75, 4.5], "texture": "#3"},
				"west": {"uv": [15.5, 13.25, 16, 13.75], "texture": "#1"},
				"up": {"uv": [4.25, 4, 4.75, 4.5], "texture": "#3"},
				"down": {"uv": [15.5, 13.25, 16, 13.75], "texture": "#1"}
			}
		},
		{
			"from": [14.25, 23.75, 13.75],
			"to": [15, 25, 14.75],
			"rotation": {"angle": 0, "axis": "y", "origin": [0, 0, 1]},
			"faces": {
				"north": {"uv": [15.5, 13.25, 16, 13.75], "texture": "#1"},
				"east": {"uv": [4.25, 4, 4.75, 4.5], "texture": "#3"},
				"south": {"uv": [4.25, 4, 4.75, 4.5], "texture": "#3"},
				"west": {"uv": [15.5, 13.25, 16, 13.75], "texture": "#1"},
				"up": {"uv": [4.25, 4, 4.75, 4.5], "texture": "#3"},
				"down": {"uv": [15.5, 13.25, 16, 13.75], "texture": "#1"}
			}
		},
		{
			"from": [14.25, 22.5, 14],
			"to": [15, 23.75, 15],
			"rotation": {"angle": 0, "axis": "y", "origin": [0, 0, 1]},
			"faces": {
				"north": {"uv": [15.5, 13.25, 16, 13.75], "texture": "#1"},
				"east": {"uv": [4.25, 4, 4.75, 4.5], "texture": "#3"},
				"south": {"uv": [4.25, 4, 4.75, 4.5], "texture": "#3"},
				"west": {"uv": [15.5, 13.25, 16, 13.75], "texture": "#1"},
				"up": {"uv": [4.25, 4, 4.75, 4.5], "texture": "#3"},
				"down": {"uv": [15.5, 13.25, 16, 13.75], "texture": "#1"}
			}
		},
		{
			"from": [14.25, 21.25, 14.25],
			"to": [15, 22.5, 15.25],
			"rotation": {"angle": 0, "axis": "y", "origin": [0, 0, 1]},
			"faces": {
				"north": {"uv": [15.5, 13.25, 16, 13.75], "texture": "#1"},
				"east": {"uv": [4.25, 4, 4.75, 4.5], "texture": "#3"},
				"south": {"uv": [4.25, 4, 4.75, 4.5], "texture": "#3"},
				"west": {"uv": [15.5, 13.25, 16, 13.75], "texture": "#1"},
				"up": {"uv": [4.25, 4, 4.75, 4.5], "texture": "#3"},
				"down": {"uv": [15.5, 13.25, 16, 13.75], "texture": "#1"}
			}
		},
		{
			"from": [14.25, 20, 14.5],
			"to": [15, 21.25, 15.5],
			"rotation": {"angle": 0, "axis": "y", "origin": [0, 0, 1]},
			"faces": {
				"north": {"uv": [15.5, 13.25, 16, 13.75], "texture": "#1"},
				"east": {"uv": [4.25, 4, 4.75, 4.5], "texture": "#3"},
				"south": {"uv": [4.25, 4, 4.75, 4.5], "texture": "#3"},
				"west": {"uv": [15.5, 13.25, 16, 13.75], "texture": "#1"},
				"up": {"uv": [4.25, 4, 4.75, 4.5], "texture": "#3"},
				"down": {"uv": [15.5, 13.25, 16, 13.75], "texture": "#1"}
			}
		},
		{
			"from": [14.25, 18.75, 14.75],
			"to": [15, 20, 15.75],
			"rotation": {"angle": 0, "axis": "y", "origin": [0, 0, 1]},
			"faces": {
				"north": {"uv": [15.5, 13.25, 16, 13.75], "texture": "#1"},
				"east": {"uv": [4.25, 4, 4.75, 4.5], "texture": "#3"},
				"south": {"uv": [4.25, 4, 4.75, 4.5], "texture": "#3"},
				"west": {"uv": [15.5, 13.25, 16, 13.75], "texture": "#1"},
				"up": {"uv": [4.25, 4, 4.75, 4.5], "texture": "#3"},
				"down": {"uv": [15.5, 13.25, 16, 13.75], "texture": "#1"}
			}
		},
		{
			"from": [1, 16.5, 15],
			"to": [1.75, 17.5, 15.5],
			"rotation": {"angle": 0, "axis": "y", "origin": [0, 0, 1]},
			"faces": {
				"north": {"uv": [15.5, 13.25, 16, 13.75], "texture": "#1"},
				"east": {"uv": [15.5, 13.25, 16, 13.75], "texture": "#1"},
				"west": {"uv": [4.25, 4, 4.75, 4.5], "texture": "#3"}
			}
		},
		{
			"from": [14.25, 16.5, 15],
			"to": [15, 17.5, 15.5],
			"rotation": {"angle": 0, "axis": "y", "origin": [0, 0, 1]},
			"faces": {
				"north": {"uv": [15.5, 13.25, 16, 13.75], "texture": "#1"},
				"east": {"uv": [4.25, 4, 4.75, 4.5], "texture": "#3"},
				"west": {"uv": [15.5, 13.25, 16, 13.75], "texture": "#1"}
			}
		},
		{
			"from": [1.25, 3.5, 6.5],
			"to": [14.75, 12, 7],
			"rotation": {"angle": 0, "axis": "y", "origin": [0, 0, 1]},
			"faces": {
				"north": {"uv": [4.25, 4, 4.75, 4.5], "texture": "#3"},
				"east": {"uv": [4.25, 4, 4.75, 4.5], "texture": "#3"},
				"west": {"uv": [4.25, 4, 4.75, 4.5], "texture": "#3"},
				"up": {"uv": [15.5, 13.25, 16, 13.75], "texture": "#1"},
				"down": {"uv": [4.25, 4, 4.75, 4.5], "texture": "#3"}
			}
		},
		{
			"from": [2.25, 4.5, 6],
			"to": [13.75, 12, 6.5],
			"rotation": {"angle": 0, "axis": "y", "origin": [0, 0, 1]},
			"faces": {
				"north": {"uv": [4.25, 4, 4.75, 4.5], "texture": "#3"},
				"east": {"uv": [4.25, 4, 4.75, 4.5], "texture": "#3"},
				"west": {"uv": [4.25, 4, 4.75, 4.5], "texture": "#3"},
				"up": {"uv": [15.5, 13.25, 16, 13.75], "texture": "#1"},
				"down": {"uv": [4.25, 4, 4.75, 4.5], "texture": "#3"}
			}
		},
		{
			"from": [3.25, 5.5, 5.5],
			"to": [12.75, 12, 6],
			"rotation": {"angle": 0, "axis": "y", "origin": [0, 0, 1]},
			"faces": {
				"north": {"uv": [4.25, 4, 4.75, 4.5], "texture": "#3"},
				"east": {"uv": [4.25, 4, 4.75, 4.5], "texture": "#3"},
				"west": {"uv": [4.25, 4, 4.75, 4.5], "texture": "#3"},
				"up": {"uv": [15.5, 13.25, 16, 13.75], "texture": "#1"},
				"down": {"uv": [4.25, 4, 4.75, 4.5], "texture": "#3"}
			}
		},
		{
			"from": [4.25, 6.5, 5],
			"to": [11.75, 12, 5.5],
			"rotation": {"angle": 0, "axis": "y", "origin": [0, 0, 1]},
			"faces": {
				"north": {"uv": [4.25, 4, 4.75, 4.5], "texture": "#3"},
				"east": {"uv": [4.25, 4, 4.75, 4.5], "texture": "#3"},
				"west": {"uv": [4.25, 4, 4.75, 4.5], "texture": "#3"},
				"up": {"uv": [15.5, 13.25, 16, 13.75], "texture": "#1"},
				"down": {"uv": [4.25, 4, 4.75, 4.5], "texture": "#3"}
			}
		},
		{
			"from": [7.5, 11, 4.9],
			"to": [8.5, 11.75, 5],
			"rotation": {"angle": 0, "axis": "y", "origin": [0, 0, 1]},
			"faces": {
				"north": {"uv": [4.25, 4, 4.75, 4.5], "texture": "#3"},
				"east": {"uv": [4.25, 4, 4.75, 4.5], "texture": "#3"},
				"west": {"uv": [4.25, 4, 4.75, 4.5], "texture": "#3"},
				"up": {"uv": [4.25, 4, 4.75, 4.5], "texture": "#3"},
				"down": {"uv": [4.25, 4, 4.75, 4.5], "texture": "#3"}
			}
		},
		{
			"from": [7.875, 11.25, 4.85],
			"to": [8.125, 11.5, 4.9],
			"rotation": {"angle": 0, "axis": "y", "origin": [0, 0, 1]},
			"faces": {
				"north": {"uv": [0, 0, 16, 16], "texture": "#6"},
				"east": {"uv": [0, 0, 1, 1], "texture": "#6"},
				"west": {"uv": [0, 0, 1, 1], "texture": "#6"},
				"up": {"uv": [0, 0, 1, 1], "texture": "#6"},
				"down": {"uv": [0, 0, 1, 1], "texture": "#6"}
			}
		},
		{
			"from": [1, 4, 7],
			"to": [15, 5, 10],
			"rotation": {"angle": 0, "axis": "y", "origin": [0, 0, 1]},
			"faces": {
				"north": {"uv": [4.25, 4, 4.75, 4.5], "texture": "#3"},
				"east": {"uv": [4.25, 4, 4.75, 4.5], "texture": "#3"},
				"west": {"uv": [4.25, 4, 4.75, 4.5], "texture": "#3"}
			}
		},
		{
			"from": [1, 6, 7],
			"to": [15, 7, 13],
			"rotation": {"angle": 0, "axis": "y", "origin": [0, 0, 1]},
			"faces": {
				"north": {"uv": [4.25, 4, 4.75, 4.5], "texture": "#3"},
				"east": {"uv": [4.25, 4, 4.75, 4.5], "texture": "#3"},
				"west": {"uv": [4.25, 4, 4.75, 4.5], "texture": "#3"}
			}
		},
		{
			"from": [1, 5, 7],
			"to": [15, 6, 11.5],
			"rotation": {"angle": 0, "axis": "y", "origin": [0, 0, 1]},
			"faces": {
				"north": {"uv": [4.25, 4, 4.75, 4.5], "texture": "#3"},
				"east": {"uv": [4.25, 4, 4.75, 4.5], "texture": "#3"},
				"west": {"uv": [4.25, 4, 4.75, 4.5], "texture": "#3"}
			}
		},
		{
			"from": [1, 8, 7],
			"to": [15, 9, 16],
			"rotation": {"angle": 0, "axis": "y", "origin": [0, 0, 1]},
			"faces": {
				"north": {"uv": [4.25, 4, 4.75, 4.5], "texture": "#3"},
				"east": {"uv": [4.25, 4, 4.75, 4.5], "texture": "#3"},
				"south": {"uv": [4.25, 4, 4.75, 4.5], "texture": "#3"},
				"west": {"uv": [4.25, 4, 4.75, 4.5], "texture": "#3"}
			}
		},
		{
			"from": [1, 9, 7],
			"to": [15, 12, 16],
			"rotation": {"angle": 0, "axis": "y", "origin": [0, 0, 1]},
			"faces": {
				"north": {"uv": [4.25, 4, 4.75, 4.5], "texture": "#3"},
				"east": {"uv": [4.25, 4, 4.75, 4.5], "texture": "#3"},
				"south": {"uv": [4.25, 4, 4.75, 4.5], "texture": "#3"},
				"west": {"uv": [4.25, 4, 4.75, 4.5], "texture": "#3"},
				"up": {"uv": [15.5, 13.25, 16, 13.75], "texture": "#1"}
			}
		},
		{
			"from": [1.75, 12, 15.5],
			"to": [14.25, 16.75, 16],
			"rotation": {"angle": 0, "axis": "y", "origin": [0, 0, 1]},
			"faces": {
				"north": {"uv": [15.5, 13.25, 16, 13.75], "texture": "#1"},
				"south": {"uv": [4.25, 4, 4.75, 4.5], "texture": "#3"},
				"up": {"uv": [15.5, 13.25, 16, 13.75], "texture": "#1"}
			}
		},
		{
			"from": [1, 7, 7],
			"to": [15, 8, 14.5],
			"rotation": {"angle": 0, "axis": "y", "origin": [0, 0, 1]},
			"faces": {
				"north": {"uv": [4.25, 4, 4.75, 4.5], "texture": "#3"},
				"east": {"uv": [4.25, 4, 4.75, 4.5], "texture": "#3"},
				"west": {"uv": [4.25, 4, 4.75, 4.5], "texture": "#3"}
			}
		},
		{
			"from": [1, 4, 10],
			"to": [15, 5, 16],
			"rotation": {"angle": 0, "axis": "y", "origin": [0, 0, 1]},
			"faces": {
				"east": {"uv": [0.25, 7.25, 0.25, 7.25], "texture": "#1"},
				"south": {"uv": [0.25, 7.25, 0.25, 7.25], "texture": "#1"},
				"west": {"uv": [0.25, 7.25, 0.25, 7.25], "texture": "#1"}
			}
		},
		{
			"from": [1, 5, 11.5],
			"to": [15, 6, 16],
			"rotation": {"angle": 0, "axis": "y", "origin": [0, 0, 1]},
			"faces": {
				"east": {"uv": [0.25, 7.25, 0.25, 7.25], "texture": "#1"},
				"south": {"uv": [0.25, 7.25, 0.25, 7.25], "texture": "#1"},
				"west": {"uv": [0.25, 7.25, 0.25, 7.25], "texture": "#1"}
			}
		},
		{
			"from": [1, 6, 13],
			"to": [15, 7, 16],
			"rotation": {"angle": 0, "axis": "y", "origin": [0, 0, 1]},
			"faces": {
				"east": {"uv": [0.25, 7.25, 0.25, 7.25], "texture": "#1"},
				"south": {"uv": [0.25, 7.25, 0.25, 7.25], "texture": "#1"},
				"west": {"uv": [0.25, 7.25, 0.25, 7.25], "texture": "#1"}
			}
		},
		{
			"from": [1, 7, 14.5],
			"to": [15, 8, 16],
			"rotation": {"angle": 0, "axis": "y", "origin": [0, 0, 1]},
			"faces": {
				"east": {"uv": [0.25, 7.25, 0.25, 7.25], "texture": "#1"},
				"south": {"uv": [0.25, 7.25, 0.25, 7.25], "texture": "#1"},
				"west": {"uv": [0.25, 7.25, 0.25, 7.25], "texture": "#1"}
			}
		}
	],
	"display": {
		"gui": {
			"rotation": [45, -135, 0],
			"translation": [1.75, -3.75, 0]
		},
		"head": {
			"translation": [0, -23, 0],
			"scale": [2.5, 2.5, 2.5]
		},
		"fixed": {
			"translation": [0, 8, -22],
			"scale": [3, 3, 3]
		}
	}
}