{
	"credit": "Made with Blockbench",
	"textures": {
		"0": "item/cit/amber",
		"1": "item/cit/akadora",
		"particle": "item/cit/amber"
	},
	"elements": [
		{
			"from": [6.5, 0.5, 6],
			"to": [9.5, 2, 10],
			"faces": {
				"north": {"uv": [0, 0, 1.5, 1], "texture": "#1"},
				"east": {"uv": [0, 0, 1.5, 1], "texture": "#1"},
				"south": {"uv": [0, 0, 1.5, 1], "texture": "#1"},
				"west": {"uv": [0, 0, 1.5, 1], "texture": "#1"},
				"up": {"uv": [0, 0, 16, 16], "texture": "#1"},
				"down": {"uv": [0, 0, 3, 4], "texture": "#missing"}
			}
		},
		{
			"from": [6.5, 0, 6],
			"to": [9.5, 0.5, 10],
			"faces": {
				"north": {"uv": [12, 1, 15, 1.5], "rotation": 180, "texture": "#0"},
				"east": {"uv": [14, 1, 15, 1.5], "texture": "#0"},
				"south": {"uv": [12, 1, 15, 1.5], "texture": "#0"},
				"west": {"uv": [12, 1, 13, 1.5], "texture": "#0"},
				"up": {"uv": [12, 1, 15, 1.5], "texture": "#0"},
				"down": {"uv": [12, 1, 15, 1.5], "texture": "#0"}
			}
		}
	],
	"display": {
		"thirdperson_righthand": {
			"translation": [0, 7.75, 2]
		},
		"thirdperson_lefthand": {
			"translation": [0, 7.75, 2]
		},
		"firstperson_righthand": {
			"rotation": [90, 0, 0],
			"translation": [0, 4.75, 8.75]
		},
		"firstperson_lefthand": {
			"rotation": [90, 0, 0],
			"translation": [0, 4.75, 8.75]
		},
		"ground": {
			"translation": [0, 5, 0]
		},
		"gui": {
			"rotation": [89, 0, 0],
			"translation": [0, 0.25, -3.25],
			"scale": [2, 2, 2]
		},
		"head": {
			"translation": [0, 38, 0],
			"scale": [4, 4, 4]
		},
		"fixed": {
			"rotation": [-90, 0, 0],
			"translation": [0, 0, -7.75]
		}
	}
}