{
	"credit": "Made with Blockbench",
	"textures": {
		"0": "item/cit/ki2",
		"2": "item/cit/stone3",
		"3": "item/cit/ana",
		"particle": "item/cit/ki2"
	},
	"elements": [
		{
			"from": [7.9, 1.45, 6.625],
			"to": [8.1, 1.725, 7.175],
			"faces": {
				"north": {"uv": [10, 8, 10.5, 10], "texture": "#0"},
				"east": {"uv": [10, 8, 10.5, 10], "texture": "#0"},
				"south": {"uv": [10, 8, 10.5, 10], "texture": "#0"},
				"west": {"uv": [10, 8, 10.5, 10], "texture": "#0"},
				"up": {"uv": [10, 8, 10.5, 9], "texture": "#0"},
				"down": {"uv": [10, 9, 10.5, 10], "texture": "#0"}
			}
		},
		{
			"from": [7.9, 1.45, 6.175],
			"to": [8.1, 1.725, 6.625],
			"faces": {
				"north": {"uv": [13.1, 11.5, 13.6, 12.5], "texture": "#2"},
				"east": {"uv": [13.1, 11.5, 13.6, 12.5], "texture": "#2"},
				"south": {"uv": [13.1, 11.5, 13.6, 12.5], "texture": "#2"},
				"west": {"uv": [13.1, 11.5, 13.6, 12.5], "texture": "#2"},
				"up": {"uv": [13.1, 11.5, 13.6, 12.5], "texture": "#2"},
				"down": {"uv": [13.1, 12, 13.6, 13], "texture": "#2"}
			}
		},
		{
			"from": [7.9, 1.4, 7.175],
			"to": [8.1, 1.725, 7.325],
			"faces": {
				"north": {"uv": [10, 8, 10.5, 10], "texture": "#0"},
				"east": {"uv": [10, 8, 10.5, 10], "texture": "#0"},
				"south": {"uv": [10, 8, 10.5, 10], "texture": "#0"},
				"west": {"uv": [10, 8, 10.5, 10], "texture": "#0"},
				"up": {"uv": [10, 8, 10.5, 9], "texture": "#0"},
				"down": {"uv": [10, 9, 10.5, 10], "texture": "#0"}
			}
		},
		{
			"from": [7.9, 1.2, 7.475],
			"to": [8.1, 1.625, 7.625],
			"faces": {
				"north": {"uv": [10, 8, 10.5, 10], "texture": "#0"},
				"east": {"uv": [10, 8, 10.5, 10], "texture": "#0"},
				"south": {"uv": [10, 8, 10.5, 10], "texture": "#0"},
				"west": {"uv": [10, 8, 10.5, 10], "texture": "#0"},
				"up": {"uv": [10, 8, 10.5, 9], "texture": "#0"},
				"down": {"uv": [10, 9, 10.5, 10], "texture": "#0"}
			}
		},
		{
			"from": [7.9, 1.15, 7.625],
			"to": [8.1, 1.6, 7.775],
			"faces": {
				"north": {"uv": [10, 8, 10.5, 10], "texture": "#0"},
				"east": {"uv": [10, 8, 10.5, 10], "texture": "#0"},
				"south": {"uv": [10, 8, 10.5, 10], "texture": "#0"},
				"west": {"uv": [10, 8, 10.5, 10], "texture": "#0"},
				"up": {"uv": [10, 8, 10.5, 9], "texture": "#0"},
				"down": {"uv": [10, 9, 10.5, 10], "texture": "#0"}
			}
		},
		{
			"from": [7.9, 1, 7.775],
			"to": [8.1, 1.5, 7.925],
			"faces": {
				"north": {"uv": [10, 8, 10.5, 10], "texture": "#0"},
				"east": {"uv": [10, 8, 10.5, 10], "texture": "#0"},
				"south": {"uv": [10, 8, 10.5, 10], "texture": "#0"},
				"west": {"uv": [10, 8, 10.5, 10], "texture": "#0"},
				"up": {"uv": [10, 8, 10.5, 9], "texture": "#0"},
				"down": {"uv": [10, 9, 10.5, 10], "texture": "#0"}
			}
		},
		{
			"from": [7.9, 0.8, 7.925],
			"to": [8.1, 1.4, 8.075],
			"faces": {
				"north": {"uv": [10, 8, 10.5, 10], "texture": "#0"},
				"east": {"uv": [10, 8, 10.5, 10], "texture": "#0"},
				"south": {"uv": [10, 8, 10.5, 10], "texture": "#0"},
				"west": {"uv": [10, 8, 10.5, 10], "texture": "#0"},
				"up": {"uv": [10, 8, 10.5, 9], "texture": "#0"},
				"down": {"uv": [10, 9, 10.5, 10], "texture": "#0"}
			}
		},
		{
			"from": [7.9, 0.85, 8.075],
			"to": [8.1, 1.45, 8.225],
			"faces": {
				"north": {"uv": [10, 8, 10.5, 10], "texture": "#0"},
				"east": {"uv": [10, 8, 10.5, 10], "texture": "#0"},
				"south": {"uv": [10, 8, 10.5, 10], "texture": "#0"},
				"west": {"uv": [10, 8, 10.5, 10], "texture": "#0"},
				"up": {"uv": [10, 8, 10.5, 9], "texture": "#0"},
				"down": {"uv": [10, 9, 10.5, 10], "texture": "#0"}
			}
		},
		{
			"from": [7.9, 0.8, 8.225],
			"to": [8.1, 1.5, 8.375],
			"faces": {
				"north": {"uv": [10, 8, 10.5, 10], "texture": "#0"},
				"east": {"uv": [10, 8, 10.5, 10], "texture": "#0"},
				"south": {"uv": [10, 8, 10.5, 10], "texture": "#0"},
				"west": {"uv": [10, 8, 10.5, 10], "texture": "#0"},
				"up": {"uv": [10, 8, 10.5, 9], "texture": "#0"},
				"down": {"uv": [10, 8, 10.5, 10], "texture": "#0"}
			}
		},
		{
			"from": [7.9, 0.65, 8.525],
			"to": [8.1, 1.45, 8.675],
			"faces": {
				"north": {"uv": [10, 8, 10.5, 10], "texture": "#0"},
				"east": {"uv": [10, 8, 10.5, 10], "texture": "#0"},
				"south": {"uv": [10, 8, 10.5, 10], "texture": "#0"},
				"west": {"uv": [10, 8, 10.5, 10], "texture": "#0"},
				"up": {"uv": [10, 8, 10.5, 9], "texture": "#0"},
				"down": {"uv": [10, 9, 10.5, 10], "texture": "#0"}
			}
		},
		{
			"from": [7.9, 0.6, 8.675],
			"to": [8.1, 1.45, 8.825],
			"faces": {
				"north": {"uv": [10, 8, 10.5, 10], "texture": "#0"},
				"east": {"uv": [10, 8, 10.5, 10], "texture": "#0"},
				"south": {"uv": [10, 8, 10.5, 10], "texture": "#0"},
				"west": {"uv": [10, 8, 10.5, 10], "texture": "#0"},
				"up": {"uv": [10, 8, 10.5, 9], "texture": "#0"},
				"down": {"uv": [10, 9, 10.5, 10], "texture": "#0"}
			}
		},
		{
			"from": [7.9, 0.55, 8.825],
			"to": [8.1, 1.4, 8.975],
			"faces": {
				"north": {"uv": [10, 8, 10.5, 10], "texture": "#0"},
				"east": {"uv": [10, 8, 10.5, 10], "texture": "#0"},
				"south": {"uv": [10, 8, 10.5, 10], "texture": "#0"},
				"west": {"uv": [10, 8, 10.5, 10], "texture": "#0"},
				"up": {"uv": [10, 8, 10.5, 9], "texture": "#0"},
				"down": {"uv": [10, 9, 10.5, 10], "texture": "#0"}
			}
		},
		{
			"from": [7.9, 0.5, 8.975],
			"to": [8.1, 1.4, 9.125],
			"faces": {
				"north": {"uv": [10, 8, 10.5, 10], "texture": "#0"},
				"east": {"uv": [10, 8, 10.5, 10], "texture": "#0"},
				"south": {"uv": [10, 8, 10.5, 10], "texture": "#0"},
				"west": {"uv": [10, 8, 10.5, 10], "texture": "#0"},
				"up": {"uv": [10, 8, 10.5, 9], "texture": "#0"},
				"down": {"uv": [10, 9, 10.5, 10], "texture": "#0"}
			}
		},
		{
			"from": [7.9, 0.75, 8.375],
			"to": [8.1, 1.5, 8.525],
			"faces": {
				"north": {"uv": [10, 8, 10.5, 10], "texture": "#0"},
				"east": {"uv": [10, 8, 10.5, 10], "texture": "#0"},
				"south": {"uv": [10, 8, 10.5, 10], "texture": "#0"},
				"west": {"uv": [10, 8, 10.5, 10], "texture": "#0"},
				"up": {"uv": [10, 8, 10.5, 9], "texture": "#0"},
				"down": {"uv": [10, 9, 10.5, 10], "texture": "#0"}
			}
		},
		{
			"from": [7.9, 1.3, 7.325],
			"to": [8.1, 1.675, 7.475],
			"faces": {
				"north": {"uv": [10, 8, 10.5, 10], "texture": "#0"},
				"east": {"uv": [10, 8, 10.5, 10], "texture": "#0"},
				"south": {"uv": [10, 8, 10.5, 10], "texture": "#0"},
				"west": {"uv": [10, 8, 10.5, 10], "texture": "#0"},
				"up": {"uv": [10, 8, 10.5, 9], "texture": "#0"},
				"down": {"uv": [10, 9, 10.5, 10], "texture": "#0"}
			}
		},
		{
			"from": [7.95, 1.3, 6.925],
			"to": [8.05, 1.5, 6.975],
			"faces": {
				"north": {"uv": [1, 1, 1.5, 2], "texture": "#2"},
				"east": {"uv": [1, 1, 1.5, 2], "texture": "#2"},
				"south": {"uv": [1, 1, 1.5, 2], "texture": "#2"},
				"west": {"uv": [1, 1, 1.5, 2], "texture": "#2"},
				"up": {"uv": [1, 1, 1.5, 2], "texture": "#2"},
				"down": {"uv": [1, 1, 1.5, 2], "texture": "#2"}
			}
		},
		{
			"from": [7.95, 1.25, 6.925],
			"to": [8.05, 1.3, 6.95],
			"faces": {
				"north": {"uv": [1, 1, 1.5, 2], "texture": "#2"},
				"east": {"uv": [1, 1, 1.5, 2], "texture": "#2"},
				"south": {"uv": [1, 1, 1.5, 2], "texture": "#2"},
				"west": {"uv": [1, 1, 1.5, 2], "texture": "#2"},
				"up": {"uv": [1, 1, 1.5, 2], "texture": "#2"},
				"down": {"uv": [1, 1, 1.5, 2], "texture": "#2"}
			}
		},
		{
			"from": [7.925, 1.15, 6.625],
			"to": [8.075, 1.2, 7.025],
			"faces": {
				"north": {"uv": [0, 2, 0.5, 3], "texture": "#2"},
				"east": {"uv": [0, 2, 0.5, 3], "texture": "#2"},
				"south": {"uv": [0, 2, 0.5, 3], "texture": "#2"},
				"west": {"uv": [0, 2, 0.5, 3], "texture": "#2"},
				"up": {"uv": [0, 2, 0.5, 3], "texture": "#2"},
				"down": {"uv": [0, 2, 0.5, 3], "texture": "#2"}
			}
		},
		{
			"from": [7.925, 1.25, 7.025],
			"to": [8.075, 1.45, 7.075],
			"faces": {
				"north": {"uv": [0, 2, 0.5, 3], "texture": "#2"},
				"east": {"uv": [0, 2, 0.5, 3], "texture": "#2"},
				"south": {"uv": [0, 2, 0.5, 3], "texture": "#2"},
				"west": {"uv": [0, 2, 0.5, 3], "texture": "#2"},
				"up": {"uv": [0, 2, 0.5, 3], "texture": "#2"},
				"down": {"uv": [0, 2, 0.5, 3], "texture": "#2"}
			}
		},
		{
			"from": [7.925, 1.25, 6.575],
			"to": [8.075, 1.45, 6.625],
			"faces": {
				"north": {"uv": [0, 2, 0.5, 3], "texture": "#2"},
				"east": {"uv": [0, 2, 0.5, 3], "texture": "#2"},
				"south": {"uv": [0, 2, 0.5, 3], "texture": "#2"},
				"west": {"uv": [0, 2, 0.5, 3], "texture": "#2"},
				"up": {"uv": [0, 2, 0.5, 3], "texture": "#2"},
				"down": {"uv": [0, 2, 0.5, 3], "texture": "#2"}
			}
		},
		{
			"from": [7.925, 1.2, 6.975],
			"to": [8.075, 1.25, 7.075],
			"faces": {
				"north": {"uv": [0, 2, 0.5, 3], "texture": "#2"},
				"east": {"uv": [0, 2, 0.5, 3], "texture": "#2"},
				"south": {"uv": [0, 2, 0.5, 3], "texture": "#2"},
				"west": {"uv": [0, 2, 0.5, 3], "texture": "#2"},
				"up": {"uv": [0, 2, 0.5, 3], "texture": "#2"},
				"down": {"uv": [0, 2, 0.5, 3], "texture": "#2"}
			}
		},
		{
			"from": [7.925, 1.2, 6.575],
			"to": [8.075, 1.25, 6.675],
			"faces": {
				"north": {"uv": [0, 2, 0.5, 3], "texture": "#2"},
				"east": {"uv": [0, 2, 0.5, 3], "texture": "#2"},
				"south": {"uv": [0, 2, 0.5, 3], "texture": "#2"},
				"west": {"uv": [0, 2, 0.5, 3], "texture": "#2"},
				"up": {"uv": [0, 2, 0.5, 3], "texture": "#2"},
				"down": {"uv": [0, 2, 0.5, 3], "texture": "#2"}
			}
		},
		{
			"from": [7.925, 1.4, 6.475],
			"to": [8.075, 1.45, 6.575],
			"faces": {
				"north": {"uv": [0, 2, 0.5, 3], "texture": "#2"},
				"east": {"uv": [0, 2, 0.5, 3], "texture": "#2"},
				"south": {"uv": [0, 2, 0.5, 3], "texture": "#2"},
				"west": {"uv": [0, 2, 0.5, 3], "texture": "#2"},
				"up": {"uv": [0, 2, 0.5, 3], "texture": "#2"},
				"down": {"uv": [0, 2, 0.5, 3], "texture": "#2"}
			}
		},
		{
			"from": [7.925, 1.425, 6.65],
			"to": [8.075, 1.45, 6.85],
			"faces": {
				"north": {"uv": [0, 2, 0.5, 3], "texture": "#2"},
				"east": {"uv": [0, 2, 0.5, 3], "texture": "#2"},
				"south": {"uv": [0, 2, 0.5, 3], "texture": "#2"},
				"west": {"uv": [0, 2, 0.5, 3], "texture": "#2"},
				"up": {"uv": [0, 2, 0.5, 3], "texture": "#2"},
				"down": {"uv": [0, 2, 0.5, 3], "texture": "#2"}
			}
		},
		{
			"from": [7.925, 1.35, 6.8],
			"to": [8.075, 1.425, 6.8125],
			"faces": {
				"north": {"uv": [0, 2, 0.5, 3], "texture": "#2"},
				"east": {"uv": [0, 2, 0.5, 3], "texture": "#2"},
				"south": {"uv": [0, 2, 0.5, 3], "texture": "#2"},
				"west": {"uv": [0, 2, 0.5, 3], "texture": "#2"},
				"up": {"uv": [0, 2, 0.5, 3], "texture": "#2"},
				"down": {"uv": [0, 2, 0.5, 3], "texture": "#2"}
			}
		},
		{
			"from": [7.9, 1.725, 6.175],
			"to": [8.1, 1.8, 7.175],
			"faces": {
				"north": {"uv": [13.1, 11, 13.6, 12], "texture": "#2"},
				"east": {"uv": [13.1, 11, 13.6, 12], "texture": "#2"},
				"south": {"uv": [13.1, 11, 13.6, 12], "texture": "#2"},
				"west": {"uv": [13.1, 11, 13.6, 12], "texture": "#2"},
				"up": {"uv": [13.1, 11, 13.6, 12], "texture": "#2"},
				"down": {"uv": [13.1, 11, 13.6, 12], "texture": "#2"}
			}
		},
		{
			"from": [7.9, 1.45, 5.925],
			"to": [8.1, 1.8, 6.175],
			"faces": {
				"north": {"uv": [13.1, 11.5, 13.6, 12.5], "texture": "#2"},
				"east": {"uv": [13.1, 11.5, 13.6, 12.5], "texture": "#2"},
				"south": {"uv": [13.1, 11.5, 13.6, 12.5], "texture": "#2"},
				"west": {"uv": [13.1, 11.5, 13.6, 12.5], "texture": "#2"},
				"up": {"uv": [13.1, 11, 13.6, 12], "texture": "#2"},
				"down": {"uv": [13.1, 12, 13.6, 13], "texture": "#2"}
			}
		},
		{
			"from": [7.9, 1.45, 5.625],
			"to": [8.1, 1.8, 5.725],
			"faces": {
				"north": {"uv": [13.1, 11.5, 13.6, 12.5], "texture": "#2"},
				"east": {"uv": [13.1, 11.5, 13.6, 12.5], "texture": "#2"},
				"south": {"uv": [13.1, 11.5, 13.6, 12.5], "texture": "#2"},
				"west": {"uv": [13.1, 11.5, 13.6, 12.5], "texture": "#2"},
				"up": {"uv": [13.1, 11, 13.6, 12], "texture": "#2"},
				"down": {"uv": [13.1, 12, 13.6, 13], "texture": "#2"}
			}
		},
		{
			"from": [7.9, 1.6, 5.725],
			"to": [8.1, 1.8, 5.925],
			"faces": {
				"north": {"uv": [13.1, 11.5, 13.6, 12.5], "texture": "#2"},
				"east": {"uv": [13.1, 11.5, 13.6, 12.5], "texture": "#2"},
				"south": {"uv": [13.1, 11.5, 13.6, 12.5], "texture": "#2"},
				"west": {"uv": [13.1, 11.5, 13.6, 12.5], "texture": "#2"},
				"up": {"uv": [13.1, 11, 13.6, 12], "texture": "#2"},
				"down": {"uv": [13.1, 11.5, 13.6, 12.5], "texture": "#2"}
			}
		},
		{
			"from": [7.7, 0.8, 5.725],
			"to": [8.3, 1.6, 5.925],
			"faces": {
				"north": {"uv": [12.5, 13, 12, 14], "texture": "#2"},
				"east": {"uv": [12.5, 13, 12, 14], "texture": "#2"},
				"south": {"uv": [12.5, 13, 12, 14], "texture": "#2"},
				"west": {"uv": [12.5, 13, 12, 14], "texture": "#2"},
				"up": {"uv": [12.5, 13, 12, 14], "texture": "#2"},
				"down": {"uv": [12.5, 13, 12, 14], "texture": "#2"}
			}
		},
		{
			"from": [8.3, 0.9, 5.725],
			"to": [8.4, 1.5, 5.925],
			"faces": {
				"north": {"uv": [12.5, 13, 12, 14], "texture": "#2"},
				"east": {"uv": [12.5, 13, 12, 14], "texture": "#2"},
				"south": {"uv": [12.5, 13, 12, 14], "texture": "#2"},
				"west": {"uv": [12.5, 13, 12, 14], "texture": "#2"},
				"up": {"uv": [12.5, 13, 12, 14], "texture": "#2"},
				"down": {"uv": [12.5, 13, 12, 14], "texture": "#2"}
			}
		},
		{
			"from": [8.3, 1.5, 5.725],
			"to": [8.35, 1.55, 5.925],
			"faces": {
				"north": {"uv": [12.5, 13, 12, 14], "texture": "#2"},
				"east": {"uv": [12.5, 13, 12, 14], "texture": "#2"},
				"south": {"uv": [12.5, 13, 12, 14], "texture": "#2"},
				"west": {"uv": [12.5, 13, 12, 14], "texture": "#2"},
				"up": {"uv": [12.5, 13, 12, 14], "texture": "#2"},
				"down": {"uv": [12.5, 13, 12, 14], "texture": "#2"}
			}
		},
		{
			"from": [8.3, 0.85, 5.725],
			"to": [8.35, 0.9, 5.925],
			"faces": {
				"north": {"uv": [12.5, 13, 12, 14], "texture": "#2"},
				"east": {"uv": [12.5, 13, 12, 14], "texture": "#2"},
				"south": {"uv": [12.5, 13, 12, 14], "texture": "#2"},
				"west": {"uv": [12.5, 13, 12, 14], "texture": "#2"},
				"up": {"uv": [12.5, 13, 12, 14], "texture": "#2"},
				"down": {"uv": [12.5, 13, 12, 14], "texture": "#2"}
			}
		},
		{
			"from": [7.65, 0.85, 5.725],
			"to": [7.7, 0.9, 5.925],
			"faces": {
				"north": {"uv": [12.5, 13, 12, 14], "texture": "#2"},
				"east": {"uv": [12.5, 13, 12, 14], "texture": "#2"},
				"south": {"uv": [12.5, 13, 12, 14], "texture": "#2"},
				"west": {"uv": [12.5, 13, 12, 14], "texture": "#2"},
				"up": {"uv": [12.5, 13, 12, 14], "texture": "#2"},
				"down": {"uv": [12.5, 13, 12, 14], "texture": "#2"}
			}
		},
		{
			"from": [7.65, 1.5, 5.725],
			"to": [7.7, 1.55, 5.925],
			"faces": {
				"north": {"uv": [12.5, 13, 12, 14], "texture": "#2"},
				"east": {"uv": [12.5, 13, 12, 14], "texture": "#2"},
				"south": {"uv": [12.5, 13, 12, 14], "texture": "#2"},
				"west": {"uv": [12.5, 13, 12, 14], "texture": "#2"},
				"up": {"uv": [12.5, 13, 12, 14], "texture": "#2"},
				"down": {"uv": [12.5, 13, 12, 14], "texture": "#2"}
			}
		},
		{
			"from": [7.6, 0.9, 5.725],
			"to": [7.7, 1.5, 5.925],
			"faces": {
				"north": {"uv": [12.5, 13, 12, 14], "texture": "#2"},
				"east": {"uv": [12.5, 13, 12, 14], "texture": "#2"},
				"south": {"uv": [12.5, 13, 12, 14], "texture": "#2"},
				"west": {"uv": [12.5, 13, 12, 14], "texture": "#2"},
				"up": {"uv": [12.5, 13, 12, 14], "texture": "#2"},
				"down": {"uv": [12.5, 13, 12, 14], "texture": "#2"}
			}
		},
		{
			"from": [7.9, 1.6, 5.325],
			"to": [8.1, 1.8, 5.625],
			"faces": {
				"north": {"uv": [13.1, 11, 13.6, 12], "texture": "#2"},
				"east": {"uv": [13.1, 11, 13.6, 12], "texture": "#2"},
				"south": {"uv": [13.1, 11, 13.6, 12], "texture": "#2"},
				"west": {"uv": [13.1, 11, 13.6, 12], "texture": "#2"},
				"up": {"uv": [13.1, 11, 13.6, 12], "texture": "#2"},
				"down": {"uv": [13.1, 11, 13.6, 12], "texture": "#2"}
			}
		},
		{
			"from": [7.9, 1.775, 4.275],
			"to": [7.95, 1.8, 5.325],
			"faces": {
				"north": {"uv": [13.1, 11, 13.6, 12], "texture": "#2"},
				"east": {"uv": [13.1, 11, 13.6, 12], "texture": "#2"},
				"south": {"uv": [13.1, 11, 13.6, 12], "texture": "#2"},
				"west": {"uv": [13.1, 11, 13.6, 12], "texture": "#2"},
				"up": {"uv": [13.1, 11, 13.6, 12], "texture": "#2"},
				"down": {"uv": [13.1, 11, 13.6, 12], "texture": "#2"}
			}
		},
		{
			"from": [8.05, 1.775, 4.275],
			"to": [8.1, 1.8, 5.325],
			"faces": {
				"north": {"uv": [13.1, 11, 13.6, 12], "texture": "#2"},
				"east": {"uv": [13.1, 11, 13.6, 12], "texture": "#2"},
				"south": {"uv": [13.1, 11, 13.6, 12], "texture": "#2"},
				"west": {"uv": [13.1, 11, 13.6, 12], "texture": "#2"},
				"up": {"uv": [13.1, 11, 13.6, 12], "texture": "#2"},
				"down": {"uv": [13.1, 11, 13.6, 12], "texture": "#2"}
			}
		},
		{
			"from": [7.95, 1.775, 4.275],
			"to": [8.05, 1.8, 4.325],
			"faces": {
				"north": {"uv": [13.5, 10, 13, 11], "texture": "#2"},
				"east": {"uv": [13.5, 10, 13, 11], "texture": "#2"},
				"south": {"uv": [13.5, 10, 13, 11], "texture": "#2"},
				"west": {"uv": [13.5, 10, 13, 11], "texture": "#2"},
				"up": {"uv": [13.5, 10, 13, 11], "texture": "#2"},
				"down": {"uv": [13.5, 10, 13, 11], "texture": "#2"}
			}
		},
		{
			"from": [7.95, 1.775, 5.1],
			"to": [8.05, 1.8, 5.15],
			"faces": {
				"north": {"uv": [13.5, 10, 13, 11], "texture": "#2"},
				"east": {"uv": [13.5, 10, 13, 11], "texture": "#2"},
				"south": {"uv": [13.5, 10, 13, 11], "texture": "#2"},
				"west": {"uv": [13.5, 10, 13, 11], "texture": "#2"},
				"up": {"uv": [13.5, 10, 13, 11], "texture": "#2"},
				"down": {"uv": [13.5, 10, 13, 11], "texture": "#2"}
			}
		},
		{
			"from": [7.95, 1.775, 4.875],
			"to": [8.05, 1.8, 4.925],
			"faces": {
				"north": {"uv": [13.5, 10, 13, 11], "texture": "#2"},
				"east": {"uv": [13.5, 10, 13, 11], "texture": "#2"},
				"south": {"uv": [13.5, 10, 13, 11], "texture": "#2"},
				"west": {"uv": [13.5, 10, 13, 11], "texture": "#2"},
				"up": {"uv": [13.5, 10, 13, 11], "texture": "#2"},
				"down": {"uv": [13.5, 10, 13, 11], "texture": "#2"}
			}
		},
		{
			"from": [7.95, 1.775, 4.425],
			"to": [8.05, 1.8, 4.7],
			"faces": {
				"north": {"uv": [13.5, 10, 13, 11], "texture": "#2"},
				"east": {"uv": [13.5, 10, 13, 11], "texture": "#2"},
				"south": {"uv": [13.5, 10, 13, 11], "texture": "#2"},
				"west": {"uv": [13.5, 10, 13, 11], "texture": "#2"},
				"up": {"uv": [13.5, 10, 13, 11], "texture": "#2"},
				"down": {"uv": [13.5, 10, 13, 11], "texture": "#2"}
			}
		},
		{
			"from": [7.95, 1.8, 4.46],
			"to": [8.05, 1.825, 4.66],
			"faces": {
				"north": {"uv": [13.5, 12, 13, 13], "texture": "#2"},
				"east": {"uv": [13.5, 12, 13, 13], "texture": "#2"},
				"south": {"uv": [13.5, 12, 13, 13], "texture": "#2"},
				"west": {"uv": [13.5, 12, 13, 13], "texture": "#2"},
				"up": {"uv": [13.5, 12, 13, 13], "texture": "#2"},
				"down": {"uv": [13.5, 12, 13, 13], "texture": "#2"}
			}
		},
		{
			"from": [7.95, 1.875, 4.5],
			"to": [8.05, 1.9, 4.6],
			"faces": {
				"north": {"uv": [13.5, 12, 13, 13], "texture": "#2"},
				"east": {"uv": [13.5, 12, 13, 13], "texture": "#2"},
				"south": {"uv": [13.5, 12, 13, 13], "texture": "#2"},
				"west": {"uv": [13.5, 12, 13, 13], "texture": "#2"},
				"up": {"uv": [13.5, 12, 13, 13], "texture": "#2"},
				"down": {"uv": [13.5, 12, 13, 13], "texture": "#2"}
			}
		},
		{
			"from": [7.95, 1.825, 4.5],
			"to": [7.975, 1.875, 4.6],
			"faces": {
				"north": {"uv": [13.5, 12, 13, 13], "texture": "#2"},
				"east": {"uv": [13.5, 12, 13, 13], "texture": "#2"},
				"south": {"uv": [13.5, 12, 13, 13], "texture": "#2"},
				"west": {"uv": [13.5, 12, 13, 13], "texture": "#2"},
				"up": {"uv": [13.5, 12, 13, 13], "texture": "#2"},
				"down": {"uv": [13.5, 12, 13, 13], "texture": "#2"}
			}
		},
		{
			"from": [8.025, 1.825, 4.5],
			"to": [8.05, 1.875, 4.6],
			"faces": {
				"north": {"uv": [13.5, 12, 13, 13], "texture": "#2"},
				"east": {"uv": [13.5, 12, 13, 13], "texture": "#2"},
				"south": {"uv": [13.5, 12, 13, 13], "texture": "#2"},
				"west": {"uv": [13.5, 12, 13, 13], "texture": "#2"},
				"up": {"uv": [13.5, 12, 13, 13], "texture": "#2"},
				"down": {"uv": [13.5, 12, 13, 13], "texture": "#2"}
			}
		},
		{
			"from": [8.025, 1.825, 6.8],
			"to": [8.05, 1.85, 6.85],
			"faces": {
				"north": {"uv": [13.5, 12, 13, 13], "texture": "#2"},
				"east": {"uv": [13.5, 12, 13, 13], "texture": "#2"},
				"south": {"uv": [13.5, 12, 13, 13], "texture": "#2"},
				"west": {"uv": [13.5, 12, 13, 13], "texture": "#2"},
				"up": {"uv": [13.5, 12, 13, 13], "texture": "#2"},
				"down": {"uv": [13.5, 12, 13, 13], "texture": "#2"}
			}
		},
		{
			"from": [7.95, 1.825, 6.8],
			"to": [7.975, 1.85, 6.85],
			"faces": {
				"north": {"uv": [13.5, 12, 13, 13], "texture": "#2"},
				"east": {"uv": [13.5, 12, 13, 13], "texture": "#2"},
				"south": {"uv": [13.5, 12, 13, 13], "texture": "#2"},
				"west": {"uv": [13.5, 12, 13, 13], "texture": "#2"},
				"up": {"uv": [13.5, 12, 13, 13], "texture": "#2"},
				"down": {"uv": [13.5, 12, 13, 13], "texture": "#2"}
			}
		},
		{
			"from": [7.95, 1.8, 6.71],
			"to": [8.05, 1.825, 6.91],
			"faces": {
				"north": {"uv": [13.5, 12, 13, 13], "texture": "#2"},
				"east": {"uv": [13.5, 12, 13, 13], "texture": "#2"},
				"south": {"uv": [13.5, 12, 13, 13], "texture": "#2"},
				"west": {"uv": [13.5, 12, 13, 13], "texture": "#2"},
				"up": {"uv": [13.5, 12, 13, 13], "texture": "#2"},
				"down": {"uv": [13.5, 12, 13, 13], "texture": "#2"}
			}
		},
		{
			"from": [7.95, 1.6, 4.65],
			"to": [8.05, 1.625, 4.7],
			"faces": {
				"north": {"uv": [13.5, 10, 13, 11], "texture": "#2"},
				"east": {"uv": [13.5, 10, 13, 11], "texture": "#2"},
				"south": {"uv": [13.5, 10, 13, 11], "texture": "#2"},
				"west": {"uv": [13.5, 10, 13, 11], "texture": "#2"},
				"up": {"uv": [13.5, 10, 13, 11], "texture": "#2"},
				"down": {"uv": [13.5, 10, 13, 11], "texture": "#2"}
			}
		},
		{
			"from": [7.95, 1.6, 4.425],
			"to": [8.05, 1.625, 4.475],
			"faces": {
				"north": {"uv": [13.5, 10, 13, 11], "texture": "#2"},
				"east": {"uv": [13.5, 10, 13, 11], "texture": "#2"},
				"south": {"uv": [13.5, 10, 13, 11], "texture": "#2"},
				"west": {"uv": [13.5, 10, 13, 11], "texture": "#2"},
				"up": {"uv": [13.5, 10, 13, 11], "texture": "#2"},
				"down": {"uv": [13.5, 10, 13, 11], "texture": "#2"}
			}
		},
		{
			"from": [7.95, 1.6, 4.275],
			"to": [8.05, 1.625, 4.325],
			"faces": {
				"north": {"uv": [13.5, 10, 13, 11], "texture": "#2"},
				"east": {"uv": [13.5, 10, 13, 11], "texture": "#2"},
				"south": {"uv": [13.5, 10, 13, 11], "texture": "#2"},
				"west": {"uv": [13.5, 10, 13, 11], "texture": "#2"},
				"up": {"uv": [13.5, 10, 13, 11], "texture": "#2"},
				"down": {"uv": [13.5, 10, 13, 11], "texture": "#2"}
			}
		},
		{
			"from": [7.95, 1.6, 4.875],
			"to": [8.05, 1.625, 4.925],
			"faces": {
				"north": {"uv": [13.5, 10, 13, 11], "texture": "#2"},
				"east": {"uv": [13.5, 10, 13, 11], "texture": "#2"},
				"south": {"uv": [13.5, 10, 13, 11], "texture": "#2"},
				"west": {"uv": [13.5, 10, 13, 11], "texture": "#2"},
				"up": {"uv": [13.5, 10, 13, 11], "texture": "#2"},
				"down": {"uv": [13.5, 10, 13, 11], "texture": "#2"}
			}
		},
		{
			"from": [7.95, 1.6, 5.1],
			"to": [8.05, 1.625, 5.15],
			"faces": {
				"north": {"uv": [13.5, 10, 13, 11], "texture": "#2"},
				"east": {"uv": [13.5, 10, 13, 11], "texture": "#2"},
				"south": {"uv": [13.5, 10, 13, 11], "texture": "#2"},
				"west": {"uv": [13.5, 10, 13, 11], "texture": "#2"},
				"up": {"uv": [13.5, 10, 13, 11], "texture": "#2"},
				"down": {"uv": [13.5, 10, 13, 11], "texture": "#2"}
			}
		},
		{
			"from": [8.075, 1.75, 4.275],
			"to": [8.1, 1.775, 5.325],
			"faces": {
				"north": {"uv": [13.1, 11, 13.6, 12], "texture": "#2"},
				"east": {"uv": [13.1, 11, 13.6, 12], "texture": "#2"},
				"south": {"uv": [13.1, 11, 13.6, 12], "texture": "#2"},
				"west": {"uv": [13.1, 11, 13.6, 12], "texture": "#2"},
				"up": {"uv": [13.1, 11, 13.6, 12], "texture": "#2"},
				"down": {"uv": [13.1, 11, 13.6, 12], "texture": "#2"}
			}
		},
		{
			"from": [8.075, 1.625, 4.275],
			"to": [8.1, 1.65, 5.325],
			"faces": {
				"north": {"uv": [13.1, 11, 13.6, 12], "texture": "#2"},
				"east": {"uv": [13.1, 11, 13.6, 12], "texture": "#2"},
				"south": {"uv": [13.1, 11, 13.6, 12], "texture": "#2"},
				"west": {"uv": [13.1, 11, 13.6, 12], "texture": "#2"},
				"up": {"uv": [13.1, 11, 13.6, 12], "texture": "#2"},
				"down": {"uv": [13.1, 11, 13.6, 12], "texture": "#2"}
			}
		},
		{
			"from": [7.9, 1.75, 4.275],
			"to": [7.925, 1.775, 5.325],
			"faces": {
				"north": {"uv": [13.1, 11, 13.6, 12], "texture": "#2"},
				"east": {"uv": [13.1, 11, 13.6, 12], "texture": "#2"},
				"south": {"uv": [13.1, 11, 13.6, 12], "texture": "#2"},
				"west": {"uv": [13.1, 11, 13.6, 12], "texture": "#2"},
				"up": {"uv": [13.1, 11, 13.6, 12], "texture": "#2"},
				"down": {"uv": [13.1, 11, 13.6, 12], "texture": "#2"}
			}
		},
		{
			"from": [7.9, 1.625, 4.275],
			"to": [7.925, 1.65, 5.325],
			"faces": {
				"north": {"uv": [13.1, 11, 13.6, 12], "texture": "#2"},
				"east": {"uv": [13.1, 11, 13.6, 12], "texture": "#2"},
				"south": {"uv": [13.1, 11, 13.6, 12], "texture": "#2"},
				"west": {"uv": [13.1, 11, 13.6, 12], "texture": "#2"},
				"up": {"uv": [13.1, 11, 13.6, 12], "texture": "#2"},
				"down": {"uv": [13.1, 11, 13.6, 12], "texture": "#2"}
			}
		},
		{
			"from": [8.075, 1.65, 5.1],
			"to": [8.1, 1.75, 5.15],
			"faces": {
				"north": {"uv": [13.5, 10, 13, 11], "texture": "#2"},
				"east": {"uv": [13.5, 10, 13, 11], "texture": "#2"},
				"south": {"uv": [13.5, 10, 13, 11], "texture": "#2"},
				"west": {"uv": [13.5, 10, 13, 11], "texture": "#2"},
				"up": {"uv": [13.5, 10, 13, 11], "texture": "#2"},
				"down": {"uv": [13.5, 10, 13, 11], "texture": "#2"}
			}
		},
		{
			"from": [8.075, 1.65, 4.875],
			"to": [8.1, 1.75, 4.925],
			"faces": {
				"north": {"uv": [13.5, 10, 13, 11], "texture": "#2"},
				"east": {"uv": [13.5, 10, 13, 11], "texture": "#2"},
				"south": {"uv": [13.5, 10, 13, 11], "texture": "#2"},
				"west": {"uv": [13.5, 10, 13, 11], "texture": "#2"},
				"up": {"uv": [13.5, 10, 13, 11], "texture": "#2"},
				"down": {"uv": [13.5, 10, 13, 11], "texture": "#2"}
			}
		},
		{
			"from": [8.075, 1.65, 4.65],
			"to": [8.1, 1.75, 4.7],
			"faces": {
				"north": {"uv": [13.5, 10, 13, 11], "texture": "#2"},
				"east": {"uv": [13.5, 10, 13, 11], "texture": "#2"},
				"south": {"uv": [13.5, 10, 13, 11], "texture": "#2"},
				"west": {"uv": [13.5, 10, 13, 11], "texture": "#2"},
				"up": {"uv": [13.5, 10, 13, 11], "texture": "#2"},
				"down": {"uv": [13.5, 10, 13, 11], "texture": "#2"}
			}
		},
		{
			"from": [8.075, 1.65, 4.425],
			"to": [8.1, 1.75, 4.475],
			"faces": {
				"north": {"uv": [13.5, 10, 13, 11], "texture": "#2"},
				"east": {"uv": [13.5, 10, 13, 11], "texture": "#2"},
				"south": {"uv": [13.5, 10, 13, 11], "texture": "#2"},
				"west": {"uv": [13.5, 10, 13, 11], "texture": "#2"},
				"up": {"uv": [13.5, 10, 13, 11], "texture": "#2"},
				"down": {"uv": [13.5, 10, 13, 11], "texture": "#2"}
			}
		},
		{
			"from": [7.9, 1.65, 5.1],
			"to": [7.925, 1.75, 5.15],
			"faces": {
				"north": {"uv": [13.5, 10, 13, 11], "texture": "#2"},
				"east": {"uv": [13.5, 10, 13, 11], "texture": "#2"},
				"south": {"uv": [13.5, 10, 13, 11], "texture": "#2"},
				"west": {"uv": [13.5, 10, 13, 11], "texture": "#2"},
				"up": {"uv": [13.5, 10, 13, 11], "texture": "#2"},
				"down": {"uv": [13.5, 10, 13, 11], "texture": "#2"}
			}
		},
		{
			"from": [7.9, 1.65, 4.875],
			"to": [7.925, 1.75, 4.925],
			"faces": {
				"north": {"uv": [13.5, 10, 13, 11], "texture": "#2"},
				"east": {"uv": [13.5, 10, 13, 11], "texture": "#2"},
				"south": {"uv": [13.5, 10, 13, 11], "texture": "#2"},
				"west": {"uv": [13.5, 10, 13, 11], "texture": "#2"},
				"up": {"uv": [13.5, 10, 13, 11], "texture": "#2"},
				"down": {"uv": [13.5, 10, 13, 11], "texture": "#2"}
			}
		},
		{
			"from": [7.9, 1.65, 4.65],
			"to": [7.925, 1.75, 4.7],
			"faces": {
				"north": {"uv": [13.5, 10, 13, 11], "texture": "#2"},
				"east": {"uv": [13.5, 10, 13, 11], "texture": "#2"},
				"south": {"uv": [13.5, 10, 13, 11], "texture": "#2"},
				"west": {"uv": [13.5, 10, 13, 11], "texture": "#2"},
				"up": {"uv": [13.5, 10, 13, 11], "texture": "#2"},
				"down": {"uv": [13.5, 10, 13, 11], "texture": "#2"}
			}
		},
		{
			"from": [7.9, 1.65, 4.425],
			"to": [7.925, 1.75, 4.475],
			"faces": {
				"north": {"uv": [13.5, 10, 13, 11], "texture": "#2"},
				"east": {"uv": [13.5, 10, 13, 11], "texture": "#2"},
				"south": {"uv": [13.5, 10, 13, 11], "texture": "#2"},
				"west": {"uv": [13.5, 10, 13, 11], "texture": "#2"},
				"up": {"uv": [13.5, 10, 13, 11], "texture": "#2"},
				"down": {"uv": [13.5, 10, 13, 11], "texture": "#2"}
			}
		},
		{
			"from": [8.075, 1.65, 4.275],
			"to": [8.1, 1.75, 4.325],
			"faces": {
				"north": {"uv": [13.5, 10, 13, 11], "texture": "#2"},
				"east": {"uv": [13.5, 10, 13, 11], "texture": "#2"},
				"south": {"uv": [13.5, 10, 13, 11], "texture": "#2"},
				"west": {"uv": [13.5, 10, 13, 11], "texture": "#2"},
				"up": {"uv": [13.5, 10, 13, 11], "texture": "#2"},
				"down": {"uv": [13.5, 10, 13, 11], "texture": "#2"}
			}
		},
		{
			"from": [7.9, 1.65, 4.275],
			"to": [7.925, 1.75, 4.325],
			"faces": {
				"north": {"uv": [13.5, 10, 13, 11], "texture": "#2"},
				"east": {"uv": [13.5, 10, 13, 11], "texture": "#2"},
				"south": {"uv": [13.5, 10, 13, 11], "texture": "#2"},
				"west": {"uv": [13.5, 10, 13, 11], "texture": "#2"},
				"up": {"uv": [13.5, 10, 13, 11], "texture": "#2"},
				"down": {"uv": [13.5, 10, 13, 11], "texture": "#2"}
			}
		},
		{
			"from": [8.05, 1.6, 4.275],
			"to": [8.1, 1.625, 5.325],
			"faces": {
				"north": {"uv": [13.1, 11, 13.6, 12], "texture": "#2"},
				"east": {"uv": [13.1, 11, 13.6, 12], "texture": "#2"},
				"south": {"uv": [13.1, 11, 13.6, 12], "texture": "#2"},
				"west": {"uv": [13.1, 11, 13.6, 12], "texture": "#2"},
				"up": {"uv": [13.1, 11, 13.6, 12], "texture": "#2"},
				"down": {"uv": [13.1, 11, 13.6, 12], "texture": "#2"}
			}
		},
		{
			"from": [7.9, 1.6, 4.275],
			"to": [7.95, 1.625, 5.325],
			"faces": {
				"north": {"uv": [13.1, 11, 13.6, 12], "texture": "#2"},
				"east": {"uv": [13.1, 11, 13.6, 12], "texture": "#2"},
				"south": {"uv": [13.1, 11, 13.6, 12], "texture": "#2"},
				"west": {"uv": [13.1, 11, 13.6, 12], "texture": "#2"},
				"up": {"uv": [13.1, 11, 13.6, 12], "texture": "#2"},
				"down": {"uv": [13.1, 11, 13.6, 12], "texture": "#2"}
			}
		},
		{
			"from": [7.95, 1.65, 4.425],
			"to": [8.05, 1.75, 5.325],
			"faces": {
				"north": {"uv": [4, 4, 12, 12], "texture": "#3"},
				"east": {"uv": [13.5, 11, 13, 12], "texture": "#2"},
				"south": {"uv": [13.5, 11, 13, 12], "texture": "#2"},
				"west": {"uv": [0.5, 0, 0, 1], "texture": "#2"},
				"up": {"uv": [13.5, 11, 13, 12], "texture": "#2"},
				"down": {"uv": [13.5, 11, 13, 12], "texture": "#2"}
			}
		}
	],
	"display": {
		"thirdperson_righthand": {
			"translation": [0, 20, 4.75],
			"scale": [3, 3, 4]
		},
		"thirdperson_lefthand": {
			"translation": [0, 20, 4.75],
			"scale": [3, 3, 4]
		},
		"firstperson_righthand": {
			"translation": [-8.95, 26, 20],
			"scale": [3, 3, 4]
		},
		"firstperson_lefthand": {
			"translation": [-8.95, 26, 20],
			"scale": [3, 3, 4]
		},
		"ground": {
			"rotation": [0, -180, 0],
			"translation": [0, 18, -6.5],
			"scale": [3, 3, 4]
		},
		"gui": {
			"rotation": [0, 90, 0],
			"translation": [4.5, 20, -1.5],
			"scale": [3, 3, 4]
		},
		"head": {
			"translation": [0.75, 24, -3.5],
			"scale": [3, 3, 4]
		},
		"fixed": {
			"rotation": [0, 90, 0],
			"translation": [4.5, 20, -1.5],
			"scale": [3, 3, 4]
		}
	}
}