{
	"credit": "Made with Blockbench",
	"textures": {
		"0": "item/cit/titanium",
		"1": "item/cit/stone3",
		"2": "item/cit/ana",
		"particle": "item/cit/titanium"
	},
	"elements": [
		{
			"from": [7.9, 2.6, 0.5],
			"to": [8.1, 2.8, 3],
			"faces": {
				"north": {"uv": [4, 4, 12, 12], "texture": "#2"},
				"east": {"uv": [13, 12, 13.5, 14.95], "texture": "#1"},
				"south": {"uv": [13, 12, 13.5, 14.95], "texture": "#1"},
				"west": {"uv": [13, 12, 13.5, 14.95], "texture": "#1"},
				"up": {"uv": [13, 12, 13.45, 15], "rotation": 90, "texture": "#1"},
				"down": {"uv": [13, 12, 13.45, 15], "rotation": 90, "texture": "#1"}
			}
		},
		{
			"from": [7.95, 2.8, 0.5],
			"to": [8.05, 2.85, 0.75],
			"faces": {
				"north": {"uv": [13, 12, 13.5, 14.95], "texture": "#1"},
				"east": {"uv": [13, 12, 13.5, 14.95], "texture": "#1"},
				"south": {"uv": [13, 12, 13.5, 14.95], "texture": "#1"},
				"west": {"uv": [13, 12, 13.5, 14.95], "texture": "#1"},
				"up": {"uv": [13, 12, 13.5, 14.95], "texture": "#1"},
				"down": {"uv": [13, 12, 13.5, 14.95], "texture": "#1"}
			}
		},
		{
			"from": [7.75, 2.5, 3],
			"to": [8.25, 2.625, 5.75],
			"faces": {
				"north": {"uv": [6, 11.25, 6.5, 11.9], "texture": "#0"},
				"east": {"uv": [6, 11.25, 6.5, 11.9], "texture": "#0"},
				"south": {"uv": [6, 11.25, 6.5, 11.9], "texture": "#0"},
				"west": {"uv": [6, 11.25, 6.5, 11.9], "texture": "#0"},
				"up": {"uv": [6, 11.25, 6.5, 11.9], "texture": "#0"},
				"down": {"uv": [6, 11.25, 6.5, 11.9], "texture": "#0"}
			}
		},
		{
			"from": [7.75, 2.625, 3],
			"to": [8.25, 2.775, 3.25],
			"faces": {
				"north": {"uv": [6, 10.25, 6.5, 10.9], "texture": "#0"},
				"east": {"uv": [6, 10.25, 6.5, 10.9], "texture": "#0"},
				"south": {"uv": [6, 10.25, 6.5, 10.9], "texture": "#0"},
				"west": {"uv": [6, 10.25, 6.5, 10.9], "texture": "#0"},
				"up": {"uv": [6, 10.25, 6.5, 10.9], "texture": "#0"},
				"down": {"uv": [6, 10.25, 6.5, 10.9], "texture": "#0"}
			}
		},
		{
			"from": [7.75, 2.7, 3.25],
			"to": [8.25, 2.775, 3.3],
			"faces": {
				"north": {"uv": [6, 10.25, 6.5, 10.9], "texture": "#0"},
				"east": {"uv": [6, 10.25, 6.5, 10.9], "texture": "#0"},
				"south": {"uv": [6, 10.25, 6.5, 10.9], "texture": "#0"},
				"west": {"uv": [6, 10.25, 6.5, 10.9], "texture": "#0"},
				"up": {"uv": [6, 10.25, 6.5, 10.9], "texture": "#0"},
				"down": {"uv": [6, 10.25, 6.5, 10.9], "texture": "#0"}
			}
		},
		{
			"from": [7.75, 2.625, 3.45],
			"to": [8.25, 2.7, 3.5],
			"faces": {
				"north": {"uv": [6, 10.25, 6.5, 10.9], "texture": "#0"},
				"east": {"uv": [6, 10.25, 6.5, 10.9], "texture": "#0"},
				"south": {"uv": [6, 10.25, 6.5, 10.9], "texture": "#0"},
				"west": {"uv": [6, 10.25, 6.5, 10.9], "texture": "#0"},
				"up": {"uv": [6, 10.25, 6.5, 10.9], "texture": "#0"},
				"down": {"uv": [6, 10.25, 6.5, 10.9], "texture": "#0"}
			}
		},
		{
			"from": [7.75, 2.625, 3.7],
			"to": [8.25, 2.7, 3.75],
			"faces": {
				"north": {"uv": [6, 10.25, 6.5, 10.9], "texture": "#0"},
				"east": {"uv": [6, 10.25, 6.5, 10.9], "texture": "#0"},
				"south": {"uv": [6, 10.25, 6.5, 10.9], "texture": "#0"},
				"west": {"uv": [6, 10.25, 6.5, 10.9], "texture": "#0"},
				"up": {"uv": [6, 10.25, 6.5, 10.9], "texture": "#0"},
				"down": {"uv": [6, 10.25, 6.5, 10.9], "texture": "#0"}
			}
		},
		{
			"from": [7.75, 2.625, 4.2],
			"to": [8.25, 2.7, 4.25],
			"faces": {
				"north": {"uv": [6, 10.25, 6.5, 10.9], "texture": "#0"},
				"east": {"uv": [6, 10.25, 6.5, 10.9], "texture": "#0"},
				"south": {"uv": [6, 10.25, 6.5, 10.9], "texture": "#0"},
				"west": {"uv": [6, 10.25, 6.5, 10.9], "texture": "#0"},
				"up": {"uv": [6, 10.25, 6.5, 10.9], "texture": "#0"},
				"down": {"uv": [6, 10.25, 6.5, 10.9], "texture": "#0"}
			}
		},
		{
			"from": [7.75, 2.625, 3.95],
			"to": [8.25, 2.7, 4],
			"faces": {
				"north": {"uv": [6, 10.25, 6.5, 10.9], "texture": "#0"},
				"east": {"uv": [6, 10.25, 6.5, 10.9], "texture": "#0"},
				"south": {"uv": [6, 10.25, 6.5, 10.9], "texture": "#0"},
				"west": {"uv": [6, 10.25, 6.5, 10.9], "texture": "#0"},
				"up": {"uv": [6, 10.25, 6.5, 10.9], "texture": "#0"},
				"down": {"uv": [6, 10.25, 6.5, 10.9], "texture": "#0"}
			}
		},
		{
			"from": [7.75, 2.625, 5.2],
			"to": [8.25, 2.7, 5.25],
			"faces": {
				"north": {"uv": [6, 10.25, 6.5, 10.9], "texture": "#0"},
				"east": {"uv": [6, 10.25, 6.5, 10.9], "texture": "#0"},
				"south": {"uv": [6, 10.25, 6.5, 10.9], "texture": "#0"},
				"west": {"uv": [6, 10.25, 6.5, 10.9], "texture": "#0"},
				"up": {"uv": [6, 10.25, 6.5, 10.9], "texture": "#0"},
				"down": {"uv": [6, 10.25, 6.5, 10.9], "texture": "#0"}
			}
		},
		{
			"from": [7.75, 2.625, 5.45],
			"to": [8.25, 2.7, 5.5],
			"faces": {
				"north": {"uv": [6, 10.25, 6.5, 10.9], "texture": "#0"},
				"east": {"uv": [6, 10.25, 6.5, 10.9], "texture": "#0"},
				"south": {"uv": [6, 10.25, 6.5, 10.9], "texture": "#0"},
				"west": {"uv": [6, 10.25, 6.5, 10.9], "texture": "#0"},
				"up": {"uv": [6, 10.25, 6.5, 10.9], "texture": "#0"},
				"down": {"uv": [6, 10.25, 6.5, 10.9], "texture": "#0"}
			}
		},
		{
			"from": [7.75, 2.625, 4.95],
			"to": [8.25, 2.7, 5],
			"faces": {
				"north": {"uv": [6, 10.25, 6.5, 10.9], "texture": "#0"},
				"east": {"uv": [6, 10.25, 6.5, 10.9], "texture": "#0"},
				"south": {"uv": [6, 10.25, 6.5, 10.9], "texture": "#0"},
				"west": {"uv": [6, 10.25, 6.5, 10.9], "texture": "#0"},
				"up": {"uv": [6, 10.25, 6.5, 10.9], "texture": "#0"},
				"down": {"uv": [6, 10.25, 6.5, 10.9], "texture": "#0"}
			}
		},
		{
			"from": [7.75, 2.625, 4.7],
			"to": [8.25, 2.7, 4.75],
			"faces": {
				"north": {"uv": [6, 10.25, 6.5, 10.9], "texture": "#0"},
				"east": {"uv": [6, 10.25, 6.5, 10.9], "texture": "#0"},
				"south": {"uv": [6, 10.25, 6.5, 10.9], "texture": "#0"},
				"west": {"uv": [6, 10.25, 6.5, 10.9], "texture": "#0"},
				"up": {"uv": [6, 10.25, 6.5, 10.9], "texture": "#0"},
				"down": {"uv": [6, 10.25, 6.5, 10.9], "texture": "#0"}
			}
		},
		{
			"from": [7.75, 2.625, 4.45],
			"to": [8.25, 2.7, 4.5],
			"faces": {
				"north": {"uv": [6, 10.25, 6.5, 10.9], "texture": "#0"},
				"east": {"uv": [6, 10.25, 6.5, 10.9], "texture": "#0"},
				"south": {"uv": [6, 10.25, 6.5, 10.9], "texture": "#0"},
				"west": {"uv": [6, 10.25, 6.5, 10.9], "texture": "#0"},
				"up": {"uv": [6, 10.25, 6.5, 10.9], "texture": "#0"},
				"down": {"uv": [6, 10.25, 6.5, 10.9], "texture": "#0"}
			}
		},
		{
			"from": [7.75, 2.7, 3.5],
			"to": [8.25, 2.775, 3.55],
			"faces": {
				"north": {"uv": [6, 10.25, 6.5, 10.9], "texture": "#0"},
				"east": {"uv": [6, 10.25, 6.5, 10.9], "texture": "#0"},
				"south": {"uv": [6, 10.25, 6.5, 10.9], "texture": "#0"},
				"west": {"uv": [6, 10.25, 6.5, 10.9], "texture": "#0"},
				"up": {"uv": [6, 10.25, 6.5, 10.9], "texture": "#0"},
				"down": {"uv": [6, 10.25, 6.5, 10.9], "texture": "#0"}
			}
		},
		{
			"from": [7.75, 2.7, 4],
			"to": [8.25, 2.775, 4.05],
			"faces": {
				"north": {"uv": [6, 10.25, 6.5, 10.9], "texture": "#0"},
				"east": {"uv": [6, 10.25, 6.5, 10.9], "texture": "#0"},
				"south": {"uv": [6, 10.25, 6.5, 10.9], "texture": "#0"},
				"west": {"uv": [6, 10.25, 6.5, 10.9], "texture": "#0"},
				"up": {"uv": [6, 10.25, 6.5, 10.9], "texture": "#0"},
				"down": {"uv": [6, 10.25, 6.5, 10.9], "texture": "#0"}
			}
		},
		{
			"from": [7.75, 2.7, 3.75],
			"to": [8.25, 2.775, 3.8],
			"faces": {
				"north": {"uv": [6, 10.25, 6.5, 10.9], "texture": "#0"},
				"east": {"uv": [6, 10.25, 6.5, 10.9], "texture": "#0"},
				"south": {"uv": [6, 10.25, 6.5, 10.9], "texture": "#0"},
				"west": {"uv": [6, 10.25, 6.5, 10.9], "texture": "#0"},
				"up": {"uv": [6, 10.25, 6.5, 10.9], "texture": "#0"},
				"down": {"uv": [6, 10.25, 6.5, 10.9], "texture": "#0"}
			}
		},
		{
			"from": [7.75, 2.7, 5],
			"to": [8.25, 2.775, 5.05],
			"faces": {
				"north": {"uv": [6, 10.25, 6.5, 10.9], "texture": "#0"},
				"east": {"uv": [6, 10.25, 6.5, 10.9], "texture": "#0"},
				"south": {"uv": [6, 10.25, 6.5, 10.9], "texture": "#0"},
				"west": {"uv": [6, 10.25, 6.5, 10.9], "texture": "#0"},
				"up": {"uv": [6, 10.25, 6.5, 10.9], "texture": "#0"},
				"down": {"uv": [6, 10.25, 6.5, 10.9], "texture": "#0"}
			}
		},
		{
			"from": [7.75, 2.7, 5.25],
			"to": [8.25, 2.775, 5.3],
			"faces": {
				"north": {"uv": [6, 10.25, 6.5, 10.9], "texture": "#0"},
				"east": {"uv": [6, 10.25, 6.5, 10.9], "texture": "#0"},
				"south": {"uv": [6, 10.25, 6.5, 10.9], "texture": "#0"},
				"west": {"uv": [6, 10.25, 6.5, 10.9], "texture": "#0"},
				"up": {"uv": [6, 10.25, 6.5, 10.9], "texture": "#0"},
				"down": {"uv": [6, 10.25, 6.5, 10.9], "texture": "#0"}
			}
		},
		{
			"from": [7.75, 2.7, 4.75],
			"to": [8.25, 2.775, 4.8],
			"faces": {
				"north": {"uv": [6, 10.25, 6.5, 10.9], "texture": "#0"},
				"east": {"uv": [6, 10.25, 6.5, 10.9], "texture": "#0"},
				"south": {"uv": [6, 10.25, 6.5, 10.9], "texture": "#0"},
				"west": {"uv": [6, 10.25, 6.5, 10.9], "texture": "#0"},
				"up": {"uv": [6, 10.25, 6.5, 10.9], "texture": "#0"},
				"down": {"uv": [6, 10.25, 6.5, 10.9], "texture": "#0"}
			}
		},
		{
			"from": [7.75, 2.7, 4.5],
			"to": [8.25, 2.775, 4.55],
			"faces": {
				"north": {"uv": [6, 10.25, 6.5, 10.9], "texture": "#0"},
				"east": {"uv": [6, 10.25, 6.5, 10.9], "texture": "#0"},
				"south": {"uv": [6, 10.25, 6.5, 10.9], "texture": "#0"},
				"west": {"uv": [6, 10.25, 6.5, 10.9], "texture": "#0"},
				"up": {"uv": [6, 10.25, 6.5, 10.9], "texture": "#0"},
				"down": {"uv": [6, 10.25, 6.5, 10.9], "texture": "#0"}
			}
		},
		{
			"from": [7.75, 2.7, 4.25],
			"to": [8.25, 2.775, 4.3],
			"faces": {
				"north": {"uv": [6, 10.25, 6.5, 10.9], "texture": "#0"},
				"east": {"uv": [6, 10.25, 6.5, 10.9], "texture": "#0"},
				"south": {"uv": [6, 10.25, 6.5, 10.9], "texture": "#0"},
				"west": {"uv": [6, 10.25, 6.5, 10.9], "texture": "#0"},
				"up": {"uv": [6, 10.25, 6.5, 10.9], "texture": "#0"},
				"down": {"uv": [6, 10.25, 6.5, 10.9], "texture": "#0"}
			}
		},
		{
			"from": [7.75, 2.625, 5.5],
			"to": [8.25, 2.775, 5.75],
			"faces": {
				"north": {"uv": [6, 10.25, 6.5, 10.9], "texture": "#0"},
				"east": {"uv": [6, 10.25, 6.5, 10.9], "texture": "#0"},
				"south": {"uv": [6, 10.25, 6.5, 10.9], "texture": "#0"},
				"west": {"uv": [6, 10.25, 6.5, 10.9], "texture": "#0"},
				"up": {"uv": [6, 10.25, 6.5, 10.9], "texture": "#0"},
				"down": {"uv": [6, 10.25, 6.5, 10.9], "texture": "#0"}
			}
		},
		{
			"from": [7.8, 2.625, 3.25],
			"to": [8.2, 2.775, 5.5],
			"faces": {
				"north": {"uv": [15.5, 15.25, 16, 15.9], "texture": "#1"},
				"east": {"uv": [15.5, 15.25, 16, 15.9], "texture": "#1"},
				"south": {"uv": [15.5, 15.25, 16, 15.9], "texture": "#1"},
				"west": {"uv": [15.5, 15.25, 16, 15.9], "texture": "#1"},
				"up": {"uv": [15.5, 15.25, 16, 15.9], "texture": "#1"},
				"down": {"uv": [15.5, 15.25, 16, 15.9], "texture": "#1"}
			}
		},
		{
			"from": [7.75, 2.775, 3],
			"to": [8.25, 2.9, 5.75],
			"faces": {
				"north": {"uv": [6, 9, 6.5, 9.9], "texture": "#0"},
				"east": {"uv": [6, 9, 6.5, 9.9], "texture": "#0"},
				"south": {"uv": [6, 9, 6.5, 9.9], "texture": "#0"},
				"west": {"uv": [6, 9, 6.5, 9.9], "texture": "#0"},
				"up": {"uv": [6, 9.5, 6.5, 9.9], "texture": "#0"},
				"down": {"uv": [6, 9, 6.5, 9.9], "texture": "#0"}
			}
		},
		{
			"from": [7.75, 2.5, 5.75],
			"to": [8.25, 2.9, 6.25],
			"faces": {
				"north": {"uv": [13, 12.1, 13.5, 13], "texture": "#1"},
				"east": {"uv": [13, 12.1, 13.5, 13], "texture": "#1"},
				"south": {"uv": [13, 12.1, 13.5, 13], "texture": "#1"},
				"west": {"uv": [13, 12.1, 13.5, 13], "texture": "#1"},
				"up": {"uv": [13, 12.1, 13.5, 13], "texture": "#1"},
				"down": {"uv": [13, 12.1, 13.5, 13], "texture": "#1"}
			}
		},
		{
			"from": [7.75, 2.5, 8.25],
			"to": [8.25, 2.9, 8.5],
			"faces": {
				"north": {"uv": [6, 9, 6.5, 11.9], "texture": "#0"},
				"east": {"uv": [6, 9, 6.5, 11.9], "texture": "#0"},
				"south": {"uv": [6, 9, 6.5, 11.9], "texture": "#0"},
				"west": {"uv": [6, 9, 6.5, 11.9], "texture": "#0"},
				"up": {"uv": [6, 9.5, 6.5, 9.9], "texture": "#0"},
				"down": {"uv": [6, 11.25, 6.5, 11.9], "texture": "#0"}
			}
		},
		{
			"from": [7.75, 2.625, 7.75],
			"to": [8.25, 2.9, 8.25],
			"faces": {
				"north": {"uv": [6, 9, 6.5, 10.9], "texture": "#0"},
				"east": {"uv": [6, 9, 6.5, 10.9], "texture": "#0"},
				"south": {"uv": [6, 9, 6.5, 10.9], "texture": "#0"},
				"west": {"uv": [6, 9, 6.5, 10.9], "texture": "#0"},
				"up": {"uv": [6, 9, 6.5, 9.9], "texture": "#0"},
				"down": {"uv": [6, 9, 6.5, 10.9], "texture": "#0"}
			}
		},
		{
			"from": [7.75, 2.765, 6.25],
			"to": [8.25, 2.9, 7.75],
			"faces": {
				"north": {"uv": [6, 9, 6.5, 9.9], "texture": "#0"},
				"east": {"uv": [6, 9, 6.5, 9.9], "texture": "#0"},
				"south": {"uv": [6, 9, 6.5, 9.9], "texture": "#0"},
				"west": {"uv": [6, 9, 6.5, 9.9], "texture": "#0"},
				"up": {"uv": [6, 9.25, 6.5, 9.9], "texture": "#0"},
				"down": {"uv": [6, 9, 6.5, 9.9], "texture": "#0"}
			}
		},
		{
			"from": [7.8, 2.5, 6.25],
			"to": [8.2, 2.55, 8.25],
			"faces": {
				"north": {"uv": [13, 11.1, 13.5, 12], "texture": "#1"},
				"east": {"uv": [13, 11.1, 13.5, 12], "texture": "#1"},
				"south": {"uv": [13, 11.1, 13.5, 12], "texture": "#1"},
				"west": {"uv": [13, 11.1, 13.5, 12], "texture": "#1"},
				"up": {"uv": [13, 11.1, 13.5, 12], "texture": "#1"},
				"down": {"uv": [13, 11.1, 13.5, 12], "texture": "#1"}
			}
		},
		{
			"from": [7.8, 2.55, 6.25],
			"to": [8.2, 2.715, 6.3],
			"faces": {
				"north": {"uv": [13, 11.1, 13.5, 12], "texture": "#1"},
				"east": {"uv": [13, 11.1, 13.5, 12], "texture": "#1"},
				"south": {"uv": [13, 11.1, 13.5, 12], "texture": "#1"},
				"west": {"uv": [13, 11.1, 13.5, 12], "texture": "#1"},
				"up": {"uv": [13, 11.1, 13.5, 12], "texture": "#1"},
				"down": {"uv": [13, 11.1, 13.5, 12], "texture": "#1"}
			}
		},
		{
			"from": [7.8, 2.55, 6.5],
			"to": [8.2, 2.715, 6.55],
			"faces": {
				"north": {"uv": [13, 11.1, 13.5, 12], "texture": "#1"},
				"east": {"uv": [13, 11.1, 13.5, 12], "texture": "#1"},
				"south": {"uv": [13, 11.1, 13.5, 12], "texture": "#1"},
				"west": {"uv": [13, 11.1, 13.5, 12], "texture": "#1"},
				"up": {"uv": [13, 11.1, 13.5, 12], "texture": "#1"},
				"down": {"uv": [13, 11.1, 13.5, 12], "texture": "#1"}
			}
		},
		{
			"from": [7.8, 2.55, 7],
			"to": [8.2, 2.715, 7.05],
			"faces": {
				"north": {"uv": [13, 11.1, 13.5, 12], "texture": "#1"},
				"east": {"uv": [13, 11.1, 13.5, 12], "texture": "#1"},
				"south": {"uv": [13, 11.1, 13.5, 12], "texture": "#1"},
				"west": {"uv": [13, 11.1, 13.5, 12], "texture": "#1"},
				"up": {"uv": [13, 11.1, 13.5, 12], "texture": "#1"},
				"down": {"uv": [13, 11.1, 13.5, 12], "texture": "#1"}
			}
		},
		{
			"from": [7.8, 2.55, 6.75],
			"to": [8.2, 2.715, 6.8],
			"faces": {
				"north": {"uv": [13, 11.1, 13.5, 12], "texture": "#1"},
				"east": {"uv": [13, 11.1, 13.5, 12], "texture": "#1"},
				"south": {"uv": [13, 11.1, 13.5, 12], "texture": "#1"},
				"west": {"uv": [13, 11.1, 13.5, 12], "texture": "#1"},
				"up": {"uv": [13, 11.1, 13.5, 12], "texture": "#1"},
				"down": {"uv": [13, 11.1, 13.5, 12], "texture": "#1"}
			}
		},
		{
			"from": [7.8, 2.55, 7.25],
			"to": [8.2, 2.715, 7.3],
			"faces": {
				"north": {"uv": [13, 11.1, 13.5, 12], "texture": "#1"},
				"east": {"uv": [13, 11.1, 13.5, 12], "texture": "#1"},
				"south": {"uv": [13, 11.1, 13.5, 12], "texture": "#1"},
				"west": {"uv": [13, 11.1, 13.5, 12], "texture": "#1"},
				"up": {"uv": [13, 11.1, 13.5, 12], "texture": "#1"},
				"down": {"uv": [13, 11.1, 13.5, 12], "texture": "#1"}
			}
		},
		{
			"from": [7.8, 2.55, 7.5],
			"to": [8.2, 2.715, 7.55],
			"faces": {
				"north": {"uv": [13, 11.1, 13.5, 12], "texture": "#1"},
				"east": {"uv": [13, 11.1, 13.5, 12], "texture": "#1"},
				"south": {"uv": [13, 11.1, 13.5, 12], "texture": "#1"},
				"west": {"uv": [13, 11.1, 13.5, 12], "texture": "#1"},
				"up": {"uv": [13, 11.1, 13.5, 12], "texture": "#1"},
				"down": {"uv": [13, 11.1, 13.5, 12], "texture": "#1"}
			}
		},
		{
			"from": [7.8, 2.55, 7.75],
			"to": [8.2, 2.715, 7.8],
			"faces": {
				"north": {"uv": [13, 11.1, 13.5, 12], "texture": "#1"},
				"east": {"uv": [13, 11.1, 13.5, 12], "texture": "#1"},
				"south": {"uv": [13, 11.1, 13.5, 12], "texture": "#1"},
				"west": {"uv": [13, 11.1, 13.5, 12], "texture": "#1"},
				"up": {"uv": [13, 11.1, 13.5, 12], "texture": "#1"},
				"down": {"uv": [13, 11.1, 13.5, 12], "texture": "#1"}
			}
		},
		{
			"from": [7.8, 2.55, 8],
			"to": [8.2, 2.715, 8.05],
			"faces": {
				"north": {"uv": [13, 11.1, 13.5, 12], "texture": "#1"},
				"east": {"uv": [13, 11.1, 13.5, 12], "texture": "#1"},
				"south": {"uv": [13, 11.1, 13.5, 12], "texture": "#1"},
				"west": {"uv": [13, 11.1, 13.5, 12], "texture": "#1"},
				"up": {"uv": [13, 11.1, 13.5, 12], "texture": "#1"},
				"down": {"uv": [13, 11.1, 13.5, 12], "texture": "#1"}
			}
		},
		{
			"from": [7.85, 2.55, 6.25],
			"to": [8.15, 2.715, 8.25],
			"faces": {
				"north": {"uv": [12, 11.1, 12.5, 12], "texture": "#1"},
				"east": {"uv": [12, 11.1, 12.5, 12], "texture": "#1"},
				"south": {"uv": [12, 11.1, 12.5, 12], "texture": "#1"},
				"west": {"uv": [12, 11.1, 12.5, 12], "texture": "#1"},
				"up": {"uv": [12, 11.1, 12.5, 12], "texture": "#1"},
				"down": {"uv": [12, 11.1, 12.5, 12], "texture": "#1"}
			}
		},
		{
			"from": [7.8, 2.715, 6.25],
			"to": [8.2, 2.765, 8.25],
			"faces": {
				"north": {"uv": [13, 11.1, 13.5, 12], "texture": "#1"},
				"east": {"uv": [13, 11.1, 13.5, 12], "texture": "#1"},
				"south": {"uv": [13, 11.1, 13.5, 12], "texture": "#1"},
				"west": {"uv": [13, 11.1, 13.5, 12], "texture": "#1"},
				"up": {"uv": [13, 11.1, 13.5, 12], "texture": "#1"},
				"down": {"uv": [13, 11.1, 13.5, 12], "texture": "#1"}
			}
		},
		{
			"from": [7.75, 2.5, 8.5],
			"to": [8.25, 2.65, 8.9],
			"faces": {
				"north": {"uv": [6, 10.8, 6.5, 12], "texture": "#0"},
				"east": {"uv": [6, 10.8, 6.5, 12], "texture": "#0"},
				"south": {"uv": [6, 10.8, 6.5, 12], "texture": "#0"},
				"west": {"uv": [6, 10.8, 6.5, 12], "texture": "#0"},
				"up": {"uv": [6, 10.8, 6.5, 12], "texture": "#0"},
				"down": {"uv": [6, 11.25, 6.5, 11.9], "texture": "#0"}
			}
		},
		{
			"from": [7.75, 2.65, 8.5],
			"to": [8.25, 2.775, 10],
			"faces": {
				"north": {"uv": [6, 10, 6.5, 10.8], "texture": "#0"},
				"east": {"uv": [6, 10, 6.5, 10.8], "texture": "#0"},
				"south": {"uv": [6, 10, 6.5, 10.8], "texture": "#0"},
				"west": {"uv": [6, 10, 6.5, 10.8], "texture": "#0"},
				"up": {"uv": [6, 10, 6.5, 10.8], "texture": "#0"},
				"down": {"uv": [6, 10, 6.5, 10.8], "texture": "#0"}
			}
		},
		{
			"from": [7.75, 2.775, 8.5],
			"to": [8.25, 2.9, 9.75],
			"faces": {
				"north": {"uv": [6, 9, 6.5, 9.8], "texture": "#0"},
				"east": {"uv": [6, 9, 6.5, 9.8], "texture": "#0"},
				"south": {"uv": [6, 9, 6.5, 9.8], "texture": "#0"},
				"west": {"uv": [6, 9, 6.5, 9.8], "texture": "#0"},
				"up": {"uv": [6, 9, 6.5, 9.8], "texture": "#0"},
				"down": {"uv": [6, 9, 6.5, 9.8], "texture": "#0"}
			}
		},
		{
			"from": [7.75, 2.6, 8.9],
			"to": [8.25, 2.65, 9.5],
			"faces": {
				"north": {"uv": [6, 10.8, 6.5, 11.25], "texture": "#0"},
				"east": {"uv": [6, 10.8, 6.5, 11.25], "texture": "#0"},
				"south": {"uv": [6, 10.8, 6.5, 11.25], "texture": "#0"},
				"west": {"uv": [6, 10.8, 6.5, 11.25], "texture": "#0"},
				"up": {"uv": [6, 10.8, 6.5, 11.25], "texture": "#0"},
				"down": {"uv": [6, 11.25, 6.5, 11.9], "texture": "#0"}
			}
		},
		{
			"from": [7.75, 2.5, 9.5],
			"to": [8.25, 2.65, 10],
			"faces": {
				"north": {"uv": [6, 10.8, 6.5, 12], "texture": "#0"},
				"east": {"uv": [6, 10.8, 6.5, 12], "texture": "#0"},
				"south": {"uv": [6, 10.8, 6.5, 12], "texture": "#0"},
				"west": {"uv": [6, 10.8, 6.5, 12], "texture": "#0"},
				"up": {"uv": [6, 10.8, 6.5, 12], "texture": "#0"},
				"down": {"uv": [6, 11.25, 6.5, 11.9], "texture": "#0"}
			}
		},
		{
			"from": [7.85, 2.3, 5.75],
			"to": [8.15, 2.4, 6.25],
			"faces": {
				"north": {"uv": [14.25, 9.35, 14.75, 9.75], "texture": "#1"},
				"east": {"uv": [14.25, 9.35, 14.75, 9.75], "texture": "#1"},
				"south": {"uv": [14.25, 9.35, 14.75, 9.75], "texture": "#1"},
				"west": {"uv": [14.25, 9.35, 14.75, 9.75], "texture": "#1"},
				"up": {"uv": [14.25, 9.35, 14.75, 9.75], "texture": "#1"},
				"down": {"uv": [14.25, 9.35, 14.75, 9.75], "texture": "#1"}
			}
		},
		{
			"from": [7.85, 2.2, 5.75],
			"to": [8.15, 2.3, 6.25],
			"faces": {
				"north": {"uv": [15, 5.1, 15.5, 6], "texture": "#1"},
				"east": {"uv": [15, 5.1, 15.5, 6], "texture": "#1"},
				"south": {"uv": [15, 5.1, 15.5, 6], "texture": "#1"},
				"west": {"uv": [15, 5.1, 15.5, 6], "texture": "#1"},
				"up": {"uv": [15, 5.1, 15.5, 6], "texture": "#1"},
				"down": {"uv": [15, 5.1, 15.5, 6], "texture": "#1"}
			}
		},
		{
			"from": [7.9, 2.05, 5.775],
			"to": [8.1, 2.2, 6.275],
			"faces": {
				"north": {"uv": [0, 15.1, 4, 16], "texture": "#1"},
				"east": {"uv": [0, 15.1, 4, 16], "texture": "#1"},
				"south": {"uv": [0, 15.1, 4, 16], "texture": "#1"},
				"west": {"uv": [0, 15.1, 4, 16], "texture": "#1"},
				"up": {"uv": [0, 15.1, 4, 16], "texture": "#1"},
				"down": {"uv": [0, 15.1, 4, 16], "texture": "#1"}
			}
		},
		{
			"from": [7.9, 1.8, 5.825],
			"to": [8.1, 1.95, 6.325],
			"faces": {
				"north": {"uv": [0, 15.1, 4, 16], "texture": "#1"},
				"east": {"uv": [0, 15.1, 4, 16], "texture": "#1"},
				"south": {"uv": [0, 15.1, 4, 16], "texture": "#1"},
				"west": {"uv": [0, 15.1, 4, 16], "texture": "#1"},
				"up": {"uv": [0, 15.1, 4, 16], "texture": "#1"},
				"down": {"uv": [0, 15.1, 4, 16], "texture": "#1"}
			}
		},
		{
			"from": [7.9, 1.55, 5.875],
			"to": [8.1, 1.7, 6.375],
			"faces": {
				"north": {"uv": [0, 15.1, 4, 16], "texture": "#1"},
				"east": {"uv": [0, 15.1, 4, 16], "texture": "#1"},
				"south": {"uv": [0, 15.1, 4, 16], "texture": "#1"},
				"west": {"uv": [0, 15.1, 4, 16], "texture": "#1"},
				"up": {"uv": [0, 15.1, 4, 16], "texture": "#1"},
				"down": {"uv": [0, 15.1, 4, 16], "texture": "#1"}
			}
		},
		{
			"from": [7.85, 1.95, 5.8],
			"to": [8.15, 2.05, 6.3],
			"faces": {
				"north": {"uv": [15, 5.1, 15.5, 6], "texture": "#1"},
				"east": {"uv": [15, 5.1, 15.5, 6], "texture": "#1"},
				"south": {"uv": [15, 5.1, 15.5, 6], "texture": "#1"},
				"west": {"uv": [15, 5.1, 15.5, 6], "texture": "#1"},
				"up": {"uv": [15, 5.1, 15.5, 6], "texture": "#1"},
				"down": {"uv": [15, 5.1, 15.5, 6], "texture": "#1"}
			}
		},
		{
			"from": [7.85, 1.7, 5.85],
			"to": [8.15, 1.8, 6.35],
			"faces": {
				"north": {"uv": [15, 5.1, 15.5, 6], "texture": "#1"},
				"east": {"uv": [15, 5.1, 15.5, 6], "texture": "#1"},
				"south": {"uv": [15, 5.1, 15.5, 6], "texture": "#1"},
				"west": {"uv": [15, 5.1, 15.5, 6], "texture": "#1"},
				"up": {"uv": [15, 5.1, 15.5, 6], "texture": "#1"},
				"down": {"uv": [15, 5.1, 15.5, 6], "texture": "#1"}
			}
		},
		{
			"from": [7.85, 1.45, 5.9],
			"to": [8.15, 1.55, 6.4],
			"faces": {
				"north": {"uv": [15, 5.1, 15.5, 6], "texture": "#1"},
				"east": {"uv": [15, 5.1, 15.5, 6], "texture": "#1"},
				"south": {"uv": [15, 5.1, 15.5, 6], "texture": "#1"},
				"west": {"uv": [15, 5.1, 15.5, 6], "texture": "#1"},
				"up": {"uv": [15, 5.1, 15.5, 6], "texture": "#1"},
				"down": {"uv": [15, 5.1, 15.5, 6], "texture": "#1"}
			}
		},
		{
			"from": [7.8, 2.4, 5.75],
			"to": [8.2, 2.5, 6.25],
			"faces": {
				"north": {"uv": [14.25, 9.35, 14.75, 9.75], "texture": "#1"},
				"east": {"uv": [14.25, 9.35, 14.75, 9.75], "texture": "#1"},
				"south": {"uv": [14.25, 9.35, 14.75, 9.75], "texture": "#1"},
				"west": {"uv": [14.25, 9.35, 14.75, 9.75], "texture": "#1"},
				"up": {"uv": [14.25, 9.35, 14.75, 9.75], "texture": "#1"},
				"down": {"uv": [14.25, 9.35, 14.75, 9.75], "texture": "#1"}
			}
		},
		{
			"from": [7.8, 2.4, 8.6],
			"to": [8.2, 2.5, 9],
			"faces": {
				"north": {"uv": [6, 11.25, 6.5, 11.9], "texture": "#0"},
				"east": {"uv": [6, 11.25, 6.5, 11.9], "texture": "#0"},
				"south": {"uv": [6, 11.25, 6.5, 11.9], "texture": "#0"},
				"west": {"uv": [6, 11.25, 6.5, 11.9], "texture": "#0"},
				"up": {"uv": [6, 11.25, 6.5, 11.9], "texture": "#0"},
				"down": {"uv": [6, 11.25, 6.5, 11.9], "texture": "#0"}
			}
		},
		{
			"from": [7.9, 2.45, 8.4],
			"to": [8.1, 2.5, 8.6],
			"faces": {
				"north": {"uv": [5, 14.25, 7, 14.9], "texture": "#1"},
				"east": {"uv": [5, 14.25, 7, 14.9], "texture": "#1"},
				"south": {"uv": [5, 14.25, 7, 14.9], "texture": "#1"},
				"west": {"uv": [5, 14.25, 7, 14.9], "texture": "#1"},
				"up": {"uv": [5, 14.25, 7, 14.9], "texture": "#1"},
				"down": {"uv": [5, 14.25, 7, 14.9], "texture": "#1"}
			}
		},
		{
			"from": [7.8, 2.4, 9.51],
			"to": [8.2, 2.5, 10],
			"faces": {
				"north": {"uv": [6, 11.25, 6.5, 11.9], "texture": "#0"},
				"east": {"uv": [6, 11.25, 6.5, 11.9], "texture": "#0"},
				"south": {"uv": [6, 11.25, 6.5, 11.9], "texture": "#0"},
				"west": {"uv": [6, 11.25, 6.5, 11.9], "texture": "#0"},
				"up": {"uv": [6, 11.25, 6.5, 11.9], "texture": "#0"},
				"down": {"uv": [6, 11.25, 6.5, 11.9], "texture": "#0"}
			}
		},
		{
			"from": [7.85, 2.3, 8.75],
			"to": [8.15, 2.4, 9.15],
			"faces": {
				"north": {"uv": [6, 11.25, 6.5, 11.9], "texture": "#0"},
				"east": {"uv": [6, 11.25, 6.5, 11.9], "texture": "#0"},
				"south": {"uv": [6, 11.25, 6.5, 11.9], "texture": "#0"},
				"west": {"uv": [6, 11.25, 6.5, 11.9], "texture": "#0"},
				"up": {"uv": [6, 11.25, 6.5, 11.9], "texture": "#0"},
				"down": {"uv": [6, 11.25, 6.5, 11.9], "texture": "#0"}
			}
		},
		{
			"from": [7.85, 2.3, 9.5],
			"to": [8.15, 2.4, 10],
			"faces": {
				"north": {"uv": [6, 11.25, 6.5, 11.9], "texture": "#0"},
				"east": {"uv": [6, 11.25, 6.5, 11.9], "texture": "#0"},
				"south": {"uv": [6, 11.25, 6.5, 11.9], "texture": "#0"},
				"west": {"uv": [6, 11.25, 6.5, 11.9], "texture": "#0"},
				"up": {"uv": [6, 11.25, 6.5, 11.9], "texture": "#0"},
				"down": {"uv": [6, 11.25, 6.5, 11.9], "texture": "#0"}
			}
		},
		{
			"from": [7.85, 2.2, 8.9],
			"to": [8.15, 2.3, 9.75],
			"faces": {
				"north": {"uv": [6, 11.25, 6.5, 11.9], "texture": "#0"},
				"east": {"uv": [6, 11.25, 6.5, 11.9], "texture": "#0"},
				"south": {"uv": [6, 11.25, 6.5, 11.9], "texture": "#0"},
				"west": {"uv": [6, 11.25, 6.5, 11.9], "texture": "#0"},
				"up": {"uv": [6, 11.25, 6.5, 11.9], "texture": "#0"},
				"down": {"uv": [6, 11.25, 6.5, 11.9], "texture": "#0"}
			}
		},
		{
			"from": [7.85, 2.1, 9],
			"to": [8.15, 2.2, 9.5],
			"faces": {
				"north": {"uv": [6, 11.25, 6.5, 11.9], "texture": "#0"},
				"east": {"uv": [6, 11.25, 6.5, 11.9], "texture": "#0"},
				"south": {"uv": [6, 11.25, 6.5, 11.9], "texture": "#0"},
				"west": {"uv": [6, 11.25, 6.5, 11.9], "texture": "#0"},
				"up": {"uv": [6, 11.25, 6.5, 11.9], "texture": "#0"},
				"down": {"uv": [6, 11.25, 6.5, 11.9], "texture": "#0"}
			}
		},
		{
			"from": [7.8, 2.4, 3],
			"to": [8.2, 2.5, 3.25],
			"faces": {
				"north": {"uv": [0, 3, 0.75, 4], "texture": "#1"},
				"east": {"uv": [0, 3, 0.75, 4], "texture": "#1"},
				"south": {"uv": [0, 3, 0.75, 4], "texture": "#1"},
				"west": {"uv": [0, 3, 0.75, 4], "texture": "#1"},
				"up": {"uv": [0, 3, 0.75, 4], "texture": "#1"},
				"down": {"uv": [0, 3, 0.75, 4], "texture": "#1"}
			}
		},
		{
			"from": [7.8, 2.4, 3.5],
			"to": [8.2, 2.5, 3.75],
			"faces": {
				"north": {"uv": [0, 3, 0.75, 4], "texture": "#1"},
				"east": {"uv": [0, 3, 0.75, 4], "texture": "#1"},
				"south": {"uv": [0, 3, 0.75, 4], "texture": "#1"},
				"west": {"uv": [0, 3, 0.75, 4], "texture": "#1"},
				"up": {"uv": [0, 3, 0.75, 4], "texture": "#1"},
				"down": {"uv": [0, 3, 0.75, 4], "texture": "#1"}
			}
		},
		{
			"from": [7.8, 2.4, 4.5],
			"to": [8.2, 2.5, 4.75],
			"faces": {
				"north": {"uv": [0, 3, 0.75, 4], "texture": "#1"},
				"east": {"uv": [0, 3, 0.75, 4], "texture": "#1"},
				"south": {"uv": [0, 3, 0.75, 4], "texture": "#1"},
				"west": {"uv": [0, 3, 0.75, 4], "texture": "#1"},
				"up": {"uv": [0, 3, 0.75, 4], "texture": "#1"},
				"down": {"uv": [0, 3, 0.75, 4], "texture": "#1"}
			}
		},
		{
			"from": [7.8, 2.4, 4],
			"to": [8.2, 2.5, 4.25],
			"faces": {
				"north": {"uv": [0, 3, 0.75, 4], "texture": "#1"},
				"east": {"uv": [0, 3, 0.75, 4], "texture": "#1"},
				"south": {"uv": [0, 3, 0.75, 4], "texture": "#1"},
				"west": {"uv": [0, 3, 0.75, 4], "texture": "#1"},
				"up": {"uv": [0, 3, 0.75, 4], "texture": "#1"},
				"down": {"uv": [0, 3, 0.75, 4], "texture": "#1"}
			}
		},
		{
			"from": [7.8, 2.4, 5.5],
			"to": [8.2, 2.5, 5.75],
			"faces": {
				"north": {"uv": [0, 3, 0.75, 4], "texture": "#1"},
				"east": {"uv": [0, 3, 0.75, 4], "texture": "#1"},
				"south": {"uv": [0, 3, 0.75, 4], "texture": "#1"},
				"west": {"uv": [0, 3, 0.75, 4], "texture": "#1"},
				"up": {"uv": [0, 3, 0.75, 4], "texture": "#1"},
				"down": {"uv": [0, 3, 0.75, 4], "texture": "#1"}
			}
		},
		{
			"from": [7.8, 2.4, 5],
			"to": [8.2, 2.5, 5.25],
			"faces": {
				"north": {"uv": [0, 3, 0.75, 4], "texture": "#1"},
				"east": {"uv": [0, 3, 0.75, 4], "texture": "#1"},
				"south": {"uv": [0, 3, 0.75, 4], "texture": "#1"},
				"west": {"uv": [0, 3, 0.75, 4], "texture": "#1"},
				"up": {"uv": [0, 3, 0.75, 4], "texture": "#1"},
				"down": {"uv": [0, 3, 0.75, 4], "texture": "#1"}
			}
		},
		{
			"from": [7.85, 2.3, 3.1],
			"to": [8.15, 2.4, 5.75],
			"faces": {
				"north": {"uv": [0, 4, 0.75, 5], "texture": "#1"},
				"east": {"uv": [0, 4, 0.75, 5], "texture": "#1"},
				"south": {"uv": [0, 4, 0.75, 5], "texture": "#1"},
				"west": {"uv": [0, 4, 0.75, 5], "texture": "#1"},
				"up": {"uv": [0, 4, 0.75, 5], "texture": "#1"},
				"down": {"uv": [0, 4, 0.75, 5], "texture": "#1"}
			}
		},
		{
			"from": [7.8, 2.9, 3],
			"to": [8.2, 3, 5.75],
			"faces": {
				"north": {"uv": [6, 9, 6.5, 9.9], "texture": "#0"},
				"east": {"uv": [6, 9, 6.5, 9.9], "texture": "#0"},
				"south": {"uv": [6, 9, 6.5, 9.9], "texture": "#0"},
				"west": {"uv": [6, 9, 6.5, 9.9], "texture": "#0"},
				"up": {"uv": [6, 9.5, 6.5, 9.9], "texture": "#0"},
				"down": {"uv": [6, 9, 6.5, 9.9], "texture": "#0"}
			}
		},
		{
			"from": [7.85, 3, 3.1],
			"to": [8.15, 3.05, 5.75],
			"faces": {
				"north": {"uv": [6, 9, 6.5, 9.9], "texture": "#0"},
				"east": {"uv": [6, 9, 6.5, 9.9], "texture": "#0"},
				"south": {"uv": [6, 9, 6.5, 9.9], "texture": "#0"},
				"west": {"uv": [6, 9, 6.5, 9.9], "texture": "#0"},
				"up": {"uv": [6, 9.5, 6.5, 9.9], "texture": "#0"},
				"down": {"uv": [6, 9, 6.5, 9.9], "texture": "#0"}
			}
		},
		{
			"from": [7.8, 2.9, 6.25],
			"to": [8.2, 3, 9.25],
			"faces": {
				"north": {"uv": [6, 9, 6.5, 9.9], "texture": "#0"},
				"east": {"uv": [6, 9, 6.5, 9.9], "texture": "#0"},
				"south": {"uv": [6, 9, 6.5, 9.9], "texture": "#0"},
				"west": {"uv": [6, 9, 6.5, 9.9], "texture": "#0"},
				"up": {"uv": [6, 9.5, 6.5, 9.9], "texture": "#0"},
				"down": {"uv": [6, 9, 6.5, 9.9], "texture": "#0"}
			}
		},
		{
			"from": [7.85, 3, 6.25],
			"to": [8.15, 3.05, 8.75],
			"faces": {
				"north": {"uv": [6, 9, 6.5, 9.9], "texture": "#0"},
				"east": {"uv": [6, 9, 6.5, 9.9], "texture": "#0"},
				"south": {"uv": [6, 9, 6.5, 9.9], "texture": "#0"},
				"west": {"uv": [6, 9, 6.5, 9.9], "texture": "#0"},
				"up": {"uv": [6, 9.25, 6.5, 9.9], "texture": "#0"},
				"down": {"uv": [6, 9, 6.5, 9.9], "texture": "#0"}
			}
		},
		{
			"from": [7.8, 2.9, 5.75],
			"to": [8.2, 3, 6.25],
			"faces": {
				"north": {"uv": [13, 11.1, 13.5, 12], "texture": "#1"},
				"east": {"uv": [13, 11.1, 13.5, 12], "texture": "#1"},
				"south": {"uv": [13, 11.1, 13.5, 12], "texture": "#1"},
				"west": {"uv": [13, 11.1, 13.5, 12], "texture": "#1"},
				"up": {"uv": [13, 11.1, 13.5, 12], "texture": "#1"},
				"down": {"uv": [13, 11.1, 13.5, 12], "texture": "#1"}
			}
		},
		{
			"from": [7.85, 3, 5.75],
			"to": [8.15, 3.05, 6.25],
			"faces": {
				"north": {"uv": [13, 11.1, 13.5, 12], "texture": "#1"},
				"east": {"uv": [13, 11.1, 13.5, 12], "texture": "#1"},
				"south": {"uv": [13, 11.1, 13.5, 12], "texture": "#1"},
				"west": {"uv": [13, 11.1, 13.5, 12], "texture": "#1"},
				"up": {"uv": [13, 11.1, 13.5, 12], "texture": "#1"},
				"down": {"uv": [13, 11.1, 13.5, 12], "texture": "#1"}
			}
		},
		{
			"from": [7.9, 3.05, 6.75],
			"to": [8.1, 3.1, 7.75],
			"faces": {
				"north": {"uv": [13, 11.1, 13.5, 12], "texture": "#1"},
				"east": {"uv": [13, 11.1, 13.5, 12], "texture": "#1"},
				"south": {"uv": [13, 11.1, 13.5, 12], "texture": "#1"},
				"west": {"uv": [13, 11.1, 13.5, 12], "texture": "#1"},
				"up": {"uv": [13, 11.1, 13.5, 12], "texture": "#1"},
				"down": {"uv": [13, 11.1, 13.5, 12], "texture": "#1"}
			}
		},
		{
			"from": [7.925, 3.15, 6.75],
			"to": [8.075, 3.2, 7.75],
			"faces": {
				"north": {"uv": [13, 11.1, 13.5, 12], "texture": "#1"},
				"east": {"uv": [13, 11.1, 13.5, 12], "texture": "#1"},
				"south": {"uv": [13, 11.1, 13.5, 12], "texture": "#1"},
				"west": {"uv": [13, 11.1, 13.5, 12], "texture": "#1"},
				"up": {"uv": [13, 11.1, 13.5, 12], "texture": "#1"},
				"down": {"uv": [13, 11.1, 13.5, 12], "texture": "#1"}
			}
		},
		{
			"from": [7.925, 3.35, 6.75],
			"to": [8.075, 3.4, 7.75],
			"faces": {
				"north": {"uv": [13, 11.1, 13.5, 12], "texture": "#1"},
				"east": {"uv": [13, 11.1, 13.5, 12], "texture": "#1"},
				"south": {"uv": [13, 11.1, 13.5, 12], "texture": "#1"},
				"west": {"uv": [13, 11.1, 13.5, 12], "texture": "#1"},
				"up": {"uv": [13, 11.1, 13.5, 12], "texture": "#1"},
				"down": {"uv": [13, 11.1, 13.5, 12], "texture": "#1"}
			}
		},
		{
			"from": [7.875, 3.2, 6.75],
			"to": [7.925, 3.35, 7.75],
			"faces": {
				"north": {"uv": [13, 11.1, 13.5, 12], "texture": "#1"},
				"east": {"uv": [13, 11.1, 13.5, 12], "texture": "#1"},
				"south": {"uv": [13, 11.1, 13.5, 12], "texture": "#1"},
				"west": {"uv": [13, 11.1, 13.5, 12], "texture": "#1"},
				"up": {"uv": [13, 11.1, 13.5, 12], "texture": "#1"},
				"down": {"uv": [13, 11.1, 13.5, 12], "texture": "#1"}
			}
		},
		{
			"from": [8.075, 3.2, 6.75],
			"to": [8.125, 3.35, 7.75],
			"faces": {
				"north": {"uv": [13, 11.1, 13.5, 12], "texture": "#1"},
				"east": {"uv": [13, 11.1, 13.5, 12], "texture": "#1"},
				"south": {"uv": [13, 11.1, 13.5, 12], "texture": "#1"},
				"west": {"uv": [13, 11.1, 13.5, 12], "texture": "#1"},
				"up": {"uv": [13, 11.1, 13.5, 12], "texture": "#1"},
				"down": {"uv": [13, 11.1, 13.5, 12], "texture": "#1"}
			}
		},
		{
			"from": [7.95, 3.1, 6.8],
			"to": [8.05, 3.15, 6.9],
			"faces": {
				"north": {"uv": [13, 11.1, 13.5, 12], "texture": "#1"},
				"east": {"uv": [13, 11.1, 13.5, 12], "texture": "#1"},
				"south": {"uv": [13, 11.1, 13.5, 12], "texture": "#1"},
				"west": {"uv": [13, 11.1, 13.5, 12], "texture": "#1"},
				"up": {"uv": [13, 11.1, 13.5, 12], "texture": "#1"},
				"down": {"uv": [13, 11.1, 13.5, 12], "texture": "#1"}
			}
		},
		{
			"from": [7.95, 3.1, 7.6],
			"to": [8.05, 3.15, 7.7],
			"faces": {
				"north": {"uv": [13, 11.1, 13.5, 12], "texture": "#1"},
				"east": {"uv": [13, 11.1, 13.5, 12], "texture": "#1"},
				"south": {"uv": [13, 11.1, 13.5, 12], "texture": "#1"},
				"west": {"uv": [13, 11.1, 13.5, 12], "texture": "#1"},
				"up": {"uv": [13, 11.1, 13.5, 12], "texture": "#1"},
				"down": {"uv": [13, 11.1, 13.5, 12], "texture": "#1"}
			}
		},
		{
			"from": [7.85, 2.75, 10],
			"to": [8.15, 2.8, 10.25],
			"faces": {
				"north": {"uv": [13, 11.1, 13.5, 12], "texture": "#1"},
				"east": {"uv": [13, 11.1, 13.5, 12], "texture": "#1"},
				"south": {"uv": [13, 11.1, 13.5, 12], "texture": "#1"},
				"west": {"uv": [13, 11.1, 13.5, 12], "texture": "#1"},
				"up": {"uv": [13, 11.1, 13.5, 12], "texture": "#1"},
				"down": {"uv": [13, 11.1, 13.5, 12], "texture": "#1"}
			}
		},
		{
			"from": [7.85, 2.75, 11.85],
			"to": [8.15, 2.8, 12.1],
			"faces": {
				"north": {"uv": [13, 11.1, 13.5, 12], "texture": "#1"},
				"east": {"uv": [13, 11.1, 13.5, 12], "texture": "#1"},
				"south": {"uv": [13, 11.1, 13.5, 12], "texture": "#1"},
				"west": {"uv": [13, 11.1, 13.5, 12], "texture": "#1"},
				"up": {"uv": [13, 11.1, 13.5, 12], "texture": "#1"},
				"down": {"uv": [13, 11.1, 13.5, 12], "texture": "#1"}
			}
		},
		{
			"from": [7.8, 2.65, 10],
			"to": [8.2, 2.75, 10.25],
			"faces": {
				"north": {"uv": [13, 11.1, 13.5, 12], "texture": "#1"},
				"east": {"uv": [13, 11.1, 13.5, 12], "texture": "#1"},
				"south": {"uv": [13, 11.1, 13.5, 12], "texture": "#1"},
				"west": {"uv": [13, 11.1, 13.5, 12], "texture": "#1"},
				"up": {"uv": [13, 11.1, 13.5, 12], "texture": "#1"},
				"down": {"uv": [13, 11.1, 13.5, 12], "texture": "#1"}
			}
		},
		{
			"from": [7.8, 2.65, 10.25],
			"to": [8.2, 2.75, 11.85],
			"faces": {
				"north": {"uv": [13, 11.1, 13.5, 12], "texture": "#1"},
				"east": {"uv": [13, 11.1, 13.5, 12], "texture": "#1"},
				"south": {"uv": [13, 11.1, 13.5, 12], "texture": "#1"},
				"west": {"uv": [13, 11.1, 13.5, 12], "texture": "#1"},
				"up": {"uv": [13, 11.1, 13.5, 12], "texture": "#1"},
				"down": {"uv": [13, 11.1, 13.5, 12], "texture": "#1"}
			}
		},
		{
			"from": [7.8, 2.4, 10.25],
			"to": [8.2, 2.5, 10.65],
			"faces": {
				"north": {"uv": [13, 11.1, 13.5, 12], "texture": "#1"},
				"east": {"uv": [13, 11.1, 13.5, 12], "texture": "#1"},
				"south": {"uv": [13, 11.1, 13.5, 12], "texture": "#1"},
				"west": {"uv": [13, 11.1, 13.5, 12], "texture": "#1"},
				"up": {"uv": [13, 11.1, 13.5, 12], "texture": "#1"},
				"down": {"uv": [13, 11.1, 13.5, 12], "texture": "#1"}
			}
		},
		{
			"from": [7.8, 2.3, 10.65],
			"to": [8.2, 2.4, 11.05],
			"faces": {
				"north": {"uv": [13, 11.1, 13.5, 12], "texture": "#1"},
				"east": {"uv": [13, 11.1, 13.5, 12], "texture": "#1"},
				"south": {"uv": [13, 11.1, 13.5, 12], "texture": "#1"},
				"west": {"uv": [13, 11.1, 13.5, 12], "texture": "#1"},
				"up": {"uv": [13, 11.1, 13.5, 12], "texture": "#1"},
				"down": {"uv": [13, 11.1, 13.5, 12], "texture": "#1"}
			}
		},
		{
			"from": [7.8, 2.2, 11.05],
			"to": [8.2, 2.3, 11.45],
			"faces": {
				"north": {"uv": [13, 11.1, 13.5, 12], "texture": "#1"},
				"east": {"uv": [13, 11.1, 13.5, 12], "texture": "#1"},
				"south": {"uv": [13, 11.1, 13.5, 12], "texture": "#1"},
				"west": {"uv": [13, 11.1, 13.5, 12], "texture": "#1"},
				"up": {"uv": [13, 11.1, 13.5, 12], "texture": "#1"},
				"down": {"uv": [13, 11.1, 13.5, 12], "texture": "#1"}
			}
		},
		{
			"from": [7.8, 2.1, 11.45],
			"to": [8.2, 2.2, 11.85],
			"faces": {
				"north": {"uv": [13, 11.1, 13.5, 12], "texture": "#1"},
				"east": {"uv": [13, 11.1, 13.5, 12], "texture": "#1"},
				"south": {"uv": [13, 11.1, 13.5, 12], "texture": "#1"},
				"west": {"uv": [13, 11.1, 13.5, 12], "texture": "#1"},
				"up": {"uv": [13, 11.1, 13.5, 12], "texture": "#1"},
				"down": {"uv": [13, 11.1, 13.5, 12], "texture": "#1"}
			}
		},
		{
			"from": [7.8, 2.65, 11.85],
			"to": [8.2, 2.75, 12.1],
			"faces": {
				"north": {"uv": [13, 11.1, 13.5, 12], "texture": "#1"},
				"east": {"uv": [13, 11.1, 13.5, 12], "texture": "#1"},
				"south": {"uv": [13, 11.1, 13.5, 12], "texture": "#1"},
				"west": {"uv": [13, 11.1, 13.5, 12], "texture": "#1"},
				"up": {"uv": [13, 11.1, 13.5, 12], "texture": "#1"},
				"down": {"uv": [13, 11.1, 13.5, 12], "texture": "#1"}
			}
		},
		{
			"from": [7.75, 2.5, 10],
			"to": [8.25, 2.65, 10.25],
			"faces": {
				"north": {"uv": [13, 12.1, 13.5, 13], "texture": "#1"},
				"east": {"uv": [13, 12.1, 13.5, 13], "texture": "#1"},
				"south": {"uv": [13, 12.1, 13.5, 13], "texture": "#1"},
				"west": {"uv": [13, 12.1, 13.5, 13], "texture": "#1"},
				"up": {"uv": [13, 12.1, 13.5, 13], "texture": "#1"},
				"down": {"uv": [13, 12.1, 13.5, 13], "texture": "#1"}
			}
		},
		{
			"from": [7.8, 2.4, 10],
			"to": [8.2, 2.5, 10.25],
			"faces": {
				"north": {"uv": [13, 13.1, 13.5, 14], "texture": "#1"},
				"east": {"uv": [13, 13.1, 13.5, 14], "texture": "#1"},
				"south": {"uv": [13, 13.1, 13.5, 14], "texture": "#1"},
				"west": {"uv": [13, 13.1, 13.5, 14], "texture": "#1"},
				"up": {"uv": [13, 13.1, 13.5, 14], "texture": "#1"},
				"down": {"uv": [13, 13.1, 13.5, 14], "texture": "#1"}
			}
		},
		{
			"from": [7.85, 2.3, 10],
			"to": [8.15, 2.4, 10.25],
			"faces": {
				"north": {"uv": [13, 13.1, 13.5, 14], "texture": "#1"},
				"east": {"uv": [13, 13.1, 13.5, 14], "texture": "#1"},
				"south": {"uv": [13, 13.1, 13.5, 14], "texture": "#1"},
				"west": {"uv": [13, 13.1, 13.5, 14], "texture": "#1"},
				"up": {"uv": [13, 13.1, 13.5, 14], "texture": "#1"},
				"down": {"uv": [13, 13.1, 13.5, 14], "texture": "#1"}
			}
		},
		{
			"from": [7.75, 2.25, 11.85],
			"to": [8.25, 2.65, 12.1],
			"faces": {
				"north": {"uv": [13, 12.1, 13.5, 13], "texture": "#1"},
				"east": {"uv": [13, 12.1, 13.5, 13], "texture": "#1"},
				"south": {"uv": [13, 12.1, 13.5, 13], "texture": "#1"},
				"west": {"uv": [13, 12.1, 13.5, 13], "texture": "#1"},
				"up": {"uv": [13, 12.1, 13.5, 13], "texture": "#1"},
				"down": {"uv": [13, 12.1, 13.5, 13], "texture": "#1"}
			}
		},
		{
			"from": [7.8, 2.15, 11.85],
			"to": [8.2, 2.25, 12.1],
			"faces": {
				"north": {"uv": [13, 13.1, 13.5, 14], "texture": "#1"},
				"east": {"uv": [13, 13.1, 13.5, 14], "texture": "#1"},
				"south": {"uv": [13, 13.1, 13.5, 14], "texture": "#1"},
				"west": {"uv": [13, 13.1, 13.5, 14], "texture": "#1"},
				"up": {"uv": [13, 13.1, 13.5, 14], "texture": "#1"},
				"down": {"uv": [13, 13.1, 13.5, 14], "texture": "#1"}
			}
		},
		{
			"from": [7.85, 2.05, 11.85],
			"to": [8.15, 2.15, 12.1],
			"faces": {
				"north": {"uv": [13, 13.1, 13.5, 14], "texture": "#1"},
				"east": {"uv": [13, 13.1, 13.5, 14], "texture": "#1"},
				"south": {"uv": [13, 13.1, 13.5, 14], "texture": "#1"},
				"west": {"uv": [13, 13.1, 13.5, 14], "texture": "#1"},
				"up": {"uv": [13, 13.1, 13.5, 14], "texture": "#1"},
				"down": {"uv": [13, 13.1, 13.5, 14], "texture": "#1"}
			}
		}
	],
	"display": {
		"thirdperson_righthand": {
			"translation": [0, 11, 0],
			"scale": [2, 2, 2]
		},
		"thirdperson_lefthand": {
			"translation": [0, 11, 0],
			"scale": [2, 2, 2]
		},
		"firstperson_righthand": {
			"translation": [-4.75, 17, 6.5],
			"scale": [2, 2, 2]
		},
		"firstperson_lefthand": {
			"translation": [-4.75, 17, 6.5],
			"scale": [2, 2, 2]
		},
		"ground": {
			"rotation": [0, 0, -90],
			"translation": [11, -2, 3],
			"scale": [2, 2, 2]
		},
		"gui": {
			"rotation": [0, 90, 0],
			"translation": [2.75, 14, -0.25],
			"scale": [2.5, 2.5, 2.5]
		},
		"head": {
			"translation": [0, 18, 0],
			"scale": [2, 2, 2]
		},
		"fixed": {
			"rotation": [0, 90, 0],
			"translation": [2.75, 11, -0.25],
			"scale": [2, 2, 2]
		}
	}
}