{
	"credit": "Made with Blockbench",
	"textures": {
		"1": "item/cit/stone3",
		"2": "item/cit/ana",
		"particle": "item/cit/ki1"
	},
	"elements": [
		{
			"from": [7.65, 0.9, 10.625],
			"to": [8.35, 1.4, 12.125],
			"faces": {
				"north": {"uv": [0, 14, 0.75, 14.5], "texture": "#1"},
				"east": {"uv": [0, 14, 0.75, 14.5], "texture": "#1"},
				"south": {"uv": [0, 14, 0.75, 14.5], "texture": "#1"},
				"west": {"uv": [0, 14, 0.75, 14.5], "texture": "#1"},
				"up": {"uv": [0, 14, 0.75, 14.5], "texture": "#1"},
				"down": {"uv": [0, 14, 0.75, 14.5], "texture": "#1"}
			}
		},
		{
			"from": [7.6, 3.25, 10.375],
			"to": [8.4, 3.75, 10.875],
			"faces": {
				"north": {"uv": [0, 0, 16, 16], "texture": "#1"},
				"east": {"uv": [0, 0, 16, 16], "texture": "#1"},
				"south": {"uv": [0, 0, 16, 16], "texture": "#1"},
				"west": {"uv": [0, 0, 16, 16], "texture": "#1"},
				"up": {"uv": [0, 0, 16, 16], "texture": "#1"},
				"down": {"uv": [0, 0, 16, 16], "texture": "#1"}
			}
		},
		{
			"from": [7.65, 1.9, 11.125],
			"to": [8.35, 2.4, 11.875],
			"faces": {
				"north": {"uv": [0, 14, 0.75, 14.5], "texture": "#1"},
				"east": {"uv": [0, 14, 0.75, 14.5], "texture": "#1"},
				"south": {"uv": [0, 14, 0.75, 14.5], "texture": "#1"},
				"west": {"uv": [0, 14, 0.75, 14.5], "texture": "#1"},
				"up": {"uv": [0, 14, 0.75, 14.5], "texture": "#1"},
				"down": {"uv": [0, 14, 0.75, 14.5], "texture": "#1"}
			}
		},
		{
			"from": [7.65, 1.4, 11.25],
			"to": [8.35, 1.9, 12],
			"faces": {
				"north": {"uv": [0, 14, 0.75, 14.5], "texture": "#1"},
				"east": {"uv": [0, 14, 0.75, 14.5], "texture": "#1"},
				"south": {"uv": [0, 14, 0.75, 14.5], "texture": "#1"},
				"west": {"uv": [0, 14, 0.75, 14.5], "texture": "#1"},
				"up": {"uv": [0, 14, 0.75, 14.5], "texture": "#1"},
				"down": {"uv": [0, 14, 0.75, 14.5], "texture": "#1"}
			}
		},
		{
			"from": [7.65, 3.9, 10.625],
			"to": [8.35, 4.4, 11.375],
			"faces": {
				"north": {"uv": [0, 14, 0.75, 14.5], "texture": "#1"},
				"east": {"uv": [0, 14, 0.75, 14.5], "texture": "#1"},
				"south": {"uv": [0, 14, 0.75, 14.5], "texture": "#1"},
				"west": {"uv": [0, 14, 0.75, 14.5], "texture": "#1"},
				"up": {"uv": [0, 14, 0.75, 14.5], "texture": "#1"},
				"down": {"uv": [0, 14, 0.75, 14.5], "texture": "#1"}
			}
		},
		{
			"from": [7.65, 4.4, 10.5],
			"to": [8.35, 4.75, 11.25],
			"faces": {
				"north": {"uv": [0, 14, 0.75, 14.5], "texture": "#1"},
				"east": {"uv": [0, 14, 0.75, 14.5], "texture": "#1"},
				"south": {"uv": [0, 14, 0.75, 14.5], "texture": "#1"},
				"west": {"uv": [0, 14, 0.75, 14.5], "texture": "#1"},
				"up": {"uv": [0, 14, 0.75, 14.5], "texture": "#1"},
				"down": {"uv": [0, 14, 0.75, 14.5], "texture": "#1"}
			}
		},
		{
			"from": [7.65, 3.4, 10.75],
			"to": [8.35, 3.9, 11.5],
			"faces": {
				"north": {"uv": [0, 14, 0.75, 14.5], "texture": "#1"},
				"east": {"uv": [0, 14, 0.75, 14.5], "texture": "#1"},
				"south": {"uv": [0, 14, 0.75, 14.5], "texture": "#1"},
				"west": {"uv": [0, 14, 0.75, 14.5], "texture": "#1"},
				"up": {"uv": [0, 14, 0.75, 14.5], "texture": "#1"},
				"down": {"uv": [0, 14, 0.75, 14.5], "texture": "#1"}
			}
		},
		{
			"from": [7.65, 2.9, 10.875],
			"to": [8.35, 3.4, 11.625],
			"faces": {
				"north": {"uv": [0, 14, 0.75, 14.5], "texture": "#1"},
				"east": {"uv": [0, 14, 0.75, 14.5], "texture": "#1"},
				"south": {"uv": [0, 14, 0.75, 14.5], "texture": "#1"},
				"west": {"uv": [0, 14, 0.75, 14.5], "texture": "#1"},
				"up": {"uv": [0, 14, 0.75, 14.5], "texture": "#1"},
				"down": {"uv": [0, 14, 0.75, 14.5], "texture": "#1"}
			}
		},
		{
			"from": [7.65, 2.4, 11],
			"to": [8.35, 2.9, 11.75],
			"faces": {
				"north": {"uv": [0, 14, 0.75, 14.5], "texture": "#1"},
				"east": {"uv": [0, 14, 0.75, 14.5], "texture": "#1"},
				"south": {"uv": [0, 14, 0.75, 14.5], "texture": "#1"},
				"west": {"uv": [0, 14, 0.75, 14.5], "texture": "#1"},
				"up": {"uv": [0, 14, 0.75, 14.5], "texture": "#1"},
				"down": {"uv": [0, 14, 0.75, 14.5], "texture": "#1"}
			}
		},
		{
			"from": [7.65, 0.85, 11.125],
			"to": [8.35, 1.1, 11.625],
			"faces": {
				"north": {"uv": [0, 14, 0.75, 14.5], "texture": "#1"},
				"east": {"uv": [0, 14, 0.75, 14.5], "texture": "#1"},
				"south": {"uv": [0, 14, 0.75, 14.5], "texture": "#1"},
				"west": {"uv": [0, 14, 0.75, 14.5], "texture": "#1"},
				"up": {"uv": [0, 14, 0.75, 14.5], "texture": "#1"},
				"down": {"uv": [0, 14, 0.75, 14.5], "texture": "#1"}
			}
		},
		{
			"from": [7.65, 0.8, 10.625],
			"to": [8.35, 1.05, 11.125],
			"faces": {
				"north": {"uv": [0, 14, 0.75, 14.5], "texture": "#1"},
				"east": {"uv": [0, 14, 0.75, 14.5], "texture": "#1"},
				"south": {"uv": [0, 14, 0.75, 14.5], "texture": "#1"},
				"west": {"uv": [0, 14, 0.75, 14.5], "texture": "#1"},
				"up": {"uv": [0, 14, 0.75, 14.5], "texture": "#1"},
				"down": {"uv": [0, 14, 0.75, 14.5], "texture": "#1"}
			}
		},
		{
			"from": [7.65, 0.75, 10.125],
			"to": [8.35, 1.25, 10.625],
			"faces": {
				"north": {"uv": [0, 14, 0.75, 14.5], "texture": "#1"},
				"east": {"uv": [0, 14, 0.75, 14.5], "texture": "#1"},
				"south": {"uv": [0, 14, 0.75, 14.5], "texture": "#1"},
				"west": {"uv": [0, 14, 0.75, 14.5], "texture": "#1"},
				"up": {"uv": [0, 14, 0.75, 14.5], "texture": "#1"},
				"down": {"uv": [0, 14, 0.75, 14.5], "texture": "#1"}
			}
		},
		{
			"from": [7.7, 3.5, 9.25],
			"to": [8.3, 3.75, 9.5],
			"faces": {
				"north": {"uv": [13.25, 0.25, 13.625, 0.625], "texture": "#1"},
				"east": {"uv": [13.25, 0.25, 13.625, 0.625], "texture": "#1"},
				"south": {"uv": [13.25, 0.25, 13.625, 0.625], "texture": "#1"},
				"west": {"uv": [13.25, 0.25, 13.625, 0.625], "texture": "#1"},
				"up": {"uv": [13.25, 0.25, 13.625, 0.625], "texture": "#1"},
				"down": {"uv": [13.25, 0.25, 13.625, 0.625], "texture": "#1"}
			}
		},
		{
			"from": [7.7, 3.25, 9.375],
			"to": [8.3, 3.5, 9.5],
			"faces": {
				"north": {"uv": [13.25, 0.25, 13.625, 0.625], "texture": "#1"},
				"east": {"uv": [13.25, 0.25, 13.625, 0.625], "texture": "#1"},
				"south": {"uv": [13.25, 0.25, 13.625, 0.625], "texture": "#1"},
				"west": {"uv": [13.25, 0.25, 13.625, 0.625], "texture": "#1"},
				"up": {"uv": [13.25, 0.25, 13.625, 0.625], "texture": "#1"},
				"down": {"uv": [13.25, 0.25, 13.625, 0.625], "texture": "#1"}
			}
		},
		{
			"from": [7.7, 2.75, 9.5],
			"to": [8.3, 3.25, 9.625],
			"faces": {
				"north": {"uv": [13.25, 0.25, 13.625, 0.625], "texture": "#1"},
				"east": {"uv": [13.25, 0.25, 13.625, 0.625], "texture": "#1"},
				"south": {"uv": [13.25, 0.25, 13.625, 0.625], "texture": "#1"},
				"west": {"uv": [13.25, 0.25, 13.625, 0.625], "texture": "#1"},
				"up": {"uv": [13.25, 0.25, 13.625, 0.625], "texture": "#1"},
				"down": {"uv": [13.25, 0.25, 13.625, 0.625], "texture": "#1"}
			}
		},
		{
			"from": [7.7, 2.25, 9.625],
			"to": [8.3, 2.75, 9.75],
			"faces": {
				"north": {"uv": [13.25, 0.25, 13.625, 0.625], "texture": "#1"},
				"east": {"uv": [13.25, 0.25, 13.625, 0.625], "texture": "#1"},
				"south": {"uv": [13.25, 0.25, 13.625, 0.625], "texture": "#1"},
				"west": {"uv": [13.25, 0.25, 13.625, 0.625], "texture": "#1"},
				"up": {"uv": [13.25, 0.25, 13.625, 0.625], "texture": "#1"},
				"down": {"uv": [13.25, 0.25, 13.625, 0.625], "texture": "#1"}
			}
		},
		{
			"from": [7.7, 1.75, 9.75],
			"to": [8.3, 2.25, 9.875],
			"faces": {
				"north": {"uv": [13.25, 0.25, 13.625, 0.625], "texture": "#1"},
				"east": {"uv": [13.25, 0.25, 13.625, 0.625], "texture": "#1"},
				"south": {"uv": [13.25, 0.25, 13.625, 0.625], "texture": "#1"},
				"west": {"uv": [13.25, 0.25, 13.625, 0.625], "texture": "#1"},
				"up": {"uv": [13.25, 0.25, 13.625, 0.625], "texture": "#1"},
				"down": {"uv": [13.25, 0.25, 13.625, 0.625], "texture": "#1"}
			}
		},
		{
			"from": [7.7, 1.25, 9.875],
			"to": [8.3, 1.75, 10],
			"faces": {
				"north": {"uv": [13.25, 0.25, 13.625, 0.625], "texture": "#1"},
				"east": {"uv": [13.25, 0.25, 13.625, 0.625], "texture": "#1"},
				"south": {"uv": [13.25, 0.25, 13.625, 0.625], "texture": "#1"},
				"west": {"uv": [13.25, 0.25, 13.625, 0.625], "texture": "#1"},
				"up": {"uv": [13.25, 0.25, 13.625, 0.625], "texture": "#1"},
				"down": {"uv": [13.25, 0.25, 13.625, 0.625], "texture": "#1"}
			}
		},
		{
			"from": [7.7, 0.75, 10],
			"to": [8.3, 1.25, 10.125],
			"faces": {
				"north": {"uv": [13.25, 0.25, 13.625, 0.625], "texture": "#1"},
				"east": {"uv": [13.25, 0.25, 13.625, 0.625], "texture": "#1"},
				"south": {"uv": [13.25, 0.25, 13.625, 0.625], "texture": "#1"},
				"west": {"uv": [13.25, 0.25, 13.625, 0.625], "texture": "#1"},
				"up": {"uv": [13.25, 0.25, 13.625, 0.625], "texture": "#1"},
				"down": {"uv": [13.25, 0.25, 13.625, 0.625], "texture": "#1"}
			}
		},
		{
			"from": [7.7, 0.9, 12.125],
			"to": [8.3, 1.4, 12.25],
			"faces": {
				"north": {"uv": [13.25, 0.25, 13.625, 0.625], "texture": "#1"},
				"east": {"uv": [13.25, 0.25, 13.625, 0.625], "texture": "#1"},
				"south": {"uv": [13.25, 0.25, 13.625, 0.625], "texture": "#1"},
				"west": {"uv": [13.25, 0.25, 13.625, 0.625], "texture": "#1"},
				"up": {"uv": [13.25, 0.25, 13.625, 0.625], "texture": "#1"},
				"down": {"uv": [13.25, 0.25, 13.625, 0.625], "texture": "#1"}
			}
		},
		{
			"from": [7.7, 1.9, 11.875],
			"to": [8.3, 2.4, 12],
			"faces": {
				"north": {"uv": [13.25, 0.25, 13.625, 0.625], "texture": "#1"},
				"east": {"uv": [13.25, 0.25, 13.625, 0.625], "texture": "#1"},
				"south": {"uv": [13.25, 0.25, 13.625, 0.625], "texture": "#1"},
				"west": {"uv": [13.25, 0.25, 13.625, 0.625], "texture": "#1"},
				"up": {"uv": [13.25, 0.25, 13.625, 0.625], "texture": "#1"},
				"down": {"uv": [13.25, 0.25, 13.625, 0.625], "texture": "#1"}
			}
		},
		{
			"from": [7.7, 1.4, 12],
			"to": [8.3, 1.9, 12.125],
			"faces": {
				"north": {"uv": [13.25, 0.25, 13.625, 0.625], "texture": "#1"},
				"east": {"uv": [13.25, 0.25, 13.625, 0.625], "texture": "#1"},
				"south": {"uv": [13.25, 0.25, 13.625, 0.625], "texture": "#1"},
				"west": {"uv": [13.25, 0.25, 13.625, 0.625], "texture": "#1"},
				"up": {"uv": [13.25, 0.25, 13.625, 0.625], "texture": "#1"},
				"down": {"uv": [13.25, 0.25, 13.625, 0.625], "texture": "#1"}
			}
		},
		{
			"from": [7.7, 3.9, 11.375],
			"to": [8.3, 4.4, 11.5],
			"faces": {
				"north": {"uv": [13.25, 0.25, 13.625, 0.625], "texture": "#1"},
				"east": {"uv": [13.25, 0.25, 13.625, 0.625], "texture": "#1"},
				"south": {"uv": [13.25, 0.25, 13.625, 0.625], "texture": "#1"},
				"west": {"uv": [13.25, 0.25, 13.625, 0.625], "texture": "#1"},
				"up": {"uv": [13.25, 0.25, 13.625, 0.625], "texture": "#1"},
				"down": {"uv": [13.25, 0.25, 13.625, 0.625], "texture": "#1"}
			}
		},
		{
			"from": [7.7, 4.275, 11.5],
			"to": [8.3, 4.4, 11.625],
			"faces": {
				"north": {"uv": [13.25, 0.25, 13.625, 0.625], "texture": "#1"},
				"east": {"uv": [13.25, 0.25, 13.625, 0.625], "texture": "#1"},
				"south": {"uv": [13.25, 0.25, 13.625, 0.625], "texture": "#1"},
				"west": {"uv": [13.25, 0.25, 13.625, 0.625], "texture": "#1"},
				"up": {"uv": [13.25, 0.25, 13.625, 0.625], "texture": "#1"},
				"down": {"uv": [13.25, 0.25, 13.625, 0.625], "texture": "#1"}
			}
		},
		{
			"from": [7.7, 4.525, 11.625],
			"to": [8.3, 4.65, 11.75],
			"faces": {
				"north": {"uv": [13.25, 0.25, 13.625, 0.625], "texture": "#1"},
				"east": {"uv": [13.25, 0.25, 13.625, 0.625], "texture": "#1"},
				"south": {"uv": [13.25, 0.25, 13.625, 0.625], "texture": "#1"},
				"west": {"uv": [13.25, 0.25, 13.625, 0.625], "texture": "#1"},
				"up": {"uv": [13.25, 0.25, 13.625, 0.625], "texture": "#1"},
				"down": {"uv": [13.25, 0.25, 13.625, 0.625], "texture": "#1"}
			}
		},
		{
			"from": [7.7, 4.4, 11.25],
			"to": [8.3, 4.65, 11.625],
			"faces": {
				"north": {"uv": [13.25, 0.25, 13.625, 0.625], "texture": "#1"},
				"east": {"uv": [13.25, 0.25, 13.625, 0.625], "texture": "#1"},
				"south": {"uv": [13.25, 0.25, 13.625, 0.625], "texture": "#1"},
				"west": {"uv": [13.25, 0.25, 13.625, 0.625], "texture": "#1"},
				"up": {"uv": [13.25, 0.25, 13.625, 0.625], "texture": "#1"},
				"down": {"uv": [13.25, 0.25, 13.625, 0.625], "texture": "#1"}
			}
		},
		{
			"from": [7.7, 3.4, 11.5],
			"to": [8.3, 3.9, 11.625],
			"faces": {
				"north": {"uv": [13.25, 0.25, 13.625, 0.625], "texture": "#1"},
				"east": {"uv": [13.25, 0.25, 13.625, 0.625], "texture": "#1"},
				"south": {"uv": [13.25, 0.25, 13.625, 0.625], "texture": "#1"},
				"west": {"uv": [13.25, 0.25, 13.625, 0.625], "texture": "#1"},
				"up": {"uv": [13.25, 0.25, 13.625, 0.625], "texture": "#1"},
				"down": {"uv": [13.25, 0.25, 13.625, 0.625], "texture": "#1"}
			}
		},
		{
			"from": [7.7, 4.65, 11.25],
			"to": [8.3, 4.775, 12],
			"faces": {
				"north": {"uv": [13.25, 0.25, 13.625, 0.625], "texture": "#1"},
				"east": {"uv": [13.25, 0.25, 13.625, 0.625], "texture": "#1"},
				"south": {"uv": [13.25, 0.25, 13.625, 0.625], "texture": "#1"},
				"west": {"uv": [13.25, 0.25, 13.625, 0.625], "texture": "#1"},
				"up": {"uv": [13.25, 0.25, 13.625, 0.625], "texture": "#1"},
				"down": {"uv": [13.25, 0.25, 13.625, 0.625], "texture": "#1"}
			}
		},
		{
			"from": [7.7, 4.775, 11.5],
			"to": [8.3, 4.9, 12],
			"faces": {
				"north": {"uv": [13.25, 0.25, 13.625, 0.625], "texture": "#1"},
				"east": {"uv": [13.25, 0.25, 13.625, 0.625], "texture": "#1"},
				"south": {"uv": [13.25, 0.25, 13.625, 0.625], "texture": "#1"},
				"west": {"uv": [13.25, 0.25, 13.625, 0.625], "texture": "#1"},
				"up": {"uv": [13.25, 0.25, 13.625, 0.625], "texture": "#1"},
				"down": {"uv": [13.25, 0.25, 13.625, 0.625], "texture": "#1"}
			}
		},
		{
			"from": [7.7, 4.9, 11.5],
			"to": [8.3, 5.025, 12],
			"faces": {
				"north": {"uv": [13.25, 0.25, 13.625, 0.625], "texture": "#1"},
				"east": {"uv": [13.25, 0.25, 13.625, 0.625], "texture": "#1"},
				"south": {"uv": [13.25, 0.25, 13.625, 0.625], "texture": "#1"},
				"west": {"uv": [13.25, 0.25, 13.625, 0.625], "texture": "#1"},
				"up": {"uv": [13.25, 0.25, 13.625, 0.625], "texture": "#1"},
				"down": {"uv": [13.25, 0.25, 13.625, 0.625], "texture": "#1"}
			}
		},
		{
			"from": [7.7, 5.025, 11.5],
			"to": [8.3, 5.15, 11.75],
			"faces": {
				"north": {"uv": [13.25, 0.25, 13.625, 0.625], "texture": "#1"},
				"east": {"uv": [13.25, 0.25, 13.625, 0.625], "texture": "#1"},
				"south": {"uv": [13.25, 0.25, 13.625, 0.625], "texture": "#1"},
				"west": {"uv": [13.25, 0.25, 13.625, 0.625], "texture": "#1"},
				"up": {"uv": [13.25, 0.25, 13.625, 0.625], "texture": "#1"},
				"down": {"uv": [13.25, 0.25, 13.625, 0.625], "texture": "#1"}
			}
		},
		{
			"from": [7.7, 5.15, 11.5],
			"to": [8.3, 5.275, 11.625],
			"faces": {
				"north": {"uv": [13.25, 0.25, 13.625, 0.625], "texture": "#1"},
				"east": {"uv": [13.25, 0.25, 13.625, 0.625], "texture": "#1"},
				"south": {"uv": [13.25, 0.25, 13.625, 0.625], "texture": "#1"},
				"west": {"uv": [13.25, 0.25, 13.625, 0.625], "texture": "#1"},
				"up": {"uv": [13.25, 0.25, 13.625, 0.625], "texture": "#1"},
				"down": {"uv": [13.25, 0.25, 13.625, 0.625], "texture": "#1"}
			}
		},
		{
			"from": [7.7, 2.9, 11.625],
			"to": [8.3, 3.4, 11.75],
			"faces": {
				"north": {"uv": [13.25, 0.25, 13.625, 0.625], "texture": "#1"},
				"east": {"uv": [13.25, 0.25, 13.625, 0.625], "texture": "#1"},
				"south": {"uv": [13.25, 0.25, 13.625, 0.625], "texture": "#1"},
				"west": {"uv": [13.25, 0.25, 13.625, 0.625], "texture": "#1"},
				"up": {"uv": [13.25, 0.25, 13.625, 0.625], "texture": "#1"},
				"down": {"uv": [13.25, 0.25, 13.625, 0.625], "texture": "#1"}
			}
		},
		{
			"from": [7.7, 4.75, 11.125],
			"to": [8.3, 5.4, 11.5],
			"faces": {
				"north": {"uv": [13.25, 0.25, 13.625, 0.625], "texture": "#1"},
				"east": {"uv": [13.25, 0.25, 13.625, 0.625], "texture": "#1"},
				"south": {"uv": [13.25, 0.25, 13.625, 0.625], "texture": "#1"},
				"west": {"uv": [13.25, 0.25, 13.625, 0.625], "texture": "#1"},
				"up": {"uv": [13.25, 0.25, 13.625, 0.625], "texture": "#1"},
				"down": {"uv": [13.25, 0.25, 13.625, 0.625], "texture": "#1"}
			}
		},
		{
			"from": [7.7, 2.4, 11.75],
			"to": [8.3, 2.9, 11.875],
			"faces": {
				"north": {"uv": [13.25, 0.25, 13.625, 0.625], "texture": "#1"},
				"east": {"uv": [13.25, 0.25, 13.625, 0.625], "texture": "#1"},
				"south": {"uv": [13.25, 0.25, 13.625, 0.625], "texture": "#1"},
				"west": {"uv": [13.25, 0.25, 13.625, 0.625], "texture": "#1"},
				"up": {"uv": [13.25, 0.25, 13.625, 0.625], "texture": "#1"},
				"down": {"uv": [13.25, 0.25, 13.625, 0.625], "texture": "#1"}
			}
		},
		{
			"from": [7.7, 3.625, 9],
			"to": [8.3, 4.375, 9.25],
			"faces": {
				"north": {"uv": [13.25, 0.25, 13.625, 0.625], "texture": "#1"},
				"east": {"uv": [13.25, 0.25, 13.625, 0.625], "texture": "#1"},
				"south": {"uv": [13.25, 0.25, 13.625, 0.625], "texture": "#1"},
				"west": {"uv": [13.25, 0.25, 13.625, 0.625], "texture": "#1"},
				"up": {"uv": [13.25, 0.25, 13.625, 0.625], "texture": "#1"},
				"down": {"uv": [13.25, 0.25, 13.625, 0.625], "texture": "#1"}
			}
		},
		{
			"from": [7.7, 3.75, 8.875],
			"to": [8.3, 4.15, 9],
			"faces": {
				"north": {"uv": [13.25, 0.25, 13.625, 0.625], "texture": "#1"},
				"east": {"uv": [13.25, 0.25, 13.625, 0.625], "texture": "#1"},
				"south": {"uv": [13.25, 0.25, 13.625, 0.625], "texture": "#1"},
				"west": {"uv": [13.25, 0.25, 13.625, 0.625], "texture": "#1"},
				"up": {"uv": [13.25, 0.25, 13.625, 0.625], "texture": "#1"},
				"down": {"uv": [13.25, 0.25, 13.625, 0.625], "texture": "#1"}
			}
		},
		{
			"from": [7.7, 3.75, 9.25],
			"to": [8.3, 4.25, 9.375],
			"faces": {
				"north": {"uv": [13.25, 0.25, 13.625, 0.625], "texture": "#1"},
				"east": {"uv": [13.25, 0.25, 13.625, 0.625], "texture": "#1"},
				"south": {"uv": [13.25, 0.25, 13.625, 0.625], "texture": "#1"},
				"west": {"uv": [13.25, 0.25, 13.625, 0.625], "texture": "#1"},
				"up": {"uv": [13.25, 0.25, 13.625, 0.625], "texture": "#1"},
				"down": {"uv": [13.25, 0.25, 13.625, 0.625], "texture": "#1"}
			}
		},
		{
			"from": [7.7, 4.375, 9.125],
			"to": [8.3, 4.75, 9.25],
			"faces": {
				"north": {"uv": [13.25, 0.25, 13.625, 0.625], "texture": "#1"},
				"east": {"uv": [13.25, 0.25, 13.625, 0.625], "texture": "#1"},
				"south": {"uv": [13.25, 0.25, 13.625, 0.625], "texture": "#1"},
				"west": {"uv": [13.25, 0.25, 13.625, 0.625], "texture": "#1"},
				"up": {"uv": [13.25, 0.25, 13.625, 0.625], "texture": "#1"},
				"down": {"uv": [13.25, 0.25, 13.625, 0.625], "texture": "#1"}
			}
		},
		{
			"from": [7.7, 4.625, 9],
			"to": [8.3, 4.75, 9.125],
			"faces": {
				"north": {"uv": [13.25, 0.25, 13.625, 0.625], "texture": "#1"},
				"east": {"uv": [13.25, 0.25, 13.625, 0.625], "texture": "#1"},
				"south": {"uv": [13.25, 0.25, 13.625, 0.625], "texture": "#1"},
				"west": {"uv": [13.25, 0.25, 13.625, 0.625], "texture": "#1"},
				"up": {"uv": [13.25, 0.25, 13.625, 0.625], "texture": "#1"},
				"down": {"uv": [13.25, 0.25, 13.625, 0.625], "texture": "#1"}
			}
		},
		{
			"from": [7.9, 3.75, 7.75],
			"to": [8.1, 3.875, 8.875],
			"faces": {
				"north": {"uv": [13.25, 10.25, 13.625, 10.625], "texture": "#1"},
				"east": {"uv": [13.25, 10.25, 13.625, 10.625], "texture": "#1"},
				"south": {"uv": [13.25, 10.25, 13.625, 10.625], "texture": "#1"},
				"west": {"uv": [13.25, 10.25, 13.625, 10.625], "texture": "#1"},
				"up": {"uv": [13.25, 10.25, 13.625, 10.625], "texture": "#1"},
				"down": {"uv": [13.25, 10.25, 13.625, 10.625], "texture": "#1"}
			}
		},
		{
			"from": [7.85, 0.75, 12.5],
			"to": [8.15, 1.05, 13.375],
			"rotation": {"angle": -22.5, "axis": "x", "origin": [0, 0, 0]},
			"faces": {
				"north": {"uv": [4.375, 2, 4.75, 3.875], "texture": "#1"},
				"east": {"uv": [4.375, 2, 4.75, 3.875], "texture": "#1"},
				"south": {"uv": [4.375, 2, 4.75, 3.875], "texture": "#1"},
				"west": {"uv": [4.375, 2, 4.75, 3.875], "texture": "#1"},
				"up": {"uv": [4.375, 2, 4.75, 3.875], "texture": "#1"},
				"down": {"uv": [4.375, 2, 4.75, 3.875], "texture": "#1"}
			}
		},
		{
			"from": [7.95, 3.875, 8.25],
			"to": [8.05, 4, 8.875],
			"faces": {
				"north": {"uv": [13.25, 10.25, 13.625, 10.625], "texture": "#1"},
				"east": {"uv": [13.25, 10.25, 13.625, 10.625], "texture": "#1"},
				"south": {"uv": [13.25, 10.25, 13.625, 10.625], "texture": "#1"},
				"west": {"uv": [13.25, 10.25, 13.625, 10.625], "texture": "#1"},
				"up": {"uv": [13.25, 10.25, 13.625, 10.625], "texture": "#1"},
				"down": {"uv": [13.25, 10.25, 13.625, 10.625], "texture": "#1"}
			}
		},
		{
			"from": [7.95, 4, 8.475],
			"to": [8.05, 4.125, 8.875],
			"faces": {
				"north": {"uv": [13.25, 10.25, 13.625, 10.625], "texture": "#1"},
				"east": {"uv": [13.25, 10.25, 13.625, 10.625], "texture": "#1"},
				"south": {"uv": [13.25, 10.25, 13.625, 10.625], "texture": "#1"},
				"west": {"uv": [13.25, 10.25, 13.625, 10.625], "texture": "#1"},
				"up": {"uv": [13.25, 10.25, 13.625, 10.625], "texture": "#1"},
				"down": {"uv": [13.25, 10.25, 13.625, 10.625], "texture": "#1"}
			}
		},
		{
			"from": [7.95, 4.625, 8.475],
			"to": [8.05, 4.75, 8.6],
			"faces": {
				"north": {"uv": [13.25, 10.25, 13.625, 10.625], "texture": "#1"},
				"east": {"uv": [13.25, 10.25, 13.625, 10.625], "texture": "#1"},
				"south": {"uv": [13.25, 10.25, 13.625, 10.625], "texture": "#1"},
				"west": {"uv": [13.25, 10.25, 13.625, 10.625], "texture": "#1"},
				"up": {"uv": [13.25, 10.25, 13.625, 10.625], "texture": "#1"},
				"down": {"uv": [13.25, 10.25, 13.625, 10.625], "texture": "#1"}
			}
		},
		{
			"from": [7.95, 4.375, 9],
			"to": [8.05, 4.625, 9.125],
			"faces": {
				"north": {"uv": [13.25, 10.25, 13.625, 10.625], "texture": "#1"},
				"east": {"uv": [13.25, 10.25, 13.625, 10.625], "texture": "#1"},
				"south": {"uv": [13.25, 10.25, 13.625, 10.625], "texture": "#1"},
				"west": {"uv": [13.25, 10.25, 13.625, 10.625], "texture": "#1"},
				"up": {"uv": [13.25, 10.25, 13.625, 10.625], "texture": "#1"},
				"down": {"uv": [13.25, 10.25, 13.625, 10.625], "texture": "#1"}
			}
		},
		{
			"from": [7.95, 4.125, 8.6],
			"to": [8.05, 4.75, 9],
			"faces": {
				"north": {"uv": [13.25, 10.25, 13.625, 10.625], "texture": "#1"},
				"east": {"uv": [13.25, 10.25, 13.625, 10.625], "texture": "#1"},
				"south": {"uv": [13.25, 10.25, 13.625, 10.625], "texture": "#1"},
				"west": {"uv": [13.25, 10.25, 13.625, 10.625], "texture": "#1"},
				"up": {"uv": [13.25, 10.25, 13.625, 10.625], "texture": "#1"},
				"down": {"uv": [13.25, 10.25, 13.625, 10.625], "texture": "#1"}
			}
		},
		{
			"from": [7.9, 3.875, 7.6875],
			"to": [8.1, 4.4675, 7.8125],
			"faces": {
				"north": {"uv": [13.25, 10.25, 13.625, 10.625], "texture": "#1"},
				"east": {"uv": [13.25, 10.25, 13.625, 10.625], "texture": "#1"},
				"south": {"uv": [13.25, 10.25, 13.625, 10.625], "texture": "#1"},
				"west": {"uv": [13.25, 10.25, 13.625, 10.625], "texture": "#1"},
				"up": {"uv": [13.25, 10.25, 13.625, 10.625], "texture": "#1"},
				"down": {"uv": [13.25, 10.25, 13.625, 10.625], "texture": "#1"}
			}
		},
		{
			"from": [7.9, 4.545, 7.55],
			"to": [8.1, 4.625, 7.95],
			"faces": {
				"north": {"uv": [13.25, 10.25, 13.625, 10.625], "texture": "#1"},
				"east": {"uv": [13.25, 10.25, 13.625, 10.625], "texture": "#1"},
				"south": {"uv": [13.25, 10.25, 13.625, 10.625], "texture": "#1"},
				"west": {"uv": [13.25, 10.25, 13.625, 10.625], "texture": "#1"},
				"up": {"uv": [13.25, 10.25, 13.625, 10.625], "texture": "#1"},
				"down": {"uv": [13.25, 10.25, 13.625, 10.625], "texture": "#1"}
			}
		},
		{
			"from": [7.9, 4.465, 7.65],
			"to": [8.1, 4.545, 7.85],
			"faces": {
				"north": {"uv": [13.25, 10.25, 13.625, 10.625], "texture": "#1"},
				"east": {"uv": [13.25, 10.25, 13.625, 10.625], "texture": "#1"},
				"south": {"uv": [13.25, 10.25, 13.625, 10.625], "texture": "#1"},
				"west": {"uv": [13.25, 10.25, 13.625, 10.625], "texture": "#1"},
				"up": {"uv": [13.25, 10.25, 13.625, 10.625], "texture": "#1"},
				"down": {"uv": [13.25, 10.25, 13.625, 10.625], "texture": "#1"}
			}
		},
		{
			"from": [7.9, 4.625, 7.5],
			"to": [8.1, 4.75, 8],
			"faces": {
				"north": {"uv": [13.25, 10.25, 13.625, 10.625], "texture": "#1"},
				"east": {"uv": [13.25, 10.25, 13.625, 10.625], "texture": "#1"},
				"south": {"uv": [13.25, 10.25, 13.625, 10.625], "texture": "#1"},
				"west": {"uv": [13.25, 10.25, 13.625, 10.625], "texture": "#1"},
				"up": {"uv": [13.25, 10.25, 13.625, 10.625], "texture": "#1"},
				"down": {"uv": [13.25, 10.25, 13.625, 10.625], "texture": "#1"}
			}
		},
		{
			"from": [7.7, 4.875, 7.25],
			"to": [8.3, 5, 7.5],
			"faces": {
				"north": {"uv": [3.25, 0.25, 3.625, 0.625], "texture": "#1"},
				"east": {"uv": [3.25, 0.25, 3.625, 0.625], "texture": "#1"},
				"south": {"uv": [3.25, 0.25, 3.625, 0.625], "texture": "#1"},
				"west": {"uv": [3.25, 0.25, 3.625, 0.625], "texture": "#1"},
				"up": {"uv": [3.25, 0.25, 3.625, 0.625], "texture": "#1"},
				"down": {"uv": [3.25, 0.25, 3.625, 0.625], "texture": "#1"}
			}
		},
		{
			"from": [7.7, 4.75, 7.5],
			"to": [8.3, 5.4, 9.125],
			"faces": {
				"north": {"uv": [13.25, 0.25, 13.625, 0.625], "texture": "#1"},
				"east": {"uv": [13.25, 0.25, 13.625, 0.625], "texture": "#1"},
				"south": {"uv": [13.25, 0.25, 13.625, 0.625], "texture": "#1"},
				"west": {"uv": [13.25, 0.25, 13.625, 0.625], "texture": "#1"},
				"up": {"uv": [13.25, 0.25, 13.625, 0.625], "texture": "#1"},
				"down": {"uv": [13.25, 0.25, 13.625, 0.625], "texture": "#1"}
			}
		},
		{
			"from": [7.7, 5, 5.125],
			"to": [8.3, 5.4, 7.5],
			"faces": {
				"north": {"uv": [13.25, 0.25, 13.625, 0.625], "texture": "#1"},
				"east": {"uv": [13.25, 0.25, 13.625, 0.625], "texture": "#1"},
				"south": {"uv": [13.25, 0.25, 13.625, 0.625], "texture": "#1"},
				"west": {"uv": [13.25, 0.25, 13.625, 0.625], "texture": "#1"},
				"up": {"uv": [13.25, 0.25, 13.625, 0.625], "texture": "#1"},
				"down": {"uv": [13.25, 0.25, 13.625, 0.625], "texture": "#1"}
			}
		},
		{
			"from": [7.6, 5.4, 5.125],
			"to": [8.4, 5.8, 11.5],
			"faces": {
				"north": {"uv": [5.25, 4.25, 5.625, 4.625], "texture": "#1"},
				"east": {"uv": [5.25, 4.25, 5.625, 4.625], "texture": "#1"},
				"south": {"uv": [5.25, 4.25, 5.625, 4.625], "texture": "#1"},
				"west": {"uv": [5.25, 4.25, 5.625, 4.625], "texture": "#1"},
				"up": {"uv": [5.25, 4.25, 5.625, 4.625], "texture": "#1"},
				"down": {"uv": [5.25, 4.25, 5.625, 4.625], "texture": "#1"}
			}
		},
		{
			"from": [7.6, 5.8, 5.125],
			"to": [8.4, 6.05, 7.75],
			"faces": {
				"north": {"uv": [6.25, 4.25, 6.625, 4.625], "texture": "#1"},
				"east": {"uv": [6.25, 4.25, 6.625, 4.625], "texture": "#1"},
				"south": {"uv": [6.25, 4.25, 6.625, 4.625], "texture": "#1"},
				"west": {"uv": [6.25, 4.25, 6.625, 4.625], "texture": "#1"},
				"up": {"uv": [6.25, 4.25, 6.625, 4.625], "texture": "#1"},
				"down": {"uv": [6.25, 4.25, 6.625, 4.625], "texture": "#1"}
			}
		},
		{
			"from": [7.6, 5.8, 9],
			"to": [8.4, 6.05, 11.5],
			"faces": {
				"north": {"uv": [13.25, 9.25, 13.625, 9.625], "texture": "#1"},
				"east": {"uv": [13.25, 9.25, 13.625, 9.625], "texture": "#1"},
				"south": {"uv": [13.25, 9.25, 13.625, 9.625], "texture": "#1"},
				"west": {"uv": [13.25, 9.25, 13.625, 9.625], "texture": "#1"},
				"up": {"uv": [13.25, 9.25, 13.625, 9.625], "texture": "#1"},
				"down": {"uv": [13.25, 9.25, 13.625, 9.625], "texture": "#1"}
			}
		},
		{
			"from": [7.7, 5.8, 7.75],
			"to": [8.3, 6.05, 9],
			"faces": {
				"north": {"uv": [7.25, 14.25, 7.625, 14.625], "texture": "#1"},
				"east": {"uv": [7.25, 14.25, 7.625, 14.625], "texture": "#1"},
				"south": {"uv": [7.25, 14.25, 7.625, 14.625], "texture": "#1"},
				"west": {"uv": [7.25, 14.25, 7.625, 14.625], "texture": "#1"},
				"up": {"uv": [7.25, 14.25, 7.625, 14.625], "texture": "#1"},
				"down": {"uv": [7.25, 14.25, 7.625, 14.625], "texture": "#1"}
			}
		},
		{
			"from": [7.6, 5.45, 3.75],
			"to": [8.4, 6.05, 5.125],
			"faces": {
				"north": {"uv": [5.25, 4.25, 6.625, 4.625], "rotation": 270, "texture": "#1"},
				"east": {"uv": [5.25, 4.25, 6.625, 4.625], "rotation": 270, "texture": "#1"},
				"south": {"uv": [5.25, 4.25, 6.625, 4.625], "rotation": 270, "texture": "#1"},
				"west": {"uv": [5.25, 4.25, 6.625, 4.625], "rotation": 270, "texture": "#1"},
				"up": {"uv": [5.25, 4.25, 6.625, 4.625], "rotation": 270, "texture": "#1"},
				"down": {"uv": [5.25, 4.25, 6.625, 4.625], "rotation": 270, "texture": "#1"}
			}
		},
		{
			"from": [7.8, 6.05, -0.05],
			"to": [8.2, 6.25, 2.9],
			"faces": {
				"north": {"uv": [6.25, 2.25, 6.75, 2.625], "texture": "#1"},
				"east": {"uv": [6.25, 2.25, 6.75, 2.625], "texture": "#1"},
				"south": {"uv": [6.25, 2.25, 6.75, 2.625], "texture": "#1"},
				"west": {"uv": [6.25, 2.25, 6.75, 2.625], "texture": "#1"},
				"up": {"uv": [6.25, 2.25, 6.75, 2.625], "texture": "#1"},
				"down": {"uv": [6.25, 2.25, 6.75, 2.625], "texture": "#1"}
			}
		},
		{
			"from": [7.8, 5.45, -0.05],
			"to": [8.2, 5.65, 2.9],
			"faces": {
				"north": {"uv": [6.25, 2.25, 6.75, 2.625], "texture": "#1"},
				"east": {"uv": [6.25, 2.25, 6.75, 2.625], "texture": "#1"},
				"south": {"uv": [6.25, 2.25, 6.75, 2.625], "texture": "#1"},
				"west": {"uv": [6.25, 2.25, 6.75, 2.625], "texture": "#1"},
				"up": {"uv": [6.25, 2.25, 6.75, 2.625], "texture": "#1"},
				"down": {"uv": [6.25, 2.25, 6.75, 2.625], "texture": "#1"}
			}
		},
		{
			"from": [8.2, 6.05, -0.05],
			"to": [8.35, 6.2, 2.9],
			"faces": {
				"north": {"uv": [6.25, 2.25, 6.75, 2.625], "texture": "#1"},
				"east": {"uv": [6.25, 2.25, 6.75, 2.625], "texture": "#1"},
				"south": {"uv": [6.25, 2.25, 6.75, 2.625], "texture": "#1"},
				"west": {"uv": [6.25, 2.25, 6.75, 2.625], "texture": "#1"},
				"up": {"uv": [6.25, 2.25, 6.75, 2.625], "texture": "#1"},
				"down": {"uv": [6.25, 2.25, 6.75, 2.625], "texture": "#1"}
			}
		},
		{
			"from": [7.8, 6, -0.05],
			"to": [7.85, 6.05, 2.9],
			"faces": {
				"north": {"uv": [6, 2, 7, 2.875], "texture": "#1"},
				"east": {"uv": [6, 2, 7, 2.875], "texture": "#1"},
				"south": {"uv": [6, 2, 7, 2.875], "texture": "#1"},
				"west": {"uv": [6, 2, 7, 2.875], "texture": "#1"},
				"up": {"uv": [6, 2, 7, 2.875], "texture": "#1"},
				"down": {"uv": [6, 2, 7, 2.875], "texture": "#1"}
			}
		},
		{
			"from": [8.15, 6, -0.05],
			"to": [8.2, 6.05, 2.9],
			"faces": {
				"north": {"uv": [6, 2, 7, 2.875], "texture": "#1"},
				"east": {"uv": [6, 2, 7, 2.875], "texture": "#1"},
				"south": {"uv": [6, 2, 7, 2.875], "texture": "#1"},
				"west": {"uv": [6, 2, 7, 2.875], "texture": "#1"},
				"up": {"uv": [6, 2, 7, 2.875], "texture": "#1"},
				"down": {"uv": [6, 2, 7, 2.875], "texture": "#1"}
			}
		},
		{
			"from": [8.15, 5.65, -0.05],
			"to": [8.2, 5.7, 2.9],
			"faces": {
				"north": {"uv": [6, 2, 7, 2.875], "texture": "#1"},
				"east": {"uv": [6, 2, 7, 2.875], "texture": "#1"},
				"south": {"uv": [6, 2, 7, 2.875], "texture": "#1"},
				"west": {"uv": [6, 2, 7, 2.875], "texture": "#1"},
				"up": {"uv": [6, 2, 7, 2.875], "texture": "#1"},
				"down": {"uv": [6, 2, 7, 2.875], "texture": "#1"}
			}
		},
		{
			"from": [7.8, 5.65, -0.05],
			"to": [7.85, 5.7, 2.9],
			"faces": {
				"north": {"uv": [6, 2, 7, 2.875], "texture": "#1"},
				"east": {"uv": [6, 2, 7, 2.875], "texture": "#1"},
				"south": {"uv": [6, 2, 7, 2.875], "texture": "#1"},
				"west": {"uv": [6, 2, 7, 2.875], "texture": "#1"},
				"up": {"uv": [6, 2, 7, 2.875], "texture": "#1"},
				"down": {"uv": [6, 2, 7, 2.875], "texture": "#1"}
			}
		},
		{
			"from": [8.2, 5.5, -0.05],
			"to": [8.35, 5.65, 2.9],
			"faces": {
				"north": {"uv": [6.25, 2.25, 6.75, 2.625], "texture": "#1"},
				"east": {"uv": [6.25, 2.25, 6.75, 2.625], "texture": "#1"},
				"south": {"uv": [6.25, 2.25, 6.75, 2.625], "texture": "#1"},
				"west": {"uv": [6.25, 2.25, 6.75, 2.625], "texture": "#1"},
				"up": {"uv": [6.25, 2.25, 6.75, 2.625], "texture": "#1"},
				"down": {"uv": [6.25, 2.25, 6.75, 2.625], "texture": "#1"}
			}
		},
		{
			"from": [7.65, 5.5, -0.05],
			"to": [7.8, 5.65, 2.9],
			"faces": {
				"north": {"uv": [6.25, 2.25, 6.75, 2.625], "texture": "#1"},
				"east": {"uv": [6.25, 2.25, 6.75, 2.625], "texture": "#1"},
				"south": {"uv": [6.25, 2.25, 6.75, 2.625], "texture": "#1"},
				"west": {"uv": [6.25, 2.25, 6.75, 2.625], "texture": "#1"},
				"up": {"uv": [6.25, 2.25, 6.75, 2.625], "texture": "#1"},
				"down": {"uv": [6.25, 2.25, 6.75, 2.625], "texture": "#1"}
			}
		},
		{
			"from": [7.65, 6.05, -0.05],
			"to": [7.8, 6.2, 2.9],
			"faces": {
				"north": {"uv": [6.25, 2.25, 6.75, 2.625], "texture": "#1"},
				"east": {"uv": [6.25, 2.25, 6.75, 2.625], "texture": "#1"},
				"south": {"uv": [6.25, 2.25, 6.75, 2.625], "texture": "#1"},
				"west": {"uv": [6.25, 2.25, 6.75, 2.625], "texture": "#1"},
				"up": {"uv": [6.25, 2.25, 6.75, 2.625], "texture": "#1"},
				"down": {"uv": [6.25, 2.25, 6.75, 2.625], "texture": "#1"}
			}
		},
		{
			"from": [7.6, 5.65, -0.05],
			"to": [7.8, 6.05, 2.9],
			"faces": {
				"north": {"uv": [6.25, 2.25, 6.75, 2.625], "texture": "#1"},
				"east": {"uv": [6.25, 2.25, 6.75, 2.625], "texture": "#1"},
				"south": {"uv": [6.25, 2.25, 6.75, 2.625], "texture": "#1"},
				"west": {"uv": [6.25, 2.25, 6.75, 2.625], "texture": "#1"},
				"up": {"uv": [6.25, 2.25, 6.75, 2.625], "texture": "#1"},
				"down": {"uv": [6.25, 2.25, 6.75, 2.625], "texture": "#1"}
			}
		},
		{
			"from": [8.2, 5.65, -0.05],
			"to": [8.4, 6.05, 2.9],
			"faces": {
				"north": {"uv": [6.25, 2.25, 6.75, 2.625], "texture": "#1"},
				"east": {"uv": [6.25, 2.25, 6.75, 2.625], "texture": "#1"},
				"south": {"uv": [6.25, 2.25, 6.75, 2.625], "texture": "#1"},
				"west": {"uv": [6.25, 2.25, 6.75, 2.625], "texture": "#1"},
				"up": {"uv": [6.25, 2.25, 6.75, 2.625], "texture": "#1"},
				"down": {"uv": [6.25, 2.25, 6.75, 2.625], "texture": "#1"}
			}
		},
		{
			"from": [8.2, 5.65, 2.95],
			"to": [8.4, 6.05, 3.75],
			"faces": {
				"north": {"uv": [6.25, 2.25, 6.75, 2.625], "texture": "#1"},
				"east": {"uv": [6.25, 2.25, 6.75, 2.625], "texture": "#1"},
				"south": {"uv": [6.25, 2.25, 6.75, 2.625], "texture": "#1"},
				"west": {"uv": [6.25, 2.25, 6.75, 2.625], "texture": "#1"},
				"up": {"uv": [6.25, 2.25, 6.75, 2.625], "texture": "#1"},
				"down": {"uv": [6.25, 2.25, 6.75, 2.625], "texture": "#1"}
			}
		},
		{
			"from": [8.2, 6.05, 2.95],
			"to": [8.35, 6.2, 3.75],
			"faces": {
				"north": {"uv": [6.25, 2.25, 6.75, 2.625], "texture": "#1"},
				"east": {"uv": [6.25, 2.25, 6.75, 2.625], "texture": "#1"},
				"south": {"uv": [6.25, 2.25, 6.75, 2.625], "texture": "#1"},
				"west": {"uv": [6.25, 2.25, 6.75, 2.625], "texture": "#1"},
				"up": {"uv": [6.25, 2.25, 6.75, 2.625], "texture": "#1"},
				"down": {"uv": [6.25, 2.25, 6.75, 2.625], "texture": "#1"}
			}
		},
		{
			"from": [7.8, 6.05, 2.95],
			"to": [8.2, 6.25, 3.75],
			"faces": {
				"north": {"uv": [6.25, 2.25, 6.75, 2.625], "texture": "#1"},
				"east": {"uv": [6.25, 2.25, 6.75, 2.625], "texture": "#1"},
				"south": {"uv": [6.25, 2.25, 6.75, 2.625], "texture": "#1"},
				"west": {"uv": [6.25, 2.25, 6.75, 2.625], "texture": "#1"},
				"up": {"uv": [6.25, 2.25, 6.75, 2.625], "texture": "#1"},
				"down": {"uv": [6.25, 2.25, 6.75, 2.625], "texture": "#1"}
			}
		},
		{
			"from": [8.2, 5.5, 2.95],
			"to": [8.35, 5.65, 3.75],
			"faces": {
				"north": {"uv": [6.25, 2.25, 6.75, 2.625], "texture": "#1"},
				"east": {"uv": [6.25, 2.25, 6.75, 2.625], "texture": "#1"},
				"south": {"uv": [6.25, 2.25, 6.75, 2.625], "texture": "#1"},
				"west": {"uv": [6.25, 2.25, 6.75, 2.625], "texture": "#1"},
				"up": {"uv": [6.25, 2.25, 6.75, 2.625], "texture": "#1"},
				"down": {"uv": [6.25, 2.25, 6.75, 2.625], "texture": "#1"}
			}
		},
		{
			"from": [7.8, 5.45, 2.95],
			"to": [8.2, 5.65, 3.75],
			"faces": {
				"north": {"uv": [6.25, 2.25, 6.75, 2.625], "texture": "#1"},
				"east": {"uv": [6.25, 2.25, 6.75, 2.625], "texture": "#1"},
				"south": {"uv": [6.25, 2.25, 6.75, 2.625], "texture": "#1"},
				"west": {"uv": [6.25, 2.25, 6.75, 2.625], "texture": "#1"},
				"up": {"uv": [6.25, 2.25, 6.75, 2.625], "texture": "#1"},
				"down": {"uv": [6.25, 2.25, 6.75, 2.625], "texture": "#1"}
			}
		},
		{
			"from": [7.65, 5.5, 2.95],
			"to": [7.8, 5.65, 3.75],
			"faces": {
				"north": {"uv": [6.25, 2.25, 6.75, 2.625], "texture": "#1"},
				"east": {"uv": [6.25, 2.25, 6.75, 2.625], "texture": "#1"},
				"south": {"uv": [6.25, 2.25, 6.75, 2.625], "texture": "#1"},
				"west": {"uv": [6.25, 2.25, 6.75, 2.625], "texture": "#1"},
				"up": {"uv": [6.25, 2.25, 6.75, 2.625], "texture": "#1"},
				"down": {"uv": [6.25, 2.25, 6.75, 2.625], "texture": "#1"}
			}
		},
		{
			"from": [7.6, 5.65, 2.95],
			"to": [7.8, 6.05, 3.75],
			"faces": {
				"north": {"uv": [6.25, 2.25, 6.75, 2.625], "texture": "#1"},
				"east": {"uv": [6.25, 2.25, 6.75, 2.625], "texture": "#1"},
				"south": {"uv": [6.25, 2.25, 6.75, 2.625], "texture": "#1"},
				"west": {"uv": [6.25, 2.25, 6.75, 2.625], "texture": "#1"},
				"up": {"uv": [6.25, 2.25, 6.75, 2.625], "texture": "#1"},
				"down": {"uv": [6.25, 2.25, 6.75, 2.625], "texture": "#1"}
			}
		},
		{
			"from": [7.65, 6.05, 2.95],
			"to": [7.8, 6.2, 3.75],
			"faces": {
				"north": {"uv": [6.25, 2.25, 6.75, 2.625], "texture": "#1"},
				"east": {"uv": [6.25, 2.25, 6.75, 2.625], "texture": "#1"},
				"south": {"uv": [6.25, 2.25, 6.75, 2.625], "texture": "#1"},
				"west": {"uv": [6.25, 2.25, 6.75, 2.625], "texture": "#1"},
				"up": {"uv": [6.25, 2.25, 6.75, 2.625], "texture": "#1"},
				"down": {"uv": [6.25, 2.25, 6.75, 2.625], "texture": "#1"}
			}
		},
		{
			"from": [7.8, 5.65, 0],
			"to": [8.2, 6.05, 3.05],
			"faces": {
				"north": {"uv": [3, 3, 13, 13], "texture": "#2"},
				"east": {"uv": [6.25, 2.25, 6.75, 2.625], "texture": "#1"},
				"south": {"uv": [6.25, 2.25, 6.75, 2.625], "texture": "#1"},
				"west": {"uv": [6.25, 2.25, 6.75, 2.625], "texture": "#1"},
				"up": {"uv": [6.25, 2.25, 6.75, 2.625], "texture": "#1"},
				"down": {"uv": [6.25, 2.25, 6.75, 2.625], "texture": "#1"}
			}
		},
		{
			"from": [7.7, 5.55, 2.75],
			"to": [8.3, 6.15, 3.05],
			"faces": {
				"north": {"uv": [6.25, 2.25, 6.75, 2.625], "texture": "#1"},
				"east": {"uv": [6.25, 2.25, 6.75, 2.625], "texture": "#1"},
				"south": {"uv": [6.25, 2.25, 6.75, 2.625], "texture": "#1"},
				"west": {"uv": [6.25, 2.25, 6.75, 2.625], "texture": "#1"},
				"up": {"uv": [6.25, 2.25, 6.75, 2.625], "texture": "#1"},
				"down": {"uv": [6.25, 2.25, 6.75, 2.625], "texture": "#1"}
			}
		},
		{
			"from": [7.8, 6.15, 2.75],
			"to": [8.2, 6.2, 3.05],
			"faces": {
				"north": {"uv": [6.25, 2.25, 6.75, 2.625], "texture": "#1"},
				"east": {"uv": [6.25, 2.25, 6.75, 2.625], "texture": "#1"},
				"south": {"uv": [6.25, 2.25, 6.75, 2.625], "texture": "#1"},
				"west": {"uv": [6.25, 2.25, 6.75, 2.625], "texture": "#1"},
				"up": {"uv": [6.25, 2.25, 6.75, 2.625], "texture": "#1"},
				"down": {"uv": [6.25, 2.25, 6.75, 2.625], "texture": "#1"}
			}
		},
		{
			"from": [7.8, 5.5, 2.75],
			"to": [8.2, 5.55, 3.05],
			"faces": {
				"north": {"uv": [6.25, 2.25, 6.75, 2.625], "texture": "#1"},
				"east": {"uv": [6.25, 2.25, 6.75, 2.625], "texture": "#1"},
				"south": {"uv": [6.25, 2.25, 6.75, 2.625], "texture": "#1"},
				"west": {"uv": [6.25, 2.25, 6.75, 2.625], "texture": "#1"},
				"up": {"uv": [6.25, 2.25, 6.75, 2.625], "texture": "#1"},
				"down": {"uv": [6.25, 2.25, 6.75, 2.625], "texture": "#1"}
			}
		},
		{
			"from": [7.65, 5.65, 2.75],
			"to": [7.7, 6.05, 3.05],
			"faces": {
				"north": {"uv": [6.25, 2.25, 6.75, 2.625], "texture": "#1"},
				"east": {"uv": [6.25, 2.25, 6.75, 2.625], "texture": "#1"},
				"south": {"uv": [6.25, 2.25, 6.75, 2.625], "texture": "#1"},
				"west": {"uv": [6.25, 2.25, 6.75, 2.625], "texture": "#1"},
				"up": {"uv": [6.25, 2.25, 6.75, 2.625], "texture": "#1"},
				"down": {"uv": [6.25, 2.25, 6.75, 2.625], "texture": "#1"}
			}
		},
		{
			"from": [8.3, 5.65, 2.75],
			"to": [8.35, 6.05, 3.05],
			"faces": {
				"north": {"uv": [6.25, 2.25, 6.75, 2.625], "texture": "#1"},
				"east": {"uv": [6.25, 2.25, 6.75, 2.625], "texture": "#1"},
				"south": {"uv": [6.25, 2.25, 6.75, 2.625], "texture": "#1"},
				"west": {"uv": [6.25, 2.25, 6.75, 2.625], "texture": "#1"},
				"up": {"uv": [6.25, 2.25, 6.75, 2.625], "texture": "#1"},
				"down": {"uv": [6.25, 2.25, 6.75, 2.625], "texture": "#1"}
			}
		},
		{
			"from": [7.875, 5.125, 3.7],
			"to": [8.125, 5.375, 3.75],
			"faces": {
				"north": {"uv": [1.25, 6.25, 1.625, 6.625], "texture": "#1"},
				"east": {"uv": [1.25, 6.25, 1.625, 6.625], "texture": "#1"},
				"south": {"uv": [1.25, 6.25, 1.625, 6.625], "texture": "#1"},
				"west": {"uv": [1.25, 6.25, 1.625, 6.625], "texture": "#1"},
				"up": {"uv": [1.25, 6.25, 1.625, 6.625], "texture": "#1"},
				"down": {"uv": [1.25, 6.25, 1.625, 6.625], "texture": "#1"}
			}
		},
		{
			"from": [8.125, 5.175, 3.7],
			"to": [8.15, 5.325, 3.75],
			"faces": {
				"north": {"uv": [1.25, 6.25, 1.625, 6.625], "texture": "#1"},
				"east": {"uv": [1.25, 6.25, 1.625, 6.625], "texture": "#1"},
				"south": {"uv": [1.25, 6.25, 1.625, 6.625], "texture": "#1"},
				"west": {"uv": [1.25, 6.25, 1.625, 6.625], "texture": "#1"},
				"up": {"uv": [1.25, 6.25, 1.625, 6.625], "texture": "#1"},
				"down": {"uv": [1.25, 6.25, 1.625, 6.625], "texture": "#1"}
			}
		},
		{
			"from": [7.85, 5.175, 3.7],
			"to": [7.875, 5.325, 3.75],
			"faces": {
				"north": {"uv": [1.25, 6.25, 1.625, 6.625], "texture": "#1"},
				"east": {"uv": [1.25, 6.25, 1.625, 6.625], "texture": "#1"},
				"south": {"uv": [1.25, 6.25, 1.625, 6.625], "texture": "#1"},
				"west": {"uv": [1.25, 6.25, 1.625, 6.625], "texture": "#1"},
				"up": {"uv": [1.25, 6.25, 1.625, 6.625], "texture": "#1"},
				"down": {"uv": [1.25, 6.25, 1.625, 6.625], "texture": "#1"}
			}
		},
		{
			"from": [7.925, 5.375, 3.7],
			"to": [8.075, 5.4, 3.75],
			"faces": {
				"north": {"uv": [1.25, 6.25, 1.625, 6.625], "texture": "#1"},
				"east": {"uv": [1.25, 6.25, 1.625, 6.625], "texture": "#1"},
				"south": {"uv": [1.25, 6.25, 1.625, 6.625], "texture": "#1"},
				"west": {"uv": [1.25, 6.25, 1.625, 6.625], "texture": "#1"},
				"up": {"uv": [1.25, 6.25, 1.625, 6.625], "texture": "#1"},
				"down": {"uv": [1.25, 6.25, 1.625, 6.625], "texture": "#1"}
			}
		},
		{
			"from": [7.925, 5.1, 3.7],
			"to": [8.075, 5.125, 3.75],
			"faces": {
				"north": {"uv": [1.25, 6.25, 1.625, 6.625], "texture": "#1"},
				"east": {"uv": [1.25, 6.25, 1.625, 6.625], "texture": "#1"},
				"south": {"uv": [1.25, 6.25, 1.625, 6.625], "texture": "#1"},
				"west": {"uv": [1.25, 6.25, 1.625, 6.625], "texture": "#1"},
				"up": {"uv": [1.25, 6.25, 1.625, 6.625], "texture": "#1"},
				"down": {"uv": [1.25, 6.25, 1.625, 6.625], "texture": "#1"}
			}
		},
		{
			"from": [7.8, 5.175, 3.75],
			"to": [8.2, 5.45, 5.125],
			"faces": {
				"north": {"uv": [15.25, 3.25, 15.75, 3.625], "texture": "#1"},
				"east": {"uv": [15.25, 3.25, 15.75, 3.625], "texture": "#1"},
				"south": {"uv": [15.25, 3.25, 15.75, 3.625], "texture": "#1"},
				"west": {"uv": [15.25, 3.25, 15.75, 3.625], "texture": "#1"},
				"up": {"uv": [15.25, 3.25, 15.75, 3.625], "texture": "#1"},
				"down": {"uv": [15.25, 3.25, 15.75, 3.625], "texture": "#1"}
			}
		},
		{
			"from": [7.825, 5.125, 3.75],
			"to": [8.175, 5.175, 5.125],
			"faces": {
				"north": {"uv": [15.25, 3.25, 15.75, 3.625], "texture": "#1"},
				"east": {"uv": [15.25, 3.25, 15.75, 3.625], "texture": "#1"},
				"south": {"uv": [15.25, 3.25, 15.75, 3.625], "texture": "#1"},
				"west": {"uv": [15.25, 3.25, 15.75, 3.625], "texture": "#1"},
				"up": {"uv": [15.25, 3.25, 15.75, 3.625], "texture": "#1"},
				"down": {"uv": [15.25, 3.25, 15.75, 3.625], "texture": "#1"}
			}
		},
		{
			"from": [7.85, 5.075, 3.75],
			"to": [8.15, 5.125, 5.125],
			"faces": {
				"north": {"uv": [15.25, 3.25, 15.75, 3.625], "texture": "#1"},
				"east": {"uv": [15.25, 3.25, 15.75, 3.625], "texture": "#1"},
				"south": {"uv": [15.25, 3.25, 15.75, 3.625], "texture": "#1"},
				"west": {"uv": [15.25, 3.25, 15.75, 3.625], "texture": "#1"},
				"up": {"uv": [15.25, 3.25, 15.75, 3.625], "texture": "#1"},
				"down": {"uv": [15.25, 3.25, 15.75, 3.625], "texture": "#1"}
			}
		},
		{
			"from": [7.9, 5.05, 3.75],
			"to": [8.1, 5.075, 5.125],
			"faces": {
				"north": {"uv": [15.25, 3.25, 15.75, 3.625], "texture": "#1"},
				"east": {"uv": [15.25, 3.25, 15.75, 3.625], "texture": "#1"},
				"south": {"uv": [15.25, 3.25, 15.75, 3.625], "texture": "#1"},
				"west": {"uv": [15.25, 3.25, 15.75, 3.625], "texture": "#1"},
				"up": {"uv": [15.25, 3.25, 15.75, 3.625], "texture": "#1"},
				"down": {"uv": [15.25, 3.25, 15.75, 3.625], "texture": "#1"}
			}
		},
		{
			"from": [7.9, 6.15, 3.875],
			"to": [8.1, 6.25, 4.25],
			"faces": {
				"north": {"uv": [13.25, 6.5, 13.625, 6.875], "texture": "#1"},
				"east": {"uv": [13.25, 6.5, 13.625, 6.875], "texture": "#1"},
				"south": {"uv": [13.25, 6.5, 13.625, 6.875], "texture": "#1"},
				"west": {"uv": [13.25, 6.5, 13.625, 6.875], "texture": "#1"},
				"up": {"uv": [13.25, 6.5, 13.625, 6.875], "texture": "#1"},
				"down": {"uv": [13.25, 6.5, 13.625, 6.875], "texture": "#1"}
			}
		},
		{
			"from": [7.9, 6.15, 10.625],
			"to": [8.1, 6.25, 11],
			"faces": {
				"north": {"uv": [13.25, 6.5, 13.625, 6.875], "texture": "#1"},
				"east": {"uv": [13.25, 6.5, 13.625, 6.875], "texture": "#1"},
				"south": {"uv": [13.25, 6.5, 13.625, 6.875], "texture": "#1"},
				"west": {"uv": [13.25, 6.5, 13.625, 6.875], "texture": "#1"},
				"up": {"uv": [13.25, 6.5, 13.625, 6.875], "texture": "#1"},
				"down": {"uv": [13.25, 6.5, 13.625, 6.875], "texture": "#1"}
			}
		},
		{
			"from": [7.7, 6.05, 3.75],
			"to": [8.3, 6.15, 7.75],
			"faces": {
				"north": {"uv": [13.25, 6.5, 13.625, 6.875], "texture": "#1"},
				"east": {"uv": [13.25, 6.5, 13.625, 6.875], "texture": "#1"},
				"south": {"uv": [13.25, 6.5, 13.625, 6.875], "texture": "#1"},
				"west": {"uv": [13.25, 6.5, 13.625, 6.875], "texture": "#1"},
				"up": {"uv": [13.25, 6.5, 13.625, 6.875], "texture": "#1"},
				"down": {"uv": [13.25, 6.5, 13.625, 6.875], "texture": "#1"}
			}
		},
		{
			"from": [7.7, 6.05, 9],
			"to": [8.3, 6.15, 11.5],
			"faces": {
				"north": {"uv": [13.25, 6.5, 13.625, 6.875], "texture": "#1"},
				"east": {"uv": [13.25, 6.5, 13.625, 6.875], "texture": "#1"},
				"south": {"uv": [13.25, 6.5, 13.625, 6.875], "texture": "#1"},
				"west": {"uv": [13.25, 6.5, 13.625, 6.875], "texture": "#1"},
				"up": {"uv": [13.25, 6.5, 13.625, 6.875], "texture": "#1"},
				"down": {"uv": [13.25, 6.5, 13.625, 6.875], "texture": "#1"}
			}
		},
		{
			"from": [7.75, 6.05, 7.75],
			"to": [8.25, 6.1, 9],
			"faces": {
				"north": {"uv": [12.25, 13.25, 12.625, 13.625], "texture": "#1"},
				"east": {"uv": [12.25, 13.25, 12.625, 13.625], "texture": "#1"},
				"south": {"uv": [12.25, 13.25, 12.625, 13.625], "texture": "#1"},
				"west": {"uv": [12.25, 13.25, 12.625, 13.625], "texture": "#1"},
				"up": {"uv": [12.25, 13.25, 12.625, 13.625], "texture": "#1"},
				"down": {"uv": [12.25, 13.25, 12.625, 13.625], "texture": "#1"}
			}
		},
		{
			"from": [7.65, 6.05, 3.75],
			"to": [7.7, 6.1, 7.75],
			"faces": {
				"north": {"uv": [13.25, 6.5, 13.625, 6.875], "texture": "#1"},
				"east": {"uv": [13.25, 6.5, 13.625, 6.875], "texture": "#1"},
				"south": {"uv": [13.25, 6.5, 13.625, 6.875], "texture": "#1"},
				"west": {"uv": [13.25, 6.5, 13.625, 6.875], "texture": "#1"},
				"up": {"uv": [13.25, 6.5, 13.625, 6.875], "texture": "#1"},
				"down": {"uv": [13.25, 6.5, 13.625, 6.875], "texture": "#1"}
			}
		},
		{
			"from": [8.3, 6.05, 3.75],
			"to": [8.35, 6.1, 7.75],
			"faces": {
				"north": {"uv": [13.25, 6.5, 13.625, 6.875], "texture": "#1"},
				"east": {"uv": [13.25, 6.5, 13.625, 6.875], "texture": "#1"},
				"south": {"uv": [13.25, 6.5, 13.625, 6.875], "texture": "#1"},
				"west": {"uv": [13.25, 6.5, 13.625, 6.875], "texture": "#1"},
				"up": {"uv": [13.25, 6.5, 13.625, 6.875], "texture": "#1"},
				"down": {"uv": [13.25, 6.5, 13.625, 6.875], "texture": "#1"}
			}
		},
		{
			"from": [8.3, 6.05, 9],
			"to": [8.35, 6.1, 11.5],
			"faces": {
				"north": {"uv": [13.25, 6.5, 13.625, 6.875], "texture": "#1"},
				"east": {"uv": [13.25, 6.5, 13.625, 6.875], "texture": "#1"},
				"south": {"uv": [13.25, 6.5, 13.625, 6.875], "texture": "#1"},
				"west": {"uv": [13.25, 6.5, 13.625, 6.875], "texture": "#1"},
				"up": {"uv": [13.25, 6.5, 13.625, 6.875], "texture": "#1"},
				"down": {"uv": [13.25, 6.5, 13.625, 6.875], "texture": "#1"}
			}
		},
		{
			"from": [7.65, 6.05, 9],
			"to": [7.7, 6.1, 11.5],
			"faces": {
				"north": {"uv": [13.25, 6.5, 13.625, 6.875], "texture": "#1"},
				"east": {"uv": [13.25, 6.5, 13.625, 6.875], "texture": "#1"},
				"south": {"uv": [13.25, 6.5, 13.625, 6.875], "texture": "#1"},
				"west": {"uv": [13.25, 6.5, 13.625, 6.875], "texture": "#1"},
				"up": {"uv": [13.25, 6.5, 13.625, 6.875], "texture": "#1"},
				"down": {"uv": [13.25, 6.5, 13.625, 6.875], "texture": "#1"}
			}
		},
		{
			"from": [7.65, 1.25, 10],
			"to": [8.35, 1.75, 11.5],
			"faces": {
				"north": {"uv": [0, 14, 0.75, 14.5], "texture": "#1"},
				"east": {"uv": [0, 14, 0.75, 14.5], "texture": "#1"},
				"south": {"uv": [0, 14, 0.75, 14.5], "texture": "#1"},
				"west": {"uv": [0, 14, 0.75, 14.5], "texture": "#1"},
				"up": {"uv": [0, 14, 0.75, 14.5], "texture": "#1"},
				"down": {"uv": [0, 14, 0.75, 14.5], "texture": "#1"}
			}
		},
		{
			"from": [7.65, 2.25, 9.75],
			"to": [8.35, 2.75, 11.25],
			"faces": {
				"north": {"uv": [0, 14, 0.75, 14.5], "texture": "#1"},
				"east": {"uv": [0, 14, 0.75, 14.5], "texture": "#1"},
				"south": {"uv": [0, 14, 0.75, 14.5], "texture": "#1"},
				"west": {"uv": [0, 14, 0.75, 14.5], "texture": "#1"},
				"up": {"uv": [0, 14, 0.75, 14.5], "texture": "#1"},
				"down": {"uv": [0, 14, 0.75, 14.5], "texture": "#1"}
			}
		},
		{
			"from": [7.65, 1.75, 9.875],
			"to": [8.35, 2.25, 11.375],
			"faces": {
				"north": {"uv": [0, 14, 0.75, 14.5], "texture": "#1"},
				"east": {"uv": [0, 14, 0.75, 14.5], "texture": "#1"},
				"south": {"uv": [0, 14, 0.75, 14.5], "texture": "#1"},
				"west": {"uv": [0, 14, 0.75, 14.5], "texture": "#1"},
				"up": {"uv": [0, 14, 0.75, 14.5], "texture": "#1"},
				"down": {"uv": [0, 14, 0.75, 14.5], "texture": "#1"}
			}
		},
		{
			"from": [7.65, 2.75, 9.625],
			"to": [8.35, 3.25, 11.125],
			"faces": {
				"north": {"uv": [0, 14, 0.75, 14.5], "texture": "#1"},
				"east": {"uv": [0, 14, 0.75, 14.5], "texture": "#1"},
				"south": {"uv": [0, 14, 0.75, 14.5], "texture": "#1"},
				"west": {"uv": [0, 14, 0.75, 14.5], "texture": "#1"},
				"up": {"uv": [0, 14, 0.75, 14.5], "texture": "#1"},
				"down": {"uv": [0, 14, 0.75, 14.5], "texture": "#1"}
			}
		},
		{
			"from": [7.65, 3.25, 9.5],
			"to": [8.35, 3.75, 11],
			"faces": {
				"north": {"uv": [0, 14, 0.75, 14.5], "texture": "#1"},
				"east": {"uv": [0, 14, 0.75, 14.5], "texture": "#1"},
				"south": {"uv": [0, 14, 0.75, 14.5], "texture": "#1"},
				"west": {"uv": [0, 14, 0.75, 14.5], "texture": "#1"},
				"up": {"uv": [0, 14, 0.75, 14.5], "texture": "#1"},
				"down": {"uv": [0, 14, 0.75, 14.5], "texture": "#1"}
			}
		},
		{
			"from": [7.65, 3.75, 9.375],
			"to": [8.35, 4.25, 10.875],
			"faces": {
				"north": {"uv": [0, 14, 0.75, 14.5], "texture": "#1"},
				"east": {"uv": [0, 14, 0.75, 14.5], "texture": "#1"},
				"south": {"uv": [0, 14, 0.75, 14.5], "texture": "#1"},
				"west": {"uv": [0, 14, 0.75, 14.5], "texture": "#1"},
				"up": {"uv": [0, 14, 0.75, 14.5], "texture": "#1"},
				"down": {"uv": [0, 14, 0.75, 14.5], "texture": "#1"}
			}
		},
		{
			"from": [7.65, 4.25, 9.25],
			"to": [8.35, 4.75, 10.75],
			"faces": {
				"north": {"uv": [0, 14, 0.75, 14.5], "texture": "#1"},
				"east": {"uv": [0, 14, 0.75, 14.5], "texture": "#1"},
				"south": {"uv": [0, 14, 0.75, 14.5], "texture": "#1"},
				"west": {"uv": [0, 14, 0.75, 14.5], "texture": "#1"},
				"up": {"uv": [0, 14, 0.75, 14.5], "texture": "#1"},
				"down": {"uv": [0, 14, 0.75, 14.5], "texture": "#1"}
			}
		},
		{
			"from": [7.65, 4.75, 9.125],
			"to": [8.35, 5, 11.125],
			"faces": {
				"north": {"uv": [0, 14, 0.75, 14.5], "texture": "#1"},
				"east": {"uv": [0, 14, 0.75, 14.5], "texture": "#1"},
				"south": {"uv": [0, 14, 0.75, 14.5], "texture": "#1"},
				"west": {"uv": [0, 14, 0.75, 14.5], "texture": "#1"},
				"up": {"uv": [0, 14, 0.75, 14.5], "texture": "#1"},
				"down": {"uv": [0, 14, 0.75, 14.5], "texture": "#1"}
			}
		},
		{
			"from": [7.7, 5, 9.125],
			"to": [8.3, 5.4, 11.125],
			"faces": {
				"north": {"uv": [13.25, 0.25, 13.625, 0.625], "texture": "#1"},
				"east": {"uv": [13.25, 0.25, 13.625, 0.625], "texture": "#1"},
				"south": {"uv": [13.25, 0.25, 13.625, 0.625], "texture": "#1"},
				"west": {"uv": [13.25, 0.25, 13.625, 0.625], "texture": "#1"},
				"up": {"uv": [13.25, 0.25, 13.625, 0.625], "texture": "#1"},
				"down": {"uv": [13.25, 0.25, 13.625, 0.625], "texture": "#1"}
			}
		}
	],
	"display": {
		"thirdperson_righthand": {
			"translation": [0, 3.5, 0]
		},
		"thirdperson_lefthand": {
			"translation": [0, 3.5, 0]
		},
		"firstperson_righthand": {
			"translation": [-8.95, 9.5, 6.75]
		},
		"firstperson_lefthand": {
			"translation": [-8.95, 9.5, 6.75]
		},
		"ground": {
			"rotation": [0, 0, 90],
			"translation": [-3, -3.25, 0]
		},
		"gui": {
			"rotation": [0, 90, 0],
			"translation": [0, 4.75, 0],
			"scale": [1.58, 1.58, 1.58]
		},
		"head": {
			"rotation": [0, -85, 0],
			"translation": [-10, 3.5, -0.75]
		},
		"fixed": {
			"rotation": [0, 90, 0],
			"translation": [0, 3.5, 0]
		}
	}
}