{
	"credit": "Made with Blockbench",
	"textures": {
		"0": "item/cit/onyx",
		"1": "item/cit/tin",
		"2": "item/cit/alumi",
		"3": "item/cit/stone3",
		"particle": "item/cit/onyx"
	},
	"elements": [
		{
			"from": [7.75, 1.5, 7.5],
			"to": [8.25, 4.5, 8.5],
			"faces": {
				"north": {"uv": [0, 1, 16, 2], "texture": "#3"},
				"east": {"uv": [0, 1, 16, 2], "texture": "#3"},
				"south": {"uv": [0, 1, 16, 2], "texture": "#3"},
				"west": {"uv": [0, 1, 16, 2], "texture": "#3"},
				"up": {"uv": [0, 1, 16, 2], "texture": "#3"},
				"down": {"uv": [0, 1, 16, 2], "texture": "#3"}
			}
		},
		{
			"from": [7.5, 1.5, 7.75],
			"to": [8.5, 4.5, 8.25],
			"faces": {
				"north": {"uv": [0, 1, 16, 2], "texture": "#3"},
				"east": {"uv": [0, 1, 16, 2], "texture": "#3"},
				"south": {"uv": [0, 1, 16, 2], "texture": "#3"},
				"west": {"uv": [0, 1, 16, 2], "texture": "#3"},
				"up": {"uv": [0, 1, 16, 2], "texture": "#3"},
				"down": {"uv": [0, 1, 16, 2], "texture": "#3"}
			}
		},
		{
			"from": [7.5, 5.75, 7.5],
			"to": [8.5, 6, 8.5],
			"faces": {
				"north": {"uv": [0, 0, 0.75, 16], "texture": "#3"},
				"east": {"uv": [0, 0, 0.75, 16], "texture": "#3"},
				"south": {"uv": [0, 0, 0.75, 16], "texture": "#3"},
				"west": {"uv": [0, 0, 0.75, 16], "texture": "#3"},
				"up": {"uv": [0, 0, 0.75, 16], "texture": "#3"},
				"down": {"uv": [0, 0, 0.75, 16], "texture": "#3"}
			}
		},
		{
			"from": [7.6, 5.75, 8.5],
			"to": [8.4, 6, 8.75],
			"faces": {
				"north": {"uv": [0, 0, 0.75, 16], "texture": "#3"},
				"east": {"uv": [0, 0, 0.75, 16], "texture": "#3"},
				"south": {"uv": [0, 0, 0.75, 16], "texture": "#3"},
				"west": {"uv": [0, 0, 0.75, 16], "texture": "#3"},
				"up": {"uv": [0, 0, 0.75, 16], "texture": "#3"},
				"down": {"uv": [0, 0, 0.75, 16], "texture": "#3"}
			}
		},
		{
			"from": [7.5, 4.5, 7.5],
			"to": [8.5, 4.75, 8.5],
			"faces": {
				"north": {"uv": [0, 0, 0.75, 16], "texture": "#3"},
				"east": {"uv": [0, 0, 0.75, 16], "texture": "#3"},
				"south": {"uv": [0, 0, 0.75, 16], "texture": "#3"},
				"west": {"uv": [0, 0, 0.75, 16], "texture": "#3"},
				"up": {"uv": [0, 0, 0.75, 16], "texture": "#3"},
				"down": {"uv": [0, 0, 0.75, 16], "texture": "#3"}
			}
		},
		{
			"from": [7.75, 4.75, 7.75],
			"to": [8.25, 5.75, 8.25],
			"faces": {
				"north": {"uv": [3, 0, 13, 16], "texture": "#0"},
				"east": {"uv": [3, 0, 13, 16], "texture": "#0"},
				"south": {"uv": [3, 0, 13, 16], "texture": "#0"},
				"west": {"uv": [3, 0, 13, 16], "texture": "#0"},
				"up": {"uv": [3, 0, 13, 16], "texture": "#0"},
				"down": {"uv": [3, 0, 13, 16], "texture": "#0"}
			}
		},
		{
			"from": [7.75, 0.25, 7.75],
			"to": [8.25, 1.25, 8.25],
			"faces": {
				"north": {"uv": [3, 0, 13, 16], "texture": "#0"},
				"east": {"uv": [3, 0, 13, 16], "texture": "#0"},
				"south": {"uv": [3, 0, 13, 16], "texture": "#0"},
				"west": {"uv": [3, 0, 13, 16], "texture": "#0"},
				"up": {"uv": [3, 0, 13, 16], "texture": "#0"},
				"down": {"uv": [3, 0, 13, 16], "texture": "#0"}
			}
		},
		{
			"from": [7.6, 4.5, 8.5],
			"to": [8.4, 4.75, 8.75],
			"faces": {
				"north": {"uv": [0, 0, 0.75, 16], "texture": "#3"},
				"east": {"uv": [0, 0, 0.75, 16], "texture": "#3"},
				"south": {"uv": [0, 0, 0.75, 16], "texture": "#3"},
				"west": {"uv": [0, 0, 0.75, 16], "texture": "#3"},
				"up": {"uv": [0, 0, 0.75, 16], "texture": "#3"},
				"down": {"uv": [0, 0, 0.75, 16], "texture": "#3"}
			}
		},
		{
			"from": [7.6, 5.75, 7.25],
			"to": [8.4, 6, 7.5],
			"faces": {
				"north": {"uv": [0, 0, 0.75, 16], "texture": "#3"},
				"east": {"uv": [0, 0, 0.75, 16], "texture": "#3"},
				"south": {"uv": [0, 0, 0.75, 16], "texture": "#3"},
				"west": {"uv": [0, 0, 0.75, 16], "texture": "#3"},
				"up": {"uv": [0, 0, 0.75, 16], "texture": "#3"},
				"down": {"uv": [0, 0, 0.75, 16], "texture": "#3"}
			}
		},
		{
			"from": [7.6, 4.5, 7.25],
			"to": [8.4, 4.75, 7.5],
			"faces": {
				"north": {"uv": [0, 0, 0.75, 16], "texture": "#3"},
				"east": {"uv": [0, 0, 0.75, 16], "texture": "#3"},
				"south": {"uv": [0, 0, 0.75, 16], "texture": "#3"},
				"west": {"uv": [0, 0, 0.75, 16], "texture": "#3"},
				"up": {"uv": [0, 0, 0.75, 16], "texture": "#3"},
				"down": {"uv": [0, 0, 0.75, 16], "texture": "#3"}
			}
		},
		{
			"from": [7.5, 1.25, 7.5],
			"to": [8.5, 1.5, 8.5],
			"faces": {
				"north": {"uv": [0, 0, 0.75, 16], "texture": "#3"},
				"east": {"uv": [0, 0, 0.75, 16], "texture": "#3"},
				"south": {"uv": [0, 0, 0.75, 16], "texture": "#3"},
				"west": {"uv": [0, 0, 0.75, 16], "texture": "#3"},
				"up": {"uv": [0, 0, 0.75, 16], "texture": "#3"},
				"down": {"uv": [0, 0, 0.75, 16], "texture": "#3"}
			}
		},
		{
			"from": [7.6, 1.25, 7.25],
			"to": [8.4, 1.5, 7.5],
			"faces": {
				"north": {"uv": [0, 0, 0.75, 16], "texture": "#3"},
				"east": {"uv": [0, 0, 0.75, 16], "texture": "#3"},
				"south": {"uv": [0, 0, 0.75, 16], "texture": "#3"},
				"west": {"uv": [0, 0, 0.75, 16], "texture": "#3"},
				"up": {"uv": [0, 0, 0.75, 16], "texture": "#3"},
				"down": {"uv": [0, 0, 0.75, 16], "texture": "#3"}
			}
		},
		{
			"from": [7.6, 1.25, 8.5],
			"to": [8.4, 1.5, 8.75],
			"faces": {
				"north": {"uv": [0, 0, 0.75, 16], "texture": "#3"},
				"east": {"uv": [0, 0, 0.75, 16], "texture": "#3"},
				"south": {"uv": [0, 0, 0.75, 16], "texture": "#3"},
				"west": {"uv": [0, 0, 0.75, 16], "texture": "#3"},
				"up": {"uv": [0, 0, 0.75, 16], "texture": "#3"},
				"down": {"uv": [0, 0, 0.75, 16], "texture": "#3"}
			}
		},
		{
			"from": [7.5, 0, 7.5],
			"to": [8.5, 0.25, 8.5],
			"faces": {
				"north": {"uv": [0, 0, 0.75, 16], "texture": "#3"},
				"east": {"uv": [0, 0, 0.75, 16], "texture": "#3"},
				"south": {"uv": [0, 0, 0.75, 16], "texture": "#3"},
				"west": {"uv": [0, 0, 0.75, 16], "texture": "#3"},
				"up": {"uv": [0, 0, 0.75, 16], "texture": "#3"},
				"down": {"uv": [0, 0, 0.75, 16], "texture": "#3"}
			}
		},
		{
			"from": [7.6, 0, 7.25],
			"to": [8.4, 0.25, 7.5],
			"faces": {
				"north": {"uv": [0, 0, 0.75, 16], "texture": "#3"},
				"east": {"uv": [0, 0, 0.75, 16], "texture": "#3"},
				"south": {"uv": [0, 0, 0.75, 16], "texture": "#3"},
				"west": {"uv": [0, 0, 0.75, 16], "texture": "#3"},
				"up": {"uv": [0, 0, 0.75, 16], "texture": "#3"},
				"down": {"uv": [0, 0, 0.75, 16], "texture": "#3"}
			}
		},
		{
			"from": [7.6, 0, 8.5],
			"to": [8.4, 0.25, 8.75],
			"faces": {
				"north": {"uv": [0, 0, 0.75, 16], "texture": "#3"},
				"east": {"uv": [0, 0, 0.75, 16], "texture": "#3"},
				"south": {"uv": [0, 0, 0.75, 16], "texture": "#3"},
				"west": {"uv": [0, 0, 0.75, 16], "texture": "#3"},
				"up": {"uv": [0, 0, 0.75, 16], "texture": "#3"},
				"down": {"uv": [0, 0, 0.75, 16], "texture": "#3"}
			}
		},
		{
			"from": [7.8, 6.25, 7.75],
			"to": [8.2, 13.5, 8.25],
			"faces": {
				"north": {"uv": [11, 6, 11.5, 14], "texture": "#2"},
				"east": {"uv": [11, 6, 11.5, 14], "texture": "#2"},
				"south": {"uv": [11, 6, 11.5, 14], "texture": "#2"},
				"west": {"uv": [11, 6, 11.5, 14], "texture": "#2"},
				"up": {"uv": [11, 6, 11.5, 7], "texture": "#2"},
				"down": {"uv": [11, 6, 11.5, 14], "texture": "#2"}
			}
		},
		{
			"from": [7.75, 6.25, 7.8],
			"to": [8.25, 6.6, 8.2],
			"faces": {
				"north": {"uv": [0, 12.25, 0.75, 12.75], "texture": "#1"},
				"east": {"uv": [0, 12.25, 3, 12.5], "rotation": 180, "texture": "#1"},
				"south": {"uv": [2.25, 12.25, 2.75, 12.5], "texture": "#1"},
				"west": {"uv": [0, 12.25, 3, 12.5], "texture": "#1"},
				"up": {"uv": [0, 12.25, 3, 12.5], "rotation": 90, "texture": "#1"},
				"down": {"uv": [0, 12.25, 3, 12.5], "texture": "#1"}
			}
		},
		{
			"from": [7.75, 6.6, 7.85],
			"to": [8.25, 7.7, 8.15],
			"faces": {
				"north": {"uv": [0, 12.25, 0.75, 12.75], "texture": "#1"},
				"east": {"uv": [0, 12.25, 3, 12.5], "rotation": 180, "texture": "#1"},
				"south": {"uv": [2.25, 12.25, 2.75, 12.5], "texture": "#1"},
				"west": {"uv": [0, 12.25, 3, 12.5], "texture": "#1"},
				"up": {"uv": [0, 12.25, 3, 12.5], "rotation": 90, "texture": "#1"},
				"down": {"uv": [0, 12.25, 3, 12.5], "texture": "#1"}
			}
		},
		{
			"from": [7.75, 7.7, 7.875],
			"to": [8.25, 10.65, 8.125],
			"faces": {
				"north": {"uv": [0, 12.25, 0.75, 12.75], "texture": "#1"},
				"east": {"uv": [0, 12.25, 3, 12.5], "rotation": 180, "texture": "#1"},
				"south": {"uv": [2.25, 12.25, 2.75, 12.5], "texture": "#1"},
				"west": {"uv": [0, 12.25, 3, 12.5], "texture": "#1"},
				"up": {"uv": [0, 12.25, 3, 12.5], "rotation": 90, "texture": "#1"},
				"down": {"uv": [0, 12.25, 3, 12.5], "texture": "#1"}
			}
		},
		{
			"from": [7.75, 10.65, 7.9],
			"to": [8.25, 13.5, 8.1],
			"faces": {
				"north": {"uv": [0, 12.25, 0.75, 12.75], "texture": "#1"},
				"east": {"uv": [0, 12.25, 3, 12.5], "rotation": 180, "texture": "#1"},
				"south": {"uv": [2.25, 12.25, 2.75, 12.5], "texture": "#1"},
				"west": {"uv": [0, 12.25, 3, 12.5], "texture": "#1"},
				"up": {"uv": [0, 12.25, 3, 12.5], "rotation": 90, "texture": "#1"},
				"down": {"uv": [0, 12.25, 3, 12.5], "texture": "#1"}
			}
		},
		{
			"from": [7.75, 13.5, 7.95],
			"to": [8.25, 13.95, 8.05],
			"faces": {
				"north": {"uv": [0, 12.25, 0.75, 12.75], "texture": "#1"},
				"east": {"uv": [0, 12.25, 3, 12.5], "rotation": 180, "texture": "#1"},
				"south": {"uv": [2.25, 12.25, 2.75, 12.5], "texture": "#1"},
				"west": {"uv": [0, 12.25, 3, 12.5], "texture": "#1"},
				"up": {"uv": [0, 12.25, 3, 12.5], "rotation": 90, "texture": "#1"},
				"down": {"uv": [0, 12.25, 3, 12.5], "texture": "#1"}
			}
		},
		{
			"from": [7.8, 13.5, 7.875],
			"to": [8.2, 14.5, 8.125],
			"faces": {
				"north": {"uv": [11, 6, 11.5, 7], "texture": "#2"},
				"east": {"uv": [11, 6, 11.5, 7], "texture": "#2"},
				"south": {"uv": [11, 6, 11.5, 7], "texture": "#2"},
				"west": {"uv": [11, 6, 11.5, 7], "texture": "#2"},
				"up": {"uv": [11, 6, 11.5, 7], "texture": "#2"},
				"down": {"uv": [11, 6, 11.5, 7], "texture": "#2"}
			}
		},
		{
			"from": [7.85, 6.25, 8.25],
			"to": [8.15, 13.5, 8.5],
			"faces": {
				"north": {"uv": [11, 6, 11.5, 14], "texture": "#2"},
				"east": {"uv": [11, 6, 11.5, 14], "texture": "#2"},
				"south": {"uv": [11, 6, 11.5, 14], "texture": "#2"},
				"west": {"uv": [11, 6, 11.5, 14], "texture": "#2"},
				"up": {"uv": [11, 6, 11.5, 7], "texture": "#2"},
				"down": {"uv": [11, 6, 11.5, 14], "texture": "#2"}
			}
		},
		{
			"from": [7.95, 6.25, 8.5],
			"to": [8.05, 13.5, 8.6],
			"faces": {
				"north": {"uv": [11, 6, 11.5, 14], "texture": "#2"},
				"east": {"uv": [11, 6, 11.5, 14], "texture": "#2"},
				"south": {"uv": [11, 6, 11.5, 14], "texture": "#2"},
				"west": {"uv": [11, 6, 11.5, 14], "texture": "#2"},
				"up": {"uv": [11, 6, 11.5, 7], "texture": "#2"},
				"down": {"uv": [11, 6, 11.5, 14], "texture": "#2"}
			}
		},
		{
			"from": [7.95, 13.5, 8.4],
			"to": [8.05, 14.5, 8.5],
			"faces": {
				"north": {"uv": [11, 6, 11.5, 7], "texture": "#2"},
				"east": {"uv": [11, 6, 11.5, 7], "texture": "#2"},
				"south": {"uv": [11, 6, 11.5, 7], "texture": "#2"},
				"west": {"uv": [11, 6, 11.5, 7], "texture": "#2"},
				"up": {"uv": [11, 6, 11.5, 7], "texture": "#2"},
				"down": {"uv": [11, 6, 11.5, 7], "texture": "#2"}
			}
		},
		{
			"from": [7.95, 14.5, 8.3],
			"to": [8.05, 15.25, 8.4],
			"faces": {
				"north": {"uv": [11, 6, 11.5, 7], "texture": "#2"},
				"east": {"uv": [11, 6, 11.5, 7], "texture": "#2"},
				"south": {"uv": [11, 6, 11.5, 7], "texture": "#2"},
				"west": {"uv": [11, 6, 11.5, 7], "texture": "#2"},
				"up": {"uv": [11, 6, 11.5, 7], "texture": "#2"},
				"down": {"uv": [11, 6, 11.5, 7], "texture": "#2"}
			}
		},
		{
			"from": [7.95, 15.25, 7.7],
			"to": [8.05, 15.7, 8.3],
			"faces": {
				"north": {"uv": [11, 6, 11.5, 7], "texture": "#2"},
				"east": {"uv": [11, 6, 11.5, 7], "texture": "#2"},
				"south": {"uv": [11, 6, 11.5, 7], "texture": "#2"},
				"west": {"uv": [11, 6, 11.5, 7], "texture": "#2"},
				"up": {"uv": [11, 6, 11.5, 7], "texture": "#2"},
				"down": {"uv": [11, 6, 11.5, 7], "texture": "#2"}
			}
		},
		{
			"from": [7.95, 14.5, 7.6],
			"to": [8.05, 15.25, 7.7],
			"faces": {
				"north": {"uv": [11, 6, 11.5, 7], "texture": "#2"},
				"east": {"uv": [11, 6, 11.5, 7], "texture": "#2"},
				"south": {"uv": [11, 6, 11.5, 7], "texture": "#2"},
				"west": {"uv": [11, 6, 11.5, 7], "texture": "#2"},
				"up": {"uv": [11, 6, 11.5, 7], "texture": "#2"},
				"down": {"uv": [11, 6, 11.5, 7], "texture": "#2"}
			}
		},
		{
			"from": [7.95, 13.5, 7.5],
			"to": [8.05, 14.5, 7.6],
			"faces": {
				"north": {"uv": [11, 6, 11.5, 7], "texture": "#2"},
				"east": {"uv": [11, 6, 11.5, 7], "texture": "#2"},
				"south": {"uv": [11, 6, 11.5, 7], "texture": "#2"},
				"west": {"uv": [11, 6, 11.5, 7], "texture": "#2"},
				"up": {"uv": [11, 6, 11.5, 7], "texture": "#2"},
				"down": {"uv": [11, 6, 11.5, 7], "texture": "#2"}
			}
		},
		{
			"from": [7.95, 6.25, 7.4],
			"to": [8.05, 13.5, 7.5],
			"faces": {
				"north": {"uv": [11, 6, 11.5, 14], "texture": "#2"},
				"east": {"uv": [11, 6, 11.5, 14], "texture": "#2"},
				"south": {"uv": [11, 6, 11.5, 14], "texture": "#2"},
				"west": {"uv": [11, 6, 11.5, 14], "texture": "#2"},
				"up": {"uv": [11, 6, 11.5, 7], "texture": "#2"},
				"down": {"uv": [11, 6, 11.5, 14], "texture": "#2"}
			}
		},
		{
			"from": [7.85, 6.25, 7.5],
			"to": [8.15, 13.5, 7.75],
			"faces": {
				"north": {"uv": [11, 6, 11.5, 14], "texture": "#2"},
				"east": {"uv": [11, 6, 11.5, 14], "texture": "#2"},
				"south": {"uv": [11, 6, 11.5, 14], "texture": "#2"},
				"west": {"uv": [11, 6, 11.5, 14], "texture": "#2"},
				"up": {"uv": [11, 6, 11.5, 7], "texture": "#2"},
				"down": {"uv": [11, 6, 11.5, 14], "texture": "#2"}
			}
		},
		{
			"from": [7.85, 13.5, 7.6],
			"to": [8.15, 14.5, 8.4],
			"faces": {
				"north": {"uv": [11, 6, 11.5, 7], "texture": "#2"},
				"east": {"uv": [11, 6, 11.5, 7], "texture": "#2"},
				"south": {"uv": [11, 6, 11.5, 7], "texture": "#2"},
				"west": {"uv": [11, 6, 11.5, 7], "texture": "#2"},
				"up": {"uv": [11, 6, 11.5, 7], "texture": "#2"},
				"down": {"uv": [11, 6, 11.5, 7], "texture": "#2"}
			}
		},
		{
			"from": [7.85, 14.5, 7.7],
			"to": [8.15, 15.25, 8.3],
			"faces": {
				"north": {"uv": [11, 6, 11.5, 7], "texture": "#2"},
				"east": {"uv": [11, 6, 11.5, 7], "texture": "#2"},
				"south": {"uv": [11, 6, 11.5, 7], "texture": "#2"},
				"west": {"uv": [11, 6, 11.5, 7], "texture": "#2"},
				"up": {"uv": [11, 6, 11.5, 7], "texture": "#2"},
				"down": {"uv": [11, 6, 11.5, 7], "texture": "#2"}
			}
		},
		{
			"from": [7.8, 6.203, 9.51],
			"to": [8.2, 6.453, 10.76],
			"rotation": {"angle": 22.5, "axis": "x", "origin": [7.875, 6.375, 9]},
			"faces": {
				"north": {"uv": [2.25, 12.25, 2.75, 12.5], "texture": "#1"},
				"east": {"uv": [2.25, 12.25, 2.75, 12.5], "texture": "#1"},
				"south": {"uv": [2.25, 12.25, 2.75, 12.5], "texture": "#1"},
				"west": {"uv": [2.25, 12.25, 2.75, 12.5], "texture": "#1"},
				"up": {"uv": [2.25, 12.25, 2.75, 12.5], "texture": "#1"},
				"down": {"uv": [2.25, 12.25, 2.75, 12.5], "texture": "#1"}
			}
		},
		{
			"from": [7.8, 6.967, 5.391],
			"to": [8.2, 7.217, 6.641],
			"rotation": {"angle": -22.5, "axis": "x", "origin": [7.875, 6.375, 9]},
			"faces": {
				"north": {"uv": [0, 12.25, 0.75, 12.75], "texture": "#1"},
				"east": {"uv": [0, 12.25, 0.75, 12.75], "texture": "#1"},
				"south": {"uv": [0, 12.25, 0.75, 12.75], "texture": "#1"},
				"west": {"uv": [0, 12.25, 0.75, 12.75], "texture": "#1"},
				"up": {"uv": [0, 12.25, 0.75, 12.75], "texture": "#1"},
				"down": {"uv": [0, 12.25, 0.75, 12.75], "texture": "#1"}
			}
		},
		{
			"from": [7.7, 6, 6.5],
			"to": [8.3, 6.25, 9.5],
			"rotation": {"angle": 0, "axis": "y", "origin": [0, -10.75, 0]},
			"faces": {
				"north": {"uv": [0, 12.25, 0.75, 12.75], "texture": "#1"},
				"east": {"uv": [0, 12.25, 3, 12.5], "rotation": 180, "texture": "#1"},
				"south": {"uv": [2.25, 12.25, 2.75, 12.5], "texture": "#1"},
				"west": {"uv": [0, 12.25, 3, 12.5], "texture": "#1"},
				"up": {"uv": [0, 12.25, 3, 12.5], "rotation": 90, "texture": "#1"},
				"down": {"uv": [0, 12.25, 3, 12.5], "rotation": 270, "texture": "#1"}
			}
		},
		{
			"from": [8.25, 1.5, 8.25],
			"to": [8.375, 4.5, 8.375],
			"faces": {
				"north": {"uv": [0, 1, 16, 2], "texture": "#0"},
				"east": {"uv": [0, 1, 16, 2], "texture": "#0"},
				"south": {"uv": [0, 1, 16, 2], "texture": "#0"},
				"west": {"uv": [0, 1, 16, 2], "texture": "#0"},
				"up": {"uv": [0, 1, 16, 2], "texture": "#0"},
				"down": {"uv": [0, 1, 16, 2], "texture": "#0"}
			}
		},
		{
			"from": [8.25, 1.5, 7.625],
			"to": [8.375, 4.5, 7.75],
			"faces": {
				"north": {"uv": [0, 1, 16, 2], "texture": "#0"},
				"east": {"uv": [0, 1, 16, 2], "texture": "#0"},
				"south": {"uv": [0, 1, 16, 2], "texture": "#0"},
				"west": {"uv": [0, 1, 16, 2], "texture": "#0"},
				"up": {"uv": [0, 1, 16, 2], "texture": "#0"},
				"down": {"uv": [0, 1, 16, 2], "texture": "#0"}
			}
		},
		{
			"from": [7.625, 1.5, 7.625],
			"to": [7.75, 4.5, 7.75],
			"faces": {
				"north": {"uv": [0, 1, 16, 2], "texture": "#0"},
				"east": {"uv": [0, 1, 16, 2], "texture": "#0"},
				"south": {"uv": [0, 1, 16, 2], "texture": "#0"},
				"west": {"uv": [0, 1, 16, 2], "texture": "#0"},
				"up": {"uv": [0, 1, 16, 2], "texture": "#0"},
				"down": {"uv": [0, 1, 16, 2], "texture": "#0"}
			}
		},
		{
			"from": [7.625, 1.5, 8.25],
			"to": [7.75, 4.5, 8.375],
			"faces": {
				"north": {"uv": [0, 1, 16, 2], "texture": "#0"},
				"east": {"uv": [0, 1, 16, 2], "texture": "#0"},
				"south": {"uv": [0, 1, 16, 2], "texture": "#0"},
				"west": {"uv": [0, 1, 16, 2], "texture": "#0"},
				"up": {"uv": [0, 1, 16, 2], "texture": "#0"},
				"down": {"uv": [0, 1, 16, 2], "texture": "#0"}
			}
		}
	],
	"display": {
		"thirdperson_righthand": {
			"translation": [0, 5.5, 1],
			"scale": [1, 1.5, 1]
		},
		"thirdperson_lefthand": {
			"translation": [0, 5.5, 1],
			"scale": [1, 1.5, 1]
		},
		"firstperson_righthand": {
			"rotation": [11, 0, 0],
			"translation": [0, 5.5, 1],
			"scale": [1, 1.5, 1]
		},
		"firstperson_lefthand": {
			"rotation": [11, 0, 0],
			"translation": [0, 5.5, 1],
			"scale": [1, 1.5, 1]
		},
		"ground": {
			"rotation": [0, 0, 90],
			"translation": [-3, 0, 1],
			"scale": [1, 1.6, 1]
		},
		"gui": {
			"rotation": [45, -44, 76],
			"translation": [1.25, -1.25, 1],
			"scale": [1, 1.6, 1]
		},
		"head": {
			"rotation": [110, 0, 0],
			"translation": [-3, -8, -9.5],
			"scale": [1, 1.6, 1]
		},
		"fixed": {
			"rotation": [0, 90, 0],
			"translation": [0, 0, -1.25],
			"scale": [1, 1.6, 1]
		}
	}
}