{
	"credit": "Made with Blockbench",
	"textures": {
		"0": "item/cit/stone3",
		"1": "item/cit/gold",
		"2": "item/cit/ruby",
		"particle": "item/cit/stone3"
	},
	"elements": [
		{
			"from": [6.2, 0, 7.2],
			"to": [9.4, 5, 8.8],
			"faces": {
				"north": {"uv": [15.25, 4, 16, 8], "texture": "#0"},
				"east": {"uv": [15.25, 4, 16, 8], "texture": "#0"},
				"south": {"uv": [15.25, 4, 16, 8], "texture": "#0"},
				"west": {"uv": [15.25, 4, 16, 8], "texture": "#0"},
				"up": {"uv": [15.25, 4, 16, 8], "texture": "#0"},
				"down": {"uv": [15.25, 4, 16, 8], "texture": "#0"}
			}
		},
		{
			"from": [9.4, 0, 7.4],
			"to": [9.6, 5, 8.6],
			"faces": {
				"north": {"uv": [15.25, 4, 16, 8], "texture": "#0"},
				"east": {"uv": [15.25, 4, 16, 8], "texture": "#0"},
				"south": {"uv": [15.25, 4, 16, 8], "texture": "#0"},
				"west": {"uv": [15.25, 4, 16, 8], "texture": "#0"},
				"up": {"uv": [15.25, 4, 16, 8], "texture": "#0"},
				"down": {"uv": [15.25, 4, 16, 8], "texture": "#0"}
			}
		},
		{
			"from": [9.6, 4.5, 7.5],
			"to": [9.8, 5, 8.5],
			"faces": {
				"north": {"uv": [15.25, 4, 16, 8], "texture": "#0"},
				"east": {"uv": [15.25, 4, 16, 8], "texture": "#0"},
				"south": {"uv": [15.25, 4, 16, 8], "texture": "#0"},
				"west": {"uv": [15.25, 4, 16, 8], "texture": "#0"},
				"up": {"uv": [15.25, 4, 16, 8], "texture": "#0"},
				"down": {"uv": [15.25, 4, 16, 8], "texture": "#0"}
			}
		},
		{
			"from": [9.6, 3.75, 7.5],
			"to": [9.8, 4.25, 8.5],
			"faces": {
				"north": {"uv": [15.25, 4, 16, 8], "texture": "#0"},
				"east": {"uv": [15.25, 4, 16, 8], "texture": "#0"},
				"south": {"uv": [15.25, 4, 16, 8], "texture": "#0"},
				"west": {"uv": [15.25, 4, 16, 8], "texture": "#0"},
				"up": {"uv": [15.25, 4, 16, 8], "texture": "#0"},
				"down": {"uv": [15.25, 4, 16, 8], "texture": "#0"}
			}
		},
		{
			"from": [6.1, 3.75, 7.8],
			"to": [6.3, 4.35, 8.2],
			"faces": {
				"north": {"uv": [1, 8, 2, 15], "texture": "#2"},
				"east": {"uv": [1, 8, 2, 15], "texture": "#2"},
				"south": {"uv": [1, 8, 2, 15], "texture": "#2"},
				"west": {"uv": [1, 8, 2, 15], "texture": "#2"},
				"up": {"uv": [1, 14, 2, 15], "texture": "#2"},
				"down": {"uv": [1, 8, 2, 9], "texture": "#2"}
			}
		},
		{
			"from": [9.6, 2.25, 7.5],
			"to": [9.8, 2.75, 8.5],
			"faces": {
				"north": {"uv": [15.25, 4, 16, 8], "texture": "#0"},
				"east": {"uv": [15.25, 4, 16, 8], "texture": "#0"},
				"south": {"uv": [15.25, 4, 16, 8], "texture": "#0"},
				"west": {"uv": [15.25, 4, 16, 8], "texture": "#0"},
				"up": {"uv": [15.25, 4, 16, 8], "texture": "#0"},
				"down": {"uv": [15.25, 4, 16, 8], "texture": "#0"}
			}
		},
		{
			"from": [9.6, 3, 7.5],
			"to": [9.8, 3.5, 8.5],
			"faces": {
				"north": {"uv": [15.25, 4, 16, 8], "texture": "#0"},
				"east": {"uv": [15.25, 4, 16, 8], "texture": "#0"},
				"south": {"uv": [15.25, 4, 16, 8], "texture": "#0"},
				"west": {"uv": [15.25, 4, 16, 8], "texture": "#0"},
				"up": {"uv": [15.25, 4, 16, 8], "texture": "#0"},
				"down": {"uv": [15.25, 4, 16, 8], "texture": "#0"}
			}
		},
		{
			"from": [9.6, 1.5, 7.5],
			"to": [9.8, 2, 8.5],
			"faces": {
				"north": {"uv": [15.25, 4, 16, 8], "texture": "#0"},
				"east": {"uv": [15.25, 4, 16, 8], "texture": "#0"},
				"south": {"uv": [15.25, 4, 16, 8], "texture": "#0"},
				"west": {"uv": [15.25, 4, 16, 8], "texture": "#0"},
				"up": {"uv": [15.25, 4, 16, 8], "texture": "#0"},
				"down": {"uv": [15.25, 4, 16, 8], "texture": "#0"}
			}
		},
		{
			"from": [9.6, 0.75, 7.5],
			"to": [9.8, 1.25, 8.5],
			"faces": {
				"north": {"uv": [15.25, 4, 16, 8], "texture": "#0"},
				"east": {"uv": [15.25, 4, 16, 8], "texture": "#0"},
				"south": {"uv": [15.25, 4, 16, 8], "texture": "#0"},
				"west": {"uv": [15.25, 4, 16, 8], "texture": "#0"},
				"up": {"uv": [15.25, 4, 16, 8], "texture": "#0"},
				"down": {"uv": [15.25, 4, 16, 8], "texture": "#0"}
			}
		},
		{
			"from": [9.6, 0, 7.5],
			"to": [9.8, 0.5, 8.5],
			"faces": {
				"north": {"uv": [15.25, 4, 16, 8], "texture": "#0"},
				"east": {"uv": [15.25, 4, 16, 8], "texture": "#0"},
				"south": {"uv": [15.25, 4, 16, 8], "texture": "#0"},
				"west": {"uv": [15.25, 4, 16, 8], "texture": "#0"},
				"up": {"uv": [15.25, 4, 16, 8], "texture": "#0"},
				"down": {"uv": [15.25, 4, 16, 8], "texture": "#0"}
			}
		},
		{
			"from": [6.5, 5, 7],
			"to": [9.5, 6.75, 9],
			"faces": {
				"north": {"uv": [0, 0, 0.5, 4], "texture": "#0"},
				"east": {"uv": [0, 0, 0.5, 4], "texture": "#0"},
				"south": {"uv": [0, 0, 0.5, 4], "texture": "#0"},
				"west": {"uv": [0, 0, 0.5, 4], "texture": "#0"},
				"up": {"uv": [0, 0, 0.5, 0], "texture": "#0"},
				"down": {"uv": [0, 0, 0.5, 4], "texture": "#0"}
			}
		},
		{
			"from": [6.5, 6.75, 7],
			"to": [7.25, 7.25, 9],
			"faces": {
				"north": {"uv": [0, 0, 0.5, 0], "texture": "#0"},
				"east": {"uv": [0, 0, 0.5, 0], "texture": "#0"},
				"south": {"uv": [0, 0, 0.5, 0], "texture": "#0"},
				"west": {"uv": [0, 0, 0.5, 0], "texture": "#0"},
				"up": {"uv": [0, 0, 0.5, 0], "texture": "#0"},
				"down": {"uv": [0, 0, 0.5, 0], "texture": "#0"}
			}
		},
		{
			"from": [8.75, 6.75, 7],
			"to": [9.5, 7.25, 9],
			"faces": {
				"north": {"uv": [0, 0, 0.5, 0], "texture": "#0"},
				"east": {"uv": [0, 0, 0.5, 0], "texture": "#0"},
				"south": {"uv": [0, 0, 0.5, 0], "texture": "#0"},
				"west": {"uv": [0, 0, 0.5, 0], "texture": "#0"},
				"up": {"uv": [0, 0, 0.5, 0], "texture": "#0"},
				"down": {"uv": [0, 0, 0.5, 0], "texture": "#0"}
			}
		},
		{
			"from": [9.25, 5, 7.2],
			"to": [9.75, 7.75, 8.8],
			"faces": {
				"north": {"uv": [0, 0, 0.5, 3.25], "texture": "#0"},
				"east": {"uv": [0, 0, 0.5, 3.25], "texture": "#0"},
				"south": {"uv": [0, 0, 0.5, 3.25], "texture": "#0"},
				"west": {"uv": [0, 0, 0.5, 3.25], "texture": "#0"},
				"up": {"uv": [0, 0, 0.5, 0], "texture": "#0"},
				"down": {"uv": [0, 0, 0.5, 3.25], "texture": "#0"}
			}
		},
		{
			"from": [6.25, 5, 7.2],
			"to": [6.75, 7.75, 8.8],
			"faces": {
				"north": {"uv": [0, 0, 0.5, 3.25], "texture": "#0"},
				"east": {"uv": [0, 0, 0.5, 3.25], "texture": "#0"},
				"south": {"uv": [0, 0, 0.5, 3.25], "texture": "#0"},
				"west": {"uv": [0, 0, 0.5, 3.25], "texture": "#0"},
				"up": {"uv": [0, 0, 0.5, 0], "texture": "#0"},
				"down": {"uv": [0, 0, 0.5, 3.25], "texture": "#0"}
			}
		},
		{
			"from": [8.5, 7.25, 7.8],
			"to": [9.25, 7.65, 8.2],
			"faces": {
				"north": {"uv": [3, 4, 3.75, 6.9], "texture": "#1"},
				"east": {"uv": [3, 4, 3.75, 6.9], "texture": "#1"},
				"south": {"uv": [3, 4, 3.75, 6.9], "texture": "#1"},
				"west": {"uv": [3, 4, 3.75, 6.9], "texture": "#1"},
				"up": {"uv": [3, 4, 3.75, 6.9], "texture": "#1"},
				"down": {"uv": [3, 4, 3.75, 6.9], "texture": "#1"}
			}
		},
		{
			"from": [8.4, 7.3, 7.85],
			"to": [8.5, 7.6, 8.15],
			"faces": {
				"north": {"uv": [3, 4, 3.75, 6.9], "texture": "#1"},
				"east": {"uv": [3, 4, 3.75, 6.9], "texture": "#1"},
				"south": {"uv": [3, 4, 3.75, 6.9], "texture": "#1"},
				"west": {"uv": [3, 4, 3.75, 6.9], "texture": "#1"},
				"up": {"uv": [3, 4, 3.75, 6.9], "texture": "#1"},
				"down": {"uv": [3, 4, 3.75, 6.9], "texture": "#1"}
			}
		},
		{
			"from": [7.5, 7.3, 7.85],
			"to": [7.6, 7.6, 8.15],
			"faces": {
				"north": {"uv": [3, 4, 3.75, 6.9], "texture": "#1"},
				"east": {"uv": [3, 4, 3.75, 6.9], "texture": "#1"},
				"south": {"uv": [3, 4, 3.75, 6.9], "texture": "#1"},
				"west": {"uv": [3, 4, 3.75, 6.9], "texture": "#1"},
				"up": {"uv": [3, 4, 3.75, 6.9], "texture": "#1"},
				"down": {"uv": [3, 4, 3.75, 6.9], "texture": "#1"}
			}
		},
		{
			"from": [6.75, 7.25, 7.8],
			"to": [7.5, 7.65, 8.2],
			"faces": {
				"north": {"uv": [3, 4, 3.75, 6.9], "texture": "#1"},
				"east": {"uv": [3, 4, 3.75, 6.9], "texture": "#1"},
				"south": {"uv": [3, 4, 3.75, 6.9], "texture": "#1"},
				"west": {"uv": [3, 4, 3.75, 6.9], "texture": "#1"},
				"up": {"uv": [3, 4, 3.75, 6.9], "texture": "#1"},
				"down": {"uv": [3, 4, 3.75, 6.9], "texture": "#1"}
			}
		},
		{
			"from": [9.5, 5, 7.4],
			"to": [10, 8.25, 8.6],
			"faces": {
				"north": {"uv": [0, 0, 0.5, 3.25], "texture": "#0"},
				"east": {"uv": [0, 0, 0.5, 3.25], "texture": "#0"},
				"south": {"uv": [0, 0, 0.5, 3.25], "texture": "#0"},
				"west": {"uv": [0, 0, 0.5, 3.25], "texture": "#0"},
				"up": {"uv": [0, 0, 0.5, 0], "texture": "#0"},
				"down": {"uv": [0, 0, 0.5, 3.25], "texture": "#0"}
			}
		},
		{
			"from": [6, 5, 7.4],
			"to": [6.5, 8.25, 8.6],
			"faces": {
				"north": {"uv": [0, 0, 0.5, 3.25], "texture": "#0"},
				"east": {"uv": [0, 0, 0.5, 3.25], "texture": "#0"},
				"south": {"uv": [0, 0, 0.5, 3.25], "texture": "#0"},
				"west": {"uv": [0, 0, 0.5, 3.25], "texture": "#0"},
				"up": {"uv": [0, 0, 0.5, 0], "texture": "#0"},
				"down": {"uv": [0, 0, 0.5, 3.25], "texture": "#0"}
			}
		},
		{
			"from": [9.55, 8.25, 7.8],
			"to": [9.95, 9, 8.2],
			"faces": {
				"north": {"uv": [3, 4, 4, 7], "rotation": 180, "texture": "#1"},
				"east": {"uv": [3, 4, 4, 7], "rotation": 180, "texture": "#1"},
				"south": {"uv": [3, 4, 4, 7], "rotation": 180, "texture": "#1"},
				"west": {"uv": [3, 4, 4, 7], "rotation": 180, "texture": "#1"},
				"up": {"uv": [3, 4, 4, 7], "rotation": 180, "texture": "#1"},
				"down": {"uv": [3, 4, 4, 7], "rotation": 180, "texture": "#1"}
			}
		},
		{
			"from": [6.05, 8.25, 7.8],
			"to": [6.45, 9, 8.2],
			"faces": {
				"north": {"uv": [3, 4, 4, 7], "rotation": 180, "texture": "#1"},
				"east": {"uv": [3, 4, 4, 7], "rotation": 180, "texture": "#1"},
				"south": {"uv": [3, 4, 4, 7], "rotation": 180, "texture": "#1"},
				"west": {"uv": [3, 4, 4, 7], "rotation": 180, "texture": "#1"},
				"up": {"uv": [3, 4, 4, 7], "rotation": 180, "texture": "#1"},
				"down": {"uv": [3, 4, 4, 7], "rotation": 180, "texture": "#1"}
			}
		},
		{
			"from": [6.15, 9, 7.9],
			"to": [6.35, 9.5, 8.1],
			"faces": {
				"north": {"uv": [5, 10, 6, 13], "rotation": 180, "texture": "#1"},
				"east": {"uv": [5, 10, 6, 13], "rotation": 180, "texture": "#1"},
				"south": {"uv": [5, 10, 6, 13], "rotation": 180, "texture": "#1"},
				"west": {"uv": [5, 10, 6, 13], "rotation": 180, "texture": "#1"},
				"up": {"uv": [5, 10, 6, 13], "rotation": 180, "texture": "#1"},
				"down": {"uv": [5, 10, 6, 13], "rotation": 180, "texture": "#1"}
			}
		},
		{
			"from": [9.65, 9, 7.9],
			"to": [9.85, 9.5, 8.1],
			"faces": {
				"north": {"uv": [5, 10, 6, 13], "rotation": 180, "texture": "#1"},
				"east": {"uv": [5, 10, 6, 13], "rotation": 180, "texture": "#1"},
				"south": {"uv": [5, 10, 6, 13], "rotation": 180, "texture": "#1"},
				"west": {"uv": [5, 10, 6, 13], "rotation": 180, "texture": "#1"},
				"up": {"uv": [5, 10, 6, 13], "rotation": 180, "texture": "#1"},
				"down": {"uv": [5, 10, 6, 13], "rotation": 180, "texture": "#1"}
			}
		}
	],
	"display": {
		"thirdperson_righthand": {
			"rotation": [0, 92, 0],
			"translation": [0, 3.25, 0.75],
			"scale": [0.5, 0.75, 0.5]
		},
		"thirdperson_lefthand": {
			"rotation": [0, 92, 0],
			"translation": [0, 3.25, 0.75],
			"scale": [0.5, 0.75, 0.5]
		},
		"firstperson_righthand": {
			"rotation": [0, 92, 0],
			"translation": [0, 3.25, 0.75],
			"scale": [0.5, 0.75, 0.5]
		},
		"firstperson_lefthand": {
			"rotation": [0, 92, 0],
			"translation": [0, 3.25, 0.75],
			"scale": [0.5, 0.75, 0.5]
		},
		"ground": {
			"rotation": [90, 0, 0],
			"translation": [0, -3.5, 4.75],
			"scale": [1, 1.25, 1]
		},
		"gui": {
			"translation": [0, 4.25, -0.75],
			"scale": [1, 1.25, 1]
		},
		"fixed": {
			"translation": [0, 4.25, -0.75],
			"scale": [1, 1.25, 1]
		}
	}
}