{
	"credit": "Made with Blockbench",
	"textures": {
		"0": "item/cit/stone3",
		"1": "item/cit/gold",
		"particle": "item/cit/stone3"
	},
	"elements": [
		{
			"from": [7.5, 0, 7.25],
			"to": [8.5, 4.75, 8.75],
			"faces": {
				"north": {"uv": [0, 7, 1, 11], "texture": "#0"},
				"east": {"uv": [0, 7, 1, 11], "texture": "#0"},
				"south": {"uv": [0, 7, 1, 11], "texture": "#0"},
				"west": {"uv": [0, 7, 1, 11], "texture": "#0"},
				"up": {"uv": [0, 7, 1, 11], "texture": "#0"},
				"down": {"uv": [0, 10, 1, 11], "texture": "#0"}
			}
		},
		{
			"from": [7.25, 0, 7.5],
			"to": [8.75, 4.75, 8.5],
			"faces": {
				"north": {"uv": [0, 7, 1, 11], "texture": "#0"},
				"east": {"uv": [0, 7, 1, 11], "texture": "#0"},
				"south": {"uv": [0, 7, 1, 11], "texture": "#0"},
				"west": {"uv": [0, 7, 1, 11], "texture": "#0"},
				"up": {"uv": [0, 7, 1, 11], "texture": "#0"},
				"down": {"uv": [0, 10, 1, 11], "texture": "#0"}
			}
		},
		{
			"from": [7.5, 4.75, 7.25],
			"to": [8.5, 14.25, 8.75],
			"faces": {
				"north": {"uv": [3, 2, 4, 14.25], "texture": "#1"},
				"east": {"uv": [3, 2, 4, 14.25], "texture": "#1"},
				"south": {"uv": [3, 2, 4, 14.25], "texture": "#1"},
				"west": {"uv": [3, 2, 4, 14.25], "texture": "#1"},
				"up": {"uv": [3, 2, 4, 3], "texture": "#1"},
				"down": {"uv": [3, 2, 4, 14.25], "texture": "#1"}
			}
		},
		{
			"from": [7.25, 4.75, 7.5],
			"to": [8.75, 14.25, 8.5],
			"faces": {
				"north": {"uv": [3, 2, 4, 14.25], "texture": "#1"},
				"east": {"uv": [3, 2, 4, 14.25], "texture": "#1"},
				"south": {"uv": [3, 2, 4, 14.25], "texture": "#1"},
				"west": {"uv": [3, 2, 4, 14.25], "texture": "#1"},
				"up": {"uv": [3, 2, 4, 3], "texture": "#1"},
				"down": {"uv": [3, 2, 4, 14.25], "texture": "#1"}
			}
		},
		{
			"from": [7.5, 14.25, 7.5],
			"to": [8.5, 14.5, 8.5],
			"faces": {
				"north": {"uv": [3, 2, 4, 3], "texture": "#1"},
				"east": {"uv": [3, 2, 4, 3], "texture": "#1"},
				"south": {"uv": [3, 2, 4, 3], "texture": "#1"},
				"west": {"uv": [3, 2, 4, 3], "texture": "#1"},
				"up": {"uv": [3, 2, 4, 3], "texture": "#1"},
				"down": {"uv": [3, 2, 4, 3], "texture": "#1"}
			}
		}
	],
	"display": {
		"thirdperson_righthand": {
			"rotation": [25, 0, 0],
			"translation": [0, 3, 3.75],
			"scale": [0.6, 0.8, 0.6]
		},
		"thirdperson_lefthand": {
			"rotation": [25, 0, 0],
			"translation": [0, 3, 3.75],
			"scale": [0.6, 0.8, 0.6]
		},
		"firstperson_righthand": {
			"rotation": [25, 0, 0],
			"translation": [0, 3, 1.75],
			"scale": [0.6, 0.8, 0.6]
		},
		"firstperson_lefthand": {
			"rotation": [25, 0, 0],
			"translation": [0, 3, 1.75],
			"scale": [0.6, 0.8, 0.6]
		},
		"ground": {
			"rotation": [90, 0, 0],
			"translation": [0, 2, 0],
			"scale": [0.6, 0.8, 0.6]
		},
		"gui": {
			"rotation": [0, 0, 42],
			"scale": [0.6, 0.8, 0.6]
		},
		"head": {
			"rotation": [-66, 0, 0],
			"translation": [0, 5, -8.75],
			"scale": [0.6, 0.8, 0.6]
		},
		"fixed": {
			"scale": [0.6, 0.8, 0.6]
		}
	}
}