{
	"credit": "Made with Blockbench",
	"textures": {
		"0": "sozai/redstone_block",
		"1": "sozai/stone_diorite_smooth",
		"particle": "sozai/redstone_block"
	},
	"elements": [
		{
			"from": [6.6, 6.5, 7.5],
			"to": [9.4, 7.5, 8.5],
			"faces": {
				"north": {"uv": [7, 14, 10, 15], "texture": "#0"},
				"east": {"uv": [7, 14, 8, 15], "rotation": 180, "texture": "#0"},
				"south": {"uv": [7, 14, 10, 15], "texture": "#0"},
				"west": {"uv": [9, 14, 10, 15], "texture": "#0"},
				"up": {"uv": [7, 14, 10, 15], "rotation": 180, "texture": "#0"},
				"down": {"uv": [7, 14, 10, 15], "texture": "#0"}
			}
		},
		{
			"from": [4.4, 6.5, 7.9],
			"to": [6.6, 6.7, 8.1],
			"faces": {
				"north": {"uv": [8, 14, 9, 15], "texture": "#0"},
				"east": {"uv": [8, 14, 9, 15], "texture": "#0"},
				"south": {"uv": [8, 14, 9, 15], "texture": "#0"},
				"west": {"uv": [8, 14, 9, 15], "texture": "#0"},
				"up": {"uv": [8, 14, 9, 15], "texture": "#0"},
				"down": {"uv": [8, 14, 9, 15], "texture": "#0"}
			}
		},
		{
			"from": [9.4, 6.5, 7.9],
			"to": [11.6, 6.7, 8.1],
			"faces": {
				"north": {"uv": [8, 14, 9, 15], "texture": "#0"},
				"east": {"uv": [8, 14, 9, 15], "texture": "#0"},
				"south": {"uv": [8, 14, 9, 15], "texture": "#0"},
				"west": {"uv": [8, 14, 9, 15], "texture": "#0"},
				"up": {"uv": [8, 14, 9, 15], "texture": "#0"},
				"down": {"uv": [8, 14, 9, 15], "texture": "#0"}
			}
		},
		{
			"from": [4.4, 2.55, 7.9],
			"to": [4.6, 6.5, 8.1],
			"faces": {
				"north": {"uv": [8.25, 14.25, 8.75, 14.75], "texture": "#0"},
				"east": {"uv": [8.25, 14.25, 8.75, 14.75], "texture": "#0"},
				"south": {"uv": [8.25, 14.25, 8.75, 14.75], "texture": "#0"},
				"west": {"uv": [8.25, 14.25, 8.75, 14.75], "texture": "#0"},
				"up": {"uv": [8.25, 14.25, 8.75, 14.75], "texture": "#0"},
				"down": {"uv": [8.25, 14.25, 8.75, 14.75], "texture": "#0"}
			}
		},
		{
			"from": [4, 5.3, 7.5],
			"to": [5, 6.3, 8.5],
			"faces": {
				"north": {"uv": [2, 2, 14, 14], "texture": "#1"},
				"east": {"uv": [2, 2, 14, 14], "texture": "#1"},
				"south": {"uv": [2, 2, 14, 14], "texture": "#1"},
				"west": {"uv": [2, 2, 14, 14], "texture": "#1"},
				"up": {"uv": [2, 2, 14, 14], "texture": "#1"},
				"down": {"uv": [2, 2, 14, 14], "texture": "#1"}
			}
		},
		{
			"from": [4, 3.55, 7.5],
			"to": [5, 4.55, 8.5],
			"faces": {
				"north": {"uv": [2, 2, 14, 14], "texture": "#1"},
				"east": {"uv": [2, 2, 14, 14], "texture": "#1"},
				"south": {"uv": [2, 2, 14, 14], "texture": "#1"},
				"west": {"uv": [2, 2, 14, 14], "texture": "#1"},
				"up": {"uv": [2, 2, 14, 14], "texture": "#1"},
				"down": {"uv": [2, 2, 14, 14], "texture": "#1"}
			}
		},
		{
			"from": [4, 1.8, 7.5],
			"to": [5, 2.8, 8.5],
			"faces": {
				"north": {"uv": [2, 2, 14, 14], "texture": "#1"},
				"east": {"uv": [2, 2, 14, 14], "texture": "#1"},
				"south": {"uv": [2, 2, 14, 14], "texture": "#1"},
				"west": {"uv": [2, 2, 14, 14], "texture": "#1"},
				"up": {"uv": [2, 2, 14, 14], "texture": "#1"},
				"down": {"uv": [2, 2, 14, 14], "texture": "#1"}
			}
		},
		{
			"from": [11, 5.3, 7.5],
			"to": [12, 6.3, 8.5],
			"faces": {
				"north": {"uv": [2, 2, 14, 14], "texture": "#1"},
				"east": {"uv": [2, 2, 14, 14], "texture": "#1"},
				"south": {"uv": [2, 2, 14, 14], "texture": "#1"},
				"west": {"uv": [2, 2, 14, 14], "texture": "#1"},
				"up": {"uv": [2, 2, 14, 14], "texture": "#1"},
				"down": {"uv": [2, 2, 14, 14], "texture": "#1"}
			}
		},
		{
			"from": [11.4, 2.55, 7.9],
			"to": [11.6, 6.5, 8.1],
			"faces": {
				"north": {"uv": [8.25, 14.25, 8.75, 14.75], "texture": "#0"},
				"east": {"uv": [8.25, 14.25, 8.75, 14.75], "texture": "#0"},
				"south": {"uv": [8.25, 14.25, 8.75, 14.75], "texture": "#0"},
				"west": {"uv": [8.25, 14.25, 8.75, 14.75], "texture": "#0"},
				"up": {"uv": [8.25, 14.25, 8.75, 14.75], "texture": "#0"},
				"down": {"uv": [8.25, 14.25, 8.75, 14.75], "texture": "#0"}
			}
		},
		{
			"from": [11, 3.55, 7.5],
			"to": [12, 4.55, 8.5],
			"faces": {
				"north": {"uv": [2, 2, 14, 14], "texture": "#1"},
				"east": {"uv": [2, 2, 14, 14], "texture": "#1"},
				"south": {"uv": [2, 2, 14, 14], "texture": "#1"},
				"west": {"uv": [2, 2, 14, 14], "texture": "#1"},
				"up": {"uv": [2, 2, 14, 14], "texture": "#1"},
				"down": {"uv": [2, 2, 14, 14], "texture": "#1"}
			}
		},
		{
			"from": [11, 1.8, 7.5],
			"to": [12, 2.8, 8.5],
			"faces": {
				"north": {"uv": [2, 2, 14, 14], "texture": "#1"},
				"east": {"uv": [2, 2, 14, 14], "texture": "#1"},
				"south": {"uv": [2, 2, 14, 14], "texture": "#1"},
				"west": {"uv": [2, 2, 14, 14], "texture": "#1"},
				"up": {"uv": [2, 2, 14, 14], "texture": "#1"},
				"down": {"uv": [2, 2, 14, 14], "texture": "#1"}
			}
		},
		{
			"from": [9.15, 7.5, 7.75],
			"to": [9.4, 7.7, 8.25],
			"faces": {
				"north": {"uv": [7, 14, 8, 15], "rotation": 180, "texture": "#0"},
				"east": {"uv": [7, 14, 8, 15], "rotation": 180, "texture": "#0"},
				"south": {"uv": [7, 14, 8, 15], "rotation": 180, "texture": "#0"},
				"west": {"uv": [7, 14, 8, 15], "rotation": 180, "texture": "#0"},
				"up": {"uv": [7, 14, 8, 15], "rotation": 180, "texture": "#0"},
				"down": {"uv": [7, 14, 8, 15], "rotation": 180, "texture": "#0"}
			}
		},
		{
			"from": [8.65, 7.9, 7.75],
			"to": [8.9, 8.1, 8.25],
			"faces": {
				"north": {"uv": [7, 14, 8, 15], "rotation": 180, "texture": "#0"},
				"east": {"uv": [7, 14, 8, 15], "rotation": 180, "texture": "#0"},
				"south": {"uv": [7, 14, 8, 15], "rotation": 180, "texture": "#0"},
				"west": {"uv": [7, 14, 8, 15], "rotation": 180, "texture": "#0"},
				"up": {"uv": [7, 14, 8, 15], "rotation": 180, "texture": "#0"},
				"down": {"uv": [7, 14, 8, 15], "rotation": 180, "texture": "#0"}
			}
		},
		{
			"from": [7.1, 7.9, 7.75],
			"to": [7.35, 8.1, 8.25],
			"faces": {
				"north": {"uv": [9, 14, 10, 15], "texture": "#0"},
				"east": {"uv": [9, 14, 10, 15], "texture": "#0"},
				"south": {"uv": [9, 14, 10, 15], "texture": "#0"},
				"west": {"uv": [9, 14, 10, 15], "texture": "#0"},
				"up": {"uv": [9, 14, 10, 15], "texture": "#0"},
				"down": {"uv": [9, 14, 10, 15], "texture": "#0"}
			}
		},
		{
			"from": [6.85, 7.7, 7.75],
			"to": [7.1, 7.9, 8.25],
			"faces": {
				"north": {"uv": [9, 14, 10, 15], "texture": "#0"},
				"east": {"uv": [9, 14, 10, 15], "texture": "#0"},
				"south": {"uv": [9, 14, 10, 15], "texture": "#0"},
				"west": {"uv": [9, 14, 10, 15], "texture": "#0"},
				"up": {"uv": [9, 14, 10, 15], "texture": "#0"},
				"down": {"uv": [9, 14, 10, 15], "texture": "#0"}
			}
		},
		{
			"from": [7.6, 7.9, 7.25],
			"to": [8.4, 8.1, 8.75],
			"faces": {
				"north": {"uv": [7, 14, 10, 15], "texture": "#0"},
				"east": {"uv": [7, 14, 8, 15], "rotation": 180, "texture": "#0"},
				"south": {"uv": [7, 14, 10, 15], "rotation": 180, "texture": "#0"},
				"west": {"uv": [9, 14, 10, 15], "texture": "#0"},
				"up": {"uv": [7, 14, 10, 15], "rotation": 180, "texture": "#0"},
				"down": {"uv": [7, 14, 10, 15], "texture": "#0"}
			}
		},
		{
			"from": [8.4, 7.9, 7.5],
			"to": [8.65, 8.1, 8.5],
			"faces": {
				"north": {"uv": [7, 14, 8, 15], "rotation": 180, "texture": "#0"},
				"east": {"uv": [7, 14, 8, 15], "rotation": 180, "texture": "#0"},
				"south": {"uv": [7, 14, 8, 15], "rotation": 180, "texture": "#0"},
				"west": {"uv": [7, 14, 8, 15], "rotation": 180, "texture": "#0"},
				"up": {"uv": [7, 14, 8, 15], "rotation": 180, "texture": "#0"},
				"down": {"uv": [7, 14, 8, 15], "rotation": 180, "texture": "#0"}
			}
		},
		{
			"from": [7.35, 8.1, 7.75],
			"to": [8.65, 8.3, 8.25],
			"faces": {
				"north": {"uv": [7, 14, 10, 15], "texture": "#0"},
				"east": {"uv": [7, 14, 8, 15], "rotation": 180, "texture": "#0"},
				"south": {"uv": [7, 14, 10, 15], "texture": "#0"},
				"west": {"uv": [9, 14, 10, 15], "texture": "#0"},
				"up": {"uv": [7, 14, 10, 15], "rotation": 180, "texture": "#0"},
				"down": {"uv": [7, 14, 10, 15], "texture": "#0"}
			}
		},
		{
			"from": [7.6, 8.1, 7.5],
			"to": [8.4, 8.3, 7.75],
			"faces": {
				"north": {"uv": [7, 14, 10, 15], "texture": "#0"},
				"east": {"uv": [7, 14, 8, 15], "rotation": 180, "texture": "#0"},
				"south": {"uv": [7, 14, 10, 15], "texture": "#0"},
				"west": {"uv": [9, 14, 10, 15], "texture": "#0"},
				"up": {"uv": [7, 14, 10, 15], "rotation": 180, "texture": "#0"},
				"down": {"uv": [7, 14, 10, 15], "texture": "#0"}
			}
		},
		{
			"from": [7.6, 8.1, 8.25],
			"to": [8.4, 8.3, 8.5],
			"faces": {
				"north": {"uv": [7, 14, 10, 15], "texture": "#0"},
				"east": {"uv": [7, 14, 8, 15], "rotation": 180, "texture": "#0"},
				"south": {"uv": [7, 14, 10, 15], "rotation": 180, "texture": "#0"},
				"west": {"uv": [9, 14, 10, 15], "texture": "#0"},
				"up": {"uv": [7, 14, 10, 15], "rotation": 180, "texture": "#0"},
				"down": {"uv": [7, 14, 10, 15], "texture": "#0"}
			}
		},
		{
			"from": [7.6, 8.3, 7.75],
			"to": [8.4, 8.5, 8.25],
			"faces": {
				"north": {"uv": [7, 14, 10, 15], "texture": "#0"},
				"east": {"uv": [7, 14, 8, 15], "rotation": 180, "texture": "#0"},
				"south": {"uv": [7, 14, 10, 15], "rotation": 180, "texture": "#0"},
				"west": {"uv": [9, 14, 10, 15], "texture": "#0"},
				"up": {"uv": [7, 14, 10, 15], "rotation": 180, "texture": "#0"},
				"down": {"uv": [7, 14, 10, 15], "texture": "#0"}
			}
		},
		{
			"from": [7.35, 7.9, 7.5],
			"to": [7.6, 8.1, 8.5],
			"faces": {
				"north": {"uv": [9, 14, 10, 15], "texture": "#0"},
				"east": {"uv": [9, 14, 10, 15], "texture": "#0"},
				"south": {"uv": [9, 14, 10, 15], "texture": "#0"},
				"west": {"uv": [9, 14, 10, 15], "texture": "#0"},
				"up": {"uv": [9, 14, 10, 15], "texture": "#0"},
				"down": {"uv": [9, 14, 10, 15], "texture": "#0"}
			}
		},
		{
			"from": [8.9, 7.7, 7.75],
			"to": [9.15, 7.9, 8.25],
			"faces": {
				"north": {"uv": [7, 14, 8, 15], "rotation": 180, "texture": "#0"},
				"east": {"uv": [7, 14, 8, 15], "rotation": 180, "texture": "#0"},
				"south": {"uv": [7, 14, 8, 15], "rotation": 180, "texture": "#0"},
				"west": {"uv": [7, 14, 8, 15], "rotation": 180, "texture": "#0"},
				"up": {"uv": [7, 14, 8, 15], "rotation": 180, "texture": "#0"},
				"down": {"uv": [7, 14, 8, 15], "rotation": 180, "texture": "#0"}
			}
		},
		{
			"from": [8.9, 7.5, 7.5],
			"to": [9.15, 7.7, 8.5],
			"faces": {
				"north": {"uv": [7, 14, 8, 15], "rotation": 180, "texture": "#0"},
				"east": {"uv": [7, 14, 8, 15], "rotation": 180, "texture": "#0"},
				"south": {"uv": [7, 14, 8, 15], "rotation": 180, "texture": "#0"},
				"west": {"uv": [7, 14, 8, 15], "rotation": 180, "texture": "#0"},
				"up": {"uv": [7, 14, 8, 15], "rotation": 180, "texture": "#0"},
				"down": {"uv": [7, 14, 8, 15], "rotation": 180, "texture": "#0"}
			}
		},
		{
			"from": [8.65, 7.5, 7],
			"to": [8.9, 7.7, 9],
			"faces": {
				"north": {"uv": [7, 14, 8, 15], "rotation": 180, "texture": "#0"},
				"east": {"uv": [7, 14, 8, 15], "rotation": 180, "texture": "#0"},
				"south": {"uv": [7, 14, 8, 15], "rotation": 180, "texture": "#0"},
				"west": {"uv": [7, 14, 8, 15], "rotation": 180, "texture": "#0"},
				"up": {"uv": [7, 14, 8, 15], "rotation": 180, "texture": "#0"},
				"down": {"uv": [7, 14, 8, 15], "rotation": 180, "texture": "#0"}
			}
		},
		{
			"from": [7.1, 7.5, 7],
			"to": [7.35, 7.7, 9],
			"faces": {
				"north": {"uv": [9, 14, 10, 15], "texture": "#0"},
				"east": {"uv": [9, 14, 10, 15], "texture": "#0"},
				"south": {"uv": [9, 14, 10, 15], "texture": "#0"},
				"west": {"uv": [9, 14, 10, 15], "texture": "#0"},
				"up": {"uv": [9, 14, 10, 15], "texture": "#0"},
				"down": {"uv": [9, 14, 10, 15], "texture": "#0"}
			}
		},
		{
			"from": [7.35, 7.5, 7],
			"to": [8.65, 7.9, 7.5],
			"faces": {
				"north": {"uv": [7, 14, 10, 15], "texture": "#0"},
				"east": {"uv": [7, 14, 8, 15], "rotation": 180, "texture": "#0"},
				"south": {"uv": [7, 14, 10, 15], "texture": "#0"},
				"west": {"uv": [9, 14, 10, 15], "texture": "#0"},
				"up": {"uv": [7, 14, 10, 15], "rotation": 180, "texture": "#0"},
				"down": {"uv": [7, 14, 10, 15], "texture": "#0"}
			}
		},
		{
			"from": [7.35, 7.5, 8.5],
			"to": [8.65, 7.9, 9],
			"faces": {
				"north": {"uv": [7, 14, 10, 15], "texture": "#0"},
				"east": {"uv": [7, 14, 8, 15], "rotation": 180, "texture": "#0"},
				"south": {"uv": [7, 14, 10, 15], "rotation": 180, "texture": "#0"},
				"west": {"uv": [9, 14, 10, 15], "texture": "#0"},
				"up": {"uv": [7, 14, 10, 15], "rotation": 180, "texture": "#0"},
				"down": {"uv": [7, 14, 10, 15], "texture": "#0"}
			}
		},
		{
			"from": [7.1, 7.5, 7.5],
			"to": [8.9, 7.9, 8.5],
			"faces": {
				"north": {"uv": [7, 14, 10, 15], "texture": "#0"},
				"east": {"uv": [7, 14, 8, 15], "rotation": 180, "texture": "#0"},
				"south": {"uv": [7, 14, 10, 15], "texture": "#0"},
				"west": {"uv": [9, 14, 10, 15], "texture": "#0"},
				"up": {"uv": [7, 14, 10, 15], "rotation": 180, "texture": "#0"},
				"down": {"uv": [7, 14, 10, 15], "texture": "#0"}
			}
		},
		{
			"from": [6.6, 7.5, 7.75],
			"to": [6.85, 7.7, 8.25],
			"faces": {
				"north": {"uv": [9, 14, 10, 15], "texture": "#0"},
				"east": {"uv": [9, 14, 10, 15], "texture": "#0"},
				"south": {"uv": [9, 14, 10, 15], "texture": "#0"},
				"west": {"uv": [9, 14, 10, 15], "texture": "#0"},
				"up": {"uv": [9, 14, 10, 15], "texture": "#0"},
				"down": {"uv": [9, 14, 10, 15], "texture": "#0"}
			}
		},
		{
			"from": [6.85, 7.5, 7.5],
			"to": [7.1, 7.7, 8.5],
			"faces": {
				"north": {"uv": [9, 14, 10, 15], "texture": "#0"},
				"east": {"uv": [9, 14, 10, 15], "texture": "#0"},
				"south": {"uv": [9, 14, 10, 15], "texture": "#0"},
				"west": {"uv": [9, 14, 10, 15], "texture": "#0"},
				"up": {"uv": [9, 14, 10, 15], "texture": "#0"},
				"down": {"uv": [9, 14, 10, 15], "texture": "#0"}
			}
		},
		{
			"from": [7.35, 7.5, 6.75],
			"to": [8.65, 7.7, 7],
			"faces": {
				"north": {"uv": [7, 14, 10, 15], "texture": "#0"},
				"east": {"uv": [7, 14, 8, 15], "rotation": 180, "texture": "#0"},
				"south": {"uv": [7, 14, 10, 15], "texture": "#0"},
				"west": {"uv": [9, 14, 10, 15], "texture": "#0"},
				"up": {"uv": [7, 14, 10, 15], "rotation": 180, "texture": "#0"},
				"down": {"uv": [7, 14, 10, 15], "texture": "#0"}
			}
		},
		{
			"from": [7.35, 7.5, 9],
			"to": [8.65, 7.7, 9.25],
			"faces": {
				"north": {"uv": [7, 14, 10, 15], "texture": "#0"},
				"east": {"uv": [7, 14, 8, 15], "rotation": 180, "texture": "#0"},
				"south": {"uv": [7, 14, 10, 15], "rotation": 180, "texture": "#0"},
				"west": {"uv": [9, 14, 10, 15], "texture": "#0"},
				"up": {"uv": [7, 14, 10, 15], "rotation": 180, "texture": "#0"},
				"down": {"uv": [7, 14, 10, 15], "texture": "#0"}
			}
		},
		{
			"from": [7.1, 6.5, 6.5],
			"to": [8.9, 7.5, 7],
			"faces": {
				"north": {"uv": [7, 14, 10, 15], "texture": "#0"},
				"east": {"uv": [7, 14, 8, 15], "rotation": 180, "texture": "#0"},
				"south": {"uv": [7, 14, 10, 15], "texture": "#0"},
				"west": {"uv": [9, 14, 10, 15], "texture": "#0"},
				"up": {"uv": [7, 14, 10, 15], "rotation": 180, "texture": "#0"},
				"down": {"uv": [7, 14, 10, 15], "texture": "#0"}
			}
		},
		{
			"from": [6.85, 6.5, 7],
			"to": [9.15, 7.5, 7.5],
			"faces": {
				"north": {"uv": [7, 14, 10, 15], "texture": "#0"},
				"east": {"uv": [7, 14, 8, 15], "rotation": 180, "texture": "#0"},
				"south": {"uv": [7, 14, 10, 15], "texture": "#0"},
				"west": {"uv": [9, 14, 10, 15], "texture": "#0"},
				"up": {"uv": [7, 14, 10, 15], "rotation": 180, "texture": "#0"},
				"down": {"uv": [7, 14, 10, 15], "texture": "#0"}
			}
		},
		{
			"from": [6.85, 6.5, 8.5],
			"to": [9.15, 7.5, 9],
			"faces": {
				"north": {"uv": [7, 14, 10, 15], "texture": "#0"},
				"east": {"uv": [7, 14, 8, 15], "rotation": 180, "texture": "#0"},
				"south": {"uv": [7, 14, 10, 15], "texture": "#0"},
				"west": {"uv": [9, 14, 10, 15], "texture": "#0"},
				"up": {"uv": [7, 14, 10, 15], "rotation": 180, "texture": "#0"},
				"down": {"uv": [7, 14, 10, 15], "texture": "#0"}
			}
		},
		{
			"from": [7.1, 6.5, 9],
			"to": [8.9, 7.5, 9.5],
			"faces": {
				"north": {"uv": [7, 9, 10, 10], "texture": "#0"},
				"east": {"uv": [7, 14, 8, 15], "rotation": 180, "texture": "#0"},
				"south": {"uv": [7, 14, 10, 15], "rotation": 180, "texture": "#0"},
				"west": {"uv": [9, 14, 10, 15], "texture": "#0"},
				"up": {"uv": [7, 14, 10, 15], "rotation": 180, "texture": "#0"},
				"down": {"uv": [7, 9, 10, 10], "texture": "#0"}
			}
		}
	],
	"display": {
		"head": {
			"translation": [0, 9.7, 0],
			"scale": [2.2, 2.2, 2.2]
		}
	},
	"groups": [
		{
			"name": "group",
			"origin": [0, 0, 0],
			"color": 0,
			"children": [0, 1, 2, 3, 4, 5, 6, 7, 8, 9, 10, 11, 12, 13, 14, 15, 16, 17, 18, 19, 20, 21, 22, 23, 24, 25, 26, 27, 28, 29, 30, 31, 32, 33, 34, 35, 36]
		}
	]
}