{
	"credit": "Made with Blockbench",
	"ambientocclusion": false,
	"textures": {
		"0": "item/cit/emerald",
		"1": "item/cit/diamond",
		"2": "item/cit/stone3",
		"3": "item/cit/stone1",
		"particle": "item/cit/emerald"
	},
	"elements": [
		{
			"from": [6, 0, -1],
			"to": [11, 1, 8.6],
			"rotation": {"angle": 0, "axis": "y", "origin": [0, 0, -3]},
			"faces": {
				"north": {"uv": [6, 6, 10, 10], "texture": "#0"},
				"east": {"uv": [6, 6, 10, 10], "texture": "#0"},
				"south": {"uv": [6, 6, 10, 10], "texture": "#0"},
				"west": {"uv": [6, 6, 10, 10], "texture": "#0"},
				"up": {"uv": [6, 6, 10, 10], "texture": "#0"},
				"down": {"uv": [6, 6, 10, 10], "texture": "#0"}
			}
		},
		{
			"from": [6, 1, 1],
			"to": [11, 2, 7],
			"rotation": {"angle": 0, "axis": "y", "origin": [0, 0, -3]},
			"faces": {
				"north": {"uv": [6, 6, 10, 10], "texture": "#0"},
				"east": {"uv": [6, 6, 10, 10], "texture": "#0"},
				"south": {"uv": [6, 6, 10, 10], "texture": "#0"},
				"west": {"uv": [6, 6, 10, 10], "texture": "#0"},
				"up": {"uv": [6, 6, 10, 10], "texture": "#0"},
				"down": {"uv": [6, 6, 10, 10], "texture": "#0"}
			}
		},
		{
			"from": [6.15076, 0, 13.02082],
			"to": [10.15076, 1, 14.02082],
			"rotation": {"angle": 45, "axis": "y", "origin": [-8.84924, 0, 11.02082]},
			"faces": {
				"north": {"uv": [6, 6, 10, 10], "texture": "#0"},
				"east": {"uv": [6, 6, 10, 10], "texture": "#0"},
				"south": {"uv": [6, 6, 10, 10], "texture": "#0"},
				"west": {"uv": [6, 6, 10, 10], "texture": "#0"},
				"up": {"uv": [6, 6, 10, 10], "texture": "#0"},
				"down": {"uv": [6, 6, 10, 10], "texture": "#0"}
			}
		},
		{
			"from": [18.85786, 0, -15.97056],
			"to": [22.85786, 1, -14.97056],
			"rotation": {"angle": -45, "axis": "y", "origin": [-3.14214, 0, -17.97056]},
			"faces": {
				"north": {"uv": [6, 6, 10, 10], "texture": "#0"},
				"east": {"uv": [6, 6, 10, 10], "texture": "#0"},
				"south": {"uv": [6, 6, 10, 10], "texture": "#0"},
				"west": {"uv": [6, 6, 10, 10], "texture": "#0"},
				"up": {"uv": [6, 6, 10, 10], "texture": "#0"},
				"down": {"uv": [6, 6, 10, 10], "texture": "#0"}
			}
		},
		{
			"from": [19.51472, 0, -6.62742],
			"to": [23.51472, 1, -5.62742],
			"rotation": {"angle": -45, "axis": "y", "origin": [-2.48528, 0, -19.62742]},
			"faces": {
				"north": {"uv": [6, 6, 10, 10], "texture": "#0"},
				"east": {"uv": [6, 6, 10, 10], "texture": "#0"},
				"south": {"uv": [6, 6, 10, 10], "texture": "#0"},
				"west": {"uv": [6, 6, 10, 10], "texture": "#0"},
				"up": {"uv": [6, 6, 10, 10], "texture": "#0"},
				"down": {"uv": [6, 6, 10, 10], "texture": "#0"}
			}
		},
		{
			"from": [3.17157, 0, 1.82843],
			"to": [4.17157, 1, 5.82843],
			"rotation": {"angle": 0, "axis": "y", "origin": [5.17157, 0, -5.17157]},
			"faces": {
				"north": {"uv": [6, 6, 10, 10], "texture": "#0"},
				"east": {"uv": [6, 6, 10, 10], "texture": "#0"},
				"south": {"uv": [6, 6, 10, 10], "texture": "#0"},
				"west": {"uv": [6, 6, 10, 10], "texture": "#0"},
				"up": {"uv": [6, 6, 10, 10], "texture": "#0"},
				"down": {"uv": [6, 6, 10, 10], "texture": "#0"}
			}
		},
		{
			"from": [12.82843, 0, 1.82843],
			"to": [13.82843, 1, 5.82843],
			"rotation": {"angle": 0, "axis": "y", "origin": [4.82843, 0, -5.17157]},
			"faces": {
				"north": {"uv": [6, 6, 10, 10], "texture": "#0"},
				"east": {"uv": [6, 6, 10, 10], "texture": "#0"},
				"south": {"uv": [6, 6, 10, 10], "texture": "#0"},
				"west": {"uv": [6, 6, 10, 10], "texture": "#0"},
				"up": {"uv": [6, 6, 10, 10], "texture": "#0"},
				"down": {"uv": [6, 6, 10, 10], "texture": "#0"}
			}
		},
		{
			"from": [6.20101, 0, 22.07107],
			"to": [10.20101, 1, 23.07107],
			"rotation": {"angle": 45, "axis": "y", "origin": [-8.79899, 0, 10.07107]},
			"faces": {
				"north": {"uv": [6, 6, 10, 10], "texture": "#0"},
				"east": {"uv": [6, 6, 10, 10], "texture": "#0"},
				"south": {"uv": [6, 6, 10, 10], "texture": "#0"},
				"west": {"uv": [6, 6, 10, 10], "texture": "#0"},
				"up": {"uv": [6, 6, 10, 10], "texture": "#0"},
				"down": {"uv": [6, 6, 10, 10], "texture": "#0"}
			}
		},
		{
			"from": [5, 0, 0],
			"to": [6, 1, 7.5],
			"rotation": {"angle": 0, "axis": "y", "origin": [0, 0, -3]},
			"faces": {
				"north": {"uv": [6, 6, 10, 10], "texture": "#0"},
				"east": {"uv": [6, 6, 10, 10], "texture": "#0"},
				"south": {"uv": [6, 6, 10, 10], "texture": "#0"},
				"west": {"uv": [6, 6, 10, 10], "texture": "#0"},
				"up": {"uv": [6, 6, 10, 10], "texture": "#0"},
				"down": {"uv": [6, 6, 10, 10], "texture": "#0"}
			}
		},
		{
			"from": [11, 0, 0],
			"to": [12, 1, 7.5],
			"rotation": {"angle": 0, "axis": "y", "origin": [0, 0, -3]},
			"faces": {
				"north": {"uv": [6, 6, 10, 10], "texture": "#0"},
				"east": {"uv": [6, 6, 10, 10], "texture": "#0"},
				"south": {"uv": [6, 6, 10, 10], "texture": "#0"},
				"west": {"uv": [6, 6, 10, 10], "texture": "#0"},
				"up": {"uv": [6, 6, 10, 10], "texture": "#0"},
				"down": {"uv": [6, 6, 10, 10], "texture": "#0"}
			}
		},
		{
			"from": [4, 0, 1],
			"to": [5, 1, 6.5],
			"rotation": {"angle": 0, "axis": "y", "origin": [0, 0, -3]},
			"faces": {
				"north": {"uv": [6, 6, 10, 10], "texture": "#0"},
				"east": {"uv": [6, 6, 10, 10], "texture": "#0"},
				"south": {"uv": [6, 6, 10, 10], "texture": "#0"},
				"west": {"uv": [6, 6, 10, 10], "texture": "#0"},
				"up": {"uv": [6, 6, 10, 10], "texture": "#0"},
				"down": {"uv": [6, 6, 10, 10], "texture": "#0"}
			}
		},
		{
			"from": [12, 0, 1],
			"to": [13, 1, 6.5],
			"rotation": {"angle": 0, "axis": "y", "origin": [0, 0, -3]},
			"faces": {
				"north": {"uv": [6, 6, 10, 10], "texture": "#0"},
				"east": {"uv": [6, 6, 10, 10], "texture": "#0"},
				"south": {"uv": [6, 6, 10, 10], "texture": "#0"},
				"west": {"uv": [6, 6, 10, 10], "texture": "#0"},
				"up": {"uv": [6, 6, 10, 10], "texture": "#0"},
				"down": {"uv": [6, 6, 10, 10], "texture": "#0"}
			}
		},
		{
			"from": [6, 1, 8],
			"to": [8, 4, 9],
			"faces": {
				"north": {"uv": [2, 7, 3, 9], "texture": "#1"},
				"east": {"uv": [2, 7, 3, 9], "texture": "#1"},
				"south": {"uv": [2, 7, 3, 9], "texture": "#1"},
				"west": {"uv": [2, 7, 3, 9], "texture": "#1"},
				"up": {"uv": [2, 7, 3, 8], "texture": "#1"},
				"down": {"uv": [2, 8, 3, 9], "texture": "#1"}
			}
		},
		{
			"from": [6, 2, 7],
			"to": [8, 4, 8],
			"faces": {
				"north": {"uv": [2, 7, 3, 9], "texture": "#1"},
				"east": {"uv": [2, 7, 3, 9], "texture": "#1"},
				"south": {"uv": [2, 7, 3, 9], "texture": "#1"},
				"west": {"uv": [2, 7, 3, 9], "texture": "#1"},
				"up": {"uv": [2, 7, 3, 8], "texture": "#1"},
				"down": {"uv": [2, 8, 3, 9], "texture": "#1"}
			}
		},
		{
			"from": [10, 1, 7],
			"to": [11, 4, 9],
			"faces": {
				"north": {"uv": [2, 7, 3, 9], "texture": "#1"},
				"east": {"uv": [2, 7, 3, 9], "texture": "#1"},
				"south": {"uv": [2, 7, 3, 9], "texture": "#1"},
				"west": {"uv": [2, 7, 3, 9], "texture": "#1"},
				"up": {"uv": [2, 7, 3, 8], "texture": "#1"},
				"down": {"uv": [2, 8, 3, 9], "texture": "#1"}
			}
		},
		{
			"from": [8, 3, 8],
			"to": [10, 4, 10],
			"faces": {
				"north": {"uv": [2, 7, 3, 9], "texture": "#1"},
				"east": {"uv": [2, 7, 3, 9], "texture": "#1"},
				"south": {"uv": [2, 7, 3, 9], "texture": "#1"},
				"west": {"uv": [2, 7, 3, 9], "texture": "#1"},
				"up": {"uv": [2, 7, 3, 8], "texture": "#1"},
				"down": {"uv": [2, 8, 3, 9], "texture": "#1"}
			}
		},
		{
			"from": [8, 6.05025, 5.05025],
			"to": [10, 25.05025, 7.05025],
			"rotation": {"angle": 45, "axis": "x", "origin": [-8, -0.94975, 5.05025]},
			"faces": {
				"north": {"uv": [11, 0, 12, 16], "rotation": 270, "texture": "#2"},
				"east": {"uv": [11, 0, 12, 16], "rotation": 270, "texture": "#2"},
				"south": {"uv": [11, 0, 12, 16], "rotation": 270, "texture": "#2"},
				"west": {"uv": [11, 0, 12, 16], "rotation": 270, "texture": "#2"},
				"up": {"uv": [11, 0, 12, 16], "rotation": 270, "texture": "#2"},
				"down": {"uv": [11, 0, 12, 16], "rotation": 270, "texture": "#2"}
			}
		},
		{
			"from": [8, 2, 10],
			"to": [10, 4, 12],
			"faces": {
				"north": {"uv": [0, 14, 2, 16], "texture": "#2"},
				"east": {"uv": [0, 14, 2, 16], "texture": "#2"},
				"south": {"uv": [0, 14, 2, 16], "texture": "#2"},
				"west": {"uv": [0, 14, 2, 16], "texture": "#2"},
				"up": {"uv": [0, 14, 2, 16], "texture": "#2"},
				"down": {"uv": [0, 14, 2, 16], "texture": "#2"}
			}
		},
		{
			"from": [8, 25.05025, 4.05025],
			"to": [12, 31.05025, 7.05025],
			"rotation": {"angle": 45, "axis": "x", "origin": [-8, -0.94975, 5.05025]},
			"faces": {
				"north": {"uv": [6, 6, 10, 10], "texture": "#0"},
				"east": {"uv": [6, 6, 10, 10], "texture": "#0"},
				"south": {"uv": [6, 6, 10, 10], "texture": "#0"},
				"west": {"uv": [6, 6, 10, 10], "texture": "#0"},
				"up": {"uv": [6, 6, 10, 10], "texture": "#0"},
				"down": {"uv": [6, 6, 10, 10], "texture": "#0"}
			}
		},
		{
			"from": [9, 26.05025, 0.05025],
			"to": [10, 27.05025, 4.05025],
			"rotation": {"angle": 45, "axis": "x", "origin": [-8, -0.94975, 5.05025]},
			"faces": {
				"north": {"uv": [6, 6, 10, 10], "texture": "#0"},
				"east": {"uv": [6, 6, 10, 10], "texture": "#0"},
				"south": {"uv": [6, 6, 10, 10], "texture": "#0"},
				"west": {"uv": [6, 6, 10, 10], "texture": "#0"},
				"up": {"uv": [6, 6, 10, 10], "texture": "#0"},
				"down": {"uv": [6, 6, 10, 10], "texture": "#0"}
			}
		},
		{
			"from": [8, 25.05025, -3.94975],
			"to": [11, 26.05025, 0.05025],
			"rotation": {"angle": 45, "axis": "x", "origin": [-8, -0.94975, 5.05025]},
			"faces": {
				"north": {"uv": [6, 6, 10, 10], "texture": "#0"},
				"east": {"uv": [6, 6, 10, 10], "texture": "#0"},
				"south": {"uv": [6, 6, 10, 10], "texture": "#0"},
				"west": {"uv": [6, 6, 10, 10], "texture": "#0"},
				"up": {"uv": [6, 6, 10, 10], "texture": "#0"},
				"down": {"uv": [6, 6, 10, 10], "texture": "#0"}
			}
		},
		{
			"from": [6, 26.05025, -4.94975],
			"to": [13, 27.05025, 0.05025],
			"rotation": {"angle": 45, "axis": "x", "origin": [-8, -0.94975, 5.05025]},
			"faces": {
				"north": {"uv": [6, 6, 10, 10], "texture": "#0"},
				"east": {"uv": [6, 6, 10, 10], "texture": "#0"},
				"south": {"uv": [6, 6, 10, 10], "texture": "#0"},
				"west": {"uv": [6, 6, 10, 10], "texture": "#0"},
				"up": {"uv": [2, 2, 4, 5], "texture": "#1"},
				"down": {"uv": [6, 6, 10, 10], "texture": "#0"}
			}
		},
		{
			"from": [7.2, 11.05025, 4.2],
			"to": [10.7, 13.05025, 7.7],
			"rotation": {"angle": 45, "axis": "x", "origin": [-8, -0.94975, 5.05025]},
			"faces": {
				"north": {"uv": [5, 13, 10, 16], "texture": "#3"},
				"east": {"uv": [5, 13, 10, 16], "texture": "#3"},
				"south": {"uv": [5, 13, 10, 16], "texture": "#3"},
				"west": {"uv": [5, 13, 10, 16], "texture": "#3"},
				"up": {"uv": [5, 13, 10, 14], "texture": "#3"},
				"down": {"uv": [5, 15, 10, 16], "texture": "#3"}
			}
		},
		{
			"from": [7.2, 19.05025, 4.2],
			"to": [10.7, 21.05025, 7.7],
			"rotation": {"angle": 45, "axis": "x", "origin": [-8, -0.94975, 5.05025]},
			"faces": {
				"north": {"uv": [5, 13, 10, 16], "texture": "#3"},
				"east": {"uv": [5, 13, 10, 16], "texture": "#3"},
				"south": {"uv": [5, 13, 10, 16], "texture": "#3"},
				"west": {"uv": [5, 13, 10, 16], "texture": "#3"},
				"up": {"uv": [5, 13, 10, 14], "texture": "#3"},
				"down": {"uv": [5, 15, 10, 16], "texture": "#3"}
			}
		}
	],
	"display": {
		"thirdperson_righthand": {
			"rotation": [60, 60, -57],
			"translation": [-8.5, 0, 0.5],
			"scale": [0.7, 0.7, 0.7]
		},
		"thirdperson_lefthand": {
			"rotation": [60, 60, -57],
			"translation": [-8.5, 0, 0.5],
			"scale": [0.7, 0.7, 0.7]
		},
		"firstperson_righthand": {
			"rotation": [6, 0, 0],
			"translation": [-2.5, -0.75, -9.75],
			"scale": [0.85, 0.85, 0.85]
		},
		"firstperson_lefthand": {
			"rotation": [6, 0, 0],
			"translation": [-2.5, -0.75, -9.75],
			"scale": [0.85, 0.85, 0.85]
		},
		"ground": {
			"rotation": [45, 0, 0],
			"translation": [0, 7, -10]
		},
		"gui": {
			"rotation": [0, 90, 0],
			"translation": [-4.5, -2, 0],
			"scale": [0.7, 0.7, 0.7]
		},
		"head": {
			"rotation": [-90, 0, -180],
			"translation": [0.5, 4.25, 0.5]
		},
		"fixed": {
			"rotation": [0, 90, 0],
			"translation": [-5.75, 1.25, -0.25]
		}
	},
	"groups": [
		{
			"name": "tantiki",
			"origin": [8, 8, 8],
			"color": 0,
			"children": [0, 1, 2, 3, 4, 5, 6, 7, 8, 9, 10, 11]
		},
		{
			"name": "motite",
			"origin": [0, 0, 0],
			"color": 0,
			"children": [12, 13, 14, 15, 16, 17, 18, 19, 20, 21, 22, 23]
		}
	]
}